0 Cliffside Hotel / unrestricted composition study
0 PROXY TRIANGLE GEOMETRY - NOT A LEGO PARTS MODEL
0 Units: 20 LDU per stud in all axes; provisional scale
0 BFC CERTIFY CCW
3 0x2555756 0.00000 20.00000 0.00000 1920.00000 20.00000 1760.00000 1920.00000 20.00000 0.00000
3 0x2555756 0.00000 20.00000 0.00000 0.00000 20.00000 1760.00000 1920.00000 20.00000 1760.00000
3 0x2555756 0.00000 0.00000 0.00000 1920.00000 0.00000 1760.00000 0.00000 0.00000 1760.00000
3 0x2555756 0.00000 0.00000 0.00000 1920.00000 0.00000 0.00000 1920.00000 0.00000 1760.00000
3 0x2555756 0.00000 20.00000 0.00000 1920.00000 0.00000 0.00000 0.00000 0.00000 0.00000
3 0x2555756 0.00000 20.00000 0.00000 1920.00000 20.00000 0.00000 1920.00000 0.00000 0.00000
3 0x2555756 0.00000 20.00000 1760.00000 1920.00000 0.00000 1760.00000 1920.00000 20.00000 1760.00000
3 0x2555756 0.00000 20.00000 1760.00000 0.00000 0.00000 1760.00000 1920.00000 0.00000 1760.00000
3 0x2555756 0.00000 20.00000 0.00000 0.00000 0.00000 1760.00000 0.00000 20.00000 1760.00000
3 0x2555756 0.00000 20.00000 0.00000 0.00000 0.00000 0.00000 0.00000 0.00000 1760.00000
3 0x2555756 1920.00000 20.00000 0.00000 1920.00000 0.00000 1760.00000 1920.00000 0.00000 0.00000
3 0x2555756 1920.00000 20.00000 0.00000 1920.00000 20.00000 1760.00000 1920.00000 0.00000 1760.00000
3 0x270AEB0 20.00000 0.00000 20.00000 1900.00000 0.00000 1740.00000 1900.00000 0.00000 20.00000
3 0x270AEB0 20.00000 0.00000 20.00000 20.00000 0.00000 1740.00000 1900.00000 0.00000 1740.00000
3 0x270AEB0 20.00000 -6.00000 20.00000 1900.00000 -6.00000 1740.00000 20.00000 -6.00000 1740.00000
3 0x270AEB0 20.00000 -6.00000 20.00000 1900.00000 -6.00000 20.00000 1900.00000 -6.00000 1740.00000
3 0x270AEB0 20.00000 -0.00000 20.00000 1900.00000 -6.00000 20.00000 20.00000 -6.00000 20.00000
3 0x270AEB0 20.00000 -0.00000 20.00000 1900.00000 -0.00000 20.00000 1900.00000 -6.00000 20.00000
3 0x270AEB0 20.00000 -0.00000 1740.00000 1900.00000 -6.00000 1740.00000 1900.00000 -0.00000 1740.00000
3 0x270AEB0 20.00000 -0.00000 1740.00000 20.00000 -6.00000 1740.00000 1900.00000 -6.00000 1740.00000
3 0x270AEB0 20.00000 -0.00000 20.00000 20.00000 -6.00000 1740.00000 20.00000 -0.00000 1740.00000
3 0x270AEB0 20.00000 -0.00000 20.00000 20.00000 -6.00000 20.00000 20.00000 -6.00000 1740.00000
3 0x270AEB0 1900.00000 -0.00000 20.00000 1900.00000 -6.00000 1740.00000 1900.00000 -6.00000 20.00000
3 0x270AEB0 1900.00000 -0.00000 20.00000 1900.00000 -0.00000 1740.00000 1900.00000 -6.00000 1740.00000
3 0x2BBB5A6 160.00000 -6.00000 140.00000 1320.00000 -6.00000 1080.00000 1320.00000 -6.00000 140.00000
3 0x2BBB5A6 160.00000 -6.00000 140.00000 160.00000 -6.00000 1080.00000 1320.00000 -6.00000 1080.00000
3 0x2BBB5A6 160.00000 -800.00000 140.00000 1320.00000 -800.00000 1080.00000 160.00000 -800.00000 1080.00000
3 0x2BBB5A6 160.00000 -800.00000 140.00000 1320.00000 -800.00000 140.00000 1320.00000 -800.00000 1080.00000
3 0x2BBB5A6 160.00000 -6.00000 140.00000 1320.00000 -800.00000 140.00000 160.00000 -800.00000 140.00000
3 0x2BBB5A6 160.00000 -6.00000 140.00000 1320.00000 -6.00000 140.00000 1320.00000 -800.00000 140.00000
3 0x2BBB5A6 160.00000 -6.00000 1080.00000 1320.00000 -800.00000 1080.00000 1320.00000 -6.00000 1080.00000
3 0x2BBB5A6 160.00000 -6.00000 1080.00000 160.00000 -800.00000 1080.00000 1320.00000 -800.00000 1080.00000
3 0x2BBB5A6 160.00000 -6.00000 140.00000 160.00000 -800.00000 1080.00000 160.00000 -6.00000 1080.00000
3 0x2BBB5A6 160.00000 -6.00000 140.00000 160.00000 -800.00000 140.00000 160.00000 -800.00000 1080.00000
3 0x2BBB5A6 1320.00000 -6.00000 140.00000 1320.00000 -800.00000 1080.00000 1320.00000 -800.00000 140.00000
3 0x2BBB5A6 1320.00000 -6.00000 140.00000 1320.00000 -6.00000 1080.00000 1320.00000 -800.00000 1080.00000
3 0x2BBB5A6 1320.00000 -6.00000 140.00000 1840.00000 -6.00000 480.00000 1840.00000 -6.00000 140.00000
3 0x2BBB5A6 1320.00000 -6.00000 140.00000 1320.00000 -6.00000 480.00000 1840.00000 -6.00000 480.00000
3 0x2BBB5A6 1320.00000 -800.00000 140.00000 1840.00000 -800.00000 480.00000 1320.00000 -800.00000 480.00000
3 0x2BBB5A6 1320.00000 -800.00000 140.00000 1840.00000 -800.00000 140.00000 1840.00000 -800.00000 480.00000
3 0x2BBB5A6 1320.00000 -6.00000 140.00000 1840.00000 -800.00000 140.00000 1320.00000 -800.00000 140.00000
3 0x2BBB5A6 1320.00000 -6.00000 140.00000 1840.00000 -6.00000 140.00000 1840.00000 -800.00000 140.00000
3 0x2BBB5A6 1320.00000 -6.00000 480.00000 1840.00000 -800.00000 480.00000 1840.00000 -6.00000 480.00000
3 0x2BBB5A6 1320.00000 -6.00000 480.00000 1320.00000 -800.00000 480.00000 1840.00000 -800.00000 480.00000
3 0x2BBB5A6 1320.00000 -6.00000 140.00000 1320.00000 -800.00000 480.00000 1320.00000 -6.00000 480.00000
3 0x2BBB5A6 1320.00000 -6.00000 140.00000 1320.00000 -800.00000 140.00000 1320.00000 -800.00000 480.00000
3 0x2BBB5A6 1840.00000 -6.00000 140.00000 1840.00000 -800.00000 480.00000 1840.00000 -800.00000 140.00000
3 0x2BBB5A6 1840.00000 -6.00000 140.00000 1840.00000 -6.00000 480.00000 1840.00000 -800.00000 480.00000
3 0x2BBB5A6 1320.00000 -6.00000 480.00000 1880.00000 -6.00000 1080.00000 1880.00000 -6.00000 480.00000
3 0x2BBB5A6 1320.00000 -6.00000 480.00000 1320.00000 -6.00000 1080.00000 1880.00000 -6.00000 1080.00000
3 0x2BBB5A6 1320.00000 -760.00000 480.00000 1880.00000 -760.00000 1080.00000 1320.00000 -760.00000 1080.00000
3 0x2BBB5A6 1320.00000 -760.00000 480.00000 1880.00000 -760.00000 480.00000 1880.00000 -760.00000 1080.00000
3 0x2BBB5A6 1320.00000 -6.00000 480.00000 1880.00000 -760.00000 480.00000 1320.00000 -760.00000 480.00000
3 0x2BBB5A6 1320.00000 -6.00000 480.00000 1880.00000 -6.00000 480.00000 1880.00000 -760.00000 480.00000
3 0x2BBB5A6 1320.00000 -6.00000 1080.00000 1880.00000 -760.00000 1080.00000 1880.00000 -6.00000 1080.00000
3 0x2BBB5A6 1320.00000 -6.00000 1080.00000 1320.00000 -760.00000 1080.00000 1880.00000 -760.00000 1080.00000
3 0x2BBB5A6 1320.00000 -6.00000 480.00000 1320.00000 -760.00000 1080.00000 1320.00000 -6.00000 1080.00000
3 0x2BBB5A6 1320.00000 -6.00000 480.00000 1320.00000 -760.00000 480.00000 1320.00000 -760.00000 1080.00000
3 0x2BBB5A6 1880.00000 -6.00000 480.00000 1880.00000 -760.00000 1080.00000 1880.00000 -760.00000 480.00000
3 0x2BBB5A6 1880.00000 -6.00000 480.00000 1880.00000 -6.00000 1080.00000 1880.00000 -760.00000 1080.00000
3 0x2CEC2A9 140.00000 -790.00000 140.00000 1320.00000 -790.00000 1080.00000 1320.00000 -790.00000 140.00000
3 0x2CEC2A9 140.00000 -790.00000 140.00000 140.00000 -790.00000 1080.00000 1320.00000 -790.00000 1080.00000
3 0x2CEC2A9 140.00000 -800.00000 140.00000 1320.00000 -800.00000 1080.00000 140.00000 -800.00000 1080.00000
3 0x2CEC2A9 140.00000 -800.00000 140.00000 1320.00000 -800.00000 140.00000 1320.00000 -800.00000 1080.00000
3 0x2CEC2A9 140.00000 -790.00000 140.00000 1320.00000 -800.00000 140.00000 140.00000 -800.00000 140.00000
3 0x2CEC2A9 140.00000 -790.00000 140.00000 1320.00000 -790.00000 140.00000 1320.00000 -800.00000 140.00000
3 0x2CEC2A9 140.00000 -790.00000 1080.00000 1320.00000 -800.00000 1080.00000 1320.00000 -790.00000 1080.00000
3 0x2CEC2A9 140.00000 -790.00000 1080.00000 140.00000 -800.00000 1080.00000 1320.00000 -800.00000 1080.00000
3 0x2CEC2A9 140.00000 -790.00000 140.00000 140.00000 -800.00000 1080.00000 140.00000 -790.00000 1080.00000
3 0x2CEC2A9 140.00000 -790.00000 140.00000 140.00000 -800.00000 140.00000 140.00000 -800.00000 1080.00000
3 0x2CEC2A9 1320.00000 -790.00000 140.00000 1320.00000 -800.00000 1080.00000 1320.00000 -800.00000 140.00000
3 0x2CEC2A9 1320.00000 -790.00000 140.00000 1320.00000 -790.00000 1080.00000 1320.00000 -800.00000 1080.00000
3 0x2CEC2A9 1320.00000 -790.00000 140.00000 1860.00000 -790.00000 480.00000 1860.00000 -790.00000 140.00000
3 0x2CEC2A9 1320.00000 -790.00000 140.00000 1320.00000 -790.00000 480.00000 1860.00000 -790.00000 480.00000
3 0x2CEC2A9 1320.00000 -800.00000 140.00000 1860.00000 -800.00000 480.00000 1320.00000 -800.00000 480.00000
3 0x2CEC2A9 1320.00000 -800.00000 140.00000 1860.00000 -800.00000 140.00000 1860.00000 -800.00000 480.00000
3 0x2CEC2A9 1320.00000 -790.00000 140.00000 1860.00000 -800.00000 140.00000 1320.00000 -800.00000 140.00000
3 0x2CEC2A9 1320.00000 -790.00000 140.00000 1860.00000 -790.00000 140.00000 1860.00000 -800.00000 140.00000
3 0x2CEC2A9 1320.00000 -790.00000 480.00000 1860.00000 -800.00000 480.00000 1860.00000 -790.00000 480.00000
3 0x2CEC2A9 1320.00000 -790.00000 480.00000 1320.00000 -800.00000 480.00000 1860.00000 -800.00000 480.00000
3 0x2CEC2A9 1320.00000 -790.00000 140.00000 1320.00000 -800.00000 480.00000 1320.00000 -790.00000 480.00000
3 0x2CEC2A9 1320.00000 -790.00000 140.00000 1320.00000 -800.00000 140.00000 1320.00000 -800.00000 480.00000
3 0x2CEC2A9 1860.00000 -790.00000 140.00000 1860.00000 -800.00000 480.00000 1860.00000 -800.00000 140.00000
3 0x2CEC2A9 1860.00000 -790.00000 140.00000 1860.00000 -790.00000 480.00000 1860.00000 -800.00000 480.00000
3 0x2BBB5A6 100.00000 -6.00000 760.00000 700.00000 -6.00000 1240.00000 700.00000 -6.00000 760.00000
3 0x2BBB5A6 100.00000 -6.00000 760.00000 100.00000 -6.00000 1240.00000 700.00000 -6.00000 1240.00000
3 0x2BBB5A6 100.00000 -800.00000 760.00000 700.00000 -800.00000 1240.00000 100.00000 -800.00000 1240.00000
3 0x2BBB5A6 100.00000 -800.00000 760.00000 700.00000 -800.00000 760.00000 700.00000 -800.00000 1240.00000
3 0x2BBB5A6 100.00000 -6.00000 760.00000 700.00000 -800.00000 760.00000 100.00000 -800.00000 760.00000
3 0x2BBB5A6 100.00000 -6.00000 760.00000 700.00000 -6.00000 760.00000 700.00000 -800.00000 760.00000
3 0x2BBB5A6 100.00000 -6.00000 1240.00000 700.00000 -800.00000 1240.00000 700.00000 -6.00000 1240.00000
3 0x2BBB5A6 100.00000 -6.00000 1240.00000 100.00000 -800.00000 1240.00000 700.00000 -800.00000 1240.00000
3 0x2BBB5A6 100.00000 -6.00000 760.00000 100.00000 -800.00000 1240.00000 100.00000 -6.00000 1240.00000
3 0x2BBB5A6 100.00000 -6.00000 760.00000 100.00000 -800.00000 760.00000 100.00000 -800.00000 1240.00000
3 0x2BBB5A6 700.00000 -6.00000 760.00000 700.00000 -800.00000 1240.00000 700.00000 -800.00000 760.00000
3 0x2BBB5A6 700.00000 -6.00000 760.00000 700.00000 -6.00000 1240.00000 700.00000 -800.00000 1240.00000
3 0x2CEC2A9 100.00000 -800.00000 760.00000 700.00000 -800.00000 1240.00000 700.00000 -800.00000 760.00000
3 0x2CEC2A9 100.00000 -800.00000 760.00000 100.00000 -800.00000 1240.00000 700.00000 -800.00000 1240.00000
3 0x2CEC2A9 100.00000 -810.00000 760.00000 700.00000 -810.00000 1240.00000 100.00000 -810.00000 1240.00000
3 0x2CEC2A9 100.00000 -810.00000 760.00000 700.00000 -810.00000 760.00000 700.00000 -810.00000 1240.00000
3 0x2CEC2A9 100.00000 -800.00000 760.00000 700.00000 -810.00000 760.00000 100.00000 -810.00000 760.00000
3 0x2CEC2A9 100.00000 -800.00000 760.00000 700.00000 -800.00000 760.00000 700.00000 -810.00000 760.00000
3 0x2CEC2A9 100.00000 -800.00000 1240.00000 700.00000 -810.00000 1240.00000 700.00000 -800.00000 1240.00000
3 0x2CEC2A9 100.00000 -800.00000 1240.00000 100.00000 -810.00000 1240.00000 700.00000 -810.00000 1240.00000
3 0x2CEC2A9 100.00000 -800.00000 760.00000 100.00000 -810.00000 1240.00000 100.00000 -800.00000 1240.00000
3 0x2CEC2A9 100.00000 -800.00000 760.00000 100.00000 -810.00000 760.00000 100.00000 -810.00000 1240.00000
3 0x2CEC2A9 700.00000 -800.00000 760.00000 700.00000 -810.00000 1240.00000 700.00000 -810.00000 760.00000
3 0x2CEC2A9 700.00000 -800.00000 760.00000 700.00000 -800.00000 1240.00000 700.00000 -810.00000 1240.00000
3 0x2BBB5A6 1080.00000 -6.00000 1080.00000 1840.00000 -6.00000 1440.00000 1840.00000 -6.00000 1080.00000
3 0x2BBB5A6 1080.00000 -6.00000 1080.00000 1080.00000 -6.00000 1440.00000 1840.00000 -6.00000 1440.00000
3 0x2BBB5A6 1080.00000 -750.00000 1080.00000 1840.00000 -750.00000 1440.00000 1080.00000 -750.00000 1440.00000
3 0x2BBB5A6 1080.00000 -750.00000 1080.00000 1840.00000 -750.00000 1080.00000 1840.00000 -750.00000 1440.00000
3 0x2BBB5A6 1080.00000 -6.00000 1080.00000 1840.00000 -750.00000 1080.00000 1080.00000 -750.00000 1080.00000
3 0x2BBB5A6 1080.00000 -6.00000 1080.00000 1840.00000 -6.00000 1080.00000 1840.00000 -750.00000 1080.00000
3 0x2BBB5A6 1080.00000 -6.00000 1440.00000 1840.00000 -750.00000 1440.00000 1840.00000 -6.00000 1440.00000
3 0x2BBB5A6 1080.00000 -6.00000 1440.00000 1080.00000 -750.00000 1440.00000 1840.00000 -750.00000 1440.00000
3 0x2BBB5A6 1080.00000 -6.00000 1080.00000 1080.00000 -750.00000 1440.00000 1080.00000 -6.00000 1440.00000
3 0x2BBB5A6 1080.00000 -6.00000 1080.00000 1080.00000 -750.00000 1080.00000 1080.00000 -750.00000 1440.00000
3 0x2BBB5A6 1840.00000 -6.00000 1080.00000 1840.00000 -750.00000 1440.00000 1840.00000 -750.00000 1080.00000
3 0x2BBB5A6 1840.00000 -6.00000 1080.00000 1840.00000 -6.00000 1440.00000 1840.00000 -750.00000 1440.00000
3 0x2CEC2A9 1080.00000 -760.00000 980.00000 1840.00000 -760.00000 1080.00000 1840.00000 -760.00000 980.00000
3 0x2CEC2A9 1080.00000 -760.00000 980.00000 1080.00000 -760.00000 1080.00000 1840.00000 -760.00000 1080.00000
3 0x2CEC2A9 1080.00000 -770.00000 980.00000 1840.00000 -770.00000 1080.00000 1080.00000 -770.00000 1080.00000
3 0x2CEC2A9 1080.00000 -770.00000 980.00000 1840.00000 -770.00000 980.00000 1840.00000 -770.00000 1080.00000
3 0x2CEC2A9 1080.00000 -760.00000 980.00000 1840.00000 -770.00000 980.00000 1080.00000 -770.00000 980.00000
3 0x2CEC2A9 1080.00000 -760.00000 980.00000 1840.00000 -760.00000 980.00000 1840.00000 -770.00000 980.00000
3 0x2CEC2A9 1080.00000 -760.00000 1080.00000 1840.00000 -770.00000 1080.00000 1840.00000 -760.00000 1080.00000
3 0x2CEC2A9 1080.00000 -760.00000 1080.00000 1080.00000 -770.00000 1080.00000 1840.00000 -770.00000 1080.00000
3 0x2CEC2A9 1080.00000 -760.00000 980.00000 1080.00000 -770.00000 1080.00000 1080.00000 -760.00000 1080.00000
3 0x2CEC2A9 1080.00000 -760.00000 980.00000 1080.00000 -770.00000 980.00000 1080.00000 -770.00000 1080.00000
3 0x2CEC2A9 1840.00000 -760.00000 980.00000 1840.00000 -770.00000 1080.00000 1840.00000 -770.00000 980.00000
3 0x2CEC2A9 1840.00000 -760.00000 980.00000 1840.00000 -760.00000 1080.00000 1840.00000 -770.00000 1080.00000
3 0x2CEC2A9 1080.00000 -760.00000 1080.00000 1180.00000 -760.00000 1320.00000 1180.00000 -760.00000 1080.00000
3 0x2CEC2A9 1080.00000 -760.00000 1080.00000 1080.00000 -760.00000 1320.00000 1180.00000 -760.00000 1320.00000
3 0x2CEC2A9 1080.00000 -770.00000 1080.00000 1180.00000 -770.00000 1320.00000 1080.00000 -770.00000 1320.00000
3 0x2CEC2A9 1080.00000 -770.00000 1080.00000 1180.00000 -770.00000 1080.00000 1180.00000 -770.00000 1320.00000
3 0x2CEC2A9 1080.00000 -760.00000 1080.00000 1180.00000 -770.00000 1080.00000 1080.00000 -770.00000 1080.00000
3 0x2CEC2A9 1080.00000 -760.00000 1080.00000 1180.00000 -760.00000 1080.00000 1180.00000 -770.00000 1080.00000
3 0x2CEC2A9 1080.00000 -760.00000 1320.00000 1180.00000 -770.00000 1320.00000 1180.00000 -760.00000 1320.00000
3 0x2CEC2A9 1080.00000 -760.00000 1320.00000 1080.00000 -770.00000 1320.00000 1180.00000 -770.00000 1320.00000
3 0x2CEC2A9 1080.00000 -760.00000 1080.00000 1080.00000 -770.00000 1320.00000 1080.00000 -760.00000 1320.00000
3 0x2CEC2A9 1080.00000 -760.00000 1080.00000 1080.00000 -770.00000 1080.00000 1080.00000 -770.00000 1320.00000
3 0x2CEC2A9 1180.00000 -760.00000 1080.00000 1180.00000 -770.00000 1320.00000 1180.00000 -770.00000 1080.00000
3 0x2CEC2A9 1180.00000 -760.00000 1080.00000 1180.00000 -760.00000 1320.00000 1180.00000 -770.00000 1320.00000
3 0x2CEC2A9 1620.00000 -760.00000 1080.00000 1840.00000 -760.00000 1320.00000 1840.00000 -760.00000 1080.00000
3 0x2CEC2A9 1620.00000 -760.00000 1080.00000 1620.00000 -760.00000 1320.00000 1840.00000 -760.00000 1320.00000
3 0x2CEC2A9 1620.00000 -770.00000 1080.00000 1840.00000 -770.00000 1320.00000 1620.00000 -770.00000 1320.00000
3 0x2CEC2A9 1620.00000 -770.00000 1080.00000 1840.00000 -770.00000 1080.00000 1840.00000 -770.00000 1320.00000
3 0x2CEC2A9 1620.00000 -760.00000 1080.00000 1840.00000 -770.00000 1080.00000 1620.00000 -770.00000 1080.00000
3 0x2CEC2A9 1620.00000 -760.00000 1080.00000 1840.00000 -760.00000 1080.00000 1840.00000 -770.00000 1080.00000
3 0x2CEC2A9 1620.00000 -760.00000 1320.00000 1840.00000 -770.00000 1320.00000 1840.00000 -760.00000 1320.00000
3 0x2CEC2A9 1620.00000 -760.00000 1320.00000 1620.00000 -770.00000 1320.00000 1840.00000 -770.00000 1320.00000
3 0x2CEC2A9 1620.00000 -760.00000 1080.00000 1620.00000 -770.00000 1320.00000 1620.00000 -760.00000 1320.00000
3 0x2CEC2A9 1620.00000 -760.00000 1080.00000 1620.00000 -770.00000 1080.00000 1620.00000 -770.00000 1320.00000
3 0x2CEC2A9 1840.00000 -760.00000 1080.00000 1840.00000 -770.00000 1320.00000 1840.00000 -770.00000 1080.00000
3 0x2CEC2A9 1840.00000 -760.00000 1080.00000 1840.00000 -760.00000 1320.00000 1840.00000 -770.00000 1320.00000
3 0x2CEC2A9 1080.00000 -760.00000 1320.00000 1840.00000 -760.00000 1440.00000 1840.00000 -760.00000 1320.00000
3 0x2CEC2A9 1080.00000 -760.00000 1320.00000 1080.00000 -760.00000 1440.00000 1840.00000 -760.00000 1440.00000
3 0x2CEC2A9 1080.00000 -770.00000 1320.00000 1840.00000 -770.00000 1440.00000 1080.00000 -770.00000 1440.00000
3 0x2CEC2A9 1080.00000 -770.00000 1320.00000 1840.00000 -770.00000 1320.00000 1840.00000 -770.00000 1440.00000
3 0x2CEC2A9 1080.00000 -760.00000 1320.00000 1840.00000 -770.00000 1320.00000 1080.00000 -770.00000 1320.00000
3 0x2CEC2A9 1080.00000 -760.00000 1320.00000 1840.00000 -760.00000 1320.00000 1840.00000 -770.00000 1320.00000
3 0x2CEC2A9 1080.00000 -760.00000 1440.00000 1840.00000 -770.00000 1440.00000 1840.00000 -760.00000 1440.00000
3 0x2CEC2A9 1080.00000 -760.00000 1440.00000 1080.00000 -770.00000 1440.00000 1840.00000 -770.00000 1440.00000
3 0x2CEC2A9 1080.00000 -760.00000 1320.00000 1080.00000 -770.00000 1440.00000 1080.00000 -760.00000 1440.00000
3 0x2CEC2A9 1080.00000 -760.00000 1320.00000 1080.00000 -770.00000 1320.00000 1080.00000 -770.00000 1440.00000
3 0x2CEC2A9 1840.00000 -760.00000 1320.00000 1840.00000 -770.00000 1440.00000 1840.00000 -770.00000 1320.00000
3 0x2CEC2A9 1840.00000 -760.00000 1320.00000 1840.00000 -760.00000 1440.00000 1840.00000 -770.00000 1440.00000
3 0x270AEB0 1180.00000 -756.00000 1080.00000 1620.00000 -756.00000 1320.00000 1620.00000 -756.00000 1080.00000
3 0x270AEB0 1180.00000 -756.00000 1080.00000 1180.00000 -756.00000 1320.00000 1620.00000 -756.00000 1320.00000
3 0x270AEB0 1180.00000 -758.40000 1080.00000 1620.00000 -758.40000 1320.00000 1180.00000 -758.40000 1320.00000
3 0x270AEB0 1180.00000 -758.40000 1080.00000 1620.00000 -758.40000 1080.00000 1620.00000 -758.40000 1320.00000
3 0x270AEB0 1180.00000 -756.00000 1080.00000 1620.00000 -758.40000 1080.00000 1180.00000 -758.40000 1080.00000
3 0x270AEB0 1180.00000 -756.00000 1080.00000 1620.00000 -756.00000 1080.00000 1620.00000 -758.40000 1080.00000
3 0x270AEB0 1180.00000 -756.00000 1320.00000 1620.00000 -758.40000 1320.00000 1620.00000 -756.00000 1320.00000
3 0x270AEB0 1180.00000 -756.00000 1320.00000 1180.00000 -758.40000 1320.00000 1620.00000 -758.40000 1320.00000
3 0x270AEB0 1180.00000 -756.00000 1080.00000 1180.00000 -758.40000 1320.00000 1180.00000 -756.00000 1320.00000
3 0x270AEB0 1180.00000 -756.00000 1080.00000 1180.00000 -758.40000 1080.00000 1180.00000 -758.40000 1320.00000
3 0x270AEB0 1620.00000 -756.00000 1080.00000 1620.00000 -758.40000 1320.00000 1620.00000 -758.40000 1080.00000
3 0x270AEB0 1620.00000 -756.00000 1080.00000 1620.00000 -756.00000 1320.00000 1620.00000 -758.40000 1320.00000
3 0x2F1E6D0 1168.00000 -770.00000 1068.00000 1632.00000 -770.00000 1080.00000 1632.00000 -770.00000 1068.00000
3 0x2F1E6D0 1168.00000 -770.00000 1068.00000 1168.00000 -770.00000 1080.00000 1632.00000 -770.00000 1080.00000
3 0x2F1E6D0 1168.00000 -776.00000 1068.00000 1632.00000 -776.00000 1080.00000 1168.00000 -776.00000 1080.00000
3 0x2F1E6D0 1168.00000 -776.00000 1068.00000 1632.00000 -776.00000 1068.00000 1632.00000 -776.00000 1080.00000
3 0x2F1E6D0 1168.00000 -770.00000 1068.00000 1632.00000 -776.00000 1068.00000 1168.00000 -776.00000 1068.00000
3 0x2F1E6D0 1168.00000 -770.00000 1068.00000 1632.00000 -770.00000 1068.00000 1632.00000 -776.00000 1068.00000
3 0x2F1E6D0 1168.00000 -770.00000 1080.00000 1632.00000 -776.00000 1080.00000 1632.00000 -770.00000 1080.00000
3 0x2F1E6D0 1168.00000 -770.00000 1080.00000 1168.00000 -776.00000 1080.00000 1632.00000 -776.00000 1080.00000
3 0x2F1E6D0 1168.00000 -770.00000 1068.00000 1168.00000 -776.00000 1080.00000 1168.00000 -770.00000 1080.00000
3 0x2F1E6D0 1168.00000 -770.00000 1068.00000 1168.00000 -776.00000 1068.00000 1168.00000 -776.00000 1080.00000
3 0x2F1E6D0 1632.00000 -770.00000 1068.00000 1632.00000 -776.00000 1080.00000 1632.00000 -776.00000 1068.00000
3 0x2F1E6D0 1632.00000 -770.00000 1068.00000 1632.00000 -770.00000 1080.00000 1632.00000 -776.00000 1080.00000
3 0x2F1E6D0 1168.00000 -770.00000 1320.00000 1632.00000 -770.00000 1332.00000 1632.00000 -770.00000 1320.00000
3 0x2F1E6D0 1168.00000 -770.00000 1320.00000 1168.00000 -770.00000 1332.00000 1632.00000 -770.00000 1332.00000
3 0x2F1E6D0 1168.00000 -776.00000 1320.00000 1632.00000 -776.00000 1332.00000 1168.00000 -776.00000 1332.00000
3 0x2F1E6D0 1168.00000 -776.00000 1320.00000 1632.00000 -776.00000 1320.00000 1632.00000 -776.00000 1332.00000
3 0x2F1E6D0 1168.00000 -770.00000 1320.00000 1632.00000 -776.00000 1320.00000 1168.00000 -776.00000 1320.00000
3 0x2F1E6D0 1168.00000 -770.00000 1320.00000 1632.00000 -770.00000 1320.00000 1632.00000 -776.00000 1320.00000
3 0x2F1E6D0 1168.00000 -770.00000 1332.00000 1632.00000 -776.00000 1332.00000 1632.00000 -770.00000 1332.00000
3 0x2F1E6D0 1168.00000 -770.00000 1332.00000 1168.00000 -776.00000 1332.00000 1632.00000 -776.00000 1332.00000
3 0x2F1E6D0 1168.00000 -770.00000 1320.00000 1168.00000 -776.00000 1332.00000 1168.00000 -770.00000 1332.00000
3 0x2F1E6D0 1168.00000 -770.00000 1320.00000 1168.00000 -776.00000 1320.00000 1168.00000 -776.00000 1332.00000
3 0x2F1E6D0 1632.00000 -770.00000 1320.00000 1632.00000 -776.00000 1332.00000 1632.00000 -776.00000 1320.00000
3 0x2F1E6D0 1632.00000 -770.00000 1320.00000 1632.00000 -770.00000 1332.00000 1632.00000 -776.00000 1332.00000
3 0x2F1E6D0 1168.00000 -770.00000 1080.00000 1180.00000 -770.00000 1320.00000 1180.00000 -770.00000 1080.00000
3 0x2F1E6D0 1168.00000 -770.00000 1080.00000 1168.00000 -770.00000 1320.00000 1180.00000 -770.00000 1320.00000
3 0x2F1E6D0 1168.00000 -776.00000 1080.00000 1180.00000 -776.00000 1320.00000 1168.00000 -776.00000 1320.00000
3 0x2F1E6D0 1168.00000 -776.00000 1080.00000 1180.00000 -776.00000 1080.00000 1180.00000 -776.00000 1320.00000
3 0x2F1E6D0 1168.00000 -770.00000 1080.00000 1180.00000 -776.00000 1080.00000 1168.00000 -776.00000 1080.00000
3 0x2F1E6D0 1168.00000 -770.00000 1080.00000 1180.00000 -770.00000 1080.00000 1180.00000 -776.00000 1080.00000
3 0x2F1E6D0 1168.00000 -770.00000 1320.00000 1180.00000 -776.00000 1320.00000 1180.00000 -770.00000 1320.00000
3 0x2F1E6D0 1168.00000 -770.00000 1320.00000 1168.00000 -776.00000 1320.00000 1180.00000 -776.00000 1320.00000
3 0x2F1E6D0 1168.00000 -770.00000 1080.00000 1168.00000 -776.00000 1320.00000 1168.00000 -770.00000 1320.00000
3 0x2F1E6D0 1168.00000 -770.00000 1080.00000 1168.00000 -776.00000 1080.00000 1168.00000 -776.00000 1320.00000
3 0x2F1E6D0 1180.00000 -770.00000 1080.00000 1180.00000 -776.00000 1320.00000 1180.00000 -776.00000 1080.00000
3 0x2F1E6D0 1180.00000 -770.00000 1080.00000 1180.00000 -770.00000 1320.00000 1180.00000 -776.00000 1320.00000
3 0x2F1E6D0 1620.00000 -770.00000 1080.00000 1632.00000 -770.00000 1320.00000 1632.00000 -770.00000 1080.00000
3 0x2F1E6D0 1620.00000 -770.00000 1080.00000 1620.00000 -770.00000 1320.00000 1632.00000 -770.00000 1320.00000
3 0x2F1E6D0 1620.00000 -776.00000 1080.00000 1632.00000 -776.00000 1320.00000 1620.00000 -776.00000 1320.00000
3 0x2F1E6D0 1620.00000 -776.00000 1080.00000 1632.00000 -776.00000 1080.00000 1632.00000 -776.00000 1320.00000
3 0x2F1E6D0 1620.00000 -770.00000 1080.00000 1632.00000 -776.00000 1080.00000 1620.00000 -776.00000 1080.00000
3 0x2F1E6D0 1620.00000 -770.00000 1080.00000 1632.00000 -770.00000 1080.00000 1632.00000 -776.00000 1080.00000
3 0x2F1E6D0 1620.00000 -770.00000 1320.00000 1632.00000 -776.00000 1320.00000 1632.00000 -770.00000 1320.00000
3 0x2F1E6D0 1620.00000 -770.00000 1320.00000 1620.00000 -776.00000 1320.00000 1632.00000 -776.00000 1320.00000
3 0x2F1E6D0 1620.00000 -770.00000 1080.00000 1620.00000 -776.00000 1320.00000 1620.00000 -770.00000 1320.00000
3 0x2F1E6D0 1620.00000 -770.00000 1080.00000 1620.00000 -776.00000 1080.00000 1620.00000 -776.00000 1320.00000
3 0x2F1E6D0 1632.00000 -770.00000 1080.00000 1632.00000 -776.00000 1320.00000 1632.00000 -776.00000 1080.00000
3 0x2F1E6D0 1632.00000 -770.00000 1080.00000 1632.00000 -770.00000 1320.00000 1632.00000 -776.00000 1320.00000
3 0x2BBB5A6 40.00000 -6.00000 180.00000 160.00000 -6.00000 700.00000 160.00000 -6.00000 180.00000
3 0x2BBB5A6 40.00000 -6.00000 180.00000 40.00000 -6.00000 700.00000 160.00000 -6.00000 700.00000
3 0x2BBB5A6 40.00000 -546.00000 180.00000 160.00000 -546.00000 700.00000 40.00000 -546.00000 700.00000
3 0x2BBB5A6 40.00000 -546.00000 180.00000 160.00000 -546.00000 180.00000 160.00000 -546.00000 700.00000
3 0x2BBB5A6 40.00000 -6.00000 180.00000 160.00000 -546.00000 180.00000 40.00000 -546.00000 180.00000
3 0x2BBB5A6 40.00000 -6.00000 180.00000 160.00000 -6.00000 180.00000 160.00000 -546.00000 180.00000
3 0x2BBB5A6 40.00000 -6.00000 700.00000 160.00000 -546.00000 700.00000 160.00000 -6.00000 700.00000
3 0x2BBB5A6 40.00000 -6.00000 700.00000 40.00000 -546.00000 700.00000 160.00000 -546.00000 700.00000
3 0x2BBB5A6 40.00000 -6.00000 180.00000 40.00000 -546.00000 700.00000 40.00000 -6.00000 700.00000
3 0x2BBB5A6 40.00000 -6.00000 180.00000 40.00000 -546.00000 180.00000 40.00000 -546.00000 700.00000
3 0x2BBB5A6 160.00000 -6.00000 180.00000 160.00000 -546.00000 700.00000 160.00000 -546.00000 180.00000
3 0x2BBB5A6 160.00000 -6.00000 180.00000 160.00000 -6.00000 700.00000 160.00000 -546.00000 700.00000
3 0x2A8A69B 20.00000 -6.00000 700.00000 140.00000 -6.00000 1040.00000 140.00000 -6.00000 700.00000
3 0x2A8A69B 20.00000 -6.00000 700.00000 20.00000 -6.00000 1040.00000 140.00000 -6.00000 1040.00000
3 0x2A8A69B 20.00000 -426.00000 700.00000 140.00000 -426.00000 1040.00000 20.00000 -426.00000 1040.00000
3 0x2A8A69B 20.00000 -426.00000 700.00000 140.00000 -426.00000 700.00000 140.00000 -426.00000 1040.00000
3 0x2A8A69B 20.00000 -6.00000 700.00000 140.00000 -426.00000 700.00000 20.00000 -426.00000 700.00000
3 0x2A8A69B 20.00000 -6.00000 700.00000 140.00000 -6.00000 700.00000 140.00000 -426.00000 700.00000
3 0x2A8A69B 20.00000 -6.00000 1040.00000 140.00000 -426.00000 1040.00000 140.00000 -6.00000 1040.00000
3 0x2A8A69B 20.00000 -6.00000 1040.00000 20.00000 -426.00000 1040.00000 140.00000 -426.00000 1040.00000
3 0x2A8A69B 20.00000 -6.00000 700.00000 20.00000 -426.00000 1040.00000 20.00000 -6.00000 1040.00000
3 0x2A8A69B 20.00000 -6.00000 700.00000 20.00000 -426.00000 700.00000 20.00000 -426.00000 1040.00000
3 0x2A8A69B 140.00000 -6.00000 700.00000 140.00000 -426.00000 1040.00000 140.00000 -426.00000 700.00000
3 0x2A8A69B 140.00000 -6.00000 700.00000 140.00000 -6.00000 1040.00000 140.00000 -426.00000 1040.00000
3 0x2BBB5A6 60.00000 -6.00000 1040.00000 180.00000 -6.00000 1360.00000 180.00000 -6.00000 1040.00000
3 0x2BBB5A6 60.00000 -6.00000 1040.00000 60.00000 -6.00000 1360.00000 180.00000 -6.00000 1360.00000
3 0x2BBB5A6 60.00000 -486.00000 1040.00000 180.00000 -486.00000 1360.00000 60.00000 -486.00000 1360.00000
3 0x2BBB5A6 60.00000 -486.00000 1040.00000 180.00000 -486.00000 1040.00000 180.00000 -486.00000 1360.00000
3 0x2BBB5A6 60.00000 -6.00000 1040.00000 180.00000 -486.00000 1040.00000 60.00000 -486.00000 1040.00000
3 0x2BBB5A6 60.00000 -6.00000 1040.00000 180.00000 -6.00000 1040.00000 180.00000 -486.00000 1040.00000
3 0x2BBB5A6 60.00000 -6.00000 1360.00000 180.00000 -486.00000 1360.00000 180.00000 -6.00000 1360.00000
3 0x2BBB5A6 60.00000 -6.00000 1360.00000 60.00000 -486.00000 1360.00000 180.00000 -486.00000 1360.00000
3 0x2BBB5A6 60.00000 -6.00000 1040.00000 60.00000 -486.00000 1360.00000 60.00000 -6.00000 1360.00000
3 0x2BBB5A6 60.00000 -6.00000 1040.00000 60.00000 -486.00000 1040.00000 60.00000 -486.00000 1360.00000
3 0x2BBB5A6 180.00000 -6.00000 1040.00000 180.00000 -486.00000 1360.00000 180.00000 -486.00000 1040.00000
3 0x2BBB5A6 180.00000 -6.00000 1040.00000 180.00000 -6.00000 1360.00000 180.00000 -486.00000 1360.00000
3 0x2A8A69B 140.00000 -6.00000 1240.00000 320.00000 -6.00000 1420.00000 320.00000 -6.00000 1240.00000
3 0x2A8A69B 140.00000 -6.00000 1240.00000 140.00000 -6.00000 1420.00000 320.00000 -6.00000 1420.00000
3 0x2A8A69B 140.00000 -646.00000 1240.00000 320.00000 -646.00000 1420.00000 140.00000 -646.00000 1420.00000
3 0x2A8A69B 140.00000 -646.00000 1240.00000 320.00000 -646.00000 1240.00000 320.00000 -646.00000 1420.00000
3 0x2A8A69B 140.00000 -6.00000 1240.00000 320.00000 -646.00000 1240.00000 140.00000 -646.00000 1240.00000
3 0x2A8A69B 140.00000 -6.00000 1240.00000 320.00000 -6.00000 1240.00000 320.00000 -646.00000 1240.00000
3 0x2A8A69B 140.00000 -6.00000 1420.00000 320.00000 -646.00000 1420.00000 320.00000 -6.00000 1420.00000
3 0x2A8A69B 140.00000 -6.00000 1420.00000 140.00000 -646.00000 1420.00000 320.00000 -646.00000 1420.00000
3 0x2A8A69B 140.00000 -6.00000 1240.00000 140.00000 -646.00000 1420.00000 140.00000 -6.00000 1420.00000
3 0x2A8A69B 140.00000 -6.00000 1240.00000 140.00000 -646.00000 1240.00000 140.00000 -646.00000 1420.00000
3 0x2A8A69B 320.00000 -6.00000 1240.00000 320.00000 -646.00000 1420.00000 320.00000 -646.00000 1240.00000
3 0x2A8A69B 320.00000 -6.00000 1240.00000 320.00000 -6.00000 1420.00000 320.00000 -646.00000 1420.00000
3 0x2BBB5A6 100.00000 -6.00000 1400.00000 300.00000 -6.00000 1540.00000 300.00000 -6.00000 1400.00000
3 0x2BBB5A6 100.00000 -6.00000 1400.00000 100.00000 -6.00000 1540.00000 300.00000 -6.00000 1540.00000
3 0x2BBB5A6 100.00000 -386.00000 1400.00000 300.00000 -386.00000 1540.00000 100.00000 -386.00000 1540.00000
3 0x2BBB5A6 100.00000 -386.00000 1400.00000 300.00000 -386.00000 1400.00000 300.00000 -386.00000 1540.00000
3 0x2BBB5A6 100.00000 -6.00000 1400.00000 300.00000 -386.00000 1400.00000 100.00000 -386.00000 1400.00000
3 0x2BBB5A6 100.00000 -6.00000 1400.00000 300.00000 -6.00000 1400.00000 300.00000 -386.00000 1400.00000
3 0x2BBB5A6 100.00000 -6.00000 1540.00000 300.00000 -386.00000 1540.00000 300.00000 -6.00000 1540.00000
3 0x2BBB5A6 100.00000 -6.00000 1540.00000 100.00000 -386.00000 1540.00000 300.00000 -386.00000 1540.00000
3 0x2BBB5A6 100.00000 -6.00000 1400.00000 100.00000 -386.00000 1540.00000 100.00000 -6.00000 1540.00000
3 0x2BBB5A6 100.00000 -6.00000 1400.00000 100.00000 -386.00000 1400.00000 100.00000 -386.00000 1540.00000
3 0x2BBB5A6 300.00000 -6.00000 1400.00000 300.00000 -386.00000 1540.00000 300.00000 -386.00000 1400.00000
3 0x2BBB5A6 300.00000 -6.00000 1400.00000 300.00000 -6.00000 1540.00000 300.00000 -386.00000 1540.00000
3 0x2A8A69B 240.00000 -6.00000 1380.00000 440.00000 -6.00000 1580.00000 440.00000 -6.00000 1380.00000
3 0x2A8A69B 240.00000 -6.00000 1380.00000 240.00000 -6.00000 1580.00000 440.00000 -6.00000 1580.00000
3 0x2A8A69B 240.00000 -486.00000 1380.00000 440.00000 -486.00000 1580.00000 240.00000 -486.00000 1580.00000
3 0x2A8A69B 240.00000 -486.00000 1380.00000 440.00000 -486.00000 1380.00000 440.00000 -486.00000 1580.00000
3 0x2A8A69B 240.00000 -6.00000 1380.00000 440.00000 -486.00000 1380.00000 240.00000 -486.00000 1380.00000
3 0x2A8A69B 240.00000 -6.00000 1380.00000 440.00000 -6.00000 1380.00000 440.00000 -486.00000 1380.00000
3 0x2A8A69B 240.00000 -6.00000 1580.00000 440.00000 -486.00000 1580.00000 440.00000 -6.00000 1580.00000
3 0x2A8A69B 240.00000 -6.00000 1580.00000 240.00000 -486.00000 1580.00000 440.00000 -486.00000 1580.00000
3 0x2A8A69B 240.00000 -6.00000 1380.00000 240.00000 -486.00000 1580.00000 240.00000 -6.00000 1580.00000
3 0x2A8A69B 240.00000 -6.00000 1380.00000 240.00000 -486.00000 1380.00000 240.00000 -486.00000 1580.00000
3 0x2A8A69B 440.00000 -6.00000 1380.00000 440.00000 -486.00000 1580.00000 440.00000 -486.00000 1380.00000
3 0x2A8A69B 440.00000 -6.00000 1380.00000 440.00000 -6.00000 1580.00000 440.00000 -486.00000 1580.00000
3 0x2BBB5A6 380.00000 -6.00000 1240.00000 560.00000 -6.00000 1420.00000 560.00000 -6.00000 1240.00000
3 0x2BBB5A6 380.00000 -6.00000 1240.00000 380.00000 -6.00000 1420.00000 560.00000 -6.00000 1420.00000
3 0x2BBB5A6 380.00000 -666.00000 1240.00000 560.00000 -666.00000 1420.00000 380.00000 -666.00000 1420.00000
3 0x2BBB5A6 380.00000 -666.00000 1240.00000 560.00000 -666.00000 1240.00000 560.00000 -666.00000 1420.00000
3 0x2BBB5A6 380.00000 -6.00000 1240.00000 560.00000 -666.00000 1240.00000 380.00000 -666.00000 1240.00000
3 0x2BBB5A6 380.00000 -6.00000 1240.00000 560.00000 -6.00000 1240.00000 560.00000 -666.00000 1240.00000
3 0x2BBB5A6 380.00000 -6.00000 1420.00000 560.00000 -666.00000 1420.00000 560.00000 -6.00000 1420.00000
3 0x2BBB5A6 380.00000 -6.00000 1420.00000 380.00000 -666.00000 1420.00000 560.00000 -666.00000 1420.00000
3 0x2BBB5A6 380.00000 -6.00000 1240.00000 380.00000 -666.00000 1420.00000 380.00000 -6.00000 1420.00000
3 0x2BBB5A6 380.00000 -6.00000 1240.00000 380.00000 -666.00000 1240.00000 380.00000 -666.00000 1420.00000
3 0x2BBB5A6 560.00000 -6.00000 1240.00000 560.00000 -666.00000 1420.00000 560.00000 -666.00000 1240.00000
3 0x2BBB5A6 560.00000 -6.00000 1240.00000 560.00000 -6.00000 1420.00000 560.00000 -666.00000 1420.00000
3 0x2A8A69B 420.00000 -6.00000 1420.00000 600.00000 -6.00000 1620.00000 600.00000 -6.00000 1420.00000
3 0x2A8A69B 420.00000 -6.00000 1420.00000 420.00000 -6.00000 1620.00000 600.00000 -6.00000 1620.00000
3 0x2A8A69B 420.00000 -326.00000 1420.00000 600.00000 -326.00000 1620.00000 420.00000 -326.00000 1620.00000
3 0x2A8A69B 420.00000 -326.00000 1420.00000 600.00000 -326.00000 1420.00000 600.00000 -326.00000 1620.00000
3 0x2A8A69B 420.00000 -6.00000 1420.00000 600.00000 -326.00000 1420.00000 420.00000 -326.00000 1420.00000
3 0x2A8A69B 420.00000 -6.00000 1420.00000 600.00000 -6.00000 1420.00000 600.00000 -326.00000 1420.00000
3 0x2A8A69B 420.00000 -6.00000 1620.00000 600.00000 -326.00000 1620.00000 600.00000 -6.00000 1620.00000
3 0x2A8A69B 420.00000 -6.00000 1620.00000 420.00000 -326.00000 1620.00000 600.00000 -326.00000 1620.00000
3 0x2A8A69B 420.00000 -6.00000 1420.00000 420.00000 -326.00000 1620.00000 420.00000 -6.00000 1620.00000
3 0x2A8A69B 420.00000 -6.00000 1420.00000 420.00000 -326.00000 1420.00000 420.00000 -326.00000 1620.00000
3 0x2A8A69B 600.00000 -6.00000 1420.00000 600.00000 -326.00000 1620.00000 600.00000 -326.00000 1420.00000
3 0x2A8A69B 600.00000 -6.00000 1420.00000 600.00000 -6.00000 1620.00000 600.00000 -326.00000 1620.00000
3 0x2BBB5A6 560.00000 -6.00000 1200.00000 700.00000 -6.00000 1440.00000 700.00000 -6.00000 1200.00000
3 0x2BBB5A6 560.00000 -6.00000 1200.00000 560.00000 -6.00000 1440.00000 700.00000 -6.00000 1440.00000
3 0x2BBB5A6 560.00000 -586.00000 1200.00000 700.00000 -586.00000 1440.00000 560.00000 -586.00000 1440.00000
3 0x2BBB5A6 560.00000 -586.00000 1200.00000 700.00000 -586.00000 1200.00000 700.00000 -586.00000 1440.00000
3 0x2BBB5A6 560.00000 -6.00000 1200.00000 700.00000 -586.00000 1200.00000 560.00000 -586.00000 1200.00000
3 0x2BBB5A6 560.00000 -6.00000 1200.00000 700.00000 -6.00000 1200.00000 700.00000 -586.00000 1200.00000
3 0x2BBB5A6 560.00000 -6.00000 1440.00000 700.00000 -586.00000 1440.00000 700.00000 -6.00000 1440.00000
3 0x2BBB5A6 560.00000 -6.00000 1440.00000 560.00000 -586.00000 1440.00000 700.00000 -586.00000 1440.00000
3 0x2BBB5A6 560.00000 -6.00000 1200.00000 560.00000 -586.00000 1440.00000 560.00000 -6.00000 1440.00000
3 0x2BBB5A6 560.00000 -6.00000 1200.00000 560.00000 -586.00000 1200.00000 560.00000 -586.00000 1440.00000
3 0x2BBB5A6 700.00000 -6.00000 1200.00000 700.00000 -586.00000 1440.00000 700.00000 -586.00000 1200.00000
3 0x2BBB5A6 700.00000 -6.00000 1200.00000 700.00000 -6.00000 1440.00000 700.00000 -586.00000 1440.00000
3 0x2A8A69B 560.00000 -6.00000 1460.00000 740.00000 -6.00000 1620.00000 740.00000 -6.00000 1460.00000
3 0x2A8A69B 560.00000 -6.00000 1460.00000 560.00000 -6.00000 1620.00000 740.00000 -6.00000 1620.00000
3 0x2A8A69B 560.00000 -206.00000 1460.00000 740.00000 -206.00000 1620.00000 560.00000 -206.00000 1620.00000
3 0x2A8A69B 560.00000 -206.00000 1460.00000 740.00000 -206.00000 1460.00000 740.00000 -206.00000 1620.00000
3 0x2A8A69B 560.00000 -6.00000 1460.00000 740.00000 -206.00000 1460.00000 560.00000 -206.00000 1460.00000
3 0x2A8A69B 560.00000 -6.00000 1460.00000 740.00000 -6.00000 1460.00000 740.00000 -206.00000 1460.00000
3 0x2A8A69B 560.00000 -6.00000 1620.00000 740.00000 -206.00000 1620.00000 740.00000 -6.00000 1620.00000
3 0x2A8A69B 560.00000 -6.00000 1620.00000 560.00000 -206.00000 1620.00000 740.00000 -206.00000 1620.00000
3 0x2A8A69B 560.00000 -6.00000 1460.00000 560.00000 -206.00000 1620.00000 560.00000 -6.00000 1620.00000
3 0x2A8A69B 560.00000 -6.00000 1460.00000 560.00000 -206.00000 1460.00000 560.00000 -206.00000 1620.00000
3 0x2A8A69B 740.00000 -6.00000 1460.00000 740.00000 -206.00000 1620.00000 740.00000 -206.00000 1460.00000
3 0x2A8A69B 740.00000 -6.00000 1460.00000 740.00000 -6.00000 1620.00000 740.00000 -206.00000 1620.00000
3 0x2BBB5A6 220.00000 -6.00000 1600.00000 480.00000 -6.00000 1700.00000 480.00000 -6.00000 1600.00000
3 0x2BBB5A6 220.00000 -6.00000 1600.00000 220.00000 -6.00000 1700.00000 480.00000 -6.00000 1700.00000
3 0x2BBB5A6 220.00000 -146.00000 1600.00000 480.00000 -146.00000 1700.00000 220.00000 -146.00000 1700.00000
3 0x2BBB5A6 220.00000 -146.00000 1600.00000 480.00000 -146.00000 1600.00000 480.00000 -146.00000 1700.00000
3 0x2BBB5A6 220.00000 -6.00000 1600.00000 480.00000 -146.00000 1600.00000 220.00000 -146.00000 1600.00000
3 0x2BBB5A6 220.00000 -6.00000 1600.00000 480.00000 -6.00000 1600.00000 480.00000 -146.00000 1600.00000
3 0x2BBB5A6 220.00000 -6.00000 1700.00000 480.00000 -146.00000 1700.00000 480.00000 -6.00000 1700.00000
3 0x2BBB5A6 220.00000 -6.00000 1700.00000 220.00000 -146.00000 1700.00000 480.00000 -146.00000 1700.00000
3 0x2BBB5A6 220.00000 -6.00000 1600.00000 220.00000 -146.00000 1700.00000 220.00000 -6.00000 1700.00000
3 0x2BBB5A6 220.00000 -6.00000 1600.00000 220.00000 -146.00000 1600.00000 220.00000 -146.00000 1700.00000
3 0x2BBB5A6 480.00000 -6.00000 1600.00000 480.00000 -146.00000 1700.00000 480.00000 -146.00000 1600.00000
3 0x2BBB5A6 480.00000 -6.00000 1600.00000 480.00000 -6.00000 1700.00000 480.00000 -146.00000 1700.00000
3 0x2A8A69B 660.00000 -6.00000 1580.00000 820.00000 -6.00000 1700.00000 820.00000 -6.00000 1580.00000
3 0x2A8A69B 660.00000 -6.00000 1580.00000 660.00000 -6.00000 1700.00000 820.00000 -6.00000 1700.00000
3 0x2A8A69B 660.00000 -126.00000 1580.00000 820.00000 -126.00000 1700.00000 660.00000 -126.00000 1700.00000
3 0x2A8A69B 660.00000 -126.00000 1580.00000 820.00000 -126.00000 1580.00000 820.00000 -126.00000 1700.00000
3 0x2A8A69B 660.00000 -6.00000 1580.00000 820.00000 -126.00000 1580.00000 660.00000 -126.00000 1580.00000
3 0x2A8A69B 660.00000 -6.00000 1580.00000 820.00000 -6.00000 1580.00000 820.00000 -126.00000 1580.00000
3 0x2A8A69B 660.00000 -6.00000 1700.00000 820.00000 -126.00000 1700.00000 820.00000 -6.00000 1700.00000
3 0x2A8A69B 660.00000 -6.00000 1700.00000 660.00000 -126.00000 1700.00000 820.00000 -126.00000 1700.00000
3 0x2A8A69B 660.00000 -6.00000 1580.00000 660.00000 -126.00000 1700.00000 660.00000 -6.00000 1700.00000
3 0x2A8A69B 660.00000 -6.00000 1580.00000 660.00000 -126.00000 1580.00000 660.00000 -126.00000 1700.00000
3 0x2A8A69B 820.00000 -6.00000 1580.00000 820.00000 -126.00000 1700.00000 820.00000 -126.00000 1580.00000
3 0x2A8A69B 820.00000 -6.00000 1580.00000 820.00000 -6.00000 1700.00000 820.00000 -126.00000 1700.00000
3 0x2BBB5A6 1140.00000 -6.00000 1460.00000 1300.00000 -6.00000 1640.00000 1300.00000 -6.00000 1460.00000
3 0x2BBB5A6 1140.00000 -6.00000 1460.00000 1140.00000 -6.00000 1640.00000 1300.00000 -6.00000 1640.00000
3 0x2BBB5A6 1140.00000 -366.00000 1460.00000 1300.00000 -366.00000 1640.00000 1140.00000 -366.00000 1640.00000
3 0x2BBB5A6 1140.00000 -366.00000 1460.00000 1300.00000 -366.00000 1460.00000 1300.00000 -366.00000 1640.00000
3 0x2BBB5A6 1140.00000 -6.00000 1460.00000 1300.00000 -366.00000 1460.00000 1140.00000 -366.00000 1460.00000
3 0x2BBB5A6 1140.00000 -6.00000 1460.00000 1300.00000 -6.00000 1460.00000 1300.00000 -366.00000 1460.00000
3 0x2BBB5A6 1140.00000 -6.00000 1640.00000 1300.00000 -366.00000 1640.00000 1300.00000 -6.00000 1640.00000
3 0x2BBB5A6 1140.00000 -6.00000 1640.00000 1140.00000 -366.00000 1640.00000 1300.00000 -366.00000 1640.00000
3 0x2BBB5A6 1140.00000 -6.00000 1460.00000 1140.00000 -366.00000 1640.00000 1140.00000 -6.00000 1640.00000
3 0x2BBB5A6 1140.00000 -6.00000 1460.00000 1140.00000 -366.00000 1460.00000 1140.00000 -366.00000 1640.00000
3 0x2BBB5A6 1300.00000 -6.00000 1460.00000 1300.00000 -366.00000 1640.00000 1300.00000 -366.00000 1460.00000
3 0x2BBB5A6 1300.00000 -6.00000 1460.00000 1300.00000 -6.00000 1640.00000 1300.00000 -366.00000 1640.00000
3 0x2A8A69B 1300.00000 -6.00000 1460.00000 1480.00000 -6.00000 1620.00000 1480.00000 -6.00000 1460.00000
3 0x2A8A69B 1300.00000 -6.00000 1460.00000 1300.00000 -6.00000 1620.00000 1480.00000 -6.00000 1620.00000
3 0x2A8A69B 1300.00000 -546.00000 1460.00000 1480.00000 -546.00000 1620.00000 1300.00000 -546.00000 1620.00000
3 0x2A8A69B 1300.00000 -546.00000 1460.00000 1480.00000 -546.00000 1460.00000 1480.00000 -546.00000 1620.00000
3 0x2A8A69B 1300.00000 -6.00000 1460.00000 1480.00000 -546.00000 1460.00000 1300.00000 -546.00000 1460.00000
3 0x2A8A69B 1300.00000 -6.00000 1460.00000 1480.00000 -6.00000 1460.00000 1480.00000 -546.00000 1460.00000
3 0x2A8A69B 1300.00000 -6.00000 1620.00000 1480.00000 -546.00000 1620.00000 1480.00000 -6.00000 1620.00000
3 0x2A8A69B 1300.00000 -6.00000 1620.00000 1300.00000 -546.00000 1620.00000 1480.00000 -546.00000 1620.00000
3 0x2A8A69B 1300.00000 -6.00000 1460.00000 1300.00000 -546.00000 1620.00000 1300.00000 -6.00000 1620.00000
3 0x2A8A69B 1300.00000 -6.00000 1460.00000 1300.00000 -546.00000 1460.00000 1300.00000 -546.00000 1620.00000
3 0x2A8A69B 1480.00000 -6.00000 1460.00000 1480.00000 -546.00000 1620.00000 1480.00000 -546.00000 1460.00000
3 0x2A8A69B 1480.00000 -6.00000 1460.00000 1480.00000 -6.00000 1620.00000 1480.00000 -546.00000 1620.00000
3 0x2BBB5A6 1460.00000 -6.00000 1440.00000 1640.00000 -6.00000 1600.00000 1640.00000 -6.00000 1440.00000
3 0x2BBB5A6 1460.00000 -6.00000 1440.00000 1460.00000 -6.00000 1600.00000 1640.00000 -6.00000 1600.00000
3 0x2BBB5A6 1460.00000 -446.00000 1440.00000 1640.00000 -446.00000 1600.00000 1460.00000 -446.00000 1600.00000
3 0x2BBB5A6 1460.00000 -446.00000 1440.00000 1640.00000 -446.00000 1440.00000 1640.00000 -446.00000 1600.00000
3 0x2BBB5A6 1460.00000 -6.00000 1440.00000 1640.00000 -446.00000 1440.00000 1460.00000 -446.00000 1440.00000
3 0x2BBB5A6 1460.00000 -6.00000 1440.00000 1640.00000 -6.00000 1440.00000 1640.00000 -446.00000 1440.00000
3 0x2BBB5A6 1460.00000 -6.00000 1600.00000 1640.00000 -446.00000 1600.00000 1640.00000 -6.00000 1600.00000
3 0x2BBB5A6 1460.00000 -6.00000 1600.00000 1460.00000 -446.00000 1600.00000 1640.00000 -446.00000 1600.00000
3 0x2BBB5A6 1460.00000 -6.00000 1440.00000 1460.00000 -446.00000 1600.00000 1460.00000 -6.00000 1600.00000
3 0x2BBB5A6 1460.00000 -6.00000 1440.00000 1460.00000 -446.00000 1440.00000 1460.00000 -446.00000 1600.00000
3 0x2BBB5A6 1640.00000 -6.00000 1440.00000 1640.00000 -446.00000 1600.00000 1640.00000 -446.00000 1440.00000
3 0x2BBB5A6 1640.00000 -6.00000 1440.00000 1640.00000 -6.00000 1600.00000 1640.00000 -446.00000 1600.00000
3 0x2A8A69B 1660.00000 -6.00000 1420.00000 1860.00000 -6.00000 1580.00000 1860.00000 -6.00000 1420.00000
3 0x2A8A69B 1660.00000 -6.00000 1420.00000 1660.00000 -6.00000 1580.00000 1860.00000 -6.00000 1580.00000
3 0x2A8A69B 1660.00000 -586.00000 1420.00000 1860.00000 -586.00000 1580.00000 1660.00000 -586.00000 1580.00000
3 0x2A8A69B 1660.00000 -586.00000 1420.00000 1860.00000 -586.00000 1420.00000 1860.00000 -586.00000 1580.00000
3 0x2A8A69B 1660.00000 -6.00000 1420.00000 1860.00000 -586.00000 1420.00000 1660.00000 -586.00000 1420.00000
3 0x2A8A69B 1660.00000 -6.00000 1420.00000 1860.00000 -6.00000 1420.00000 1860.00000 -586.00000 1420.00000
3 0x2A8A69B 1660.00000 -6.00000 1580.00000 1860.00000 -586.00000 1580.00000 1860.00000 -6.00000 1580.00000
3 0x2A8A69B 1660.00000 -6.00000 1580.00000 1660.00000 -586.00000 1580.00000 1860.00000 -586.00000 1580.00000
3 0x2A8A69B 1660.00000 -6.00000 1420.00000 1660.00000 -586.00000 1580.00000 1660.00000 -6.00000 1580.00000
3 0x2A8A69B 1660.00000 -6.00000 1420.00000 1660.00000 -586.00000 1420.00000 1660.00000 -586.00000 1580.00000
3 0x2A8A69B 1860.00000 -6.00000 1420.00000 1860.00000 -586.00000 1580.00000 1860.00000 -586.00000 1420.00000
3 0x2A8A69B 1860.00000 -6.00000 1420.00000 1860.00000 -6.00000 1580.00000 1860.00000 -586.00000 1580.00000
3 0x2BBB5A6 1780.00000 -6.00000 1160.00000 1880.00000 -6.00000 1440.00000 1880.00000 -6.00000 1160.00000
3 0x2BBB5A6 1780.00000 -6.00000 1160.00000 1780.00000 -6.00000 1440.00000 1880.00000 -6.00000 1440.00000
3 0x2BBB5A6 1780.00000 -546.00000 1160.00000 1880.00000 -546.00000 1440.00000 1780.00000 -546.00000 1440.00000
3 0x2BBB5A6 1780.00000 -546.00000 1160.00000 1880.00000 -546.00000 1160.00000 1880.00000 -546.00000 1440.00000
3 0x2BBB5A6 1780.00000 -6.00000 1160.00000 1880.00000 -546.00000 1160.00000 1780.00000 -546.00000 1160.00000
3 0x2BBB5A6 1780.00000 -6.00000 1160.00000 1880.00000 -6.00000 1160.00000 1880.00000 -546.00000 1160.00000
3 0x2BBB5A6 1780.00000 -6.00000 1440.00000 1880.00000 -546.00000 1440.00000 1880.00000 -6.00000 1440.00000
3 0x2BBB5A6 1780.00000 -6.00000 1440.00000 1780.00000 -546.00000 1440.00000 1880.00000 -546.00000 1440.00000
3 0x2BBB5A6 1780.00000 -6.00000 1160.00000 1780.00000 -546.00000 1440.00000 1780.00000 -6.00000 1440.00000
3 0x2BBB5A6 1780.00000 -6.00000 1160.00000 1780.00000 -546.00000 1160.00000 1780.00000 -546.00000 1440.00000
3 0x2BBB5A6 1880.00000 -6.00000 1160.00000 1880.00000 -546.00000 1440.00000 1880.00000 -546.00000 1160.00000
3 0x2BBB5A6 1880.00000 -6.00000 1160.00000 1880.00000 -6.00000 1440.00000 1880.00000 -546.00000 1440.00000
3 0x2A8A69B 1660.00000 -6.00000 1600.00000 1860.00000 -6.00000 1700.00000 1860.00000 -6.00000 1600.00000
3 0x2A8A69B 1660.00000 -6.00000 1600.00000 1660.00000 -6.00000 1700.00000 1860.00000 -6.00000 1700.00000
3 0x2A8A69B 1660.00000 -206.00000 1600.00000 1860.00000 -206.00000 1700.00000 1660.00000 -206.00000 1700.00000
3 0x2A8A69B 1660.00000 -206.00000 1600.00000 1860.00000 -206.00000 1600.00000 1860.00000 -206.00000 1700.00000
3 0x2A8A69B 1660.00000 -6.00000 1600.00000 1860.00000 -206.00000 1600.00000 1660.00000 -206.00000 1600.00000
3 0x2A8A69B 1660.00000 -6.00000 1600.00000 1860.00000 -6.00000 1600.00000 1860.00000 -206.00000 1600.00000
3 0x2A8A69B 1660.00000 -6.00000 1700.00000 1860.00000 -206.00000 1700.00000 1860.00000 -6.00000 1700.00000
3 0x2A8A69B 1660.00000 -6.00000 1700.00000 1660.00000 -206.00000 1700.00000 1860.00000 -206.00000 1700.00000
3 0x2A8A69B 1660.00000 -6.00000 1600.00000 1660.00000 -206.00000 1700.00000 1660.00000 -6.00000 1700.00000
3 0x2A8A69B 1660.00000 -6.00000 1600.00000 1660.00000 -206.00000 1600.00000 1660.00000 -206.00000 1700.00000
3 0x2A8A69B 1860.00000 -6.00000 1600.00000 1860.00000 -206.00000 1700.00000 1860.00000 -206.00000 1600.00000
3 0x2A8A69B 1860.00000 -6.00000 1600.00000 1860.00000 -6.00000 1700.00000 1860.00000 -206.00000 1700.00000
3 0x2BBB5A6 1340.00000 -6.00000 1620.00000 1580.00000 -6.00000 1700.00000 1580.00000 -6.00000 1620.00000
3 0x2BBB5A6 1340.00000 -6.00000 1620.00000 1340.00000 -6.00000 1700.00000 1580.00000 -6.00000 1700.00000
3 0x2BBB5A6 1340.00000 -166.00000 1620.00000 1580.00000 -166.00000 1700.00000 1340.00000 -166.00000 1700.00000
3 0x2BBB5A6 1340.00000 -166.00000 1620.00000 1580.00000 -166.00000 1620.00000 1580.00000 -166.00000 1700.00000
3 0x2BBB5A6 1340.00000 -6.00000 1620.00000 1580.00000 -166.00000 1620.00000 1340.00000 -166.00000 1620.00000
3 0x2BBB5A6 1340.00000 -6.00000 1620.00000 1580.00000 -6.00000 1620.00000 1580.00000 -166.00000 1620.00000
3 0x2BBB5A6 1340.00000 -6.00000 1700.00000 1580.00000 -166.00000 1700.00000 1580.00000 -6.00000 1700.00000
3 0x2BBB5A6 1340.00000 -6.00000 1700.00000 1340.00000 -166.00000 1700.00000 1580.00000 -166.00000 1700.00000
3 0x2BBB5A6 1340.00000 -6.00000 1620.00000 1340.00000 -166.00000 1700.00000 1340.00000 -6.00000 1700.00000
3 0x2BBB5A6 1340.00000 -6.00000 1620.00000 1340.00000 -166.00000 1620.00000 1340.00000 -166.00000 1700.00000
3 0x2BBB5A6 1580.00000 -6.00000 1620.00000 1580.00000 -166.00000 1700.00000 1580.00000 -166.00000 1620.00000
3 0x2BBB5A6 1580.00000 -6.00000 1620.00000 1580.00000 -6.00000 1700.00000 1580.00000 -166.00000 1700.00000
3 0x2CEC2A9 720.00000 -6.00000 1080.00000 1000.00000 -6.00000 1095.60000 1000.00000 -6.00000 1080.00000
3 0x2CEC2A9 720.00000 -6.00000 1080.00000 720.00000 -6.00000 1095.60000 1000.00000 -6.00000 1095.60000
3 0x2CEC2A9 720.00000 -780.00000 1080.00000 1000.00000 -780.00000 1095.60000 720.00000 -780.00000 1095.60000
3 0x2CEC2A9 720.00000 -780.00000 1080.00000 1000.00000 -780.00000 1080.00000 1000.00000 -780.00000 1095.60000
3 0x2CEC2A9 720.00000 -6.00000 1080.00000 1000.00000 -780.00000 1080.00000 720.00000 -780.00000 1080.00000
3 0x2CEC2A9 720.00000 -6.00000 1080.00000 1000.00000 -6.00000 1080.00000 1000.00000 -780.00000 1080.00000
3 0x2CEC2A9 720.00000 -6.00000 1095.60000 1000.00000 -780.00000 1095.60000 1000.00000 -6.00000 1095.60000
3 0x2CEC2A9 720.00000 -6.00000 1095.60000 720.00000 -780.00000 1095.60000 1000.00000 -780.00000 1095.60000
3 0x2CEC2A9 720.00000 -6.00000 1080.00000 720.00000 -780.00000 1095.60000 720.00000 -6.00000 1095.60000
3 0x2CEC2A9 720.00000 -6.00000 1080.00000 720.00000 -780.00000 1080.00000 720.00000 -780.00000 1095.60000
3 0x2CEC2A9 1000.00000 -6.00000 1080.00000 1000.00000 -780.00000 1095.60000 1000.00000 -780.00000 1080.00000
3 0x2CEC2A9 1000.00000 -6.00000 1080.00000 1000.00000 -6.00000 1095.60000 1000.00000 -780.00000 1095.60000
3 0x2F1E6D0 696.00000 -780.00000 1080.00000 720.00000 -780.00000 1095.60000 720.00000 -780.00000 1080.00000
3 0x2F1E6D0 696.00000 -780.00000 1080.00000 696.00000 -780.00000 1095.60000 720.00000 -780.00000 1095.60000
3 0x2F1E6D0 696.00000 -822.00000 1080.00000 720.00000 -822.00000 1095.60000 696.00000 -822.00000 1095.60000
3 0x2F1E6D0 696.00000 -822.00000 1080.00000 720.00000 -822.00000 1080.00000 720.00000 -822.00000 1095.60000
3 0x2F1E6D0 696.00000 -780.00000 1080.00000 720.00000 -822.00000 1080.00000 696.00000 -822.00000 1080.00000
3 0x2F1E6D0 696.00000 -780.00000 1080.00000 720.00000 -780.00000 1080.00000 720.00000 -822.00000 1080.00000
3 0x2F1E6D0 696.00000 -780.00000 1095.60000 720.00000 -822.00000 1095.60000 720.00000 -780.00000 1095.60000
3 0x2F1E6D0 696.00000 -780.00000 1095.60000 696.00000 -822.00000 1095.60000 720.00000 -822.00000 1095.60000
3 0x2F1E6D0 696.00000 -780.00000 1080.00000 696.00000 -822.00000 1095.60000 696.00000 -780.00000 1095.60000
3 0x2F1E6D0 696.00000 -780.00000 1080.00000 696.00000 -822.00000 1080.00000 696.00000 -822.00000 1095.60000
3 0x2F1E6D0 720.00000 -780.00000 1080.00000 720.00000 -822.00000 1095.60000 720.00000 -822.00000 1080.00000
3 0x2F1E6D0 720.00000 -780.00000 1080.00000 720.00000 -780.00000 1095.60000 720.00000 -822.00000 1095.60000
3 0x2F1E6D0 1000.00000 -780.00000 1080.00000 1024.00000 -780.00000 1095.60000 1024.00000 -780.00000 1080.00000
3 0x2F1E6D0 1000.00000 -780.00000 1080.00000 1000.00000 -780.00000 1095.60000 1024.00000 -780.00000 1095.60000
3 0x2F1E6D0 1000.00000 -822.00000 1080.00000 1024.00000 -822.00000 1095.60000 1000.00000 -822.00000 1095.60000
3 0x2F1E6D0 1000.00000 -822.00000 1080.00000 1024.00000 -822.00000 1080.00000 1024.00000 -822.00000 1095.60000
3 0x2F1E6D0 1000.00000 -780.00000 1080.00000 1024.00000 -822.00000 1080.00000 1000.00000 -822.00000 1080.00000
3 0x2F1E6D0 1000.00000 -780.00000 1080.00000 1024.00000 -780.00000 1080.00000 1024.00000 -822.00000 1080.00000
3 0x2F1E6D0 1000.00000 -780.00000 1095.60000 1024.00000 -822.00000 1095.60000 1024.00000 -780.00000 1095.60000
3 0x2F1E6D0 1000.00000 -780.00000 1095.60000 1000.00000 -822.00000 1095.60000 1024.00000 -822.00000 1095.60000
3 0x2F1E6D0 1000.00000 -780.00000 1080.00000 1000.00000 -822.00000 1095.60000 1000.00000 -780.00000 1095.60000
3 0x2F1E6D0 1000.00000 -780.00000 1080.00000 1000.00000 -822.00000 1080.00000 1000.00000 -822.00000 1095.60000
3 0x2F1E6D0 1024.00000 -780.00000 1080.00000 1024.00000 -822.00000 1095.60000 1024.00000 -822.00000 1080.00000
3 0x2F1E6D0 1024.00000 -780.00000 1080.00000 1024.00000 -780.00000 1095.60000 1024.00000 -822.00000 1095.60000
3 0x2CEC2A9 720.00000 -6.00000 1095.60000 1000.00000 -6.00000 1111.20000 1000.00000 -6.00000 1095.60000
3 0x2CEC2A9 720.00000 -6.00000 1095.60000 720.00000 -6.00000 1111.20000 1000.00000 -6.00000 1111.20000
3 0x2CEC2A9 720.00000 -760.00000 1095.60000 1000.00000 -760.00000 1111.20000 720.00000 -760.00000 1111.20000
3 0x2CEC2A9 720.00000 -760.00000 1095.60000 1000.00000 -760.00000 1095.60000 1000.00000 -760.00000 1111.20000
3 0x2CEC2A9 720.00000 -6.00000 1095.60000 1000.00000 -760.00000 1095.60000 720.00000 -760.00000 1095.60000
3 0x2CEC2A9 720.00000 -6.00000 1095.60000 1000.00000 -6.00000 1095.60000 1000.00000 -760.00000 1095.60000
3 0x2CEC2A9 720.00000 -6.00000 1111.20000 1000.00000 -760.00000 1111.20000 1000.00000 -6.00000 1111.20000
3 0x2CEC2A9 720.00000 -6.00000 1111.20000 720.00000 -760.00000 1111.20000 1000.00000 -760.00000 1111.20000
3 0x2CEC2A9 720.00000 -6.00000 1095.60000 720.00000 -760.00000 1111.20000 720.00000 -6.00000 1111.20000
3 0x2CEC2A9 720.00000 -6.00000 1095.60000 720.00000 -760.00000 1095.60000 720.00000 -760.00000 1111.20000
3 0x2CEC2A9 1000.00000 -6.00000 1095.60000 1000.00000 -760.00000 1111.20000 1000.00000 -760.00000 1095.60000
3 0x2CEC2A9 1000.00000 -6.00000 1095.60000 1000.00000 -6.00000 1111.20000 1000.00000 -760.00000 1111.20000
3 0x2F1E6D0 696.00000 -760.00000 1095.60000 720.00000 -760.00000 1111.20000 720.00000 -760.00000 1095.60000
3 0x2F1E6D0 696.00000 -760.00000 1095.60000 696.00000 -760.00000 1111.20000 720.00000 -760.00000 1111.20000
3 0x2F1E6D0 696.00000 -802.00000 1095.60000 720.00000 -802.00000 1111.20000 696.00000 -802.00000 1111.20000
3 0x2F1E6D0 696.00000 -802.00000 1095.60000 720.00000 -802.00000 1095.60000 720.00000 -802.00000 1111.20000
3 0x2F1E6D0 696.00000 -760.00000 1095.60000 720.00000 -802.00000 1095.60000 696.00000 -802.00000 1095.60000
3 0x2F1E6D0 696.00000 -760.00000 1095.60000 720.00000 -760.00000 1095.60000 720.00000 -802.00000 1095.60000
3 0x2F1E6D0 696.00000 -760.00000 1111.20000 720.00000 -802.00000 1111.20000 720.00000 -760.00000 1111.20000
3 0x2F1E6D0 696.00000 -760.00000 1111.20000 696.00000 -802.00000 1111.20000 720.00000 -802.00000 1111.20000
3 0x2F1E6D0 696.00000 -760.00000 1095.60000 696.00000 -802.00000 1111.20000 696.00000 -760.00000 1111.20000
3 0x2F1E6D0 696.00000 -760.00000 1095.60000 696.00000 -802.00000 1095.60000 696.00000 -802.00000 1111.20000
3 0x2F1E6D0 720.00000 -760.00000 1095.60000 720.00000 -802.00000 1111.20000 720.00000 -802.00000 1095.60000
3 0x2F1E6D0 720.00000 -760.00000 1095.60000 720.00000 -760.00000 1111.20000 720.00000 -802.00000 1111.20000
3 0x2F1E6D0 1000.00000 -760.00000 1095.60000 1024.00000 -760.00000 1111.20000 1024.00000 -760.00000 1095.60000
3 0x2F1E6D0 1000.00000 -760.00000 1095.60000 1000.00000 -760.00000 1111.20000 1024.00000 -760.00000 1111.20000
3 0x2F1E6D0 1000.00000 -802.00000 1095.60000 1024.00000 -802.00000 1111.20000 1000.00000 -802.00000 1111.20000
3 0x2F1E6D0 1000.00000 -802.00000 1095.60000 1024.00000 -802.00000 1095.60000 1024.00000 -802.00000 1111.20000
3 0x2F1E6D0 1000.00000 -760.00000 1095.60000 1024.00000 -802.00000 1095.60000 1000.00000 -802.00000 1095.60000
3 0x2F1E6D0 1000.00000 -760.00000 1095.60000 1024.00000 -760.00000 1095.60000 1024.00000 -802.00000 1095.60000
3 0x2F1E6D0 1000.00000 -760.00000 1111.20000 1024.00000 -802.00000 1111.20000 1024.00000 -760.00000 1111.20000
3 0x2F1E6D0 1000.00000 -760.00000 1111.20000 1000.00000 -802.00000 1111.20000 1024.00000 -802.00000 1111.20000
3 0x2F1E6D0 1000.00000 -760.00000 1095.60000 1000.00000 -802.00000 1111.20000 1000.00000 -760.00000 1111.20000
3 0x2F1E6D0 1000.00000 -760.00000 1095.60000 1000.00000 -802.00000 1095.60000 1000.00000 -802.00000 1111.20000
3 0x2F1E6D0 1024.00000 -760.00000 1095.60000 1024.00000 -802.00000 1111.20000 1024.00000 -802.00000 1095.60000
3 0x2F1E6D0 1024.00000 -760.00000 1095.60000 1024.00000 -760.00000 1111.20000 1024.00000 -802.00000 1111.20000
3 0x2CEC2A9 720.00000 -6.00000 1111.20000 1000.00000 -6.00000 1126.80000 1000.00000 -6.00000 1111.20000
3 0x2CEC2A9 720.00000 -6.00000 1111.20000 720.00000 -6.00000 1126.80000 1000.00000 -6.00000 1126.80000
3 0x2CEC2A9 720.00000 -740.00000 1111.20000 1000.00000 -740.00000 1126.80000 720.00000 -740.00000 1126.80000
3 0x2CEC2A9 720.00000 -740.00000 1111.20000 1000.00000 -740.00000 1111.20000 1000.00000 -740.00000 1126.80000
3 0x2CEC2A9 720.00000 -6.00000 1111.20000 1000.00000 -740.00000 1111.20000 720.00000 -740.00000 1111.20000
3 0x2CEC2A9 720.00000 -6.00000 1111.20000 1000.00000 -6.00000 1111.20000 1000.00000 -740.00000 1111.20000
3 0x2CEC2A9 720.00000 -6.00000 1126.80000 1000.00000 -740.00000 1126.80000 1000.00000 -6.00000 1126.80000
3 0x2CEC2A9 720.00000 -6.00000 1126.80000 720.00000 -740.00000 1126.80000 1000.00000 -740.00000 1126.80000
3 0x2CEC2A9 720.00000 -6.00000 1111.20000 720.00000 -740.00000 1126.80000 720.00000 -6.00000 1126.80000
3 0x2CEC2A9 720.00000 -6.00000 1111.20000 720.00000 -740.00000 1111.20000 720.00000 -740.00000 1126.80000
3 0x2CEC2A9 1000.00000 -6.00000 1111.20000 1000.00000 -740.00000 1126.80000 1000.00000 -740.00000 1111.20000
3 0x2CEC2A9 1000.00000 -6.00000 1111.20000 1000.00000 -6.00000 1126.80000 1000.00000 -740.00000 1126.80000
3 0x2F1E6D0 696.00000 -740.00000 1111.20000 720.00000 -740.00000 1126.80000 720.00000 -740.00000 1111.20000
3 0x2F1E6D0 696.00000 -740.00000 1111.20000 696.00000 -740.00000 1126.80000 720.00000 -740.00000 1126.80000
3 0x2F1E6D0 696.00000 -782.00000 1111.20000 720.00000 -782.00000 1126.80000 696.00000 -782.00000 1126.80000
3 0x2F1E6D0 696.00000 -782.00000 1111.20000 720.00000 -782.00000 1111.20000 720.00000 -782.00000 1126.80000
3 0x2F1E6D0 696.00000 -740.00000 1111.20000 720.00000 -782.00000 1111.20000 696.00000 -782.00000 1111.20000
3 0x2F1E6D0 696.00000 -740.00000 1111.20000 720.00000 -740.00000 1111.20000 720.00000 -782.00000 1111.20000
3 0x2F1E6D0 696.00000 -740.00000 1126.80000 720.00000 -782.00000 1126.80000 720.00000 -740.00000 1126.80000
3 0x2F1E6D0 696.00000 -740.00000 1126.80000 696.00000 -782.00000 1126.80000 720.00000 -782.00000 1126.80000
3 0x2F1E6D0 696.00000 -740.00000 1111.20000 696.00000 -782.00000 1126.80000 696.00000 -740.00000 1126.80000
3 0x2F1E6D0 696.00000 -740.00000 1111.20000 696.00000 -782.00000 1111.20000 696.00000 -782.00000 1126.80000
3 0x2F1E6D0 720.00000 -740.00000 1111.20000 720.00000 -782.00000 1126.80000 720.00000 -782.00000 1111.20000
3 0x2F1E6D0 720.00000 -740.00000 1111.20000 720.00000 -740.00000 1126.80000 720.00000 -782.00000 1126.80000
3 0x2F1E6D0 1000.00000 -740.00000 1111.20000 1024.00000 -740.00000 1126.80000 1024.00000 -740.00000 1111.20000
3 0x2F1E6D0 1000.00000 -740.00000 1111.20000 1000.00000 -740.00000 1126.80000 1024.00000 -740.00000 1126.80000
3 0x2F1E6D0 1000.00000 -782.00000 1111.20000 1024.00000 -782.00000 1126.80000 1000.00000 -782.00000 1126.80000
3 0x2F1E6D0 1000.00000 -782.00000 1111.20000 1024.00000 -782.00000 1111.20000 1024.00000 -782.00000 1126.80000
3 0x2F1E6D0 1000.00000 -740.00000 1111.20000 1024.00000 -782.00000 1111.20000 1000.00000 -782.00000 1111.20000
3 0x2F1E6D0 1000.00000 -740.00000 1111.20000 1024.00000 -740.00000 1111.20000 1024.00000 -782.00000 1111.20000
3 0x2F1E6D0 1000.00000 -740.00000 1126.80000 1024.00000 -782.00000 1126.80000 1024.00000 -740.00000 1126.80000
3 0x2F1E6D0 1000.00000 -740.00000 1126.80000 1000.00000 -782.00000 1126.80000 1024.00000 -782.00000 1126.80000
3 0x2F1E6D0 1000.00000 -740.00000 1111.20000 1000.00000 -782.00000 1126.80000 1000.00000 -740.00000 1126.80000
3 0x2F1E6D0 1000.00000 -740.00000 1111.20000 1000.00000 -782.00000 1111.20000 1000.00000 -782.00000 1126.80000
3 0x2F1E6D0 1024.00000 -740.00000 1111.20000 1024.00000 -782.00000 1126.80000 1024.00000 -782.00000 1111.20000
3 0x2F1E6D0 1024.00000 -740.00000 1111.20000 1024.00000 -740.00000 1126.80000 1024.00000 -782.00000 1126.80000
3 0x2CEC2A9 720.00000 -6.00000 1126.80000 1000.00000 -6.00000 1142.40000 1000.00000 -6.00000 1126.80000
3 0x2CEC2A9 720.00000 -6.00000 1126.80000 720.00000 -6.00000 1142.40000 1000.00000 -6.00000 1142.40000
3 0x2CEC2A9 720.00000 -720.00000 1126.80000 1000.00000 -720.00000 1142.40000 720.00000 -720.00000 1142.40000
3 0x2CEC2A9 720.00000 -720.00000 1126.80000 1000.00000 -720.00000 1126.80000 1000.00000 -720.00000 1142.40000
3 0x2CEC2A9 720.00000 -6.00000 1126.80000 1000.00000 -720.00000 1126.80000 720.00000 -720.00000 1126.80000
3 0x2CEC2A9 720.00000 -6.00000 1126.80000 1000.00000 -6.00000 1126.80000 1000.00000 -720.00000 1126.80000
3 0x2CEC2A9 720.00000 -6.00000 1142.40000 1000.00000 -720.00000 1142.40000 1000.00000 -6.00000 1142.40000
3 0x2CEC2A9 720.00000 -6.00000 1142.40000 720.00000 -720.00000 1142.40000 1000.00000 -720.00000 1142.40000
3 0x2CEC2A9 720.00000 -6.00000 1126.80000 720.00000 -720.00000 1142.40000 720.00000 -6.00000 1142.40000
3 0x2CEC2A9 720.00000 -6.00000 1126.80000 720.00000 -720.00000 1126.80000 720.00000 -720.00000 1142.40000
3 0x2CEC2A9 1000.00000 -6.00000 1126.80000 1000.00000 -720.00000 1142.40000 1000.00000 -720.00000 1126.80000
3 0x2CEC2A9 1000.00000 -6.00000 1126.80000 1000.00000 -6.00000 1142.40000 1000.00000 -720.00000 1142.40000
3 0x2F1E6D0 696.00000 -720.00000 1126.80000 720.00000 -720.00000 1142.40000 720.00000 -720.00000 1126.80000
3 0x2F1E6D0 696.00000 -720.00000 1126.80000 696.00000 -720.00000 1142.40000 720.00000 -720.00000 1142.40000
3 0x2F1E6D0 696.00000 -762.00000 1126.80000 720.00000 -762.00000 1142.40000 696.00000 -762.00000 1142.40000
3 0x2F1E6D0 696.00000 -762.00000 1126.80000 720.00000 -762.00000 1126.80000 720.00000 -762.00000 1142.40000
3 0x2F1E6D0 696.00000 -720.00000 1126.80000 720.00000 -762.00000 1126.80000 696.00000 -762.00000 1126.80000
3 0x2F1E6D0 696.00000 -720.00000 1126.80000 720.00000 -720.00000 1126.80000 720.00000 -762.00000 1126.80000
3 0x2F1E6D0 696.00000 -720.00000 1142.40000 720.00000 -762.00000 1142.40000 720.00000 -720.00000 1142.40000
3 0x2F1E6D0 696.00000 -720.00000 1142.40000 696.00000 -762.00000 1142.40000 720.00000 -762.00000 1142.40000
3 0x2F1E6D0 696.00000 -720.00000 1126.80000 696.00000 -762.00000 1142.40000 696.00000 -720.00000 1142.40000
3 0x2F1E6D0 696.00000 -720.00000 1126.80000 696.00000 -762.00000 1126.80000 696.00000 -762.00000 1142.40000
3 0x2F1E6D0 720.00000 -720.00000 1126.80000 720.00000 -762.00000 1142.40000 720.00000 -762.00000 1126.80000
3 0x2F1E6D0 720.00000 -720.00000 1126.80000 720.00000 -720.00000 1142.40000 720.00000 -762.00000 1142.40000
3 0x2F1E6D0 1000.00000 -720.00000 1126.80000 1024.00000 -720.00000 1142.40000 1024.00000 -720.00000 1126.80000
3 0x2F1E6D0 1000.00000 -720.00000 1126.80000 1000.00000 -720.00000 1142.40000 1024.00000 -720.00000 1142.40000
3 0x2F1E6D0 1000.00000 -762.00000 1126.80000 1024.00000 -762.00000 1142.40000 1000.00000 -762.00000 1142.40000
3 0x2F1E6D0 1000.00000 -762.00000 1126.80000 1024.00000 -762.00000 1126.80000 1024.00000 -762.00000 1142.40000
3 0x2F1E6D0 1000.00000 -720.00000 1126.80000 1024.00000 -762.00000 1126.80000 1000.00000 -762.00000 1126.80000
3 0x2F1E6D0 1000.00000 -720.00000 1126.80000 1024.00000 -720.00000 1126.80000 1024.00000 -762.00000 1126.80000
3 0x2F1E6D0 1000.00000 -720.00000 1142.40000 1024.00000 -762.00000 1142.40000 1024.00000 -720.00000 1142.40000
3 0x2F1E6D0 1000.00000 -720.00000 1142.40000 1000.00000 -762.00000 1142.40000 1024.00000 -762.00000 1142.40000
3 0x2F1E6D0 1000.00000 -720.00000 1126.80000 1000.00000 -762.00000 1142.40000 1000.00000 -720.00000 1142.40000
3 0x2F1E6D0 1000.00000 -720.00000 1126.80000 1000.00000 -762.00000 1126.80000 1000.00000 -762.00000 1142.40000
3 0x2F1E6D0 1024.00000 -720.00000 1126.80000 1024.00000 -762.00000 1142.40000 1024.00000 -762.00000 1126.80000
3 0x2F1E6D0 1024.00000 -720.00000 1126.80000 1024.00000 -720.00000 1142.40000 1024.00000 -762.00000 1142.40000
3 0x2CEC2A9 720.00000 -6.00000 1142.40000 1000.00000 -6.00000 1158.00000 1000.00000 -6.00000 1142.40000
3 0x2CEC2A9 720.00000 -6.00000 1142.40000 720.00000 -6.00000 1158.00000 1000.00000 -6.00000 1158.00000
3 0x2CEC2A9 720.00000 -700.00000 1142.40000 1000.00000 -700.00000 1158.00000 720.00000 -700.00000 1158.00000
3 0x2CEC2A9 720.00000 -700.00000 1142.40000 1000.00000 -700.00000 1142.40000 1000.00000 -700.00000 1158.00000
3 0x2CEC2A9 720.00000 -6.00000 1142.40000 1000.00000 -700.00000 1142.40000 720.00000 -700.00000 1142.40000
3 0x2CEC2A9 720.00000 -6.00000 1142.40000 1000.00000 -6.00000 1142.40000 1000.00000 -700.00000 1142.40000
3 0x2CEC2A9 720.00000 -6.00000 1158.00000 1000.00000 -700.00000 1158.00000 1000.00000 -6.00000 1158.00000
3 0x2CEC2A9 720.00000 -6.00000 1158.00000 720.00000 -700.00000 1158.00000 1000.00000 -700.00000 1158.00000
3 0x2CEC2A9 720.00000 -6.00000 1142.40000 720.00000 -700.00000 1158.00000 720.00000 -6.00000 1158.00000
3 0x2CEC2A9 720.00000 -6.00000 1142.40000 720.00000 -700.00000 1142.40000 720.00000 -700.00000 1158.00000
3 0x2CEC2A9 1000.00000 -6.00000 1142.40000 1000.00000 -700.00000 1158.00000 1000.00000 -700.00000 1142.40000
3 0x2CEC2A9 1000.00000 -6.00000 1142.40000 1000.00000 -6.00000 1158.00000 1000.00000 -700.00000 1158.00000
3 0x2F1E6D0 696.00000 -700.00000 1142.40000 720.00000 -700.00000 1158.00000 720.00000 -700.00000 1142.40000
3 0x2F1E6D0 696.00000 -700.00000 1142.40000 696.00000 -700.00000 1158.00000 720.00000 -700.00000 1158.00000
3 0x2F1E6D0 696.00000 -742.00000 1142.40000 720.00000 -742.00000 1158.00000 696.00000 -742.00000 1158.00000
3 0x2F1E6D0 696.00000 -742.00000 1142.40000 720.00000 -742.00000 1142.40000 720.00000 -742.00000 1158.00000
3 0x2F1E6D0 696.00000 -700.00000 1142.40000 720.00000 -742.00000 1142.40000 696.00000 -742.00000 1142.40000
3 0x2F1E6D0 696.00000 -700.00000 1142.40000 720.00000 -700.00000 1142.40000 720.00000 -742.00000 1142.40000
3 0x2F1E6D0 696.00000 -700.00000 1158.00000 720.00000 -742.00000 1158.00000 720.00000 -700.00000 1158.00000
3 0x2F1E6D0 696.00000 -700.00000 1158.00000 696.00000 -742.00000 1158.00000 720.00000 -742.00000 1158.00000
3 0x2F1E6D0 696.00000 -700.00000 1142.40000 696.00000 -742.00000 1158.00000 696.00000 -700.00000 1158.00000
3 0x2F1E6D0 696.00000 -700.00000 1142.40000 696.00000 -742.00000 1142.40000 696.00000 -742.00000 1158.00000
3 0x2F1E6D0 720.00000 -700.00000 1142.40000 720.00000 -742.00000 1158.00000 720.00000 -742.00000 1142.40000
3 0x2F1E6D0 720.00000 -700.00000 1142.40000 720.00000 -700.00000 1158.00000 720.00000 -742.00000 1158.00000
3 0x2F1E6D0 1000.00000 -700.00000 1142.40000 1024.00000 -700.00000 1158.00000 1024.00000 -700.00000 1142.40000
3 0x2F1E6D0 1000.00000 -700.00000 1142.40000 1000.00000 -700.00000 1158.00000 1024.00000 -700.00000 1158.00000
3 0x2F1E6D0 1000.00000 -742.00000 1142.40000 1024.00000 -742.00000 1158.00000 1000.00000 -742.00000 1158.00000
3 0x2F1E6D0 1000.00000 -742.00000 1142.40000 1024.00000 -742.00000 1142.40000 1024.00000 -742.00000 1158.00000
3 0x2F1E6D0 1000.00000 -700.00000 1142.40000 1024.00000 -742.00000 1142.40000 1000.00000 -742.00000 1142.40000
3 0x2F1E6D0 1000.00000 -700.00000 1142.40000 1024.00000 -700.00000 1142.40000 1024.00000 -742.00000 1142.40000
3 0x2F1E6D0 1000.00000 -700.00000 1158.00000 1024.00000 -742.00000 1158.00000 1024.00000 -700.00000 1158.00000
3 0x2F1E6D0 1000.00000 -700.00000 1158.00000 1000.00000 -742.00000 1158.00000 1024.00000 -742.00000 1158.00000
3 0x2F1E6D0 1000.00000 -700.00000 1142.40000 1000.00000 -742.00000 1158.00000 1000.00000 -700.00000 1158.00000
3 0x2F1E6D0 1000.00000 -700.00000 1142.40000 1000.00000 -742.00000 1142.40000 1000.00000 -742.00000 1158.00000
3 0x2F1E6D0 1024.00000 -700.00000 1142.40000 1024.00000 -742.00000 1158.00000 1024.00000 -742.00000 1142.40000
3 0x2F1E6D0 1024.00000 -700.00000 1142.40000 1024.00000 -700.00000 1158.00000 1024.00000 -742.00000 1158.00000
3 0x2CEC2A9 720.00000 -6.00000 1158.00000 1000.00000 -6.00000 1173.60000 1000.00000 -6.00000 1158.00000
3 0x2CEC2A9 720.00000 -6.00000 1158.00000 720.00000 -6.00000 1173.60000 1000.00000 -6.00000 1173.60000
3 0x2CEC2A9 720.00000 -680.00000 1158.00000 1000.00000 -680.00000 1173.60000 720.00000 -680.00000 1173.60000
3 0x2CEC2A9 720.00000 -680.00000 1158.00000 1000.00000 -680.00000 1158.00000 1000.00000 -680.00000 1173.60000
3 0x2CEC2A9 720.00000 -6.00000 1158.00000 1000.00000 -680.00000 1158.00000 720.00000 -680.00000 1158.00000
3 0x2CEC2A9 720.00000 -6.00000 1158.00000 1000.00000 -6.00000 1158.00000 1000.00000 -680.00000 1158.00000
3 0x2CEC2A9 720.00000 -6.00000 1173.60000 1000.00000 -680.00000 1173.60000 1000.00000 -6.00000 1173.60000
3 0x2CEC2A9 720.00000 -6.00000 1173.60000 720.00000 -680.00000 1173.60000 1000.00000 -680.00000 1173.60000
3 0x2CEC2A9 720.00000 -6.00000 1158.00000 720.00000 -680.00000 1173.60000 720.00000 -6.00000 1173.60000
3 0x2CEC2A9 720.00000 -6.00000 1158.00000 720.00000 -680.00000 1158.00000 720.00000 -680.00000 1173.60000
3 0x2CEC2A9 1000.00000 -6.00000 1158.00000 1000.00000 -680.00000 1173.60000 1000.00000 -680.00000 1158.00000
3 0x2CEC2A9 1000.00000 -6.00000 1158.00000 1000.00000 -6.00000 1173.60000 1000.00000 -680.00000 1173.60000
3 0x2F1E6D0 696.00000 -680.00000 1158.00000 720.00000 -680.00000 1173.60000 720.00000 -680.00000 1158.00000
3 0x2F1E6D0 696.00000 -680.00000 1158.00000 696.00000 -680.00000 1173.60000 720.00000 -680.00000 1173.60000
3 0x2F1E6D0 696.00000 -722.00000 1158.00000 720.00000 -722.00000 1173.60000 696.00000 -722.00000 1173.60000
3 0x2F1E6D0 696.00000 -722.00000 1158.00000 720.00000 -722.00000 1158.00000 720.00000 -722.00000 1173.60000
3 0x2F1E6D0 696.00000 -680.00000 1158.00000 720.00000 -722.00000 1158.00000 696.00000 -722.00000 1158.00000
3 0x2F1E6D0 696.00000 -680.00000 1158.00000 720.00000 -680.00000 1158.00000 720.00000 -722.00000 1158.00000
3 0x2F1E6D0 696.00000 -680.00000 1173.60000 720.00000 -722.00000 1173.60000 720.00000 -680.00000 1173.60000
3 0x2F1E6D0 696.00000 -680.00000 1173.60000 696.00000 -722.00000 1173.60000 720.00000 -722.00000 1173.60000
3 0x2F1E6D0 696.00000 -680.00000 1158.00000 696.00000 -722.00000 1173.60000 696.00000 -680.00000 1173.60000
3 0x2F1E6D0 696.00000 -680.00000 1158.00000 696.00000 -722.00000 1158.00000 696.00000 -722.00000 1173.60000
3 0x2F1E6D0 720.00000 -680.00000 1158.00000 720.00000 -722.00000 1173.60000 720.00000 -722.00000 1158.00000
3 0x2F1E6D0 720.00000 -680.00000 1158.00000 720.00000 -680.00000 1173.60000 720.00000 -722.00000 1173.60000
3 0x2F1E6D0 1000.00000 -680.00000 1158.00000 1024.00000 -680.00000 1173.60000 1024.00000 -680.00000 1158.00000
3 0x2F1E6D0 1000.00000 -680.00000 1158.00000 1000.00000 -680.00000 1173.60000 1024.00000 -680.00000 1173.60000
3 0x2F1E6D0 1000.00000 -722.00000 1158.00000 1024.00000 -722.00000 1173.60000 1000.00000 -722.00000 1173.60000
3 0x2F1E6D0 1000.00000 -722.00000 1158.00000 1024.00000 -722.00000 1158.00000 1024.00000 -722.00000 1173.60000
3 0x2F1E6D0 1000.00000 -680.00000 1158.00000 1024.00000 -722.00000 1158.00000 1000.00000 -722.00000 1158.00000
3 0x2F1E6D0 1000.00000 -680.00000 1158.00000 1024.00000 -680.00000 1158.00000 1024.00000 -722.00000 1158.00000
3 0x2F1E6D0 1000.00000 -680.00000 1173.60000 1024.00000 -722.00000 1173.60000 1024.00000 -680.00000 1173.60000
3 0x2F1E6D0 1000.00000 -680.00000 1173.60000 1000.00000 -722.00000 1173.60000 1024.00000 -722.00000 1173.60000
3 0x2F1E6D0 1000.00000 -680.00000 1158.00000 1000.00000 -722.00000 1173.60000 1000.00000 -680.00000 1173.60000
3 0x2F1E6D0 1000.00000 -680.00000 1158.00000 1000.00000 -722.00000 1158.00000 1000.00000 -722.00000 1173.60000
3 0x2F1E6D0 1024.00000 -680.00000 1158.00000 1024.00000 -722.00000 1173.60000 1024.00000 -722.00000 1158.00000
3 0x2F1E6D0 1024.00000 -680.00000 1158.00000 1024.00000 -680.00000 1173.60000 1024.00000 -722.00000 1173.60000
3 0x2CEC2A9 720.00000 -6.00000 1173.60000 1000.00000 -6.00000 1189.20000 1000.00000 -6.00000 1173.60000
3 0x2CEC2A9 720.00000 -6.00000 1173.60000 720.00000 -6.00000 1189.20000 1000.00000 -6.00000 1189.20000
3 0x2CEC2A9 720.00000 -660.00000 1173.60000 1000.00000 -660.00000 1189.20000 720.00000 -660.00000 1189.20000
3 0x2CEC2A9 720.00000 -660.00000 1173.60000 1000.00000 -660.00000 1173.60000 1000.00000 -660.00000 1189.20000
3 0x2CEC2A9 720.00000 -6.00000 1173.60000 1000.00000 -660.00000 1173.60000 720.00000 -660.00000 1173.60000
3 0x2CEC2A9 720.00000 -6.00000 1173.60000 1000.00000 -6.00000 1173.60000 1000.00000 -660.00000 1173.60000
3 0x2CEC2A9 720.00000 -6.00000 1189.20000 1000.00000 -660.00000 1189.20000 1000.00000 -6.00000 1189.20000
3 0x2CEC2A9 720.00000 -6.00000 1189.20000 720.00000 -660.00000 1189.20000 1000.00000 -660.00000 1189.20000
3 0x2CEC2A9 720.00000 -6.00000 1173.60000 720.00000 -660.00000 1189.20000 720.00000 -6.00000 1189.20000
3 0x2CEC2A9 720.00000 -6.00000 1173.60000 720.00000 -660.00000 1173.60000 720.00000 -660.00000 1189.20000
3 0x2CEC2A9 1000.00000 -6.00000 1173.60000 1000.00000 -660.00000 1189.20000 1000.00000 -660.00000 1173.60000
3 0x2CEC2A9 1000.00000 -6.00000 1173.60000 1000.00000 -6.00000 1189.20000 1000.00000 -660.00000 1189.20000
3 0x2F1E6D0 696.00000 -660.00000 1173.60000 720.00000 -660.00000 1189.20000 720.00000 -660.00000 1173.60000
3 0x2F1E6D0 696.00000 -660.00000 1173.60000 696.00000 -660.00000 1189.20000 720.00000 -660.00000 1189.20000
3 0x2F1E6D0 696.00000 -702.00000 1173.60000 720.00000 -702.00000 1189.20000 696.00000 -702.00000 1189.20000
3 0x2F1E6D0 696.00000 -702.00000 1173.60000 720.00000 -702.00000 1173.60000 720.00000 -702.00000 1189.20000
3 0x2F1E6D0 696.00000 -660.00000 1173.60000 720.00000 -702.00000 1173.60000 696.00000 -702.00000 1173.60000
3 0x2F1E6D0 696.00000 -660.00000 1173.60000 720.00000 -660.00000 1173.60000 720.00000 -702.00000 1173.60000
3 0x2F1E6D0 696.00000 -660.00000 1189.20000 720.00000 -702.00000 1189.20000 720.00000 -660.00000 1189.20000
3 0x2F1E6D0 696.00000 -660.00000 1189.20000 696.00000 -702.00000 1189.20000 720.00000 -702.00000 1189.20000
3 0x2F1E6D0 696.00000 -660.00000 1173.60000 696.00000 -702.00000 1189.20000 696.00000 -660.00000 1189.20000
3 0x2F1E6D0 696.00000 -660.00000 1173.60000 696.00000 -702.00000 1173.60000 696.00000 -702.00000 1189.20000
3 0x2F1E6D0 720.00000 -660.00000 1173.60000 720.00000 -702.00000 1189.20000 720.00000 -702.00000 1173.60000
3 0x2F1E6D0 720.00000 -660.00000 1173.60000 720.00000 -660.00000 1189.20000 720.00000 -702.00000 1189.20000
3 0x2F1E6D0 1000.00000 -660.00000 1173.60000 1024.00000 -660.00000 1189.20000 1024.00000 -660.00000 1173.60000
3 0x2F1E6D0 1000.00000 -660.00000 1173.60000 1000.00000 -660.00000 1189.20000 1024.00000 -660.00000 1189.20000
3 0x2F1E6D0 1000.00000 -702.00000 1173.60000 1024.00000 -702.00000 1189.20000 1000.00000 -702.00000 1189.20000
3 0x2F1E6D0 1000.00000 -702.00000 1173.60000 1024.00000 -702.00000 1173.60000 1024.00000 -702.00000 1189.20000
3 0x2F1E6D0 1000.00000 -660.00000 1173.60000 1024.00000 -702.00000 1173.60000 1000.00000 -702.00000 1173.60000
3 0x2F1E6D0 1000.00000 -660.00000 1173.60000 1024.00000 -660.00000 1173.60000 1024.00000 -702.00000 1173.60000
3 0x2F1E6D0 1000.00000 -660.00000 1189.20000 1024.00000 -702.00000 1189.20000 1024.00000 -660.00000 1189.20000
3 0x2F1E6D0 1000.00000 -660.00000 1189.20000 1000.00000 -702.00000 1189.20000 1024.00000 -702.00000 1189.20000
3 0x2F1E6D0 1000.00000 -660.00000 1173.60000 1000.00000 -702.00000 1189.20000 1000.00000 -660.00000 1189.20000
3 0x2F1E6D0 1000.00000 -660.00000 1173.60000 1000.00000 -702.00000 1173.60000 1000.00000 -702.00000 1189.20000
3 0x2F1E6D0 1024.00000 -660.00000 1173.60000 1024.00000 -702.00000 1189.20000 1024.00000 -702.00000 1173.60000
3 0x2F1E6D0 1024.00000 -660.00000 1173.60000 1024.00000 -660.00000 1189.20000 1024.00000 -702.00000 1189.20000
3 0x2CEC2A9 720.00000 -6.00000 1189.20000 1000.00000 -6.00000 1204.80000 1000.00000 -6.00000 1189.20000
3 0x2CEC2A9 720.00000 -6.00000 1189.20000 720.00000 -6.00000 1204.80000 1000.00000 -6.00000 1204.80000
3 0x2CEC2A9 720.00000 -640.00000 1189.20000 1000.00000 -640.00000 1204.80000 720.00000 -640.00000 1204.80000
3 0x2CEC2A9 720.00000 -640.00000 1189.20000 1000.00000 -640.00000 1189.20000 1000.00000 -640.00000 1204.80000
3 0x2CEC2A9 720.00000 -6.00000 1189.20000 1000.00000 -640.00000 1189.20000 720.00000 -640.00000 1189.20000
3 0x2CEC2A9 720.00000 -6.00000 1189.20000 1000.00000 -6.00000 1189.20000 1000.00000 -640.00000 1189.20000
3 0x2CEC2A9 720.00000 -6.00000 1204.80000 1000.00000 -640.00000 1204.80000 1000.00000 -6.00000 1204.80000
3 0x2CEC2A9 720.00000 -6.00000 1204.80000 720.00000 -640.00000 1204.80000 1000.00000 -640.00000 1204.80000
3 0x2CEC2A9 720.00000 -6.00000 1189.20000 720.00000 -640.00000 1204.80000 720.00000 -6.00000 1204.80000
3 0x2CEC2A9 720.00000 -6.00000 1189.20000 720.00000 -640.00000 1189.20000 720.00000 -640.00000 1204.80000
3 0x2CEC2A9 1000.00000 -6.00000 1189.20000 1000.00000 -640.00000 1204.80000 1000.00000 -640.00000 1189.20000
3 0x2CEC2A9 1000.00000 -6.00000 1189.20000 1000.00000 -6.00000 1204.80000 1000.00000 -640.00000 1204.80000
3 0x2F1E6D0 696.00000 -640.00000 1189.20000 720.00000 -640.00000 1204.80000 720.00000 -640.00000 1189.20000
3 0x2F1E6D0 696.00000 -640.00000 1189.20000 696.00000 -640.00000 1204.80000 720.00000 -640.00000 1204.80000
3 0x2F1E6D0 696.00000 -682.00000 1189.20000 720.00000 -682.00000 1204.80000 696.00000 -682.00000 1204.80000
3 0x2F1E6D0 696.00000 -682.00000 1189.20000 720.00000 -682.00000 1189.20000 720.00000 -682.00000 1204.80000
3 0x2F1E6D0 696.00000 -640.00000 1189.20000 720.00000 -682.00000 1189.20000 696.00000 -682.00000 1189.20000
3 0x2F1E6D0 696.00000 -640.00000 1189.20000 720.00000 -640.00000 1189.20000 720.00000 -682.00000 1189.20000
3 0x2F1E6D0 696.00000 -640.00000 1204.80000 720.00000 -682.00000 1204.80000 720.00000 -640.00000 1204.80000
3 0x2F1E6D0 696.00000 -640.00000 1204.80000 696.00000 -682.00000 1204.80000 720.00000 -682.00000 1204.80000
3 0x2F1E6D0 696.00000 -640.00000 1189.20000 696.00000 -682.00000 1204.80000 696.00000 -640.00000 1204.80000
3 0x2F1E6D0 696.00000 -640.00000 1189.20000 696.00000 -682.00000 1189.20000 696.00000 -682.00000 1204.80000
3 0x2F1E6D0 720.00000 -640.00000 1189.20000 720.00000 -682.00000 1204.80000 720.00000 -682.00000 1189.20000
3 0x2F1E6D0 720.00000 -640.00000 1189.20000 720.00000 -640.00000 1204.80000 720.00000 -682.00000 1204.80000
3 0x2F1E6D0 1000.00000 -640.00000 1189.20000 1024.00000 -640.00000 1204.80000 1024.00000 -640.00000 1189.20000
3 0x2F1E6D0 1000.00000 -640.00000 1189.20000 1000.00000 -640.00000 1204.80000 1024.00000 -640.00000 1204.80000
3 0x2F1E6D0 1000.00000 -682.00000 1189.20000 1024.00000 -682.00000 1204.80000 1000.00000 -682.00000 1204.80000
3 0x2F1E6D0 1000.00000 -682.00000 1189.20000 1024.00000 -682.00000 1189.20000 1024.00000 -682.00000 1204.80000
3 0x2F1E6D0 1000.00000 -640.00000 1189.20000 1024.00000 -682.00000 1189.20000 1000.00000 -682.00000 1189.20000
3 0x2F1E6D0 1000.00000 -640.00000 1189.20000 1024.00000 -640.00000 1189.20000 1024.00000 -682.00000 1189.20000
3 0x2F1E6D0 1000.00000 -640.00000 1204.80000 1024.00000 -682.00000 1204.80000 1024.00000 -640.00000 1204.80000
3 0x2F1E6D0 1000.00000 -640.00000 1204.80000 1000.00000 -682.00000 1204.80000 1024.00000 -682.00000 1204.80000
3 0x2F1E6D0 1000.00000 -640.00000 1189.20000 1000.00000 -682.00000 1204.80000 1000.00000 -640.00000 1204.80000
3 0x2F1E6D0 1000.00000 -640.00000 1189.20000 1000.00000 -682.00000 1189.20000 1000.00000 -682.00000 1204.80000
3 0x2F1E6D0 1024.00000 -640.00000 1189.20000 1024.00000 -682.00000 1204.80000 1024.00000 -682.00000 1189.20000
3 0x2F1E6D0 1024.00000 -640.00000 1189.20000 1024.00000 -640.00000 1204.80000 1024.00000 -682.00000 1204.80000
3 0x2CEC2A9 720.00000 -6.00000 1204.80000 1000.00000 -6.00000 1220.40000 1000.00000 -6.00000 1204.80000
3 0x2CEC2A9 720.00000 -6.00000 1204.80000 720.00000 -6.00000 1220.40000 1000.00000 -6.00000 1220.40000
3 0x2CEC2A9 720.00000 -620.00000 1204.80000 1000.00000 -620.00000 1220.40000 720.00000 -620.00000 1220.40000
3 0x2CEC2A9 720.00000 -620.00000 1204.80000 1000.00000 -620.00000 1204.80000 1000.00000 -620.00000 1220.40000
3 0x2CEC2A9 720.00000 -6.00000 1204.80000 1000.00000 -620.00000 1204.80000 720.00000 -620.00000 1204.80000
3 0x2CEC2A9 720.00000 -6.00000 1204.80000 1000.00000 -6.00000 1204.80000 1000.00000 -620.00000 1204.80000
3 0x2CEC2A9 720.00000 -6.00000 1220.40000 1000.00000 -620.00000 1220.40000 1000.00000 -6.00000 1220.40000
3 0x2CEC2A9 720.00000 -6.00000 1220.40000 720.00000 -620.00000 1220.40000 1000.00000 -620.00000 1220.40000
3 0x2CEC2A9 720.00000 -6.00000 1204.80000 720.00000 -620.00000 1220.40000 720.00000 -6.00000 1220.40000
3 0x2CEC2A9 720.00000 -6.00000 1204.80000 720.00000 -620.00000 1204.80000 720.00000 -620.00000 1220.40000
3 0x2CEC2A9 1000.00000 -6.00000 1204.80000 1000.00000 -620.00000 1220.40000 1000.00000 -620.00000 1204.80000
3 0x2CEC2A9 1000.00000 -6.00000 1204.80000 1000.00000 -6.00000 1220.40000 1000.00000 -620.00000 1220.40000
3 0x2F1E6D0 696.00000 -620.00000 1204.80000 720.00000 -620.00000 1220.40000 720.00000 -620.00000 1204.80000
3 0x2F1E6D0 696.00000 -620.00000 1204.80000 696.00000 -620.00000 1220.40000 720.00000 -620.00000 1220.40000
3 0x2F1E6D0 696.00000 -662.00000 1204.80000 720.00000 -662.00000 1220.40000 696.00000 -662.00000 1220.40000
3 0x2F1E6D0 696.00000 -662.00000 1204.80000 720.00000 -662.00000 1204.80000 720.00000 -662.00000 1220.40000
3 0x2F1E6D0 696.00000 -620.00000 1204.80000 720.00000 -662.00000 1204.80000 696.00000 -662.00000 1204.80000
3 0x2F1E6D0 696.00000 -620.00000 1204.80000 720.00000 -620.00000 1204.80000 720.00000 -662.00000 1204.80000
3 0x2F1E6D0 696.00000 -620.00000 1220.40000 720.00000 -662.00000 1220.40000 720.00000 -620.00000 1220.40000
3 0x2F1E6D0 696.00000 -620.00000 1220.40000 696.00000 -662.00000 1220.40000 720.00000 -662.00000 1220.40000
3 0x2F1E6D0 696.00000 -620.00000 1204.80000 696.00000 -662.00000 1220.40000 696.00000 -620.00000 1220.40000
3 0x2F1E6D0 696.00000 -620.00000 1204.80000 696.00000 -662.00000 1204.80000 696.00000 -662.00000 1220.40000
3 0x2F1E6D0 720.00000 -620.00000 1204.80000 720.00000 -662.00000 1220.40000 720.00000 -662.00000 1204.80000
3 0x2F1E6D0 720.00000 -620.00000 1204.80000 720.00000 -620.00000 1220.40000 720.00000 -662.00000 1220.40000
3 0x2F1E6D0 1000.00000 -620.00000 1204.80000 1024.00000 -620.00000 1220.40000 1024.00000 -620.00000 1204.80000
3 0x2F1E6D0 1000.00000 -620.00000 1204.80000 1000.00000 -620.00000 1220.40000 1024.00000 -620.00000 1220.40000
3 0x2F1E6D0 1000.00000 -662.00000 1204.80000 1024.00000 -662.00000 1220.40000 1000.00000 -662.00000 1220.40000
3 0x2F1E6D0 1000.00000 -662.00000 1204.80000 1024.00000 -662.00000 1204.80000 1024.00000 -662.00000 1220.40000
3 0x2F1E6D0 1000.00000 -620.00000 1204.80000 1024.00000 -662.00000 1204.80000 1000.00000 -662.00000 1204.80000
3 0x2F1E6D0 1000.00000 -620.00000 1204.80000 1024.00000 -620.00000 1204.80000 1024.00000 -662.00000 1204.80000
3 0x2F1E6D0 1000.00000 -620.00000 1220.40000 1024.00000 -662.00000 1220.40000 1024.00000 -620.00000 1220.40000
3 0x2F1E6D0 1000.00000 -620.00000 1220.40000 1000.00000 -662.00000 1220.40000 1024.00000 -662.00000 1220.40000
3 0x2F1E6D0 1000.00000 -620.00000 1204.80000 1000.00000 -662.00000 1220.40000 1000.00000 -620.00000 1220.40000
3 0x2F1E6D0 1000.00000 -620.00000 1204.80000 1000.00000 -662.00000 1204.80000 1000.00000 -662.00000 1220.40000
3 0x2F1E6D0 1024.00000 -620.00000 1204.80000 1024.00000 -662.00000 1220.40000 1024.00000 -662.00000 1204.80000
3 0x2F1E6D0 1024.00000 -620.00000 1204.80000 1024.00000 -620.00000 1220.40000 1024.00000 -662.00000 1220.40000
3 0x2CEC2A9 720.00000 -6.00000 1220.40000 1000.00000 -6.00000 1236.00000 1000.00000 -6.00000 1220.40000
3 0x2CEC2A9 720.00000 -6.00000 1220.40000 720.00000 -6.00000 1236.00000 1000.00000 -6.00000 1236.00000
3 0x2CEC2A9 720.00000 -600.00000 1220.40000 1000.00000 -600.00000 1236.00000 720.00000 -600.00000 1236.00000
3 0x2CEC2A9 720.00000 -600.00000 1220.40000 1000.00000 -600.00000 1220.40000 1000.00000 -600.00000 1236.00000
3 0x2CEC2A9 720.00000 -6.00000 1220.40000 1000.00000 -600.00000 1220.40000 720.00000 -600.00000 1220.40000
3 0x2CEC2A9 720.00000 -6.00000 1220.40000 1000.00000 -6.00000 1220.40000 1000.00000 -600.00000 1220.40000
3 0x2CEC2A9 720.00000 -6.00000 1236.00000 1000.00000 -600.00000 1236.00000 1000.00000 -6.00000 1236.00000
3 0x2CEC2A9 720.00000 -6.00000 1236.00000 720.00000 -600.00000 1236.00000 1000.00000 -600.00000 1236.00000
3 0x2CEC2A9 720.00000 -6.00000 1220.40000 720.00000 -600.00000 1236.00000 720.00000 -6.00000 1236.00000
3 0x2CEC2A9 720.00000 -6.00000 1220.40000 720.00000 -600.00000 1220.40000 720.00000 -600.00000 1236.00000
3 0x2CEC2A9 1000.00000 -6.00000 1220.40000 1000.00000 -600.00000 1236.00000 1000.00000 -600.00000 1220.40000
3 0x2CEC2A9 1000.00000 -6.00000 1220.40000 1000.00000 -6.00000 1236.00000 1000.00000 -600.00000 1236.00000
3 0x2F1E6D0 696.00000 -600.00000 1220.40000 720.00000 -600.00000 1236.00000 720.00000 -600.00000 1220.40000
3 0x2F1E6D0 696.00000 -600.00000 1220.40000 696.00000 -600.00000 1236.00000 720.00000 -600.00000 1236.00000
3 0x2F1E6D0 696.00000 -642.00000 1220.40000 720.00000 -642.00000 1236.00000 696.00000 -642.00000 1236.00000
3 0x2F1E6D0 696.00000 -642.00000 1220.40000 720.00000 -642.00000 1220.40000 720.00000 -642.00000 1236.00000
3 0x2F1E6D0 696.00000 -600.00000 1220.40000 720.00000 -642.00000 1220.40000 696.00000 -642.00000 1220.40000
3 0x2F1E6D0 696.00000 -600.00000 1220.40000 720.00000 -600.00000 1220.40000 720.00000 -642.00000 1220.40000
3 0x2F1E6D0 696.00000 -600.00000 1236.00000 720.00000 -642.00000 1236.00000 720.00000 -600.00000 1236.00000
3 0x2F1E6D0 696.00000 -600.00000 1236.00000 696.00000 -642.00000 1236.00000 720.00000 -642.00000 1236.00000
3 0x2F1E6D0 696.00000 -600.00000 1220.40000 696.00000 -642.00000 1236.00000 696.00000 -600.00000 1236.00000
3 0x2F1E6D0 696.00000 -600.00000 1220.40000 696.00000 -642.00000 1220.40000 696.00000 -642.00000 1236.00000
3 0x2F1E6D0 720.00000 -600.00000 1220.40000 720.00000 -642.00000 1236.00000 720.00000 -642.00000 1220.40000
3 0x2F1E6D0 720.00000 -600.00000 1220.40000 720.00000 -600.00000 1236.00000 720.00000 -642.00000 1236.00000
3 0x2F1E6D0 1000.00000 -600.00000 1220.40000 1024.00000 -600.00000 1236.00000 1024.00000 -600.00000 1220.40000
3 0x2F1E6D0 1000.00000 -600.00000 1220.40000 1000.00000 -600.00000 1236.00000 1024.00000 -600.00000 1236.00000
3 0x2F1E6D0 1000.00000 -642.00000 1220.40000 1024.00000 -642.00000 1236.00000 1000.00000 -642.00000 1236.00000
3 0x2F1E6D0 1000.00000 -642.00000 1220.40000 1024.00000 -642.00000 1220.40000 1024.00000 -642.00000 1236.00000
3 0x2F1E6D0 1000.00000 -600.00000 1220.40000 1024.00000 -642.00000 1220.40000 1000.00000 -642.00000 1220.40000
3 0x2F1E6D0 1000.00000 -600.00000 1220.40000 1024.00000 -600.00000 1220.40000 1024.00000 -642.00000 1220.40000
3 0x2F1E6D0 1000.00000 -600.00000 1236.00000 1024.00000 -642.00000 1236.00000 1024.00000 -600.00000 1236.00000
3 0x2F1E6D0 1000.00000 -600.00000 1236.00000 1000.00000 -642.00000 1236.00000 1024.00000 -642.00000 1236.00000
3 0x2F1E6D0 1000.00000 -600.00000 1220.40000 1000.00000 -642.00000 1236.00000 1000.00000 -600.00000 1236.00000
3 0x2F1E6D0 1000.00000 -600.00000 1220.40000 1000.00000 -642.00000 1220.40000 1000.00000 -642.00000 1236.00000
3 0x2F1E6D0 1024.00000 -600.00000 1220.40000 1024.00000 -642.00000 1236.00000 1024.00000 -642.00000 1220.40000
3 0x2F1E6D0 1024.00000 -600.00000 1220.40000 1024.00000 -600.00000 1236.00000 1024.00000 -642.00000 1236.00000
3 0x2CEC2A9 720.00000 -6.00000 1236.00000 1000.00000 -6.00000 1251.60000 1000.00000 -6.00000 1236.00000
3 0x2CEC2A9 720.00000 -6.00000 1236.00000 720.00000 -6.00000 1251.60000 1000.00000 -6.00000 1251.60000
3 0x2CEC2A9 720.00000 -580.00000 1236.00000 1000.00000 -580.00000 1251.60000 720.00000 -580.00000 1251.60000
3 0x2CEC2A9 720.00000 -580.00000 1236.00000 1000.00000 -580.00000 1236.00000 1000.00000 -580.00000 1251.60000
3 0x2CEC2A9 720.00000 -6.00000 1236.00000 1000.00000 -580.00000 1236.00000 720.00000 -580.00000 1236.00000
3 0x2CEC2A9 720.00000 -6.00000 1236.00000 1000.00000 -6.00000 1236.00000 1000.00000 -580.00000 1236.00000
3 0x2CEC2A9 720.00000 -6.00000 1251.60000 1000.00000 -580.00000 1251.60000 1000.00000 -6.00000 1251.60000
3 0x2CEC2A9 720.00000 -6.00000 1251.60000 720.00000 -580.00000 1251.60000 1000.00000 -580.00000 1251.60000
3 0x2CEC2A9 720.00000 -6.00000 1236.00000 720.00000 -580.00000 1251.60000 720.00000 -6.00000 1251.60000
3 0x2CEC2A9 720.00000 -6.00000 1236.00000 720.00000 -580.00000 1236.00000 720.00000 -580.00000 1251.60000
3 0x2CEC2A9 1000.00000 -6.00000 1236.00000 1000.00000 -580.00000 1251.60000 1000.00000 -580.00000 1236.00000
3 0x2CEC2A9 1000.00000 -6.00000 1236.00000 1000.00000 -6.00000 1251.60000 1000.00000 -580.00000 1251.60000
3 0x2F1E6D0 696.00000 -580.00000 1236.00000 720.00000 -580.00000 1251.60000 720.00000 -580.00000 1236.00000
3 0x2F1E6D0 696.00000 -580.00000 1236.00000 696.00000 -580.00000 1251.60000 720.00000 -580.00000 1251.60000
3 0x2F1E6D0 696.00000 -622.00000 1236.00000 720.00000 -622.00000 1251.60000 696.00000 -622.00000 1251.60000
3 0x2F1E6D0 696.00000 -622.00000 1236.00000 720.00000 -622.00000 1236.00000 720.00000 -622.00000 1251.60000
3 0x2F1E6D0 696.00000 -580.00000 1236.00000 720.00000 -622.00000 1236.00000 696.00000 -622.00000 1236.00000
3 0x2F1E6D0 696.00000 -580.00000 1236.00000 720.00000 -580.00000 1236.00000 720.00000 -622.00000 1236.00000
3 0x2F1E6D0 696.00000 -580.00000 1251.60000 720.00000 -622.00000 1251.60000 720.00000 -580.00000 1251.60000
3 0x2F1E6D0 696.00000 -580.00000 1251.60000 696.00000 -622.00000 1251.60000 720.00000 -622.00000 1251.60000
3 0x2F1E6D0 696.00000 -580.00000 1236.00000 696.00000 -622.00000 1251.60000 696.00000 -580.00000 1251.60000
3 0x2F1E6D0 696.00000 -580.00000 1236.00000 696.00000 -622.00000 1236.00000 696.00000 -622.00000 1251.60000
3 0x2F1E6D0 720.00000 -580.00000 1236.00000 720.00000 -622.00000 1251.60000 720.00000 -622.00000 1236.00000
3 0x2F1E6D0 720.00000 -580.00000 1236.00000 720.00000 -580.00000 1251.60000 720.00000 -622.00000 1251.60000
3 0x2F1E6D0 1000.00000 -580.00000 1236.00000 1024.00000 -580.00000 1251.60000 1024.00000 -580.00000 1236.00000
3 0x2F1E6D0 1000.00000 -580.00000 1236.00000 1000.00000 -580.00000 1251.60000 1024.00000 -580.00000 1251.60000
3 0x2F1E6D0 1000.00000 -622.00000 1236.00000 1024.00000 -622.00000 1251.60000 1000.00000 -622.00000 1251.60000
3 0x2F1E6D0 1000.00000 -622.00000 1236.00000 1024.00000 -622.00000 1236.00000 1024.00000 -622.00000 1251.60000
3 0x2F1E6D0 1000.00000 -580.00000 1236.00000 1024.00000 -622.00000 1236.00000 1000.00000 -622.00000 1236.00000
3 0x2F1E6D0 1000.00000 -580.00000 1236.00000 1024.00000 -580.00000 1236.00000 1024.00000 -622.00000 1236.00000
3 0x2F1E6D0 1000.00000 -580.00000 1251.60000 1024.00000 -622.00000 1251.60000 1024.00000 -580.00000 1251.60000
3 0x2F1E6D0 1000.00000 -580.00000 1251.60000 1000.00000 -622.00000 1251.60000 1024.00000 -622.00000 1251.60000
3 0x2F1E6D0 1000.00000 -580.00000 1236.00000 1000.00000 -622.00000 1251.60000 1000.00000 -580.00000 1251.60000
3 0x2F1E6D0 1000.00000 -580.00000 1236.00000 1000.00000 -622.00000 1236.00000 1000.00000 -622.00000 1251.60000
3 0x2F1E6D0 1024.00000 -580.00000 1236.00000 1024.00000 -622.00000 1251.60000 1024.00000 -622.00000 1236.00000
3 0x2F1E6D0 1024.00000 -580.00000 1236.00000 1024.00000 -580.00000 1251.60000 1024.00000 -622.00000 1251.60000
3 0x2CEC2A9 720.00000 -6.00000 1251.60000 1000.00000 -6.00000 1267.20000 1000.00000 -6.00000 1251.60000
3 0x2CEC2A9 720.00000 -6.00000 1251.60000 720.00000 -6.00000 1267.20000 1000.00000 -6.00000 1267.20000
3 0x2CEC2A9 720.00000 -560.00000 1251.60000 1000.00000 -560.00000 1267.20000 720.00000 -560.00000 1267.20000
3 0x2CEC2A9 720.00000 -560.00000 1251.60000 1000.00000 -560.00000 1251.60000 1000.00000 -560.00000 1267.20000
3 0x2CEC2A9 720.00000 -6.00000 1251.60000 1000.00000 -560.00000 1251.60000 720.00000 -560.00000 1251.60000
3 0x2CEC2A9 720.00000 -6.00000 1251.60000 1000.00000 -6.00000 1251.60000 1000.00000 -560.00000 1251.60000
3 0x2CEC2A9 720.00000 -6.00000 1267.20000 1000.00000 -560.00000 1267.20000 1000.00000 -6.00000 1267.20000
3 0x2CEC2A9 720.00000 -6.00000 1267.20000 720.00000 -560.00000 1267.20000 1000.00000 -560.00000 1267.20000
3 0x2CEC2A9 720.00000 -6.00000 1251.60000 720.00000 -560.00000 1267.20000 720.00000 -6.00000 1267.20000
3 0x2CEC2A9 720.00000 -6.00000 1251.60000 720.00000 -560.00000 1251.60000 720.00000 -560.00000 1267.20000
3 0x2CEC2A9 1000.00000 -6.00000 1251.60000 1000.00000 -560.00000 1267.20000 1000.00000 -560.00000 1251.60000
3 0x2CEC2A9 1000.00000 -6.00000 1251.60000 1000.00000 -6.00000 1267.20000 1000.00000 -560.00000 1267.20000
3 0x2F1E6D0 696.00000 -560.00000 1251.60000 720.00000 -560.00000 1267.20000 720.00000 -560.00000 1251.60000
3 0x2F1E6D0 696.00000 -560.00000 1251.60000 696.00000 -560.00000 1267.20000 720.00000 -560.00000 1267.20000
3 0x2F1E6D0 696.00000 -602.00000 1251.60000 720.00000 -602.00000 1267.20000 696.00000 -602.00000 1267.20000
3 0x2F1E6D0 696.00000 -602.00000 1251.60000 720.00000 -602.00000 1251.60000 720.00000 -602.00000 1267.20000
3 0x2F1E6D0 696.00000 -560.00000 1251.60000 720.00000 -602.00000 1251.60000 696.00000 -602.00000 1251.60000
3 0x2F1E6D0 696.00000 -560.00000 1251.60000 720.00000 -560.00000 1251.60000 720.00000 -602.00000 1251.60000
3 0x2F1E6D0 696.00000 -560.00000 1267.20000 720.00000 -602.00000 1267.20000 720.00000 -560.00000 1267.20000
3 0x2F1E6D0 696.00000 -560.00000 1267.20000 696.00000 -602.00000 1267.20000 720.00000 -602.00000 1267.20000
3 0x2F1E6D0 696.00000 -560.00000 1251.60000 696.00000 -602.00000 1267.20000 696.00000 -560.00000 1267.20000
3 0x2F1E6D0 696.00000 -560.00000 1251.60000 696.00000 -602.00000 1251.60000 696.00000 -602.00000 1267.20000
3 0x2F1E6D0 720.00000 -560.00000 1251.60000 720.00000 -602.00000 1267.20000 720.00000 -602.00000 1251.60000
3 0x2F1E6D0 720.00000 -560.00000 1251.60000 720.00000 -560.00000 1267.20000 720.00000 -602.00000 1267.20000
3 0x2F1E6D0 1000.00000 -560.00000 1251.60000 1024.00000 -560.00000 1267.20000 1024.00000 -560.00000 1251.60000
3 0x2F1E6D0 1000.00000 -560.00000 1251.60000 1000.00000 -560.00000 1267.20000 1024.00000 -560.00000 1267.20000
3 0x2F1E6D0 1000.00000 -602.00000 1251.60000 1024.00000 -602.00000 1267.20000 1000.00000 -602.00000 1267.20000
3 0x2F1E6D0 1000.00000 -602.00000 1251.60000 1024.00000 -602.00000 1251.60000 1024.00000 -602.00000 1267.20000
3 0x2F1E6D0 1000.00000 -560.00000 1251.60000 1024.00000 -602.00000 1251.60000 1000.00000 -602.00000 1251.60000
3 0x2F1E6D0 1000.00000 -560.00000 1251.60000 1024.00000 -560.00000 1251.60000 1024.00000 -602.00000 1251.60000
3 0x2F1E6D0 1000.00000 -560.00000 1267.20000 1024.00000 -602.00000 1267.20000 1024.00000 -560.00000 1267.20000
3 0x2F1E6D0 1000.00000 -560.00000 1267.20000 1000.00000 -602.00000 1267.20000 1024.00000 -602.00000 1267.20000
3 0x2F1E6D0 1000.00000 -560.00000 1251.60000 1000.00000 -602.00000 1267.20000 1000.00000 -560.00000 1267.20000
3 0x2F1E6D0 1000.00000 -560.00000 1251.60000 1000.00000 -602.00000 1251.60000 1000.00000 -602.00000 1267.20000
3 0x2F1E6D0 1024.00000 -560.00000 1251.60000 1024.00000 -602.00000 1267.20000 1024.00000 -602.00000 1251.60000
3 0x2F1E6D0 1024.00000 -560.00000 1251.60000 1024.00000 -560.00000 1267.20000 1024.00000 -602.00000 1267.20000
3 0x2CEC2A9 720.00000 -6.00000 1267.20000 1000.00000 -6.00000 1282.80000 1000.00000 -6.00000 1267.20000
3 0x2CEC2A9 720.00000 -6.00000 1267.20000 720.00000 -6.00000 1282.80000 1000.00000 -6.00000 1282.80000
3 0x2CEC2A9 720.00000 -540.00000 1267.20000 1000.00000 -540.00000 1282.80000 720.00000 -540.00000 1282.80000
3 0x2CEC2A9 720.00000 -540.00000 1267.20000 1000.00000 -540.00000 1267.20000 1000.00000 -540.00000 1282.80000
3 0x2CEC2A9 720.00000 -6.00000 1267.20000 1000.00000 -540.00000 1267.20000 720.00000 -540.00000 1267.20000
3 0x2CEC2A9 720.00000 -6.00000 1267.20000 1000.00000 -6.00000 1267.20000 1000.00000 -540.00000 1267.20000
3 0x2CEC2A9 720.00000 -6.00000 1282.80000 1000.00000 -540.00000 1282.80000 1000.00000 -6.00000 1282.80000
3 0x2CEC2A9 720.00000 -6.00000 1282.80000 720.00000 -540.00000 1282.80000 1000.00000 -540.00000 1282.80000
3 0x2CEC2A9 720.00000 -6.00000 1267.20000 720.00000 -540.00000 1282.80000 720.00000 -6.00000 1282.80000
3 0x2CEC2A9 720.00000 -6.00000 1267.20000 720.00000 -540.00000 1267.20000 720.00000 -540.00000 1282.80000
3 0x2CEC2A9 1000.00000 -6.00000 1267.20000 1000.00000 -540.00000 1282.80000 1000.00000 -540.00000 1267.20000
3 0x2CEC2A9 1000.00000 -6.00000 1267.20000 1000.00000 -6.00000 1282.80000 1000.00000 -540.00000 1282.80000
3 0x2F1E6D0 696.00000 -540.00000 1267.20000 720.00000 -540.00000 1282.80000 720.00000 -540.00000 1267.20000
3 0x2F1E6D0 696.00000 -540.00000 1267.20000 696.00000 -540.00000 1282.80000 720.00000 -540.00000 1282.80000
3 0x2F1E6D0 696.00000 -582.00000 1267.20000 720.00000 -582.00000 1282.80000 696.00000 -582.00000 1282.80000
3 0x2F1E6D0 696.00000 -582.00000 1267.20000 720.00000 -582.00000 1267.20000 720.00000 -582.00000 1282.80000
3 0x2F1E6D0 696.00000 -540.00000 1267.20000 720.00000 -582.00000 1267.20000 696.00000 -582.00000 1267.20000
3 0x2F1E6D0 696.00000 -540.00000 1267.20000 720.00000 -540.00000 1267.20000 720.00000 -582.00000 1267.20000
3 0x2F1E6D0 696.00000 -540.00000 1282.80000 720.00000 -582.00000 1282.80000 720.00000 -540.00000 1282.80000
3 0x2F1E6D0 696.00000 -540.00000 1282.80000 696.00000 -582.00000 1282.80000 720.00000 -582.00000 1282.80000
3 0x2F1E6D0 696.00000 -540.00000 1267.20000 696.00000 -582.00000 1282.80000 696.00000 -540.00000 1282.80000
3 0x2F1E6D0 696.00000 -540.00000 1267.20000 696.00000 -582.00000 1267.20000 696.00000 -582.00000 1282.80000
3 0x2F1E6D0 720.00000 -540.00000 1267.20000 720.00000 -582.00000 1282.80000 720.00000 -582.00000 1267.20000
3 0x2F1E6D0 720.00000 -540.00000 1267.20000 720.00000 -540.00000 1282.80000 720.00000 -582.00000 1282.80000
3 0x2F1E6D0 1000.00000 -540.00000 1267.20000 1024.00000 -540.00000 1282.80000 1024.00000 -540.00000 1267.20000
3 0x2F1E6D0 1000.00000 -540.00000 1267.20000 1000.00000 -540.00000 1282.80000 1024.00000 -540.00000 1282.80000
3 0x2F1E6D0 1000.00000 -582.00000 1267.20000 1024.00000 -582.00000 1282.80000 1000.00000 -582.00000 1282.80000
3 0x2F1E6D0 1000.00000 -582.00000 1267.20000 1024.00000 -582.00000 1267.20000 1024.00000 -582.00000 1282.80000
3 0x2F1E6D0 1000.00000 -540.00000 1267.20000 1024.00000 -582.00000 1267.20000 1000.00000 -582.00000 1267.20000
3 0x2F1E6D0 1000.00000 -540.00000 1267.20000 1024.00000 -540.00000 1267.20000 1024.00000 -582.00000 1267.20000
3 0x2F1E6D0 1000.00000 -540.00000 1282.80000 1024.00000 -582.00000 1282.80000 1024.00000 -540.00000 1282.80000
3 0x2F1E6D0 1000.00000 -540.00000 1282.80000 1000.00000 -582.00000 1282.80000 1024.00000 -582.00000 1282.80000
3 0x2F1E6D0 1000.00000 -540.00000 1267.20000 1000.00000 -582.00000 1282.80000 1000.00000 -540.00000 1282.80000
3 0x2F1E6D0 1000.00000 -540.00000 1267.20000 1000.00000 -582.00000 1267.20000 1000.00000 -582.00000 1282.80000
3 0x2F1E6D0 1024.00000 -540.00000 1267.20000 1024.00000 -582.00000 1282.80000 1024.00000 -582.00000 1267.20000
3 0x2F1E6D0 1024.00000 -540.00000 1267.20000 1024.00000 -540.00000 1282.80000 1024.00000 -582.00000 1282.80000
3 0x2CEC2A9 720.00000 -6.00000 1282.80000 1000.00000 -6.00000 1298.40000 1000.00000 -6.00000 1282.80000
3 0x2CEC2A9 720.00000 -6.00000 1282.80000 720.00000 -6.00000 1298.40000 1000.00000 -6.00000 1298.40000
3 0x2CEC2A9 720.00000 -520.00000 1282.80000 1000.00000 -520.00000 1298.40000 720.00000 -520.00000 1298.40000
3 0x2CEC2A9 720.00000 -520.00000 1282.80000 1000.00000 -520.00000 1282.80000 1000.00000 -520.00000 1298.40000
3 0x2CEC2A9 720.00000 -6.00000 1282.80000 1000.00000 -520.00000 1282.80000 720.00000 -520.00000 1282.80000
3 0x2CEC2A9 720.00000 -6.00000 1282.80000 1000.00000 -6.00000 1282.80000 1000.00000 -520.00000 1282.80000
3 0x2CEC2A9 720.00000 -6.00000 1298.40000 1000.00000 -520.00000 1298.40000 1000.00000 -6.00000 1298.40000
3 0x2CEC2A9 720.00000 -6.00000 1298.40000 720.00000 -520.00000 1298.40000 1000.00000 -520.00000 1298.40000
3 0x2CEC2A9 720.00000 -6.00000 1282.80000 720.00000 -520.00000 1298.40000 720.00000 -6.00000 1298.40000
3 0x2CEC2A9 720.00000 -6.00000 1282.80000 720.00000 -520.00000 1282.80000 720.00000 -520.00000 1298.40000
3 0x2CEC2A9 1000.00000 -6.00000 1282.80000 1000.00000 -520.00000 1298.40000 1000.00000 -520.00000 1282.80000
3 0x2CEC2A9 1000.00000 -6.00000 1282.80000 1000.00000 -6.00000 1298.40000 1000.00000 -520.00000 1298.40000
3 0x2F1E6D0 696.00000 -520.00000 1282.80000 720.00000 -520.00000 1298.40000 720.00000 -520.00000 1282.80000
3 0x2F1E6D0 696.00000 -520.00000 1282.80000 696.00000 -520.00000 1298.40000 720.00000 -520.00000 1298.40000
3 0x2F1E6D0 696.00000 -562.00000 1282.80000 720.00000 -562.00000 1298.40000 696.00000 -562.00000 1298.40000
3 0x2F1E6D0 696.00000 -562.00000 1282.80000 720.00000 -562.00000 1282.80000 720.00000 -562.00000 1298.40000
3 0x2F1E6D0 696.00000 -520.00000 1282.80000 720.00000 -562.00000 1282.80000 696.00000 -562.00000 1282.80000
3 0x2F1E6D0 696.00000 -520.00000 1282.80000 720.00000 -520.00000 1282.80000 720.00000 -562.00000 1282.80000
3 0x2F1E6D0 696.00000 -520.00000 1298.40000 720.00000 -562.00000 1298.40000 720.00000 -520.00000 1298.40000
3 0x2F1E6D0 696.00000 -520.00000 1298.40000 696.00000 -562.00000 1298.40000 720.00000 -562.00000 1298.40000
3 0x2F1E6D0 696.00000 -520.00000 1282.80000 696.00000 -562.00000 1298.40000 696.00000 -520.00000 1298.40000
3 0x2F1E6D0 696.00000 -520.00000 1282.80000 696.00000 -562.00000 1282.80000 696.00000 -562.00000 1298.40000
3 0x2F1E6D0 720.00000 -520.00000 1282.80000 720.00000 -562.00000 1298.40000 720.00000 -562.00000 1282.80000
3 0x2F1E6D0 720.00000 -520.00000 1282.80000 720.00000 -520.00000 1298.40000 720.00000 -562.00000 1298.40000
3 0x2F1E6D0 1000.00000 -520.00000 1282.80000 1024.00000 -520.00000 1298.40000 1024.00000 -520.00000 1282.80000
3 0x2F1E6D0 1000.00000 -520.00000 1282.80000 1000.00000 -520.00000 1298.40000 1024.00000 -520.00000 1298.40000
3 0x2F1E6D0 1000.00000 -562.00000 1282.80000 1024.00000 -562.00000 1298.40000 1000.00000 -562.00000 1298.40000
3 0x2F1E6D0 1000.00000 -562.00000 1282.80000 1024.00000 -562.00000 1282.80000 1024.00000 -562.00000 1298.40000
3 0x2F1E6D0 1000.00000 -520.00000 1282.80000 1024.00000 -562.00000 1282.80000 1000.00000 -562.00000 1282.80000
3 0x2F1E6D0 1000.00000 -520.00000 1282.80000 1024.00000 -520.00000 1282.80000 1024.00000 -562.00000 1282.80000
3 0x2F1E6D0 1000.00000 -520.00000 1298.40000 1024.00000 -562.00000 1298.40000 1024.00000 -520.00000 1298.40000
3 0x2F1E6D0 1000.00000 -520.00000 1298.40000 1000.00000 -562.00000 1298.40000 1024.00000 -562.00000 1298.40000
3 0x2F1E6D0 1000.00000 -520.00000 1282.80000 1000.00000 -562.00000 1298.40000 1000.00000 -520.00000 1298.40000
3 0x2F1E6D0 1000.00000 -520.00000 1282.80000 1000.00000 -562.00000 1282.80000 1000.00000 -562.00000 1298.40000
3 0x2F1E6D0 1024.00000 -520.00000 1282.80000 1024.00000 -562.00000 1298.40000 1024.00000 -562.00000 1282.80000
3 0x2F1E6D0 1024.00000 -520.00000 1282.80000 1024.00000 -520.00000 1298.40000 1024.00000 -562.00000 1298.40000
3 0x2CEC2A9 720.00000 -6.00000 1298.40000 1000.00000 -6.00000 1314.00000 1000.00000 -6.00000 1298.40000
3 0x2CEC2A9 720.00000 -6.00000 1298.40000 720.00000 -6.00000 1314.00000 1000.00000 -6.00000 1314.00000
3 0x2CEC2A9 720.00000 -500.00000 1298.40000 1000.00000 -500.00000 1314.00000 720.00000 -500.00000 1314.00000
3 0x2CEC2A9 720.00000 -500.00000 1298.40000 1000.00000 -500.00000 1298.40000 1000.00000 -500.00000 1314.00000
3 0x2CEC2A9 720.00000 -6.00000 1298.40000 1000.00000 -500.00000 1298.40000 720.00000 -500.00000 1298.40000
3 0x2CEC2A9 720.00000 -6.00000 1298.40000 1000.00000 -6.00000 1298.40000 1000.00000 -500.00000 1298.40000
3 0x2CEC2A9 720.00000 -6.00000 1314.00000 1000.00000 -500.00000 1314.00000 1000.00000 -6.00000 1314.00000
3 0x2CEC2A9 720.00000 -6.00000 1314.00000 720.00000 -500.00000 1314.00000 1000.00000 -500.00000 1314.00000
3 0x2CEC2A9 720.00000 -6.00000 1298.40000 720.00000 -500.00000 1314.00000 720.00000 -6.00000 1314.00000
3 0x2CEC2A9 720.00000 -6.00000 1298.40000 720.00000 -500.00000 1298.40000 720.00000 -500.00000 1314.00000
3 0x2CEC2A9 1000.00000 -6.00000 1298.40000 1000.00000 -500.00000 1314.00000 1000.00000 -500.00000 1298.40000
3 0x2CEC2A9 1000.00000 -6.00000 1298.40000 1000.00000 -6.00000 1314.00000 1000.00000 -500.00000 1314.00000
3 0x2F1E6D0 696.00000 -500.00000 1298.40000 720.00000 -500.00000 1314.00000 720.00000 -500.00000 1298.40000
3 0x2F1E6D0 696.00000 -500.00000 1298.40000 696.00000 -500.00000 1314.00000 720.00000 -500.00000 1314.00000
3 0x2F1E6D0 696.00000 -542.00000 1298.40000 720.00000 -542.00000 1314.00000 696.00000 -542.00000 1314.00000
3 0x2F1E6D0 696.00000 -542.00000 1298.40000 720.00000 -542.00000 1298.40000 720.00000 -542.00000 1314.00000
3 0x2F1E6D0 696.00000 -500.00000 1298.40000 720.00000 -542.00000 1298.40000 696.00000 -542.00000 1298.40000
3 0x2F1E6D0 696.00000 -500.00000 1298.40000 720.00000 -500.00000 1298.40000 720.00000 -542.00000 1298.40000
3 0x2F1E6D0 696.00000 -500.00000 1314.00000 720.00000 -542.00000 1314.00000 720.00000 -500.00000 1314.00000
3 0x2F1E6D0 696.00000 -500.00000 1314.00000 696.00000 -542.00000 1314.00000 720.00000 -542.00000 1314.00000
3 0x2F1E6D0 696.00000 -500.00000 1298.40000 696.00000 -542.00000 1314.00000 696.00000 -500.00000 1314.00000
3 0x2F1E6D0 696.00000 -500.00000 1298.40000 696.00000 -542.00000 1298.40000 696.00000 -542.00000 1314.00000
3 0x2F1E6D0 720.00000 -500.00000 1298.40000 720.00000 -542.00000 1314.00000 720.00000 -542.00000 1298.40000
3 0x2F1E6D0 720.00000 -500.00000 1298.40000 720.00000 -500.00000 1314.00000 720.00000 -542.00000 1314.00000
3 0x2F1E6D0 1000.00000 -500.00000 1298.40000 1024.00000 -500.00000 1314.00000 1024.00000 -500.00000 1298.40000
3 0x2F1E6D0 1000.00000 -500.00000 1298.40000 1000.00000 -500.00000 1314.00000 1024.00000 -500.00000 1314.00000
3 0x2F1E6D0 1000.00000 -542.00000 1298.40000 1024.00000 -542.00000 1314.00000 1000.00000 -542.00000 1314.00000
3 0x2F1E6D0 1000.00000 -542.00000 1298.40000 1024.00000 -542.00000 1298.40000 1024.00000 -542.00000 1314.00000
3 0x2F1E6D0 1000.00000 -500.00000 1298.40000 1024.00000 -542.00000 1298.40000 1000.00000 -542.00000 1298.40000
3 0x2F1E6D0 1000.00000 -500.00000 1298.40000 1024.00000 -500.00000 1298.40000 1024.00000 -542.00000 1298.40000
3 0x2F1E6D0 1000.00000 -500.00000 1314.00000 1024.00000 -542.00000 1314.00000 1024.00000 -500.00000 1314.00000
3 0x2F1E6D0 1000.00000 -500.00000 1314.00000 1000.00000 -542.00000 1314.00000 1024.00000 -542.00000 1314.00000
3 0x2F1E6D0 1000.00000 -500.00000 1298.40000 1000.00000 -542.00000 1314.00000 1000.00000 -500.00000 1314.00000
3 0x2F1E6D0 1000.00000 -500.00000 1298.40000 1000.00000 -542.00000 1298.40000 1000.00000 -542.00000 1314.00000
3 0x2F1E6D0 1024.00000 -500.00000 1298.40000 1024.00000 -542.00000 1314.00000 1024.00000 -542.00000 1298.40000
3 0x2F1E6D0 1024.00000 -500.00000 1298.40000 1024.00000 -500.00000 1314.00000 1024.00000 -542.00000 1314.00000
3 0x2CEC2A9 720.00000 -6.00000 1314.00000 1000.00000 -6.00000 1329.60000 1000.00000 -6.00000 1314.00000
3 0x2CEC2A9 720.00000 -6.00000 1314.00000 720.00000 -6.00000 1329.60000 1000.00000 -6.00000 1329.60000
3 0x2CEC2A9 720.00000 -480.00000 1314.00000 1000.00000 -480.00000 1329.60000 720.00000 -480.00000 1329.60000
3 0x2CEC2A9 720.00000 -480.00000 1314.00000 1000.00000 -480.00000 1314.00000 1000.00000 -480.00000 1329.60000
3 0x2CEC2A9 720.00000 -6.00000 1314.00000 1000.00000 -480.00000 1314.00000 720.00000 -480.00000 1314.00000
3 0x2CEC2A9 720.00000 -6.00000 1314.00000 1000.00000 -6.00000 1314.00000 1000.00000 -480.00000 1314.00000
3 0x2CEC2A9 720.00000 -6.00000 1329.60000 1000.00000 -480.00000 1329.60000 1000.00000 -6.00000 1329.60000
3 0x2CEC2A9 720.00000 -6.00000 1329.60000 720.00000 -480.00000 1329.60000 1000.00000 -480.00000 1329.60000
3 0x2CEC2A9 720.00000 -6.00000 1314.00000 720.00000 -480.00000 1329.60000 720.00000 -6.00000 1329.60000
3 0x2CEC2A9 720.00000 -6.00000 1314.00000 720.00000 -480.00000 1314.00000 720.00000 -480.00000 1329.60000
3 0x2CEC2A9 1000.00000 -6.00000 1314.00000 1000.00000 -480.00000 1329.60000 1000.00000 -480.00000 1314.00000
3 0x2CEC2A9 1000.00000 -6.00000 1314.00000 1000.00000 -6.00000 1329.60000 1000.00000 -480.00000 1329.60000
3 0x2F1E6D0 696.00000 -480.00000 1314.00000 720.00000 -480.00000 1329.60000 720.00000 -480.00000 1314.00000
3 0x2F1E6D0 696.00000 -480.00000 1314.00000 696.00000 -480.00000 1329.60000 720.00000 -480.00000 1329.60000
3 0x2F1E6D0 696.00000 -522.00000 1314.00000 720.00000 -522.00000 1329.60000 696.00000 -522.00000 1329.60000
3 0x2F1E6D0 696.00000 -522.00000 1314.00000 720.00000 -522.00000 1314.00000 720.00000 -522.00000 1329.60000
3 0x2F1E6D0 696.00000 -480.00000 1314.00000 720.00000 -522.00000 1314.00000 696.00000 -522.00000 1314.00000
3 0x2F1E6D0 696.00000 -480.00000 1314.00000 720.00000 -480.00000 1314.00000 720.00000 -522.00000 1314.00000
3 0x2F1E6D0 696.00000 -480.00000 1329.60000 720.00000 -522.00000 1329.60000 720.00000 -480.00000 1329.60000
3 0x2F1E6D0 696.00000 -480.00000 1329.60000 696.00000 -522.00000 1329.60000 720.00000 -522.00000 1329.60000
3 0x2F1E6D0 696.00000 -480.00000 1314.00000 696.00000 -522.00000 1329.60000 696.00000 -480.00000 1329.60000
3 0x2F1E6D0 696.00000 -480.00000 1314.00000 696.00000 -522.00000 1314.00000 696.00000 -522.00000 1329.60000
3 0x2F1E6D0 720.00000 -480.00000 1314.00000 720.00000 -522.00000 1329.60000 720.00000 -522.00000 1314.00000
3 0x2F1E6D0 720.00000 -480.00000 1314.00000 720.00000 -480.00000 1329.60000 720.00000 -522.00000 1329.60000
3 0x2F1E6D0 1000.00000 -480.00000 1314.00000 1024.00000 -480.00000 1329.60000 1024.00000 -480.00000 1314.00000
3 0x2F1E6D0 1000.00000 -480.00000 1314.00000 1000.00000 -480.00000 1329.60000 1024.00000 -480.00000 1329.60000
3 0x2F1E6D0 1000.00000 -522.00000 1314.00000 1024.00000 -522.00000 1329.60000 1000.00000 -522.00000 1329.60000
3 0x2F1E6D0 1000.00000 -522.00000 1314.00000 1024.00000 -522.00000 1314.00000 1024.00000 -522.00000 1329.60000
3 0x2F1E6D0 1000.00000 -480.00000 1314.00000 1024.00000 -522.00000 1314.00000 1000.00000 -522.00000 1314.00000
3 0x2F1E6D0 1000.00000 -480.00000 1314.00000 1024.00000 -480.00000 1314.00000 1024.00000 -522.00000 1314.00000
3 0x2F1E6D0 1000.00000 -480.00000 1329.60000 1024.00000 -522.00000 1329.60000 1024.00000 -480.00000 1329.60000
3 0x2F1E6D0 1000.00000 -480.00000 1329.60000 1000.00000 -522.00000 1329.60000 1024.00000 -522.00000 1329.60000
3 0x2F1E6D0 1000.00000 -480.00000 1314.00000 1000.00000 -522.00000 1329.60000 1000.00000 -480.00000 1329.60000
3 0x2F1E6D0 1000.00000 -480.00000 1314.00000 1000.00000 -522.00000 1314.00000 1000.00000 -522.00000 1329.60000
3 0x2F1E6D0 1024.00000 -480.00000 1314.00000 1024.00000 -522.00000 1329.60000 1024.00000 -522.00000 1314.00000
3 0x2F1E6D0 1024.00000 -480.00000 1314.00000 1024.00000 -480.00000 1329.60000 1024.00000 -522.00000 1329.60000
3 0x2CEC2A9 720.00000 -6.00000 1329.60000 1000.00000 -6.00000 1345.20000 1000.00000 -6.00000 1329.60000
3 0x2CEC2A9 720.00000 -6.00000 1329.60000 720.00000 -6.00000 1345.20000 1000.00000 -6.00000 1345.20000
3 0x2CEC2A9 720.00000 -460.00000 1329.60000 1000.00000 -460.00000 1345.20000 720.00000 -460.00000 1345.20000
3 0x2CEC2A9 720.00000 -460.00000 1329.60000 1000.00000 -460.00000 1329.60000 1000.00000 -460.00000 1345.20000
3 0x2CEC2A9 720.00000 -6.00000 1329.60000 1000.00000 -460.00000 1329.60000 720.00000 -460.00000 1329.60000
3 0x2CEC2A9 720.00000 -6.00000 1329.60000 1000.00000 -6.00000 1329.60000 1000.00000 -460.00000 1329.60000
3 0x2CEC2A9 720.00000 -6.00000 1345.20000 1000.00000 -460.00000 1345.20000 1000.00000 -6.00000 1345.20000
3 0x2CEC2A9 720.00000 -6.00000 1345.20000 720.00000 -460.00000 1345.20000 1000.00000 -460.00000 1345.20000
3 0x2CEC2A9 720.00000 -6.00000 1329.60000 720.00000 -460.00000 1345.20000 720.00000 -6.00000 1345.20000
3 0x2CEC2A9 720.00000 -6.00000 1329.60000 720.00000 -460.00000 1329.60000 720.00000 -460.00000 1345.20000
3 0x2CEC2A9 1000.00000 -6.00000 1329.60000 1000.00000 -460.00000 1345.20000 1000.00000 -460.00000 1329.60000
3 0x2CEC2A9 1000.00000 -6.00000 1329.60000 1000.00000 -6.00000 1345.20000 1000.00000 -460.00000 1345.20000
3 0x2F1E6D0 696.00000 -460.00000 1329.60000 720.00000 -460.00000 1345.20000 720.00000 -460.00000 1329.60000
3 0x2F1E6D0 696.00000 -460.00000 1329.60000 696.00000 -460.00000 1345.20000 720.00000 -460.00000 1345.20000
3 0x2F1E6D0 696.00000 -502.00000 1329.60000 720.00000 -502.00000 1345.20000 696.00000 -502.00000 1345.20000
3 0x2F1E6D0 696.00000 -502.00000 1329.60000 720.00000 -502.00000 1329.60000 720.00000 -502.00000 1345.20000
3 0x2F1E6D0 696.00000 -460.00000 1329.60000 720.00000 -502.00000 1329.60000 696.00000 -502.00000 1329.60000
3 0x2F1E6D0 696.00000 -460.00000 1329.60000 720.00000 -460.00000 1329.60000 720.00000 -502.00000 1329.60000
3 0x2F1E6D0 696.00000 -460.00000 1345.20000 720.00000 -502.00000 1345.20000 720.00000 -460.00000 1345.20000
3 0x2F1E6D0 696.00000 -460.00000 1345.20000 696.00000 -502.00000 1345.20000 720.00000 -502.00000 1345.20000
3 0x2F1E6D0 696.00000 -460.00000 1329.60000 696.00000 -502.00000 1345.20000 696.00000 -460.00000 1345.20000
3 0x2F1E6D0 696.00000 -460.00000 1329.60000 696.00000 -502.00000 1329.60000 696.00000 -502.00000 1345.20000
3 0x2F1E6D0 720.00000 -460.00000 1329.60000 720.00000 -502.00000 1345.20000 720.00000 -502.00000 1329.60000
3 0x2F1E6D0 720.00000 -460.00000 1329.60000 720.00000 -460.00000 1345.20000 720.00000 -502.00000 1345.20000
3 0x2F1E6D0 1000.00000 -460.00000 1329.60000 1024.00000 -460.00000 1345.20000 1024.00000 -460.00000 1329.60000
3 0x2F1E6D0 1000.00000 -460.00000 1329.60000 1000.00000 -460.00000 1345.20000 1024.00000 -460.00000 1345.20000
3 0x2F1E6D0 1000.00000 -502.00000 1329.60000 1024.00000 -502.00000 1345.20000 1000.00000 -502.00000 1345.20000
3 0x2F1E6D0 1000.00000 -502.00000 1329.60000 1024.00000 -502.00000 1329.60000 1024.00000 -502.00000 1345.20000
3 0x2F1E6D0 1000.00000 -460.00000 1329.60000 1024.00000 -502.00000 1329.60000 1000.00000 -502.00000 1329.60000
3 0x2F1E6D0 1000.00000 -460.00000 1329.60000 1024.00000 -460.00000 1329.60000 1024.00000 -502.00000 1329.60000
3 0x2F1E6D0 1000.00000 -460.00000 1345.20000 1024.00000 -502.00000 1345.20000 1024.00000 -460.00000 1345.20000
3 0x2F1E6D0 1000.00000 -460.00000 1345.20000 1000.00000 -502.00000 1345.20000 1024.00000 -502.00000 1345.20000
3 0x2F1E6D0 1000.00000 -460.00000 1329.60000 1000.00000 -502.00000 1345.20000 1000.00000 -460.00000 1345.20000
3 0x2F1E6D0 1000.00000 -460.00000 1329.60000 1000.00000 -502.00000 1329.60000 1000.00000 -502.00000 1345.20000
3 0x2F1E6D0 1024.00000 -460.00000 1329.60000 1024.00000 -502.00000 1345.20000 1024.00000 -502.00000 1329.60000
3 0x2F1E6D0 1024.00000 -460.00000 1329.60000 1024.00000 -460.00000 1345.20000 1024.00000 -502.00000 1345.20000
3 0x2CEC2A9 720.00000 -6.00000 1345.20000 1000.00000 -6.00000 1360.80000 1000.00000 -6.00000 1345.20000
3 0x2CEC2A9 720.00000 -6.00000 1345.20000 720.00000 -6.00000 1360.80000 1000.00000 -6.00000 1360.80000
3 0x2CEC2A9 720.00000 -440.00000 1345.20000 1000.00000 -440.00000 1360.80000 720.00000 -440.00000 1360.80000
3 0x2CEC2A9 720.00000 -440.00000 1345.20000 1000.00000 -440.00000 1345.20000 1000.00000 -440.00000 1360.80000
3 0x2CEC2A9 720.00000 -6.00000 1345.20000 1000.00000 -440.00000 1345.20000 720.00000 -440.00000 1345.20000
3 0x2CEC2A9 720.00000 -6.00000 1345.20000 1000.00000 -6.00000 1345.20000 1000.00000 -440.00000 1345.20000
3 0x2CEC2A9 720.00000 -6.00000 1360.80000 1000.00000 -440.00000 1360.80000 1000.00000 -6.00000 1360.80000
3 0x2CEC2A9 720.00000 -6.00000 1360.80000 720.00000 -440.00000 1360.80000 1000.00000 -440.00000 1360.80000
3 0x2CEC2A9 720.00000 -6.00000 1345.20000 720.00000 -440.00000 1360.80000 720.00000 -6.00000 1360.80000
3 0x2CEC2A9 720.00000 -6.00000 1345.20000 720.00000 -440.00000 1345.20000 720.00000 -440.00000 1360.80000
3 0x2CEC2A9 1000.00000 -6.00000 1345.20000 1000.00000 -440.00000 1360.80000 1000.00000 -440.00000 1345.20000
3 0x2CEC2A9 1000.00000 -6.00000 1345.20000 1000.00000 -6.00000 1360.80000 1000.00000 -440.00000 1360.80000
3 0x2F1E6D0 696.00000 -440.00000 1345.20000 720.00000 -440.00000 1360.80000 720.00000 -440.00000 1345.20000
3 0x2F1E6D0 696.00000 -440.00000 1345.20000 696.00000 -440.00000 1360.80000 720.00000 -440.00000 1360.80000
3 0x2F1E6D0 696.00000 -482.00000 1345.20000 720.00000 -482.00000 1360.80000 696.00000 -482.00000 1360.80000
3 0x2F1E6D0 696.00000 -482.00000 1345.20000 720.00000 -482.00000 1345.20000 720.00000 -482.00000 1360.80000
3 0x2F1E6D0 696.00000 -440.00000 1345.20000 720.00000 -482.00000 1345.20000 696.00000 -482.00000 1345.20000
3 0x2F1E6D0 696.00000 -440.00000 1345.20000 720.00000 -440.00000 1345.20000 720.00000 -482.00000 1345.20000
3 0x2F1E6D0 696.00000 -440.00000 1360.80000 720.00000 -482.00000 1360.80000 720.00000 -440.00000 1360.80000
3 0x2F1E6D0 696.00000 -440.00000 1360.80000 696.00000 -482.00000 1360.80000 720.00000 -482.00000 1360.80000
3 0x2F1E6D0 696.00000 -440.00000 1345.20000 696.00000 -482.00000 1360.80000 696.00000 -440.00000 1360.80000
3 0x2F1E6D0 696.00000 -440.00000 1345.20000 696.00000 -482.00000 1345.20000 696.00000 -482.00000 1360.80000
3 0x2F1E6D0 720.00000 -440.00000 1345.20000 720.00000 -482.00000 1360.80000 720.00000 -482.00000 1345.20000
3 0x2F1E6D0 720.00000 -440.00000 1345.20000 720.00000 -440.00000 1360.80000 720.00000 -482.00000 1360.80000
3 0x2F1E6D0 1000.00000 -440.00000 1345.20000 1024.00000 -440.00000 1360.80000 1024.00000 -440.00000 1345.20000
3 0x2F1E6D0 1000.00000 -440.00000 1345.20000 1000.00000 -440.00000 1360.80000 1024.00000 -440.00000 1360.80000
3 0x2F1E6D0 1000.00000 -482.00000 1345.20000 1024.00000 -482.00000 1360.80000 1000.00000 -482.00000 1360.80000
3 0x2F1E6D0 1000.00000 -482.00000 1345.20000 1024.00000 -482.00000 1345.20000 1024.00000 -482.00000 1360.80000
3 0x2F1E6D0 1000.00000 -440.00000 1345.20000 1024.00000 -482.00000 1345.20000 1000.00000 -482.00000 1345.20000
3 0x2F1E6D0 1000.00000 -440.00000 1345.20000 1024.00000 -440.00000 1345.20000 1024.00000 -482.00000 1345.20000
3 0x2F1E6D0 1000.00000 -440.00000 1360.80000 1024.00000 -482.00000 1360.80000 1024.00000 -440.00000 1360.80000
3 0x2F1E6D0 1000.00000 -440.00000 1360.80000 1000.00000 -482.00000 1360.80000 1024.00000 -482.00000 1360.80000
3 0x2F1E6D0 1000.00000 -440.00000 1345.20000 1000.00000 -482.00000 1360.80000 1000.00000 -440.00000 1360.80000
3 0x2F1E6D0 1000.00000 -440.00000 1345.20000 1000.00000 -482.00000 1345.20000 1000.00000 -482.00000 1360.80000
3 0x2F1E6D0 1024.00000 -440.00000 1345.20000 1024.00000 -482.00000 1360.80000 1024.00000 -482.00000 1345.20000
3 0x2F1E6D0 1024.00000 -440.00000 1345.20000 1024.00000 -440.00000 1360.80000 1024.00000 -482.00000 1360.80000
3 0x2CEC2A9 720.00000 -6.00000 1360.80000 1140.00000 -6.00000 1480.80000 1140.00000 -6.00000 1360.80000
3 0x2CEC2A9 720.00000 -6.00000 1360.80000 720.00000 -6.00000 1480.80000 1140.00000 -6.00000 1480.80000
3 0x2CEC2A9 720.00000 -440.00000 1360.80000 1140.00000 -440.00000 1480.80000 720.00000 -440.00000 1480.80000
3 0x2CEC2A9 720.00000 -440.00000 1360.80000 1140.00000 -440.00000 1360.80000 1140.00000 -440.00000 1480.80000
3 0x2CEC2A9 720.00000 -6.00000 1360.80000 1140.00000 -440.00000 1360.80000 720.00000 -440.00000 1360.80000
3 0x2CEC2A9 720.00000 -6.00000 1360.80000 1140.00000 -6.00000 1360.80000 1140.00000 -440.00000 1360.80000
3 0x2CEC2A9 720.00000 -6.00000 1480.80000 1140.00000 -440.00000 1480.80000 1140.00000 -6.00000 1480.80000
3 0x2CEC2A9 720.00000 -6.00000 1480.80000 720.00000 -440.00000 1480.80000 1140.00000 -440.00000 1480.80000
3 0x2CEC2A9 720.00000 -6.00000 1360.80000 720.00000 -440.00000 1480.80000 720.00000 -6.00000 1480.80000
3 0x2CEC2A9 720.00000 -6.00000 1360.80000 720.00000 -440.00000 1360.80000 720.00000 -440.00000 1480.80000
3 0x2CEC2A9 1140.00000 -6.00000 1360.80000 1140.00000 -440.00000 1480.80000 1140.00000 -440.00000 1360.80000
3 0x2CEC2A9 1140.00000 -6.00000 1360.80000 1140.00000 -6.00000 1480.80000 1140.00000 -440.00000 1480.80000
3 0x2CEC2A9 860.00000 -6.00000 1480.80000 1140.00000 -6.00000 1493.80000 1140.00000 -6.00000 1480.80000
3 0x2CEC2A9 860.00000 -6.00000 1480.80000 860.00000 -6.00000 1493.80000 1140.00000 -6.00000 1493.80000
3 0x2CEC2A9 860.00000 -420.00000 1480.80000 1140.00000 -420.00000 1493.80000 860.00000 -420.00000 1493.80000
3 0x2CEC2A9 860.00000 -420.00000 1480.80000 1140.00000 -420.00000 1480.80000 1140.00000 -420.00000 1493.80000
3 0x2CEC2A9 860.00000 -6.00000 1480.80000 1140.00000 -420.00000 1480.80000 860.00000 -420.00000 1480.80000
3 0x2CEC2A9 860.00000 -6.00000 1480.80000 1140.00000 -6.00000 1480.80000 1140.00000 -420.00000 1480.80000
3 0x2CEC2A9 860.00000 -6.00000 1493.80000 1140.00000 -420.00000 1493.80000 1140.00000 -6.00000 1493.80000
3 0x2CEC2A9 860.00000 -6.00000 1493.80000 860.00000 -420.00000 1493.80000 1140.00000 -420.00000 1493.80000
3 0x2CEC2A9 860.00000 -6.00000 1480.80000 860.00000 -420.00000 1493.80000 860.00000 -6.00000 1493.80000
3 0x2CEC2A9 860.00000 -6.00000 1480.80000 860.00000 -420.00000 1480.80000 860.00000 -420.00000 1493.80000
3 0x2CEC2A9 1140.00000 -6.00000 1480.80000 1140.00000 -420.00000 1493.80000 1140.00000 -420.00000 1480.80000
3 0x2CEC2A9 1140.00000 -6.00000 1480.80000 1140.00000 -6.00000 1493.80000 1140.00000 -420.00000 1493.80000
3 0x2F1E6D0 836.00000 -420.00000 1480.80000 860.00000 -420.00000 1493.80000 860.00000 -420.00000 1480.80000
3 0x2F1E6D0 836.00000 -420.00000 1480.80000 836.00000 -420.00000 1493.80000 860.00000 -420.00000 1493.80000
3 0x2F1E6D0 836.00000 -462.00000 1480.80000 860.00000 -462.00000 1493.80000 836.00000 -462.00000 1493.80000
3 0x2F1E6D0 836.00000 -462.00000 1480.80000 860.00000 -462.00000 1480.80000 860.00000 -462.00000 1493.80000
3 0x2F1E6D0 836.00000 -420.00000 1480.80000 860.00000 -462.00000 1480.80000 836.00000 -462.00000 1480.80000
3 0x2F1E6D0 836.00000 -420.00000 1480.80000 860.00000 -420.00000 1480.80000 860.00000 -462.00000 1480.80000
3 0x2F1E6D0 836.00000 -420.00000 1493.80000 860.00000 -462.00000 1493.80000 860.00000 -420.00000 1493.80000
3 0x2F1E6D0 836.00000 -420.00000 1493.80000 836.00000 -462.00000 1493.80000 860.00000 -462.00000 1493.80000
3 0x2F1E6D0 836.00000 -420.00000 1480.80000 836.00000 -462.00000 1493.80000 836.00000 -420.00000 1493.80000
3 0x2F1E6D0 836.00000 -420.00000 1480.80000 836.00000 -462.00000 1480.80000 836.00000 -462.00000 1493.80000
3 0x2F1E6D0 860.00000 -420.00000 1480.80000 860.00000 -462.00000 1493.80000 860.00000 -462.00000 1480.80000
3 0x2F1E6D0 860.00000 -420.00000 1480.80000 860.00000 -420.00000 1493.80000 860.00000 -462.00000 1493.80000
3 0x2F1E6D0 1140.00000 -420.00000 1480.80000 1164.00000 -420.00000 1493.80000 1164.00000 -420.00000 1480.80000
3 0x2F1E6D0 1140.00000 -420.00000 1480.80000 1140.00000 -420.00000 1493.80000 1164.00000 -420.00000 1493.80000
3 0x2F1E6D0 1140.00000 -462.00000 1480.80000 1164.00000 -462.00000 1493.80000 1140.00000 -462.00000 1493.80000
3 0x2F1E6D0 1140.00000 -462.00000 1480.80000 1164.00000 -462.00000 1480.80000 1164.00000 -462.00000 1493.80000
3 0x2F1E6D0 1140.00000 -420.00000 1480.80000 1164.00000 -462.00000 1480.80000 1140.00000 -462.00000 1480.80000
3 0x2F1E6D0 1140.00000 -420.00000 1480.80000 1164.00000 -420.00000 1480.80000 1164.00000 -462.00000 1480.80000
3 0x2F1E6D0 1140.00000 -420.00000 1493.80000 1164.00000 -462.00000 1493.80000 1164.00000 -420.00000 1493.80000
3 0x2F1E6D0 1140.00000 -420.00000 1493.80000 1140.00000 -462.00000 1493.80000 1164.00000 -462.00000 1493.80000
3 0x2F1E6D0 1140.00000 -420.00000 1480.80000 1140.00000 -462.00000 1493.80000 1140.00000 -420.00000 1493.80000
3 0x2F1E6D0 1140.00000 -420.00000 1480.80000 1140.00000 -462.00000 1480.80000 1140.00000 -462.00000 1493.80000
3 0x2F1E6D0 1164.00000 -420.00000 1480.80000 1164.00000 -462.00000 1493.80000 1164.00000 -462.00000 1480.80000
3 0x2F1E6D0 1164.00000 -420.00000 1480.80000 1164.00000 -420.00000 1493.80000 1164.00000 -462.00000 1493.80000
3 0x2CEC2A9 860.00000 -6.00000 1493.80000 1140.00000 -6.00000 1506.80000 1140.00000 -6.00000 1493.80000
3 0x2CEC2A9 860.00000 -6.00000 1493.80000 860.00000 -6.00000 1506.80000 1140.00000 -6.00000 1506.80000
3 0x2CEC2A9 860.00000 -400.00000 1493.80000 1140.00000 -400.00000 1506.80000 860.00000 -400.00000 1506.80000
3 0x2CEC2A9 860.00000 -400.00000 1493.80000 1140.00000 -400.00000 1493.80000 1140.00000 -400.00000 1506.80000
3 0x2CEC2A9 860.00000 -6.00000 1493.80000 1140.00000 -400.00000 1493.80000 860.00000 -400.00000 1493.80000
3 0x2CEC2A9 860.00000 -6.00000 1493.80000 1140.00000 -6.00000 1493.80000 1140.00000 -400.00000 1493.80000
3 0x2CEC2A9 860.00000 -6.00000 1506.80000 1140.00000 -400.00000 1506.80000 1140.00000 -6.00000 1506.80000
3 0x2CEC2A9 860.00000 -6.00000 1506.80000 860.00000 -400.00000 1506.80000 1140.00000 -400.00000 1506.80000
3 0x2CEC2A9 860.00000 -6.00000 1493.80000 860.00000 -400.00000 1506.80000 860.00000 -6.00000 1506.80000
3 0x2CEC2A9 860.00000 -6.00000 1493.80000 860.00000 -400.00000 1493.80000 860.00000 -400.00000 1506.80000
3 0x2CEC2A9 1140.00000 -6.00000 1493.80000 1140.00000 -400.00000 1506.80000 1140.00000 -400.00000 1493.80000
3 0x2CEC2A9 1140.00000 -6.00000 1493.80000 1140.00000 -6.00000 1506.80000 1140.00000 -400.00000 1506.80000
3 0x2F1E6D0 836.00000 -400.00000 1493.80000 860.00000 -400.00000 1506.80000 860.00000 -400.00000 1493.80000
3 0x2F1E6D0 836.00000 -400.00000 1493.80000 836.00000 -400.00000 1506.80000 860.00000 -400.00000 1506.80000
3 0x2F1E6D0 836.00000 -442.00000 1493.80000 860.00000 -442.00000 1506.80000 836.00000 -442.00000 1506.80000
3 0x2F1E6D0 836.00000 -442.00000 1493.80000 860.00000 -442.00000 1493.80000 860.00000 -442.00000 1506.80000
3 0x2F1E6D0 836.00000 -400.00000 1493.80000 860.00000 -442.00000 1493.80000 836.00000 -442.00000 1493.80000
3 0x2F1E6D0 836.00000 -400.00000 1493.80000 860.00000 -400.00000 1493.80000 860.00000 -442.00000 1493.80000
3 0x2F1E6D0 836.00000 -400.00000 1506.80000 860.00000 -442.00000 1506.80000 860.00000 -400.00000 1506.80000
3 0x2F1E6D0 836.00000 -400.00000 1506.80000 836.00000 -442.00000 1506.80000 860.00000 -442.00000 1506.80000
3 0x2F1E6D0 836.00000 -400.00000 1493.80000 836.00000 -442.00000 1506.80000 836.00000 -400.00000 1506.80000
3 0x2F1E6D0 836.00000 -400.00000 1493.80000 836.00000 -442.00000 1493.80000 836.00000 -442.00000 1506.80000
3 0x2F1E6D0 860.00000 -400.00000 1493.80000 860.00000 -442.00000 1506.80000 860.00000 -442.00000 1493.80000
3 0x2F1E6D0 860.00000 -400.00000 1493.80000 860.00000 -400.00000 1506.80000 860.00000 -442.00000 1506.80000
3 0x2F1E6D0 1140.00000 -400.00000 1493.80000 1164.00000 -400.00000 1506.80000 1164.00000 -400.00000 1493.80000
3 0x2F1E6D0 1140.00000 -400.00000 1493.80000 1140.00000 -400.00000 1506.80000 1164.00000 -400.00000 1506.80000
3 0x2F1E6D0 1140.00000 -442.00000 1493.80000 1164.00000 -442.00000 1506.80000 1140.00000 -442.00000 1506.80000
3 0x2F1E6D0 1140.00000 -442.00000 1493.80000 1164.00000 -442.00000 1493.80000 1164.00000 -442.00000 1506.80000
3 0x2F1E6D0 1140.00000 -400.00000 1493.80000 1164.00000 -442.00000 1493.80000 1140.00000 -442.00000 1493.80000
3 0x2F1E6D0 1140.00000 -400.00000 1493.80000 1164.00000 -400.00000 1493.80000 1164.00000 -442.00000 1493.80000
3 0x2F1E6D0 1140.00000 -400.00000 1506.80000 1164.00000 -442.00000 1506.80000 1164.00000 -400.00000 1506.80000
3 0x2F1E6D0 1140.00000 -400.00000 1506.80000 1140.00000 -442.00000 1506.80000 1164.00000 -442.00000 1506.80000
3 0x2F1E6D0 1140.00000 -400.00000 1493.80000 1140.00000 -442.00000 1506.80000 1140.00000 -400.00000 1506.80000
3 0x2F1E6D0 1140.00000 -400.00000 1493.80000 1140.00000 -442.00000 1493.80000 1140.00000 -442.00000 1506.80000
3 0x2F1E6D0 1164.00000 -400.00000 1493.80000 1164.00000 -442.00000 1506.80000 1164.00000 -442.00000 1493.80000
3 0x2F1E6D0 1164.00000 -400.00000 1493.80000 1164.00000 -400.00000 1506.80000 1164.00000 -442.00000 1506.80000
3 0x2CEC2A9 860.00000 -6.00000 1506.80000 1140.00000 -6.00000 1519.80000 1140.00000 -6.00000 1506.80000
3 0x2CEC2A9 860.00000 -6.00000 1506.80000 860.00000 -6.00000 1519.80000 1140.00000 -6.00000 1519.80000
3 0x2CEC2A9 860.00000 -380.00000 1506.80000 1140.00000 -380.00000 1519.80000 860.00000 -380.00000 1519.80000
3 0x2CEC2A9 860.00000 -380.00000 1506.80000 1140.00000 -380.00000 1506.80000 1140.00000 -380.00000 1519.80000
3 0x2CEC2A9 860.00000 -6.00000 1506.80000 1140.00000 -380.00000 1506.80000 860.00000 -380.00000 1506.80000
3 0x2CEC2A9 860.00000 -6.00000 1506.80000 1140.00000 -6.00000 1506.80000 1140.00000 -380.00000 1506.80000
3 0x2CEC2A9 860.00000 -6.00000 1519.80000 1140.00000 -380.00000 1519.80000 1140.00000 -6.00000 1519.80000
3 0x2CEC2A9 860.00000 -6.00000 1519.80000 860.00000 -380.00000 1519.80000 1140.00000 -380.00000 1519.80000
3 0x2CEC2A9 860.00000 -6.00000 1506.80000 860.00000 -380.00000 1519.80000 860.00000 -6.00000 1519.80000
3 0x2CEC2A9 860.00000 -6.00000 1506.80000 860.00000 -380.00000 1506.80000 860.00000 -380.00000 1519.80000
3 0x2CEC2A9 1140.00000 -6.00000 1506.80000 1140.00000 -380.00000 1519.80000 1140.00000 -380.00000 1506.80000
3 0x2CEC2A9 1140.00000 -6.00000 1506.80000 1140.00000 -6.00000 1519.80000 1140.00000 -380.00000 1519.80000
3 0x2F1E6D0 836.00000 -380.00000 1506.80000 860.00000 -380.00000 1519.80000 860.00000 -380.00000 1506.80000
3 0x2F1E6D0 836.00000 -380.00000 1506.80000 836.00000 -380.00000 1519.80000 860.00000 -380.00000 1519.80000
3 0x2F1E6D0 836.00000 -422.00000 1506.80000 860.00000 -422.00000 1519.80000 836.00000 -422.00000 1519.80000
3 0x2F1E6D0 836.00000 -422.00000 1506.80000 860.00000 -422.00000 1506.80000 860.00000 -422.00000 1519.80000
3 0x2F1E6D0 836.00000 -380.00000 1506.80000 860.00000 -422.00000 1506.80000 836.00000 -422.00000 1506.80000
3 0x2F1E6D0 836.00000 -380.00000 1506.80000 860.00000 -380.00000 1506.80000 860.00000 -422.00000 1506.80000
3 0x2F1E6D0 836.00000 -380.00000 1519.80000 860.00000 -422.00000 1519.80000 860.00000 -380.00000 1519.80000
3 0x2F1E6D0 836.00000 -380.00000 1519.80000 836.00000 -422.00000 1519.80000 860.00000 -422.00000 1519.80000
3 0x2F1E6D0 836.00000 -380.00000 1506.80000 836.00000 -422.00000 1519.80000 836.00000 -380.00000 1519.80000
3 0x2F1E6D0 836.00000 -380.00000 1506.80000 836.00000 -422.00000 1506.80000 836.00000 -422.00000 1519.80000
3 0x2F1E6D0 860.00000 -380.00000 1506.80000 860.00000 -422.00000 1519.80000 860.00000 -422.00000 1506.80000
3 0x2F1E6D0 860.00000 -380.00000 1506.80000 860.00000 -380.00000 1519.80000 860.00000 -422.00000 1519.80000
3 0x2F1E6D0 1140.00000 -380.00000 1506.80000 1164.00000 -380.00000 1519.80000 1164.00000 -380.00000 1506.80000
3 0x2F1E6D0 1140.00000 -380.00000 1506.80000 1140.00000 -380.00000 1519.80000 1164.00000 -380.00000 1519.80000
3 0x2F1E6D0 1140.00000 -422.00000 1506.80000 1164.00000 -422.00000 1519.80000 1140.00000 -422.00000 1519.80000
3 0x2F1E6D0 1140.00000 -422.00000 1506.80000 1164.00000 -422.00000 1506.80000 1164.00000 -422.00000 1519.80000
3 0x2F1E6D0 1140.00000 -380.00000 1506.80000 1164.00000 -422.00000 1506.80000 1140.00000 -422.00000 1506.80000
3 0x2F1E6D0 1140.00000 -380.00000 1506.80000 1164.00000 -380.00000 1506.80000 1164.00000 -422.00000 1506.80000
3 0x2F1E6D0 1140.00000 -380.00000 1519.80000 1164.00000 -422.00000 1519.80000 1164.00000 -380.00000 1519.80000
3 0x2F1E6D0 1140.00000 -380.00000 1519.80000 1140.00000 -422.00000 1519.80000 1164.00000 -422.00000 1519.80000
3 0x2F1E6D0 1140.00000 -380.00000 1506.80000 1140.00000 -422.00000 1519.80000 1140.00000 -380.00000 1519.80000
3 0x2F1E6D0 1140.00000 -380.00000 1506.80000 1140.00000 -422.00000 1506.80000 1140.00000 -422.00000 1519.80000
3 0x2F1E6D0 1164.00000 -380.00000 1506.80000 1164.00000 -422.00000 1519.80000 1164.00000 -422.00000 1506.80000
3 0x2F1E6D0 1164.00000 -380.00000 1506.80000 1164.00000 -380.00000 1519.80000 1164.00000 -422.00000 1519.80000
3 0x2CEC2A9 860.00000 -6.00000 1519.80000 1140.00000 -6.00000 1532.80000 1140.00000 -6.00000 1519.80000
3 0x2CEC2A9 860.00000 -6.00000 1519.80000 860.00000 -6.00000 1532.80000 1140.00000 -6.00000 1532.80000
3 0x2CEC2A9 860.00000 -360.00000 1519.80000 1140.00000 -360.00000 1532.80000 860.00000 -360.00000 1532.80000
3 0x2CEC2A9 860.00000 -360.00000 1519.80000 1140.00000 -360.00000 1519.80000 1140.00000 -360.00000 1532.80000
3 0x2CEC2A9 860.00000 -6.00000 1519.80000 1140.00000 -360.00000 1519.80000 860.00000 -360.00000 1519.80000
3 0x2CEC2A9 860.00000 -6.00000 1519.80000 1140.00000 -6.00000 1519.80000 1140.00000 -360.00000 1519.80000
3 0x2CEC2A9 860.00000 -6.00000 1532.80000 1140.00000 -360.00000 1532.80000 1140.00000 -6.00000 1532.80000
3 0x2CEC2A9 860.00000 -6.00000 1532.80000 860.00000 -360.00000 1532.80000 1140.00000 -360.00000 1532.80000
3 0x2CEC2A9 860.00000 -6.00000 1519.80000 860.00000 -360.00000 1532.80000 860.00000 -6.00000 1532.80000
3 0x2CEC2A9 860.00000 -6.00000 1519.80000 860.00000 -360.00000 1519.80000 860.00000 -360.00000 1532.80000
3 0x2CEC2A9 1140.00000 -6.00000 1519.80000 1140.00000 -360.00000 1532.80000 1140.00000 -360.00000 1519.80000
3 0x2CEC2A9 1140.00000 -6.00000 1519.80000 1140.00000 -6.00000 1532.80000 1140.00000 -360.00000 1532.80000
3 0x2F1E6D0 836.00000 -360.00000 1519.80000 860.00000 -360.00000 1532.80000 860.00000 -360.00000 1519.80000
3 0x2F1E6D0 836.00000 -360.00000 1519.80000 836.00000 -360.00000 1532.80000 860.00000 -360.00000 1532.80000
3 0x2F1E6D0 836.00000 -402.00000 1519.80000 860.00000 -402.00000 1532.80000 836.00000 -402.00000 1532.80000
3 0x2F1E6D0 836.00000 -402.00000 1519.80000 860.00000 -402.00000 1519.80000 860.00000 -402.00000 1532.80000
3 0x2F1E6D0 836.00000 -360.00000 1519.80000 860.00000 -402.00000 1519.80000 836.00000 -402.00000 1519.80000
3 0x2F1E6D0 836.00000 -360.00000 1519.80000 860.00000 -360.00000 1519.80000 860.00000 -402.00000 1519.80000
3 0x2F1E6D0 836.00000 -360.00000 1532.80000 860.00000 -402.00000 1532.80000 860.00000 -360.00000 1532.80000
3 0x2F1E6D0 836.00000 -360.00000 1532.80000 836.00000 -402.00000 1532.80000 860.00000 -402.00000 1532.80000
3 0x2F1E6D0 836.00000 -360.00000 1519.80000 836.00000 -402.00000 1532.80000 836.00000 -360.00000 1532.80000
3 0x2F1E6D0 836.00000 -360.00000 1519.80000 836.00000 -402.00000 1519.80000 836.00000 -402.00000 1532.80000
3 0x2F1E6D0 860.00000 -360.00000 1519.80000 860.00000 -402.00000 1532.80000 860.00000 -402.00000 1519.80000
3 0x2F1E6D0 860.00000 -360.00000 1519.80000 860.00000 -360.00000 1532.80000 860.00000 -402.00000 1532.80000
3 0x2F1E6D0 1140.00000 -360.00000 1519.80000 1164.00000 -360.00000 1532.80000 1164.00000 -360.00000 1519.80000
3 0x2F1E6D0 1140.00000 -360.00000 1519.80000 1140.00000 -360.00000 1532.80000 1164.00000 -360.00000 1532.80000
3 0x2F1E6D0 1140.00000 -402.00000 1519.80000 1164.00000 -402.00000 1532.80000 1140.00000 -402.00000 1532.80000
3 0x2F1E6D0 1140.00000 -402.00000 1519.80000 1164.00000 -402.00000 1519.80000 1164.00000 -402.00000 1532.80000
3 0x2F1E6D0 1140.00000 -360.00000 1519.80000 1164.00000 -402.00000 1519.80000 1140.00000 -402.00000 1519.80000
3 0x2F1E6D0 1140.00000 -360.00000 1519.80000 1164.00000 -360.00000 1519.80000 1164.00000 -402.00000 1519.80000
3 0x2F1E6D0 1140.00000 -360.00000 1532.80000 1164.00000 -402.00000 1532.80000 1164.00000 -360.00000 1532.80000
3 0x2F1E6D0 1140.00000 -360.00000 1532.80000 1140.00000 -402.00000 1532.80000 1164.00000 -402.00000 1532.80000
3 0x2F1E6D0 1140.00000 -360.00000 1519.80000 1140.00000 -402.00000 1532.80000 1140.00000 -360.00000 1532.80000
3 0x2F1E6D0 1140.00000 -360.00000 1519.80000 1140.00000 -402.00000 1519.80000 1140.00000 -402.00000 1532.80000
3 0x2F1E6D0 1164.00000 -360.00000 1519.80000 1164.00000 -402.00000 1532.80000 1164.00000 -402.00000 1519.80000
3 0x2F1E6D0 1164.00000 -360.00000 1519.80000 1164.00000 -360.00000 1532.80000 1164.00000 -402.00000 1532.80000
3 0x2CEC2A9 860.00000 -6.00000 1532.80000 1140.00000 -6.00000 1545.80000 1140.00000 -6.00000 1532.80000
3 0x2CEC2A9 860.00000 -6.00000 1532.80000 860.00000 -6.00000 1545.80000 1140.00000 -6.00000 1545.80000
3 0x2CEC2A9 860.00000 -340.00000 1532.80000 1140.00000 -340.00000 1545.80000 860.00000 -340.00000 1545.80000
3 0x2CEC2A9 860.00000 -340.00000 1532.80000 1140.00000 -340.00000 1532.80000 1140.00000 -340.00000 1545.80000
3 0x2CEC2A9 860.00000 -6.00000 1532.80000 1140.00000 -340.00000 1532.80000 860.00000 -340.00000 1532.80000
3 0x2CEC2A9 860.00000 -6.00000 1532.80000 1140.00000 -6.00000 1532.80000 1140.00000 -340.00000 1532.80000
3 0x2CEC2A9 860.00000 -6.00000 1545.80000 1140.00000 -340.00000 1545.80000 1140.00000 -6.00000 1545.80000
3 0x2CEC2A9 860.00000 -6.00000 1545.80000 860.00000 -340.00000 1545.80000 1140.00000 -340.00000 1545.80000
3 0x2CEC2A9 860.00000 -6.00000 1532.80000 860.00000 -340.00000 1545.80000 860.00000 -6.00000 1545.80000
3 0x2CEC2A9 860.00000 -6.00000 1532.80000 860.00000 -340.00000 1532.80000 860.00000 -340.00000 1545.80000
3 0x2CEC2A9 1140.00000 -6.00000 1532.80000 1140.00000 -340.00000 1545.80000 1140.00000 -340.00000 1532.80000
3 0x2CEC2A9 1140.00000 -6.00000 1532.80000 1140.00000 -6.00000 1545.80000 1140.00000 -340.00000 1545.80000
3 0x2F1E6D0 836.00000 -340.00000 1532.80000 860.00000 -340.00000 1545.80000 860.00000 -340.00000 1532.80000
3 0x2F1E6D0 836.00000 -340.00000 1532.80000 836.00000 -340.00000 1545.80000 860.00000 -340.00000 1545.80000
3 0x2F1E6D0 836.00000 -382.00000 1532.80000 860.00000 -382.00000 1545.80000 836.00000 -382.00000 1545.80000
3 0x2F1E6D0 836.00000 -382.00000 1532.80000 860.00000 -382.00000 1532.80000 860.00000 -382.00000 1545.80000
3 0x2F1E6D0 836.00000 -340.00000 1532.80000 860.00000 -382.00000 1532.80000 836.00000 -382.00000 1532.80000
3 0x2F1E6D0 836.00000 -340.00000 1532.80000 860.00000 -340.00000 1532.80000 860.00000 -382.00000 1532.80000
3 0x2F1E6D0 836.00000 -340.00000 1545.80000 860.00000 -382.00000 1545.80000 860.00000 -340.00000 1545.80000
3 0x2F1E6D0 836.00000 -340.00000 1545.80000 836.00000 -382.00000 1545.80000 860.00000 -382.00000 1545.80000
3 0x2F1E6D0 836.00000 -340.00000 1532.80000 836.00000 -382.00000 1545.80000 836.00000 -340.00000 1545.80000
3 0x2F1E6D0 836.00000 -340.00000 1532.80000 836.00000 -382.00000 1532.80000 836.00000 -382.00000 1545.80000
3 0x2F1E6D0 860.00000 -340.00000 1532.80000 860.00000 -382.00000 1545.80000 860.00000 -382.00000 1532.80000
3 0x2F1E6D0 860.00000 -340.00000 1532.80000 860.00000 -340.00000 1545.80000 860.00000 -382.00000 1545.80000
3 0x2F1E6D0 1140.00000 -340.00000 1532.80000 1164.00000 -340.00000 1545.80000 1164.00000 -340.00000 1532.80000
3 0x2F1E6D0 1140.00000 -340.00000 1532.80000 1140.00000 -340.00000 1545.80000 1164.00000 -340.00000 1545.80000
3 0x2F1E6D0 1140.00000 -382.00000 1532.80000 1164.00000 -382.00000 1545.80000 1140.00000 -382.00000 1545.80000
3 0x2F1E6D0 1140.00000 -382.00000 1532.80000 1164.00000 -382.00000 1532.80000 1164.00000 -382.00000 1545.80000
3 0x2F1E6D0 1140.00000 -340.00000 1532.80000 1164.00000 -382.00000 1532.80000 1140.00000 -382.00000 1532.80000
3 0x2F1E6D0 1140.00000 -340.00000 1532.80000 1164.00000 -340.00000 1532.80000 1164.00000 -382.00000 1532.80000
3 0x2F1E6D0 1140.00000 -340.00000 1545.80000 1164.00000 -382.00000 1545.80000 1164.00000 -340.00000 1545.80000
3 0x2F1E6D0 1140.00000 -340.00000 1545.80000 1140.00000 -382.00000 1545.80000 1164.00000 -382.00000 1545.80000
3 0x2F1E6D0 1140.00000 -340.00000 1532.80000 1140.00000 -382.00000 1545.80000 1140.00000 -340.00000 1545.80000
3 0x2F1E6D0 1140.00000 -340.00000 1532.80000 1140.00000 -382.00000 1532.80000 1140.00000 -382.00000 1545.80000
3 0x2F1E6D0 1164.00000 -340.00000 1532.80000 1164.00000 -382.00000 1545.80000 1164.00000 -382.00000 1532.80000
3 0x2F1E6D0 1164.00000 -340.00000 1532.80000 1164.00000 -340.00000 1545.80000 1164.00000 -382.00000 1545.80000
3 0x2CEC2A9 860.00000 -6.00000 1545.80000 1140.00000 -6.00000 1558.80000 1140.00000 -6.00000 1545.80000
3 0x2CEC2A9 860.00000 -6.00000 1545.80000 860.00000 -6.00000 1558.80000 1140.00000 -6.00000 1558.80000
3 0x2CEC2A9 860.00000 -320.00000 1545.80000 1140.00000 -320.00000 1558.80000 860.00000 -320.00000 1558.80000
3 0x2CEC2A9 860.00000 -320.00000 1545.80000 1140.00000 -320.00000 1545.80000 1140.00000 -320.00000 1558.80000
3 0x2CEC2A9 860.00000 -6.00000 1545.80000 1140.00000 -320.00000 1545.80000 860.00000 -320.00000 1545.80000
3 0x2CEC2A9 860.00000 -6.00000 1545.80000 1140.00000 -6.00000 1545.80000 1140.00000 -320.00000 1545.80000
3 0x2CEC2A9 860.00000 -6.00000 1558.80000 1140.00000 -320.00000 1558.80000 1140.00000 -6.00000 1558.80000
3 0x2CEC2A9 860.00000 -6.00000 1558.80000 860.00000 -320.00000 1558.80000 1140.00000 -320.00000 1558.80000
3 0x2CEC2A9 860.00000 -6.00000 1545.80000 860.00000 -320.00000 1558.80000 860.00000 -6.00000 1558.80000
3 0x2CEC2A9 860.00000 -6.00000 1545.80000 860.00000 -320.00000 1545.80000 860.00000 -320.00000 1558.80000
3 0x2CEC2A9 1140.00000 -6.00000 1545.80000 1140.00000 -320.00000 1558.80000 1140.00000 -320.00000 1545.80000
3 0x2CEC2A9 1140.00000 -6.00000 1545.80000 1140.00000 -6.00000 1558.80000 1140.00000 -320.00000 1558.80000
3 0x2F1E6D0 836.00000 -320.00000 1545.80000 860.00000 -320.00000 1558.80000 860.00000 -320.00000 1545.80000
3 0x2F1E6D0 836.00000 -320.00000 1545.80000 836.00000 -320.00000 1558.80000 860.00000 -320.00000 1558.80000
3 0x2F1E6D0 836.00000 -362.00000 1545.80000 860.00000 -362.00000 1558.80000 836.00000 -362.00000 1558.80000
3 0x2F1E6D0 836.00000 -362.00000 1545.80000 860.00000 -362.00000 1545.80000 860.00000 -362.00000 1558.80000
3 0x2F1E6D0 836.00000 -320.00000 1545.80000 860.00000 -362.00000 1545.80000 836.00000 -362.00000 1545.80000
3 0x2F1E6D0 836.00000 -320.00000 1545.80000 860.00000 -320.00000 1545.80000 860.00000 -362.00000 1545.80000
3 0x2F1E6D0 836.00000 -320.00000 1558.80000 860.00000 -362.00000 1558.80000 860.00000 -320.00000 1558.80000
3 0x2F1E6D0 836.00000 -320.00000 1558.80000 836.00000 -362.00000 1558.80000 860.00000 -362.00000 1558.80000
3 0x2F1E6D0 836.00000 -320.00000 1545.80000 836.00000 -362.00000 1558.80000 836.00000 -320.00000 1558.80000
3 0x2F1E6D0 836.00000 -320.00000 1545.80000 836.00000 -362.00000 1545.80000 836.00000 -362.00000 1558.80000
3 0x2F1E6D0 860.00000 -320.00000 1545.80000 860.00000 -362.00000 1558.80000 860.00000 -362.00000 1545.80000
3 0x2F1E6D0 860.00000 -320.00000 1545.80000 860.00000 -320.00000 1558.80000 860.00000 -362.00000 1558.80000
3 0x2F1E6D0 1140.00000 -320.00000 1545.80000 1164.00000 -320.00000 1558.80000 1164.00000 -320.00000 1545.80000
3 0x2F1E6D0 1140.00000 -320.00000 1545.80000 1140.00000 -320.00000 1558.80000 1164.00000 -320.00000 1558.80000
3 0x2F1E6D0 1140.00000 -362.00000 1545.80000 1164.00000 -362.00000 1558.80000 1140.00000 -362.00000 1558.80000
3 0x2F1E6D0 1140.00000 -362.00000 1545.80000 1164.00000 -362.00000 1545.80000 1164.00000 -362.00000 1558.80000
3 0x2F1E6D0 1140.00000 -320.00000 1545.80000 1164.00000 -362.00000 1545.80000 1140.00000 -362.00000 1545.80000
3 0x2F1E6D0 1140.00000 -320.00000 1545.80000 1164.00000 -320.00000 1545.80000 1164.00000 -362.00000 1545.80000
3 0x2F1E6D0 1140.00000 -320.00000 1558.80000 1164.00000 -362.00000 1558.80000 1164.00000 -320.00000 1558.80000
3 0x2F1E6D0 1140.00000 -320.00000 1558.80000 1140.00000 -362.00000 1558.80000 1164.00000 -362.00000 1558.80000
3 0x2F1E6D0 1140.00000 -320.00000 1545.80000 1140.00000 -362.00000 1558.80000 1140.00000 -320.00000 1558.80000
3 0x2F1E6D0 1140.00000 -320.00000 1545.80000 1140.00000 -362.00000 1545.80000 1140.00000 -362.00000 1558.80000
3 0x2F1E6D0 1164.00000 -320.00000 1545.80000 1164.00000 -362.00000 1558.80000 1164.00000 -362.00000 1545.80000
3 0x2F1E6D0 1164.00000 -320.00000 1545.80000 1164.00000 -320.00000 1558.80000 1164.00000 -362.00000 1558.80000
3 0x2CEC2A9 860.00000 -6.00000 1558.80000 1140.00000 -6.00000 1571.80000 1140.00000 -6.00000 1558.80000
3 0x2CEC2A9 860.00000 -6.00000 1558.80000 860.00000 -6.00000 1571.80000 1140.00000 -6.00000 1571.80000
3 0x2CEC2A9 860.00000 -300.00000 1558.80000 1140.00000 -300.00000 1571.80000 860.00000 -300.00000 1571.80000
3 0x2CEC2A9 860.00000 -300.00000 1558.80000 1140.00000 -300.00000 1558.80000 1140.00000 -300.00000 1571.80000
3 0x2CEC2A9 860.00000 -6.00000 1558.80000 1140.00000 -300.00000 1558.80000 860.00000 -300.00000 1558.80000
3 0x2CEC2A9 860.00000 -6.00000 1558.80000 1140.00000 -6.00000 1558.80000 1140.00000 -300.00000 1558.80000
3 0x2CEC2A9 860.00000 -6.00000 1571.80000 1140.00000 -300.00000 1571.80000 1140.00000 -6.00000 1571.80000
3 0x2CEC2A9 860.00000 -6.00000 1571.80000 860.00000 -300.00000 1571.80000 1140.00000 -300.00000 1571.80000
3 0x2CEC2A9 860.00000 -6.00000 1558.80000 860.00000 -300.00000 1571.80000 860.00000 -6.00000 1571.80000
3 0x2CEC2A9 860.00000 -6.00000 1558.80000 860.00000 -300.00000 1558.80000 860.00000 -300.00000 1571.80000
3 0x2CEC2A9 1140.00000 -6.00000 1558.80000 1140.00000 -300.00000 1571.80000 1140.00000 -300.00000 1558.80000
3 0x2CEC2A9 1140.00000 -6.00000 1558.80000 1140.00000 -6.00000 1571.80000 1140.00000 -300.00000 1571.80000
3 0x2F1E6D0 836.00000 -300.00000 1558.80000 860.00000 -300.00000 1571.80000 860.00000 -300.00000 1558.80000
3 0x2F1E6D0 836.00000 -300.00000 1558.80000 836.00000 -300.00000 1571.80000 860.00000 -300.00000 1571.80000
3 0x2F1E6D0 836.00000 -342.00000 1558.80000 860.00000 -342.00000 1571.80000 836.00000 -342.00000 1571.80000
3 0x2F1E6D0 836.00000 -342.00000 1558.80000 860.00000 -342.00000 1558.80000 860.00000 -342.00000 1571.80000
3 0x2F1E6D0 836.00000 -300.00000 1558.80000 860.00000 -342.00000 1558.80000 836.00000 -342.00000 1558.80000
3 0x2F1E6D0 836.00000 -300.00000 1558.80000 860.00000 -300.00000 1558.80000 860.00000 -342.00000 1558.80000
3 0x2F1E6D0 836.00000 -300.00000 1571.80000 860.00000 -342.00000 1571.80000 860.00000 -300.00000 1571.80000
3 0x2F1E6D0 836.00000 -300.00000 1571.80000 836.00000 -342.00000 1571.80000 860.00000 -342.00000 1571.80000
3 0x2F1E6D0 836.00000 -300.00000 1558.80000 836.00000 -342.00000 1571.80000 836.00000 -300.00000 1571.80000
3 0x2F1E6D0 836.00000 -300.00000 1558.80000 836.00000 -342.00000 1558.80000 836.00000 -342.00000 1571.80000
3 0x2F1E6D0 860.00000 -300.00000 1558.80000 860.00000 -342.00000 1571.80000 860.00000 -342.00000 1558.80000
3 0x2F1E6D0 860.00000 -300.00000 1558.80000 860.00000 -300.00000 1571.80000 860.00000 -342.00000 1571.80000
3 0x2F1E6D0 1140.00000 -300.00000 1558.80000 1164.00000 -300.00000 1571.80000 1164.00000 -300.00000 1558.80000
3 0x2F1E6D0 1140.00000 -300.00000 1558.80000 1140.00000 -300.00000 1571.80000 1164.00000 -300.00000 1571.80000
3 0x2F1E6D0 1140.00000 -342.00000 1558.80000 1164.00000 -342.00000 1571.80000 1140.00000 -342.00000 1571.80000
3 0x2F1E6D0 1140.00000 -342.00000 1558.80000 1164.00000 -342.00000 1558.80000 1164.00000 -342.00000 1571.80000
3 0x2F1E6D0 1140.00000 -300.00000 1558.80000 1164.00000 -342.00000 1558.80000 1140.00000 -342.00000 1558.80000
3 0x2F1E6D0 1140.00000 -300.00000 1558.80000 1164.00000 -300.00000 1558.80000 1164.00000 -342.00000 1558.80000
3 0x2F1E6D0 1140.00000 -300.00000 1571.80000 1164.00000 -342.00000 1571.80000 1164.00000 -300.00000 1571.80000
3 0x2F1E6D0 1140.00000 -300.00000 1571.80000 1140.00000 -342.00000 1571.80000 1164.00000 -342.00000 1571.80000
3 0x2F1E6D0 1140.00000 -300.00000 1558.80000 1140.00000 -342.00000 1571.80000 1140.00000 -300.00000 1571.80000
3 0x2F1E6D0 1140.00000 -300.00000 1558.80000 1140.00000 -342.00000 1558.80000 1140.00000 -342.00000 1571.80000
3 0x2F1E6D0 1164.00000 -300.00000 1558.80000 1164.00000 -342.00000 1571.80000 1164.00000 -342.00000 1558.80000
3 0x2F1E6D0 1164.00000 -300.00000 1558.80000 1164.00000 -300.00000 1571.80000 1164.00000 -342.00000 1571.80000
3 0x2CEC2A9 860.00000 -6.00000 1571.80000 1140.00000 -6.00000 1584.80000 1140.00000 -6.00000 1571.80000
3 0x2CEC2A9 860.00000 -6.00000 1571.80000 860.00000 -6.00000 1584.80000 1140.00000 -6.00000 1584.80000
3 0x2CEC2A9 860.00000 -280.00000 1571.80000 1140.00000 -280.00000 1584.80000 860.00000 -280.00000 1584.80000
3 0x2CEC2A9 860.00000 -280.00000 1571.80000 1140.00000 -280.00000 1571.80000 1140.00000 -280.00000 1584.80000
3 0x2CEC2A9 860.00000 -6.00000 1571.80000 1140.00000 -280.00000 1571.80000 860.00000 -280.00000 1571.80000
3 0x2CEC2A9 860.00000 -6.00000 1571.80000 1140.00000 -6.00000 1571.80000 1140.00000 -280.00000 1571.80000
3 0x2CEC2A9 860.00000 -6.00000 1584.80000 1140.00000 -280.00000 1584.80000 1140.00000 -6.00000 1584.80000
3 0x2CEC2A9 860.00000 -6.00000 1584.80000 860.00000 -280.00000 1584.80000 1140.00000 -280.00000 1584.80000
3 0x2CEC2A9 860.00000 -6.00000 1571.80000 860.00000 -280.00000 1584.80000 860.00000 -6.00000 1584.80000
3 0x2CEC2A9 860.00000 -6.00000 1571.80000 860.00000 -280.00000 1571.80000 860.00000 -280.00000 1584.80000
3 0x2CEC2A9 1140.00000 -6.00000 1571.80000 1140.00000 -280.00000 1584.80000 1140.00000 -280.00000 1571.80000
3 0x2CEC2A9 1140.00000 -6.00000 1571.80000 1140.00000 -6.00000 1584.80000 1140.00000 -280.00000 1584.80000
3 0x2F1E6D0 836.00000 -280.00000 1571.80000 860.00000 -280.00000 1584.80000 860.00000 -280.00000 1571.80000
3 0x2F1E6D0 836.00000 -280.00000 1571.80000 836.00000 -280.00000 1584.80000 860.00000 -280.00000 1584.80000
3 0x2F1E6D0 836.00000 -322.00000 1571.80000 860.00000 -322.00000 1584.80000 836.00000 -322.00000 1584.80000
3 0x2F1E6D0 836.00000 -322.00000 1571.80000 860.00000 -322.00000 1571.80000 860.00000 -322.00000 1584.80000
3 0x2F1E6D0 836.00000 -280.00000 1571.80000 860.00000 -322.00000 1571.80000 836.00000 -322.00000 1571.80000
3 0x2F1E6D0 836.00000 -280.00000 1571.80000 860.00000 -280.00000 1571.80000 860.00000 -322.00000 1571.80000
3 0x2F1E6D0 836.00000 -280.00000 1584.80000 860.00000 -322.00000 1584.80000 860.00000 -280.00000 1584.80000
3 0x2F1E6D0 836.00000 -280.00000 1584.80000 836.00000 -322.00000 1584.80000 860.00000 -322.00000 1584.80000
3 0x2F1E6D0 836.00000 -280.00000 1571.80000 836.00000 -322.00000 1584.80000 836.00000 -280.00000 1584.80000
3 0x2F1E6D0 836.00000 -280.00000 1571.80000 836.00000 -322.00000 1571.80000 836.00000 -322.00000 1584.80000
3 0x2F1E6D0 860.00000 -280.00000 1571.80000 860.00000 -322.00000 1584.80000 860.00000 -322.00000 1571.80000
3 0x2F1E6D0 860.00000 -280.00000 1571.80000 860.00000 -280.00000 1584.80000 860.00000 -322.00000 1584.80000
3 0x2F1E6D0 1140.00000 -280.00000 1571.80000 1164.00000 -280.00000 1584.80000 1164.00000 -280.00000 1571.80000
3 0x2F1E6D0 1140.00000 -280.00000 1571.80000 1140.00000 -280.00000 1584.80000 1164.00000 -280.00000 1584.80000
3 0x2F1E6D0 1140.00000 -322.00000 1571.80000 1164.00000 -322.00000 1584.80000 1140.00000 -322.00000 1584.80000
3 0x2F1E6D0 1140.00000 -322.00000 1571.80000 1164.00000 -322.00000 1571.80000 1164.00000 -322.00000 1584.80000
3 0x2F1E6D0 1140.00000 -280.00000 1571.80000 1164.00000 -322.00000 1571.80000 1140.00000 -322.00000 1571.80000
3 0x2F1E6D0 1140.00000 -280.00000 1571.80000 1164.00000 -280.00000 1571.80000 1164.00000 -322.00000 1571.80000
3 0x2F1E6D0 1140.00000 -280.00000 1584.80000 1164.00000 -322.00000 1584.80000 1164.00000 -280.00000 1584.80000
3 0x2F1E6D0 1140.00000 -280.00000 1584.80000 1140.00000 -322.00000 1584.80000 1164.00000 -322.00000 1584.80000
3 0x2F1E6D0 1140.00000 -280.00000 1571.80000 1140.00000 -322.00000 1584.80000 1140.00000 -280.00000 1584.80000
3 0x2F1E6D0 1140.00000 -280.00000 1571.80000 1140.00000 -322.00000 1571.80000 1140.00000 -322.00000 1584.80000
3 0x2F1E6D0 1164.00000 -280.00000 1571.80000 1164.00000 -322.00000 1584.80000 1164.00000 -322.00000 1571.80000
3 0x2F1E6D0 1164.00000 -280.00000 1571.80000 1164.00000 -280.00000 1584.80000 1164.00000 -322.00000 1584.80000
3 0x2CEC2A9 860.00000 -6.00000 1584.80000 1140.00000 -6.00000 1597.80000 1140.00000 -6.00000 1584.80000
3 0x2CEC2A9 860.00000 -6.00000 1584.80000 860.00000 -6.00000 1597.80000 1140.00000 -6.00000 1597.80000
3 0x2CEC2A9 860.00000 -260.00000 1584.80000 1140.00000 -260.00000 1597.80000 860.00000 -260.00000 1597.80000
3 0x2CEC2A9 860.00000 -260.00000 1584.80000 1140.00000 -260.00000 1584.80000 1140.00000 -260.00000 1597.80000
3 0x2CEC2A9 860.00000 -6.00000 1584.80000 1140.00000 -260.00000 1584.80000 860.00000 -260.00000 1584.80000
3 0x2CEC2A9 860.00000 -6.00000 1584.80000 1140.00000 -6.00000 1584.80000 1140.00000 -260.00000 1584.80000
3 0x2CEC2A9 860.00000 -6.00000 1597.80000 1140.00000 -260.00000 1597.80000 1140.00000 -6.00000 1597.80000
3 0x2CEC2A9 860.00000 -6.00000 1597.80000 860.00000 -260.00000 1597.80000 1140.00000 -260.00000 1597.80000
3 0x2CEC2A9 860.00000 -6.00000 1584.80000 860.00000 -260.00000 1597.80000 860.00000 -6.00000 1597.80000
3 0x2CEC2A9 860.00000 -6.00000 1584.80000 860.00000 -260.00000 1584.80000 860.00000 -260.00000 1597.80000
3 0x2CEC2A9 1140.00000 -6.00000 1584.80000 1140.00000 -260.00000 1597.80000 1140.00000 -260.00000 1584.80000
3 0x2CEC2A9 1140.00000 -6.00000 1584.80000 1140.00000 -6.00000 1597.80000 1140.00000 -260.00000 1597.80000
3 0x2F1E6D0 836.00000 -260.00000 1584.80000 860.00000 -260.00000 1597.80000 860.00000 -260.00000 1584.80000
3 0x2F1E6D0 836.00000 -260.00000 1584.80000 836.00000 -260.00000 1597.80000 860.00000 -260.00000 1597.80000
3 0x2F1E6D0 836.00000 -302.00000 1584.80000 860.00000 -302.00000 1597.80000 836.00000 -302.00000 1597.80000
3 0x2F1E6D0 836.00000 -302.00000 1584.80000 860.00000 -302.00000 1584.80000 860.00000 -302.00000 1597.80000
3 0x2F1E6D0 836.00000 -260.00000 1584.80000 860.00000 -302.00000 1584.80000 836.00000 -302.00000 1584.80000
3 0x2F1E6D0 836.00000 -260.00000 1584.80000 860.00000 -260.00000 1584.80000 860.00000 -302.00000 1584.80000
3 0x2F1E6D0 836.00000 -260.00000 1597.80000 860.00000 -302.00000 1597.80000 860.00000 -260.00000 1597.80000
3 0x2F1E6D0 836.00000 -260.00000 1597.80000 836.00000 -302.00000 1597.80000 860.00000 -302.00000 1597.80000
3 0x2F1E6D0 836.00000 -260.00000 1584.80000 836.00000 -302.00000 1597.80000 836.00000 -260.00000 1597.80000
3 0x2F1E6D0 836.00000 -260.00000 1584.80000 836.00000 -302.00000 1584.80000 836.00000 -302.00000 1597.80000
3 0x2F1E6D0 860.00000 -260.00000 1584.80000 860.00000 -302.00000 1597.80000 860.00000 -302.00000 1584.80000
3 0x2F1E6D0 860.00000 -260.00000 1584.80000 860.00000 -260.00000 1597.80000 860.00000 -302.00000 1597.80000
3 0x2F1E6D0 1140.00000 -260.00000 1584.80000 1164.00000 -260.00000 1597.80000 1164.00000 -260.00000 1584.80000
3 0x2F1E6D0 1140.00000 -260.00000 1584.80000 1140.00000 -260.00000 1597.80000 1164.00000 -260.00000 1597.80000
3 0x2F1E6D0 1140.00000 -302.00000 1584.80000 1164.00000 -302.00000 1597.80000 1140.00000 -302.00000 1597.80000
3 0x2F1E6D0 1140.00000 -302.00000 1584.80000 1164.00000 -302.00000 1584.80000 1164.00000 -302.00000 1597.80000
3 0x2F1E6D0 1140.00000 -260.00000 1584.80000 1164.00000 -302.00000 1584.80000 1140.00000 -302.00000 1584.80000
3 0x2F1E6D0 1140.00000 -260.00000 1584.80000 1164.00000 -260.00000 1584.80000 1164.00000 -302.00000 1584.80000
3 0x2F1E6D0 1140.00000 -260.00000 1597.80000 1164.00000 -302.00000 1597.80000 1164.00000 -260.00000 1597.80000
3 0x2F1E6D0 1140.00000 -260.00000 1597.80000 1140.00000 -302.00000 1597.80000 1164.00000 -302.00000 1597.80000
3 0x2F1E6D0 1140.00000 -260.00000 1584.80000 1140.00000 -302.00000 1597.80000 1140.00000 -260.00000 1597.80000
3 0x2F1E6D0 1140.00000 -260.00000 1584.80000 1140.00000 -302.00000 1584.80000 1140.00000 -302.00000 1597.80000
3 0x2F1E6D0 1164.00000 -260.00000 1584.80000 1164.00000 -302.00000 1597.80000 1164.00000 -302.00000 1584.80000
3 0x2F1E6D0 1164.00000 -260.00000 1584.80000 1164.00000 -260.00000 1597.80000 1164.00000 -302.00000 1597.80000
3 0x2CEC2A9 860.00000 -6.00000 1597.80000 1140.00000 -6.00000 1610.80000 1140.00000 -6.00000 1597.80000
3 0x2CEC2A9 860.00000 -6.00000 1597.80000 860.00000 -6.00000 1610.80000 1140.00000 -6.00000 1610.80000
3 0x2CEC2A9 860.00000 -240.00000 1597.80000 1140.00000 -240.00000 1610.80000 860.00000 -240.00000 1610.80000
3 0x2CEC2A9 860.00000 -240.00000 1597.80000 1140.00000 -240.00000 1597.80000 1140.00000 -240.00000 1610.80000
3 0x2CEC2A9 860.00000 -6.00000 1597.80000 1140.00000 -240.00000 1597.80000 860.00000 -240.00000 1597.80000
3 0x2CEC2A9 860.00000 -6.00000 1597.80000 1140.00000 -6.00000 1597.80000 1140.00000 -240.00000 1597.80000
3 0x2CEC2A9 860.00000 -6.00000 1610.80000 1140.00000 -240.00000 1610.80000 1140.00000 -6.00000 1610.80000
3 0x2CEC2A9 860.00000 -6.00000 1610.80000 860.00000 -240.00000 1610.80000 1140.00000 -240.00000 1610.80000
3 0x2CEC2A9 860.00000 -6.00000 1597.80000 860.00000 -240.00000 1610.80000 860.00000 -6.00000 1610.80000
3 0x2CEC2A9 860.00000 -6.00000 1597.80000 860.00000 -240.00000 1597.80000 860.00000 -240.00000 1610.80000
3 0x2CEC2A9 1140.00000 -6.00000 1597.80000 1140.00000 -240.00000 1610.80000 1140.00000 -240.00000 1597.80000
3 0x2CEC2A9 1140.00000 -6.00000 1597.80000 1140.00000 -6.00000 1610.80000 1140.00000 -240.00000 1610.80000
3 0x2F1E6D0 836.00000 -240.00000 1597.80000 860.00000 -240.00000 1610.80000 860.00000 -240.00000 1597.80000
3 0x2F1E6D0 836.00000 -240.00000 1597.80000 836.00000 -240.00000 1610.80000 860.00000 -240.00000 1610.80000
3 0x2F1E6D0 836.00000 -282.00000 1597.80000 860.00000 -282.00000 1610.80000 836.00000 -282.00000 1610.80000
3 0x2F1E6D0 836.00000 -282.00000 1597.80000 860.00000 -282.00000 1597.80000 860.00000 -282.00000 1610.80000
3 0x2F1E6D0 836.00000 -240.00000 1597.80000 860.00000 -282.00000 1597.80000 836.00000 -282.00000 1597.80000
3 0x2F1E6D0 836.00000 -240.00000 1597.80000 860.00000 -240.00000 1597.80000 860.00000 -282.00000 1597.80000
3 0x2F1E6D0 836.00000 -240.00000 1610.80000 860.00000 -282.00000 1610.80000 860.00000 -240.00000 1610.80000
3 0x2F1E6D0 836.00000 -240.00000 1610.80000 836.00000 -282.00000 1610.80000 860.00000 -282.00000 1610.80000
3 0x2F1E6D0 836.00000 -240.00000 1597.80000 836.00000 -282.00000 1610.80000 836.00000 -240.00000 1610.80000
3 0x2F1E6D0 836.00000 -240.00000 1597.80000 836.00000 -282.00000 1597.80000 836.00000 -282.00000 1610.80000
3 0x2F1E6D0 860.00000 -240.00000 1597.80000 860.00000 -282.00000 1610.80000 860.00000 -282.00000 1597.80000
3 0x2F1E6D0 860.00000 -240.00000 1597.80000 860.00000 -240.00000 1610.80000 860.00000 -282.00000 1610.80000
3 0x2F1E6D0 1140.00000 -240.00000 1597.80000 1164.00000 -240.00000 1610.80000 1164.00000 -240.00000 1597.80000
3 0x2F1E6D0 1140.00000 -240.00000 1597.80000 1140.00000 -240.00000 1610.80000 1164.00000 -240.00000 1610.80000
3 0x2F1E6D0 1140.00000 -282.00000 1597.80000 1164.00000 -282.00000 1610.80000 1140.00000 -282.00000 1610.80000
3 0x2F1E6D0 1140.00000 -282.00000 1597.80000 1164.00000 -282.00000 1597.80000 1164.00000 -282.00000 1610.80000
3 0x2F1E6D0 1140.00000 -240.00000 1597.80000 1164.00000 -282.00000 1597.80000 1140.00000 -282.00000 1597.80000
3 0x2F1E6D0 1140.00000 -240.00000 1597.80000 1164.00000 -240.00000 1597.80000 1164.00000 -282.00000 1597.80000
3 0x2F1E6D0 1140.00000 -240.00000 1610.80000 1164.00000 -282.00000 1610.80000 1164.00000 -240.00000 1610.80000
3 0x2F1E6D0 1140.00000 -240.00000 1610.80000 1140.00000 -282.00000 1610.80000 1164.00000 -282.00000 1610.80000
3 0x2F1E6D0 1140.00000 -240.00000 1597.80000 1140.00000 -282.00000 1610.80000 1140.00000 -240.00000 1610.80000
3 0x2F1E6D0 1140.00000 -240.00000 1597.80000 1140.00000 -282.00000 1597.80000 1140.00000 -282.00000 1610.80000
3 0x2F1E6D0 1164.00000 -240.00000 1597.80000 1164.00000 -282.00000 1610.80000 1164.00000 -282.00000 1597.80000
3 0x2F1E6D0 1164.00000 -240.00000 1597.80000 1164.00000 -240.00000 1610.80000 1164.00000 -282.00000 1610.80000
3 0x2CEC2A9 860.00000 -6.00000 1610.80000 1140.00000 -6.00000 1623.80000 1140.00000 -6.00000 1610.80000
3 0x2CEC2A9 860.00000 -6.00000 1610.80000 860.00000 -6.00000 1623.80000 1140.00000 -6.00000 1623.80000
3 0x2CEC2A9 860.00000 -220.00000 1610.80000 1140.00000 -220.00000 1623.80000 860.00000 -220.00000 1623.80000
3 0x2CEC2A9 860.00000 -220.00000 1610.80000 1140.00000 -220.00000 1610.80000 1140.00000 -220.00000 1623.80000
3 0x2CEC2A9 860.00000 -6.00000 1610.80000 1140.00000 -220.00000 1610.80000 860.00000 -220.00000 1610.80000
3 0x2CEC2A9 860.00000 -6.00000 1610.80000 1140.00000 -6.00000 1610.80000 1140.00000 -220.00000 1610.80000
3 0x2CEC2A9 860.00000 -6.00000 1623.80000 1140.00000 -220.00000 1623.80000 1140.00000 -6.00000 1623.80000
3 0x2CEC2A9 860.00000 -6.00000 1623.80000 860.00000 -220.00000 1623.80000 1140.00000 -220.00000 1623.80000
3 0x2CEC2A9 860.00000 -6.00000 1610.80000 860.00000 -220.00000 1623.80000 860.00000 -6.00000 1623.80000
3 0x2CEC2A9 860.00000 -6.00000 1610.80000 860.00000 -220.00000 1610.80000 860.00000 -220.00000 1623.80000
3 0x2CEC2A9 1140.00000 -6.00000 1610.80000 1140.00000 -220.00000 1623.80000 1140.00000 -220.00000 1610.80000
3 0x2CEC2A9 1140.00000 -6.00000 1610.80000 1140.00000 -6.00000 1623.80000 1140.00000 -220.00000 1623.80000
3 0x2F1E6D0 836.00000 -220.00000 1610.80000 860.00000 -220.00000 1623.80000 860.00000 -220.00000 1610.80000
3 0x2F1E6D0 836.00000 -220.00000 1610.80000 836.00000 -220.00000 1623.80000 860.00000 -220.00000 1623.80000
3 0x2F1E6D0 836.00000 -262.00000 1610.80000 860.00000 -262.00000 1623.80000 836.00000 -262.00000 1623.80000
3 0x2F1E6D0 836.00000 -262.00000 1610.80000 860.00000 -262.00000 1610.80000 860.00000 -262.00000 1623.80000
3 0x2F1E6D0 836.00000 -220.00000 1610.80000 860.00000 -262.00000 1610.80000 836.00000 -262.00000 1610.80000
3 0x2F1E6D0 836.00000 -220.00000 1610.80000 860.00000 -220.00000 1610.80000 860.00000 -262.00000 1610.80000
3 0x2F1E6D0 836.00000 -220.00000 1623.80000 860.00000 -262.00000 1623.80000 860.00000 -220.00000 1623.80000
3 0x2F1E6D0 836.00000 -220.00000 1623.80000 836.00000 -262.00000 1623.80000 860.00000 -262.00000 1623.80000
3 0x2F1E6D0 836.00000 -220.00000 1610.80000 836.00000 -262.00000 1623.80000 836.00000 -220.00000 1623.80000
3 0x2F1E6D0 836.00000 -220.00000 1610.80000 836.00000 -262.00000 1610.80000 836.00000 -262.00000 1623.80000
3 0x2F1E6D0 860.00000 -220.00000 1610.80000 860.00000 -262.00000 1623.80000 860.00000 -262.00000 1610.80000
3 0x2F1E6D0 860.00000 -220.00000 1610.80000 860.00000 -220.00000 1623.80000 860.00000 -262.00000 1623.80000
3 0x2F1E6D0 1140.00000 -220.00000 1610.80000 1164.00000 -220.00000 1623.80000 1164.00000 -220.00000 1610.80000
3 0x2F1E6D0 1140.00000 -220.00000 1610.80000 1140.00000 -220.00000 1623.80000 1164.00000 -220.00000 1623.80000
3 0x2F1E6D0 1140.00000 -262.00000 1610.80000 1164.00000 -262.00000 1623.80000 1140.00000 -262.00000 1623.80000
3 0x2F1E6D0 1140.00000 -262.00000 1610.80000 1164.00000 -262.00000 1610.80000 1164.00000 -262.00000 1623.80000
3 0x2F1E6D0 1140.00000 -220.00000 1610.80000 1164.00000 -262.00000 1610.80000 1140.00000 -262.00000 1610.80000
3 0x2F1E6D0 1140.00000 -220.00000 1610.80000 1164.00000 -220.00000 1610.80000 1164.00000 -262.00000 1610.80000
3 0x2F1E6D0 1140.00000 -220.00000 1623.80000 1164.00000 -262.00000 1623.80000 1164.00000 -220.00000 1623.80000
3 0x2F1E6D0 1140.00000 -220.00000 1623.80000 1140.00000 -262.00000 1623.80000 1164.00000 -262.00000 1623.80000
3 0x2F1E6D0 1140.00000 -220.00000 1610.80000 1140.00000 -262.00000 1623.80000 1140.00000 -220.00000 1623.80000
3 0x2F1E6D0 1140.00000 -220.00000 1610.80000 1140.00000 -262.00000 1610.80000 1140.00000 -262.00000 1623.80000
3 0x2F1E6D0 1164.00000 -220.00000 1610.80000 1164.00000 -262.00000 1623.80000 1164.00000 -262.00000 1610.80000
3 0x2F1E6D0 1164.00000 -220.00000 1610.80000 1164.00000 -220.00000 1623.80000 1164.00000 -262.00000 1623.80000
3 0x2CEC2A9 860.00000 -6.00000 1623.80000 1140.00000 -6.00000 1636.80000 1140.00000 -6.00000 1623.80000
3 0x2CEC2A9 860.00000 -6.00000 1623.80000 860.00000 -6.00000 1636.80000 1140.00000 -6.00000 1636.80000
3 0x2CEC2A9 860.00000 -200.00000 1623.80000 1140.00000 -200.00000 1636.80000 860.00000 -200.00000 1636.80000
3 0x2CEC2A9 860.00000 -200.00000 1623.80000 1140.00000 -200.00000 1623.80000 1140.00000 -200.00000 1636.80000
3 0x2CEC2A9 860.00000 -6.00000 1623.80000 1140.00000 -200.00000 1623.80000 860.00000 -200.00000 1623.80000
3 0x2CEC2A9 860.00000 -6.00000 1623.80000 1140.00000 -6.00000 1623.80000 1140.00000 -200.00000 1623.80000
3 0x2CEC2A9 860.00000 -6.00000 1636.80000 1140.00000 -200.00000 1636.80000 1140.00000 -6.00000 1636.80000
3 0x2CEC2A9 860.00000 -6.00000 1636.80000 860.00000 -200.00000 1636.80000 1140.00000 -200.00000 1636.80000
3 0x2CEC2A9 860.00000 -6.00000 1623.80000 860.00000 -200.00000 1636.80000 860.00000 -6.00000 1636.80000
3 0x2CEC2A9 860.00000 -6.00000 1623.80000 860.00000 -200.00000 1623.80000 860.00000 -200.00000 1636.80000
3 0x2CEC2A9 1140.00000 -6.00000 1623.80000 1140.00000 -200.00000 1636.80000 1140.00000 -200.00000 1623.80000
3 0x2CEC2A9 1140.00000 -6.00000 1623.80000 1140.00000 -6.00000 1636.80000 1140.00000 -200.00000 1636.80000
3 0x2F1E6D0 836.00000 -200.00000 1623.80000 860.00000 -200.00000 1636.80000 860.00000 -200.00000 1623.80000
3 0x2F1E6D0 836.00000 -200.00000 1623.80000 836.00000 -200.00000 1636.80000 860.00000 -200.00000 1636.80000
3 0x2F1E6D0 836.00000 -242.00000 1623.80000 860.00000 -242.00000 1636.80000 836.00000 -242.00000 1636.80000
3 0x2F1E6D0 836.00000 -242.00000 1623.80000 860.00000 -242.00000 1623.80000 860.00000 -242.00000 1636.80000
3 0x2F1E6D0 836.00000 -200.00000 1623.80000 860.00000 -242.00000 1623.80000 836.00000 -242.00000 1623.80000
3 0x2F1E6D0 836.00000 -200.00000 1623.80000 860.00000 -200.00000 1623.80000 860.00000 -242.00000 1623.80000
3 0x2F1E6D0 836.00000 -200.00000 1636.80000 860.00000 -242.00000 1636.80000 860.00000 -200.00000 1636.80000
3 0x2F1E6D0 836.00000 -200.00000 1636.80000 836.00000 -242.00000 1636.80000 860.00000 -242.00000 1636.80000
3 0x2F1E6D0 836.00000 -200.00000 1623.80000 836.00000 -242.00000 1636.80000 836.00000 -200.00000 1636.80000
3 0x2F1E6D0 836.00000 -200.00000 1623.80000 836.00000 -242.00000 1623.80000 836.00000 -242.00000 1636.80000
3 0x2F1E6D0 860.00000 -200.00000 1623.80000 860.00000 -242.00000 1636.80000 860.00000 -242.00000 1623.80000
3 0x2F1E6D0 860.00000 -200.00000 1623.80000 860.00000 -200.00000 1636.80000 860.00000 -242.00000 1636.80000
3 0x2F1E6D0 1140.00000 -200.00000 1623.80000 1164.00000 -200.00000 1636.80000 1164.00000 -200.00000 1623.80000
3 0x2F1E6D0 1140.00000 -200.00000 1623.80000 1140.00000 -200.00000 1636.80000 1164.00000 -200.00000 1636.80000
3 0x2F1E6D0 1140.00000 -242.00000 1623.80000 1164.00000 -242.00000 1636.80000 1140.00000 -242.00000 1636.80000
3 0x2F1E6D0 1140.00000 -242.00000 1623.80000 1164.00000 -242.00000 1623.80000 1164.00000 -242.00000 1636.80000
3 0x2F1E6D0 1140.00000 -200.00000 1623.80000 1164.00000 -242.00000 1623.80000 1140.00000 -242.00000 1623.80000
3 0x2F1E6D0 1140.00000 -200.00000 1623.80000 1164.00000 -200.00000 1623.80000 1164.00000 -242.00000 1623.80000
3 0x2F1E6D0 1140.00000 -200.00000 1636.80000 1164.00000 -242.00000 1636.80000 1164.00000 -200.00000 1636.80000
3 0x2F1E6D0 1140.00000 -200.00000 1636.80000 1140.00000 -242.00000 1636.80000 1164.00000 -242.00000 1636.80000
3 0x2F1E6D0 1140.00000 -200.00000 1623.80000 1140.00000 -242.00000 1636.80000 1140.00000 -200.00000 1636.80000
3 0x2F1E6D0 1140.00000 -200.00000 1623.80000 1140.00000 -242.00000 1623.80000 1140.00000 -242.00000 1636.80000
3 0x2F1E6D0 1164.00000 -200.00000 1623.80000 1164.00000 -242.00000 1636.80000 1164.00000 -242.00000 1623.80000
3 0x2F1E6D0 1164.00000 -200.00000 1623.80000 1164.00000 -200.00000 1636.80000 1164.00000 -242.00000 1636.80000
3 0x2CEC2A9 860.00000 -6.00000 1636.80000 1140.00000 -6.00000 1649.80000 1140.00000 -6.00000 1636.80000
3 0x2CEC2A9 860.00000 -6.00000 1636.80000 860.00000 -6.00000 1649.80000 1140.00000 -6.00000 1649.80000
3 0x2CEC2A9 860.00000 -180.00000 1636.80000 1140.00000 -180.00000 1649.80000 860.00000 -180.00000 1649.80000
3 0x2CEC2A9 860.00000 -180.00000 1636.80000 1140.00000 -180.00000 1636.80000 1140.00000 -180.00000 1649.80000
3 0x2CEC2A9 860.00000 -6.00000 1636.80000 1140.00000 -180.00000 1636.80000 860.00000 -180.00000 1636.80000
3 0x2CEC2A9 860.00000 -6.00000 1636.80000 1140.00000 -6.00000 1636.80000 1140.00000 -180.00000 1636.80000
3 0x2CEC2A9 860.00000 -6.00000 1649.80000 1140.00000 -180.00000 1649.80000 1140.00000 -6.00000 1649.80000
3 0x2CEC2A9 860.00000 -6.00000 1649.80000 860.00000 -180.00000 1649.80000 1140.00000 -180.00000 1649.80000
3 0x2CEC2A9 860.00000 -6.00000 1636.80000 860.00000 -180.00000 1649.80000 860.00000 -6.00000 1649.80000
3 0x2CEC2A9 860.00000 -6.00000 1636.80000 860.00000 -180.00000 1636.80000 860.00000 -180.00000 1649.80000
3 0x2CEC2A9 1140.00000 -6.00000 1636.80000 1140.00000 -180.00000 1649.80000 1140.00000 -180.00000 1636.80000
3 0x2CEC2A9 1140.00000 -6.00000 1636.80000 1140.00000 -6.00000 1649.80000 1140.00000 -180.00000 1649.80000
3 0x2F1E6D0 836.00000 -180.00000 1636.80000 860.00000 -180.00000 1649.80000 860.00000 -180.00000 1636.80000
3 0x2F1E6D0 836.00000 -180.00000 1636.80000 836.00000 -180.00000 1649.80000 860.00000 -180.00000 1649.80000
3 0x2F1E6D0 836.00000 -222.00000 1636.80000 860.00000 -222.00000 1649.80000 836.00000 -222.00000 1649.80000
3 0x2F1E6D0 836.00000 -222.00000 1636.80000 860.00000 -222.00000 1636.80000 860.00000 -222.00000 1649.80000
3 0x2F1E6D0 836.00000 -180.00000 1636.80000 860.00000 -222.00000 1636.80000 836.00000 -222.00000 1636.80000
3 0x2F1E6D0 836.00000 -180.00000 1636.80000 860.00000 -180.00000 1636.80000 860.00000 -222.00000 1636.80000
3 0x2F1E6D0 836.00000 -180.00000 1649.80000 860.00000 -222.00000 1649.80000 860.00000 -180.00000 1649.80000
3 0x2F1E6D0 836.00000 -180.00000 1649.80000 836.00000 -222.00000 1649.80000 860.00000 -222.00000 1649.80000
3 0x2F1E6D0 836.00000 -180.00000 1636.80000 836.00000 -222.00000 1649.80000 836.00000 -180.00000 1649.80000
3 0x2F1E6D0 836.00000 -180.00000 1636.80000 836.00000 -222.00000 1636.80000 836.00000 -222.00000 1649.80000
3 0x2F1E6D0 860.00000 -180.00000 1636.80000 860.00000 -222.00000 1649.80000 860.00000 -222.00000 1636.80000
3 0x2F1E6D0 860.00000 -180.00000 1636.80000 860.00000 -180.00000 1649.80000 860.00000 -222.00000 1649.80000
3 0x2F1E6D0 1140.00000 -180.00000 1636.80000 1164.00000 -180.00000 1649.80000 1164.00000 -180.00000 1636.80000
3 0x2F1E6D0 1140.00000 -180.00000 1636.80000 1140.00000 -180.00000 1649.80000 1164.00000 -180.00000 1649.80000
3 0x2F1E6D0 1140.00000 -222.00000 1636.80000 1164.00000 -222.00000 1649.80000 1140.00000 -222.00000 1649.80000
3 0x2F1E6D0 1140.00000 -222.00000 1636.80000 1164.00000 -222.00000 1636.80000 1164.00000 -222.00000 1649.80000
3 0x2F1E6D0 1140.00000 -180.00000 1636.80000 1164.00000 -222.00000 1636.80000 1140.00000 -222.00000 1636.80000
3 0x2F1E6D0 1140.00000 -180.00000 1636.80000 1164.00000 -180.00000 1636.80000 1164.00000 -222.00000 1636.80000
3 0x2F1E6D0 1140.00000 -180.00000 1649.80000 1164.00000 -222.00000 1649.80000 1164.00000 -180.00000 1649.80000
3 0x2F1E6D0 1140.00000 -180.00000 1649.80000 1140.00000 -222.00000 1649.80000 1164.00000 -222.00000 1649.80000
3 0x2F1E6D0 1140.00000 -180.00000 1636.80000 1140.00000 -222.00000 1649.80000 1140.00000 -180.00000 1649.80000
3 0x2F1E6D0 1140.00000 -180.00000 1636.80000 1140.00000 -222.00000 1636.80000 1140.00000 -222.00000 1649.80000
3 0x2F1E6D0 1164.00000 -180.00000 1636.80000 1164.00000 -222.00000 1649.80000 1164.00000 -222.00000 1636.80000
3 0x2F1E6D0 1164.00000 -180.00000 1636.80000 1164.00000 -180.00000 1649.80000 1164.00000 -222.00000 1649.80000
3 0x2CEC2A9 860.00000 -6.00000 1649.80000 1140.00000 -6.00000 1662.80000 1140.00000 -6.00000 1649.80000
3 0x2CEC2A9 860.00000 -6.00000 1649.80000 860.00000 -6.00000 1662.80000 1140.00000 -6.00000 1662.80000
3 0x2CEC2A9 860.00000 -160.00000 1649.80000 1140.00000 -160.00000 1662.80000 860.00000 -160.00000 1662.80000
3 0x2CEC2A9 860.00000 -160.00000 1649.80000 1140.00000 -160.00000 1649.80000 1140.00000 -160.00000 1662.80000
3 0x2CEC2A9 860.00000 -6.00000 1649.80000 1140.00000 -160.00000 1649.80000 860.00000 -160.00000 1649.80000
3 0x2CEC2A9 860.00000 -6.00000 1649.80000 1140.00000 -6.00000 1649.80000 1140.00000 -160.00000 1649.80000
3 0x2CEC2A9 860.00000 -6.00000 1662.80000 1140.00000 -160.00000 1662.80000 1140.00000 -6.00000 1662.80000
3 0x2CEC2A9 860.00000 -6.00000 1662.80000 860.00000 -160.00000 1662.80000 1140.00000 -160.00000 1662.80000
3 0x2CEC2A9 860.00000 -6.00000 1649.80000 860.00000 -160.00000 1662.80000 860.00000 -6.00000 1662.80000
3 0x2CEC2A9 860.00000 -6.00000 1649.80000 860.00000 -160.00000 1649.80000 860.00000 -160.00000 1662.80000
3 0x2CEC2A9 1140.00000 -6.00000 1649.80000 1140.00000 -160.00000 1662.80000 1140.00000 -160.00000 1649.80000
3 0x2CEC2A9 1140.00000 -6.00000 1649.80000 1140.00000 -6.00000 1662.80000 1140.00000 -160.00000 1662.80000
3 0x2F1E6D0 836.00000 -160.00000 1649.80000 860.00000 -160.00000 1662.80000 860.00000 -160.00000 1649.80000
3 0x2F1E6D0 836.00000 -160.00000 1649.80000 836.00000 -160.00000 1662.80000 860.00000 -160.00000 1662.80000
3 0x2F1E6D0 836.00000 -202.00000 1649.80000 860.00000 -202.00000 1662.80000 836.00000 -202.00000 1662.80000
3 0x2F1E6D0 836.00000 -202.00000 1649.80000 860.00000 -202.00000 1649.80000 860.00000 -202.00000 1662.80000
3 0x2F1E6D0 836.00000 -160.00000 1649.80000 860.00000 -202.00000 1649.80000 836.00000 -202.00000 1649.80000
3 0x2F1E6D0 836.00000 -160.00000 1649.80000 860.00000 -160.00000 1649.80000 860.00000 -202.00000 1649.80000
3 0x2F1E6D0 836.00000 -160.00000 1662.80000 860.00000 -202.00000 1662.80000 860.00000 -160.00000 1662.80000
3 0x2F1E6D0 836.00000 -160.00000 1662.80000 836.00000 -202.00000 1662.80000 860.00000 -202.00000 1662.80000
3 0x2F1E6D0 836.00000 -160.00000 1649.80000 836.00000 -202.00000 1662.80000 836.00000 -160.00000 1662.80000
3 0x2F1E6D0 836.00000 -160.00000 1649.80000 836.00000 -202.00000 1649.80000 836.00000 -202.00000 1662.80000
3 0x2F1E6D0 860.00000 -160.00000 1649.80000 860.00000 -202.00000 1662.80000 860.00000 -202.00000 1649.80000
3 0x2F1E6D0 860.00000 -160.00000 1649.80000 860.00000 -160.00000 1662.80000 860.00000 -202.00000 1662.80000
3 0x2F1E6D0 1140.00000 -160.00000 1649.80000 1164.00000 -160.00000 1662.80000 1164.00000 -160.00000 1649.80000
3 0x2F1E6D0 1140.00000 -160.00000 1649.80000 1140.00000 -160.00000 1662.80000 1164.00000 -160.00000 1662.80000
3 0x2F1E6D0 1140.00000 -202.00000 1649.80000 1164.00000 -202.00000 1662.80000 1140.00000 -202.00000 1662.80000
3 0x2F1E6D0 1140.00000 -202.00000 1649.80000 1164.00000 -202.00000 1649.80000 1164.00000 -202.00000 1662.80000
3 0x2F1E6D0 1140.00000 -160.00000 1649.80000 1164.00000 -202.00000 1649.80000 1140.00000 -202.00000 1649.80000
3 0x2F1E6D0 1140.00000 -160.00000 1649.80000 1164.00000 -160.00000 1649.80000 1164.00000 -202.00000 1649.80000
3 0x2F1E6D0 1140.00000 -160.00000 1662.80000 1164.00000 -202.00000 1662.80000 1164.00000 -160.00000 1662.80000
3 0x2F1E6D0 1140.00000 -160.00000 1662.80000 1140.00000 -202.00000 1662.80000 1164.00000 -202.00000 1662.80000
3 0x2F1E6D0 1140.00000 -160.00000 1649.80000 1140.00000 -202.00000 1662.80000 1140.00000 -160.00000 1662.80000
3 0x2F1E6D0 1140.00000 -160.00000 1649.80000 1140.00000 -202.00000 1649.80000 1140.00000 -202.00000 1662.80000
3 0x2F1E6D0 1164.00000 -160.00000 1649.80000 1164.00000 -202.00000 1662.80000 1164.00000 -202.00000 1649.80000
3 0x2F1E6D0 1164.00000 -160.00000 1649.80000 1164.00000 -160.00000 1662.80000 1164.00000 -202.00000 1662.80000
3 0x2CEC2A9 860.00000 -6.00000 1662.80000 1140.00000 -6.00000 1675.80000 1140.00000 -6.00000 1662.80000
3 0x2CEC2A9 860.00000 -6.00000 1662.80000 860.00000 -6.00000 1675.80000 1140.00000 -6.00000 1675.80000
3 0x2CEC2A9 860.00000 -140.00000 1662.80000 1140.00000 -140.00000 1675.80000 860.00000 -140.00000 1675.80000
3 0x2CEC2A9 860.00000 -140.00000 1662.80000 1140.00000 -140.00000 1662.80000 1140.00000 -140.00000 1675.80000
3 0x2CEC2A9 860.00000 -6.00000 1662.80000 1140.00000 -140.00000 1662.80000 860.00000 -140.00000 1662.80000
3 0x2CEC2A9 860.00000 -6.00000 1662.80000 1140.00000 -6.00000 1662.80000 1140.00000 -140.00000 1662.80000
3 0x2CEC2A9 860.00000 -6.00000 1675.80000 1140.00000 -140.00000 1675.80000 1140.00000 -6.00000 1675.80000
3 0x2CEC2A9 860.00000 -6.00000 1675.80000 860.00000 -140.00000 1675.80000 1140.00000 -140.00000 1675.80000
3 0x2CEC2A9 860.00000 -6.00000 1662.80000 860.00000 -140.00000 1675.80000 860.00000 -6.00000 1675.80000
3 0x2CEC2A9 860.00000 -6.00000 1662.80000 860.00000 -140.00000 1662.80000 860.00000 -140.00000 1675.80000
3 0x2CEC2A9 1140.00000 -6.00000 1662.80000 1140.00000 -140.00000 1675.80000 1140.00000 -140.00000 1662.80000
3 0x2CEC2A9 1140.00000 -6.00000 1662.80000 1140.00000 -6.00000 1675.80000 1140.00000 -140.00000 1675.80000
3 0x2F1E6D0 836.00000 -140.00000 1662.80000 860.00000 -140.00000 1675.80000 860.00000 -140.00000 1662.80000
3 0x2F1E6D0 836.00000 -140.00000 1662.80000 836.00000 -140.00000 1675.80000 860.00000 -140.00000 1675.80000
3 0x2F1E6D0 836.00000 -182.00000 1662.80000 860.00000 -182.00000 1675.80000 836.00000 -182.00000 1675.80000
3 0x2F1E6D0 836.00000 -182.00000 1662.80000 860.00000 -182.00000 1662.80000 860.00000 -182.00000 1675.80000
3 0x2F1E6D0 836.00000 -140.00000 1662.80000 860.00000 -182.00000 1662.80000 836.00000 -182.00000 1662.80000
3 0x2F1E6D0 836.00000 -140.00000 1662.80000 860.00000 -140.00000 1662.80000 860.00000 -182.00000 1662.80000
3 0x2F1E6D0 836.00000 -140.00000 1675.80000 860.00000 -182.00000 1675.80000 860.00000 -140.00000 1675.80000
3 0x2F1E6D0 836.00000 -140.00000 1675.80000 836.00000 -182.00000 1675.80000 860.00000 -182.00000 1675.80000
3 0x2F1E6D0 836.00000 -140.00000 1662.80000 836.00000 -182.00000 1675.80000 836.00000 -140.00000 1675.80000
3 0x2F1E6D0 836.00000 -140.00000 1662.80000 836.00000 -182.00000 1662.80000 836.00000 -182.00000 1675.80000
3 0x2F1E6D0 860.00000 -140.00000 1662.80000 860.00000 -182.00000 1675.80000 860.00000 -182.00000 1662.80000
3 0x2F1E6D0 860.00000 -140.00000 1662.80000 860.00000 -140.00000 1675.80000 860.00000 -182.00000 1675.80000
3 0x2F1E6D0 1140.00000 -140.00000 1662.80000 1164.00000 -140.00000 1675.80000 1164.00000 -140.00000 1662.80000
3 0x2F1E6D0 1140.00000 -140.00000 1662.80000 1140.00000 -140.00000 1675.80000 1164.00000 -140.00000 1675.80000
3 0x2F1E6D0 1140.00000 -182.00000 1662.80000 1164.00000 -182.00000 1675.80000 1140.00000 -182.00000 1675.80000
3 0x2F1E6D0 1140.00000 -182.00000 1662.80000 1164.00000 -182.00000 1662.80000 1164.00000 -182.00000 1675.80000
3 0x2F1E6D0 1140.00000 -140.00000 1662.80000 1164.00000 -182.00000 1662.80000 1140.00000 -182.00000 1662.80000
3 0x2F1E6D0 1140.00000 -140.00000 1662.80000 1164.00000 -140.00000 1662.80000 1164.00000 -182.00000 1662.80000
3 0x2F1E6D0 1140.00000 -140.00000 1675.80000 1164.00000 -182.00000 1675.80000 1164.00000 -140.00000 1675.80000
3 0x2F1E6D0 1140.00000 -140.00000 1675.80000 1140.00000 -182.00000 1675.80000 1164.00000 -182.00000 1675.80000
3 0x2F1E6D0 1140.00000 -140.00000 1662.80000 1140.00000 -182.00000 1675.80000 1140.00000 -140.00000 1675.80000
3 0x2F1E6D0 1140.00000 -140.00000 1662.80000 1140.00000 -182.00000 1662.80000 1140.00000 -182.00000 1675.80000
3 0x2F1E6D0 1164.00000 -140.00000 1662.80000 1164.00000 -182.00000 1675.80000 1164.00000 -182.00000 1662.80000
3 0x2F1E6D0 1164.00000 -140.00000 1662.80000 1164.00000 -140.00000 1675.80000 1164.00000 -182.00000 1675.80000
3 0x2CEC2A9 860.00000 -6.00000 1675.80000 1140.00000 -6.00000 1688.80000 1140.00000 -6.00000 1675.80000
3 0x2CEC2A9 860.00000 -6.00000 1675.80000 860.00000 -6.00000 1688.80000 1140.00000 -6.00000 1688.80000
3 0x2CEC2A9 860.00000 -120.00000 1675.80000 1140.00000 -120.00000 1688.80000 860.00000 -120.00000 1688.80000
3 0x2CEC2A9 860.00000 -120.00000 1675.80000 1140.00000 -120.00000 1675.80000 1140.00000 -120.00000 1688.80000
3 0x2CEC2A9 860.00000 -6.00000 1675.80000 1140.00000 -120.00000 1675.80000 860.00000 -120.00000 1675.80000
3 0x2CEC2A9 860.00000 -6.00000 1675.80000 1140.00000 -6.00000 1675.80000 1140.00000 -120.00000 1675.80000
3 0x2CEC2A9 860.00000 -6.00000 1688.80000 1140.00000 -120.00000 1688.80000 1140.00000 -6.00000 1688.80000
3 0x2CEC2A9 860.00000 -6.00000 1688.80000 860.00000 -120.00000 1688.80000 1140.00000 -120.00000 1688.80000
3 0x2CEC2A9 860.00000 -6.00000 1675.80000 860.00000 -120.00000 1688.80000 860.00000 -6.00000 1688.80000
3 0x2CEC2A9 860.00000 -6.00000 1675.80000 860.00000 -120.00000 1675.80000 860.00000 -120.00000 1688.80000
3 0x2CEC2A9 1140.00000 -6.00000 1675.80000 1140.00000 -120.00000 1688.80000 1140.00000 -120.00000 1675.80000
3 0x2CEC2A9 1140.00000 -6.00000 1675.80000 1140.00000 -6.00000 1688.80000 1140.00000 -120.00000 1688.80000
3 0x2F1E6D0 836.00000 -120.00000 1675.80000 860.00000 -120.00000 1688.80000 860.00000 -120.00000 1675.80000
3 0x2F1E6D0 836.00000 -120.00000 1675.80000 836.00000 -120.00000 1688.80000 860.00000 -120.00000 1688.80000
3 0x2F1E6D0 836.00000 -162.00000 1675.80000 860.00000 -162.00000 1688.80000 836.00000 -162.00000 1688.80000
3 0x2F1E6D0 836.00000 -162.00000 1675.80000 860.00000 -162.00000 1675.80000 860.00000 -162.00000 1688.80000
3 0x2F1E6D0 836.00000 -120.00000 1675.80000 860.00000 -162.00000 1675.80000 836.00000 -162.00000 1675.80000
3 0x2F1E6D0 836.00000 -120.00000 1675.80000 860.00000 -120.00000 1675.80000 860.00000 -162.00000 1675.80000
3 0x2F1E6D0 836.00000 -120.00000 1688.80000 860.00000 -162.00000 1688.80000 860.00000 -120.00000 1688.80000
3 0x2F1E6D0 836.00000 -120.00000 1688.80000 836.00000 -162.00000 1688.80000 860.00000 -162.00000 1688.80000
3 0x2F1E6D0 836.00000 -120.00000 1675.80000 836.00000 -162.00000 1688.80000 836.00000 -120.00000 1688.80000
3 0x2F1E6D0 836.00000 -120.00000 1675.80000 836.00000 -162.00000 1675.80000 836.00000 -162.00000 1688.80000
3 0x2F1E6D0 860.00000 -120.00000 1675.80000 860.00000 -162.00000 1688.80000 860.00000 -162.00000 1675.80000
3 0x2F1E6D0 860.00000 -120.00000 1675.80000 860.00000 -120.00000 1688.80000 860.00000 -162.00000 1688.80000
3 0x2F1E6D0 1140.00000 -120.00000 1675.80000 1164.00000 -120.00000 1688.80000 1164.00000 -120.00000 1675.80000
3 0x2F1E6D0 1140.00000 -120.00000 1675.80000 1140.00000 -120.00000 1688.80000 1164.00000 -120.00000 1688.80000
3 0x2F1E6D0 1140.00000 -162.00000 1675.80000 1164.00000 -162.00000 1688.80000 1140.00000 -162.00000 1688.80000
3 0x2F1E6D0 1140.00000 -162.00000 1675.80000 1164.00000 -162.00000 1675.80000 1164.00000 -162.00000 1688.80000
3 0x2F1E6D0 1140.00000 -120.00000 1675.80000 1164.00000 -162.00000 1675.80000 1140.00000 -162.00000 1675.80000
3 0x2F1E6D0 1140.00000 -120.00000 1675.80000 1164.00000 -120.00000 1675.80000 1164.00000 -162.00000 1675.80000
3 0x2F1E6D0 1140.00000 -120.00000 1688.80000 1164.00000 -162.00000 1688.80000 1164.00000 -120.00000 1688.80000
3 0x2F1E6D0 1140.00000 -120.00000 1688.80000 1140.00000 -162.00000 1688.80000 1164.00000 -162.00000 1688.80000
3 0x2F1E6D0 1140.00000 -120.00000 1675.80000 1140.00000 -162.00000 1688.80000 1140.00000 -120.00000 1688.80000
3 0x2F1E6D0 1140.00000 -120.00000 1675.80000 1140.00000 -162.00000 1675.80000 1140.00000 -162.00000 1688.80000
3 0x2F1E6D0 1164.00000 -120.00000 1675.80000 1164.00000 -162.00000 1688.80000 1164.00000 -162.00000 1675.80000
3 0x2F1E6D0 1164.00000 -120.00000 1675.80000 1164.00000 -120.00000 1688.80000 1164.00000 -162.00000 1688.80000
3 0x2CEC2A9 860.00000 -6.00000 1688.80000 1140.00000 -6.00000 1701.80000 1140.00000 -6.00000 1688.80000
3 0x2CEC2A9 860.00000 -6.00000 1688.80000 860.00000 -6.00000 1701.80000 1140.00000 -6.00000 1701.80000
3 0x2CEC2A9 860.00000 -100.00000 1688.80000 1140.00000 -100.00000 1701.80000 860.00000 -100.00000 1701.80000
3 0x2CEC2A9 860.00000 -100.00000 1688.80000 1140.00000 -100.00000 1688.80000 1140.00000 -100.00000 1701.80000
3 0x2CEC2A9 860.00000 -6.00000 1688.80000 1140.00000 -100.00000 1688.80000 860.00000 -100.00000 1688.80000
3 0x2CEC2A9 860.00000 -6.00000 1688.80000 1140.00000 -6.00000 1688.80000 1140.00000 -100.00000 1688.80000
3 0x2CEC2A9 860.00000 -6.00000 1701.80000 1140.00000 -100.00000 1701.80000 1140.00000 -6.00000 1701.80000
3 0x2CEC2A9 860.00000 -6.00000 1701.80000 860.00000 -100.00000 1701.80000 1140.00000 -100.00000 1701.80000
3 0x2CEC2A9 860.00000 -6.00000 1688.80000 860.00000 -100.00000 1701.80000 860.00000 -6.00000 1701.80000
3 0x2CEC2A9 860.00000 -6.00000 1688.80000 860.00000 -100.00000 1688.80000 860.00000 -100.00000 1701.80000
3 0x2CEC2A9 1140.00000 -6.00000 1688.80000 1140.00000 -100.00000 1701.80000 1140.00000 -100.00000 1688.80000
3 0x2CEC2A9 1140.00000 -6.00000 1688.80000 1140.00000 -6.00000 1701.80000 1140.00000 -100.00000 1701.80000
3 0x2F1E6D0 836.00000 -100.00000 1688.80000 860.00000 -100.00000 1701.80000 860.00000 -100.00000 1688.80000
3 0x2F1E6D0 836.00000 -100.00000 1688.80000 836.00000 -100.00000 1701.80000 860.00000 -100.00000 1701.80000
3 0x2F1E6D0 836.00000 -142.00000 1688.80000 860.00000 -142.00000 1701.80000 836.00000 -142.00000 1701.80000
3 0x2F1E6D0 836.00000 -142.00000 1688.80000 860.00000 -142.00000 1688.80000 860.00000 -142.00000 1701.80000
3 0x2F1E6D0 836.00000 -100.00000 1688.80000 860.00000 -142.00000 1688.80000 836.00000 -142.00000 1688.80000
3 0x2F1E6D0 836.00000 -100.00000 1688.80000 860.00000 -100.00000 1688.80000 860.00000 -142.00000 1688.80000
3 0x2F1E6D0 836.00000 -100.00000 1701.80000 860.00000 -142.00000 1701.80000 860.00000 -100.00000 1701.80000
3 0x2F1E6D0 836.00000 -100.00000 1701.80000 836.00000 -142.00000 1701.80000 860.00000 -142.00000 1701.80000
3 0x2F1E6D0 836.00000 -100.00000 1688.80000 836.00000 -142.00000 1701.80000 836.00000 -100.00000 1701.80000
3 0x2F1E6D0 836.00000 -100.00000 1688.80000 836.00000 -142.00000 1688.80000 836.00000 -142.00000 1701.80000
3 0x2F1E6D0 860.00000 -100.00000 1688.80000 860.00000 -142.00000 1701.80000 860.00000 -142.00000 1688.80000
3 0x2F1E6D0 860.00000 -100.00000 1688.80000 860.00000 -100.00000 1701.80000 860.00000 -142.00000 1701.80000
3 0x2F1E6D0 1140.00000 -100.00000 1688.80000 1164.00000 -100.00000 1701.80000 1164.00000 -100.00000 1688.80000
3 0x2F1E6D0 1140.00000 -100.00000 1688.80000 1140.00000 -100.00000 1701.80000 1164.00000 -100.00000 1701.80000
3 0x2F1E6D0 1140.00000 -142.00000 1688.80000 1164.00000 -142.00000 1701.80000 1140.00000 -142.00000 1701.80000
3 0x2F1E6D0 1140.00000 -142.00000 1688.80000 1164.00000 -142.00000 1688.80000 1164.00000 -142.00000 1701.80000
3 0x2F1E6D0 1140.00000 -100.00000 1688.80000 1164.00000 -142.00000 1688.80000 1140.00000 -142.00000 1688.80000
3 0x2F1E6D0 1140.00000 -100.00000 1688.80000 1164.00000 -100.00000 1688.80000 1164.00000 -142.00000 1688.80000
3 0x2F1E6D0 1140.00000 -100.00000 1701.80000 1164.00000 -142.00000 1701.80000 1164.00000 -100.00000 1701.80000
3 0x2F1E6D0 1140.00000 -100.00000 1701.80000 1140.00000 -142.00000 1701.80000 1164.00000 -142.00000 1701.80000
3 0x2F1E6D0 1140.00000 -100.00000 1688.80000 1140.00000 -142.00000 1701.80000 1140.00000 -100.00000 1701.80000
3 0x2F1E6D0 1140.00000 -100.00000 1688.80000 1140.00000 -142.00000 1688.80000 1140.00000 -142.00000 1701.80000
3 0x2F1E6D0 1164.00000 -100.00000 1688.80000 1164.00000 -142.00000 1701.80000 1164.00000 -142.00000 1688.80000
3 0x2F1E6D0 1164.00000 -100.00000 1688.80000 1164.00000 -100.00000 1701.80000 1164.00000 -142.00000 1701.80000
3 0x2CEC2A9 860.00000 -6.00000 1701.80000 1140.00000 -6.00000 1714.80000 1140.00000 -6.00000 1701.80000
3 0x2CEC2A9 860.00000 -6.00000 1701.80000 860.00000 -6.00000 1714.80000 1140.00000 -6.00000 1714.80000
3 0x2CEC2A9 860.00000 -80.00000 1701.80000 1140.00000 -80.00000 1714.80000 860.00000 -80.00000 1714.80000
3 0x2CEC2A9 860.00000 -80.00000 1701.80000 1140.00000 -80.00000 1701.80000 1140.00000 -80.00000 1714.80000
3 0x2CEC2A9 860.00000 -6.00000 1701.80000 1140.00000 -80.00000 1701.80000 860.00000 -80.00000 1701.80000
3 0x2CEC2A9 860.00000 -6.00000 1701.80000 1140.00000 -6.00000 1701.80000 1140.00000 -80.00000 1701.80000
3 0x2CEC2A9 860.00000 -6.00000 1714.80000 1140.00000 -80.00000 1714.80000 1140.00000 -6.00000 1714.80000
3 0x2CEC2A9 860.00000 -6.00000 1714.80000 860.00000 -80.00000 1714.80000 1140.00000 -80.00000 1714.80000
3 0x2CEC2A9 860.00000 -6.00000 1701.80000 860.00000 -80.00000 1714.80000 860.00000 -6.00000 1714.80000
3 0x2CEC2A9 860.00000 -6.00000 1701.80000 860.00000 -80.00000 1701.80000 860.00000 -80.00000 1714.80000
3 0x2CEC2A9 1140.00000 -6.00000 1701.80000 1140.00000 -80.00000 1714.80000 1140.00000 -80.00000 1701.80000
3 0x2CEC2A9 1140.00000 -6.00000 1701.80000 1140.00000 -6.00000 1714.80000 1140.00000 -80.00000 1714.80000
3 0x2F1E6D0 836.00000 -80.00000 1701.80000 860.00000 -80.00000 1714.80000 860.00000 -80.00000 1701.80000
3 0x2F1E6D0 836.00000 -80.00000 1701.80000 836.00000 -80.00000 1714.80000 860.00000 -80.00000 1714.80000
3 0x2F1E6D0 836.00000 -122.00000 1701.80000 860.00000 -122.00000 1714.80000 836.00000 -122.00000 1714.80000
3 0x2F1E6D0 836.00000 -122.00000 1701.80000 860.00000 -122.00000 1701.80000 860.00000 -122.00000 1714.80000
3 0x2F1E6D0 836.00000 -80.00000 1701.80000 860.00000 -122.00000 1701.80000 836.00000 -122.00000 1701.80000
3 0x2F1E6D0 836.00000 -80.00000 1701.80000 860.00000 -80.00000 1701.80000 860.00000 -122.00000 1701.80000
3 0x2F1E6D0 836.00000 -80.00000 1714.80000 860.00000 -122.00000 1714.80000 860.00000 -80.00000 1714.80000
3 0x2F1E6D0 836.00000 -80.00000 1714.80000 836.00000 -122.00000 1714.80000 860.00000 -122.00000 1714.80000
3 0x2F1E6D0 836.00000 -80.00000 1701.80000 836.00000 -122.00000 1714.80000 836.00000 -80.00000 1714.80000
3 0x2F1E6D0 836.00000 -80.00000 1701.80000 836.00000 -122.00000 1701.80000 836.00000 -122.00000 1714.80000
3 0x2F1E6D0 860.00000 -80.00000 1701.80000 860.00000 -122.00000 1714.80000 860.00000 -122.00000 1701.80000
3 0x2F1E6D0 860.00000 -80.00000 1701.80000 860.00000 -80.00000 1714.80000 860.00000 -122.00000 1714.80000
3 0x2F1E6D0 1140.00000 -80.00000 1701.80000 1164.00000 -80.00000 1714.80000 1164.00000 -80.00000 1701.80000
3 0x2F1E6D0 1140.00000 -80.00000 1701.80000 1140.00000 -80.00000 1714.80000 1164.00000 -80.00000 1714.80000
3 0x2F1E6D0 1140.00000 -122.00000 1701.80000 1164.00000 -122.00000 1714.80000 1140.00000 -122.00000 1714.80000
3 0x2F1E6D0 1140.00000 -122.00000 1701.80000 1164.00000 -122.00000 1701.80000 1164.00000 -122.00000 1714.80000
3 0x2F1E6D0 1140.00000 -80.00000 1701.80000 1164.00000 -122.00000 1701.80000 1140.00000 -122.00000 1701.80000
3 0x2F1E6D0 1140.00000 -80.00000 1701.80000 1164.00000 -80.00000 1701.80000 1164.00000 -122.00000 1701.80000
3 0x2F1E6D0 1140.00000 -80.00000 1714.80000 1164.00000 -122.00000 1714.80000 1164.00000 -80.00000 1714.80000
3 0x2F1E6D0 1140.00000 -80.00000 1714.80000 1140.00000 -122.00000 1714.80000 1164.00000 -122.00000 1714.80000
3 0x2F1E6D0 1140.00000 -80.00000 1701.80000 1140.00000 -122.00000 1714.80000 1140.00000 -80.00000 1714.80000
3 0x2F1E6D0 1140.00000 -80.00000 1701.80000 1140.00000 -122.00000 1701.80000 1140.00000 -122.00000 1714.80000
3 0x2F1E6D0 1164.00000 -80.00000 1701.80000 1164.00000 -122.00000 1714.80000 1164.00000 -122.00000 1701.80000
3 0x2F1E6D0 1164.00000 -80.00000 1701.80000 1164.00000 -80.00000 1714.80000 1164.00000 -122.00000 1714.80000
3 0x2CEC2A9 860.00000 -6.00000 1714.80000 1140.00000 -6.00000 1736.80000 1140.00000 -6.00000 1714.80000
3 0x2CEC2A9 860.00000 -6.00000 1714.80000 860.00000 -6.00000 1736.80000 1140.00000 -6.00000 1736.80000
3 0x2CEC2A9 860.00000 -60.00000 1714.80000 1140.00000 -60.00000 1736.80000 860.00000 -60.00000 1736.80000
3 0x2CEC2A9 860.00000 -60.00000 1714.80000 1140.00000 -60.00000 1714.80000 1140.00000 -60.00000 1736.80000
3 0x2CEC2A9 860.00000 -6.00000 1714.80000 1140.00000 -60.00000 1714.80000 860.00000 -60.00000 1714.80000
3 0x2CEC2A9 860.00000 -6.00000 1714.80000 1140.00000 -6.00000 1714.80000 1140.00000 -60.00000 1714.80000
3 0x2CEC2A9 860.00000 -6.00000 1736.80000 1140.00000 -60.00000 1736.80000 1140.00000 -6.00000 1736.80000
3 0x2CEC2A9 860.00000 -6.00000 1736.80000 860.00000 -60.00000 1736.80000 1140.00000 -60.00000 1736.80000
3 0x2CEC2A9 860.00000 -6.00000 1714.80000 860.00000 -60.00000 1736.80000 860.00000 -6.00000 1736.80000
3 0x2CEC2A9 860.00000 -6.00000 1714.80000 860.00000 -60.00000 1714.80000 860.00000 -60.00000 1736.80000
3 0x2CEC2A9 1140.00000 -6.00000 1714.80000 1140.00000 -60.00000 1736.80000 1140.00000 -60.00000 1714.80000
3 0x2CEC2A9 1140.00000 -6.00000 1714.80000 1140.00000 -6.00000 1736.80000 1140.00000 -60.00000 1736.80000
3 0x2F1E6D0 100.00000 -810.00000 1216.00000 680.00000 -810.00000 1240.00000 680.00000 -810.00000 1216.00000
3 0x2F1E6D0 100.00000 -810.00000 1216.00000 100.00000 -810.00000 1240.00000 680.00000 -810.00000 1240.00000
3 0x2F1E6D0 100.00000 -862.00000 1216.00000 680.00000 -862.00000 1240.00000 100.00000 -862.00000 1240.00000
3 0x2F1E6D0 100.00000 -862.00000 1216.00000 680.00000 -862.00000 1216.00000 680.00000 -862.00000 1240.00000
3 0x2F1E6D0 100.00000 -810.00000 1216.00000 680.00000 -862.00000 1216.00000 100.00000 -862.00000 1216.00000
3 0x2F1E6D0 100.00000 -810.00000 1216.00000 680.00000 -810.00000 1216.00000 680.00000 -862.00000 1216.00000
3 0x2F1E6D0 100.00000 -810.00000 1240.00000 680.00000 -862.00000 1240.00000 680.00000 -810.00000 1240.00000
3 0x2F1E6D0 100.00000 -810.00000 1240.00000 100.00000 -862.00000 1240.00000 680.00000 -862.00000 1240.00000
3 0x2F1E6D0 100.00000 -810.00000 1216.00000 100.00000 -862.00000 1240.00000 100.00000 -810.00000 1240.00000
3 0x2F1E6D0 100.00000 -810.00000 1216.00000 100.00000 -862.00000 1216.00000 100.00000 -862.00000 1240.00000
3 0x2F1E6D0 680.00000 -810.00000 1216.00000 680.00000 -862.00000 1240.00000 680.00000 -862.00000 1216.00000
3 0x2F1E6D0 680.00000 -810.00000 1216.00000 680.00000 -810.00000 1240.00000 680.00000 -862.00000 1240.00000
3 0x2F1E6D0 100.00000 -810.00000 760.00000 124.00000 -810.00000 1216.00000 124.00000 -810.00000 760.00000
3 0x2F1E6D0 100.00000 -810.00000 760.00000 100.00000 -810.00000 1216.00000 124.00000 -810.00000 1216.00000
3 0x2F1E6D0 100.00000 -862.00000 760.00000 124.00000 -862.00000 1216.00000 100.00000 -862.00000 1216.00000
3 0x2F1E6D0 100.00000 -862.00000 760.00000 124.00000 -862.00000 760.00000 124.00000 -862.00000 1216.00000
3 0x2F1E6D0 100.00000 -810.00000 760.00000 124.00000 -862.00000 760.00000 100.00000 -862.00000 760.00000
3 0x2F1E6D0 100.00000 -810.00000 760.00000 124.00000 -810.00000 760.00000 124.00000 -862.00000 760.00000
3 0x2F1E6D0 100.00000 -810.00000 1216.00000 124.00000 -862.00000 1216.00000 124.00000 -810.00000 1216.00000
3 0x2F1E6D0 100.00000 -810.00000 1216.00000 100.00000 -862.00000 1216.00000 124.00000 -862.00000 1216.00000
3 0x2F1E6D0 100.00000 -810.00000 760.00000 100.00000 -862.00000 1216.00000 100.00000 -810.00000 1216.00000
3 0x2F1E6D0 100.00000 -810.00000 760.00000 100.00000 -862.00000 760.00000 100.00000 -862.00000 1216.00000
3 0x2F1E6D0 124.00000 -810.00000 760.00000 124.00000 -862.00000 1216.00000 124.00000 -862.00000 760.00000
3 0x2F1E6D0 124.00000 -810.00000 760.00000 124.00000 -810.00000 1216.00000 124.00000 -862.00000 1216.00000
3 0x2F1E6D0 1170.00000 -770.00000 1416.00000 1840.00000 -770.00000 1440.00000 1840.00000 -770.00000 1416.00000
3 0x2F1E6D0 1170.00000 -770.00000 1416.00000 1170.00000 -770.00000 1440.00000 1840.00000 -770.00000 1440.00000
3 0x2F1E6D0 1170.00000 -822.00000 1416.00000 1840.00000 -822.00000 1440.00000 1170.00000 -822.00000 1440.00000
3 0x2F1E6D0 1170.00000 -822.00000 1416.00000 1840.00000 -822.00000 1416.00000 1840.00000 -822.00000 1440.00000
3 0x2F1E6D0 1170.00000 -770.00000 1416.00000 1840.00000 -822.00000 1416.00000 1170.00000 -822.00000 1416.00000
3 0x2F1E6D0 1170.00000 -770.00000 1416.00000 1840.00000 -770.00000 1416.00000 1840.00000 -822.00000 1416.00000
3 0x2F1E6D0 1170.00000 -770.00000 1440.00000 1840.00000 -822.00000 1440.00000 1840.00000 -770.00000 1440.00000
3 0x2F1E6D0 1170.00000 -770.00000 1440.00000 1170.00000 -822.00000 1440.00000 1840.00000 -822.00000 1440.00000
3 0x2F1E6D0 1170.00000 -770.00000 1416.00000 1170.00000 -822.00000 1440.00000 1170.00000 -770.00000 1440.00000
3 0x2F1E6D0 1170.00000 -770.00000 1416.00000 1170.00000 -822.00000 1416.00000 1170.00000 -822.00000 1440.00000
3 0x2F1E6D0 1840.00000 -770.00000 1416.00000 1840.00000 -822.00000 1440.00000 1840.00000 -822.00000 1416.00000
3 0x2F1E6D0 1840.00000 -770.00000 1416.00000 1840.00000 -770.00000 1440.00000 1840.00000 -822.00000 1440.00000
3 0x2F1E6D0 1816.00000 -770.00000 1000.00000 1840.00000 -770.00000 1416.00000 1840.00000 -770.00000 1000.00000
3 0x2F1E6D0 1816.00000 -770.00000 1000.00000 1816.00000 -770.00000 1416.00000 1840.00000 -770.00000 1416.00000
3 0x2F1E6D0 1816.00000 -822.00000 1000.00000 1840.00000 -822.00000 1416.00000 1816.00000 -822.00000 1416.00000
3 0x2F1E6D0 1816.00000 -822.00000 1000.00000 1840.00000 -822.00000 1000.00000 1840.00000 -822.00000 1416.00000
3 0x2F1E6D0 1816.00000 -770.00000 1000.00000 1840.00000 -822.00000 1000.00000 1816.00000 -822.00000 1000.00000
3 0x2F1E6D0 1816.00000 -770.00000 1000.00000 1840.00000 -770.00000 1000.00000 1840.00000 -822.00000 1000.00000
3 0x2F1E6D0 1816.00000 -770.00000 1416.00000 1840.00000 -822.00000 1416.00000 1840.00000 -770.00000 1416.00000
3 0x2F1E6D0 1816.00000 -770.00000 1416.00000 1816.00000 -822.00000 1416.00000 1840.00000 -822.00000 1416.00000
3 0x2F1E6D0 1816.00000 -770.00000 1000.00000 1816.00000 -822.00000 1416.00000 1816.00000 -770.00000 1416.00000
3 0x2F1E6D0 1816.00000 -770.00000 1000.00000 1816.00000 -822.00000 1000.00000 1816.00000 -822.00000 1416.00000
3 0x2F1E6D0 1840.00000 -770.00000 1000.00000 1840.00000 -822.00000 1416.00000 1840.00000 -822.00000 1000.00000
3 0x2F1E6D0 1840.00000 -770.00000 1000.00000 1840.00000 -770.00000 1416.00000 1840.00000 -822.00000 1416.00000
3 0x2E4D7BD 200.00000 -800.00000 200.00000 1000.00000 -800.00000 224.00000 1000.00000 -800.00000 200.00000
3 0x2E4D7BD 200.00000 -800.00000 200.00000 200.00000 -800.00000 224.00000 1000.00000 -800.00000 224.00000
3 0x2E4D7BD 200.00000 -1640.00000 200.00000 1000.00000 -1640.00000 224.00000 200.00000 -1640.00000 224.00000
3 0x2E4D7BD 200.00000 -1640.00000 200.00000 1000.00000 -1640.00000 200.00000 1000.00000 -1640.00000 224.00000
3 0x2E4D7BD 200.00000 -800.00000 200.00000 1000.00000 -1640.00000 200.00000 200.00000 -1640.00000 200.00000
3 0x2E4D7BD 200.00000 -800.00000 200.00000 1000.00000 -800.00000 200.00000 1000.00000 -1640.00000 200.00000
3 0x2E4D7BD 200.00000 -800.00000 224.00000 1000.00000 -1640.00000 224.00000 1000.00000 -800.00000 224.00000
3 0x2E4D7BD 200.00000 -800.00000 224.00000 200.00000 -1640.00000 224.00000 1000.00000 -1640.00000 224.00000
3 0x2E4D7BD 200.00000 -800.00000 200.00000 200.00000 -1640.00000 224.00000 200.00000 -800.00000 224.00000
3 0x2E4D7BD 200.00000 -800.00000 200.00000 200.00000 -1640.00000 200.00000 200.00000 -1640.00000 224.00000
3 0x2E4D7BD 1000.00000 -800.00000 200.00000 1000.00000 -1640.00000 224.00000 1000.00000 -1640.00000 200.00000
3 0x2E4D7BD 1000.00000 -800.00000 200.00000 1000.00000 -800.00000 224.00000 1000.00000 -1640.00000 224.00000
3 0x2E4D7BD 200.00000 -800.00000 224.00000 224.00000 -800.00000 280.00000 224.00000 -800.00000 224.00000
3 0x2E4D7BD 200.00000 -800.00000 224.00000 200.00000 -800.00000 280.00000 224.00000 -800.00000 280.00000
3 0x2E4D7BD 200.00000 -848.00000 224.00000 224.00000 -848.00000 280.00000 200.00000 -848.00000 280.00000
3 0x2E4D7BD 200.00000 -848.00000 224.00000 224.00000 -848.00000 224.00000 224.00000 -848.00000 280.00000
3 0x2E4D7BD 200.00000 -800.00000 224.00000 224.00000 -848.00000 224.00000 200.00000 -848.00000 224.00000
3 0x2E4D7BD 200.00000 -800.00000 224.00000 224.00000 -800.00000 224.00000 224.00000 -848.00000 224.00000
3 0x2E4D7BD 200.00000 -800.00000 280.00000 224.00000 -848.00000 280.00000 224.00000 -800.00000 280.00000
3 0x2E4D7BD 200.00000 -800.00000 280.00000 200.00000 -848.00000 280.00000 224.00000 -848.00000 280.00000
3 0x2E4D7BD 200.00000 -800.00000 224.00000 200.00000 -848.00000 280.00000 200.00000 -800.00000 280.00000
3 0x2E4D7BD 200.00000 -800.00000 224.00000 200.00000 -848.00000 224.00000 200.00000 -848.00000 280.00000
3 0x2E4D7BD 224.00000 -800.00000 224.00000 224.00000 -848.00000 280.00000 224.00000 -848.00000 224.00000
3 0x2E4D7BD 224.00000 -800.00000 224.00000 224.00000 -800.00000 280.00000 224.00000 -848.00000 280.00000
3 0x2E4D7BD 200.00000 -848.00000 224.00000 224.00000 -848.00000 280.00000 224.00000 -848.00000 224.00000
3 0x2E4D7BD 200.00000 -848.00000 224.00000 200.00000 -848.00000 280.00000 224.00000 -848.00000 280.00000
3 0x2E4D7BD 200.00000 -1038.00000 224.00000 224.00000 -1038.00000 280.00000 200.00000 -1038.00000 280.00000
3 0x2E4D7BD 200.00000 -1038.00000 224.00000 224.00000 -1038.00000 224.00000 224.00000 -1038.00000 280.00000
3 0x2E4D7BD 200.00000 -848.00000 224.00000 224.00000 -1038.00000 224.00000 200.00000 -1038.00000 224.00000
3 0x2E4D7BD 200.00000 -848.00000 224.00000 224.00000 -848.00000 224.00000 224.00000 -1038.00000 224.00000
3 0x2E4D7BD 200.00000 -848.00000 280.00000 224.00000 -1038.00000 280.00000 224.00000 -848.00000 280.00000
3 0x2E4D7BD 200.00000 -848.00000 280.00000 200.00000 -1038.00000 280.00000 224.00000 -1038.00000 280.00000
3 0x2E4D7BD 200.00000 -848.00000 224.00000 200.00000 -1038.00000 280.00000 200.00000 -848.00000 280.00000
3 0x2E4D7BD 200.00000 -848.00000 224.00000 200.00000 -1038.00000 224.00000 200.00000 -1038.00000 280.00000
3 0x2E4D7BD 224.00000 -848.00000 224.00000 224.00000 -1038.00000 280.00000 224.00000 -1038.00000 224.00000
3 0x2E4D7BD 224.00000 -848.00000 224.00000 224.00000 -848.00000 280.00000 224.00000 -1038.00000 280.00000
3 0x2E4D7BD 200.00000 -1038.00000 224.00000 224.00000 -1038.00000 280.00000 224.00000 -1038.00000 224.00000
3 0x2E4D7BD 200.00000 -1038.00000 224.00000 200.00000 -1038.00000 280.00000 224.00000 -1038.00000 280.00000
3 0x2E4D7BD 200.00000 -1128.00000 224.00000 224.00000 -1128.00000 280.00000 200.00000 -1128.00000 280.00000
3 0x2E4D7BD 200.00000 -1128.00000 224.00000 224.00000 -1128.00000 224.00000 224.00000 -1128.00000 280.00000
3 0x2E4D7BD 200.00000 -1038.00000 224.00000 224.00000 -1128.00000 224.00000 200.00000 -1128.00000 224.00000
3 0x2E4D7BD 200.00000 -1038.00000 224.00000 224.00000 -1038.00000 224.00000 224.00000 -1128.00000 224.00000
3 0x2E4D7BD 200.00000 -1038.00000 280.00000 224.00000 -1128.00000 280.00000 224.00000 -1038.00000 280.00000
3 0x2E4D7BD 200.00000 -1038.00000 280.00000 200.00000 -1128.00000 280.00000 224.00000 -1128.00000 280.00000
3 0x2E4D7BD 200.00000 -1038.00000 224.00000 200.00000 -1128.00000 280.00000 200.00000 -1038.00000 280.00000
3 0x2E4D7BD 200.00000 -1038.00000 224.00000 200.00000 -1128.00000 224.00000 200.00000 -1128.00000 280.00000
3 0x2E4D7BD 224.00000 -1038.00000 224.00000 224.00000 -1128.00000 280.00000 224.00000 -1128.00000 224.00000
3 0x2E4D7BD 224.00000 -1038.00000 224.00000 224.00000 -1038.00000 280.00000 224.00000 -1128.00000 280.00000
3 0x2E4D7BD 200.00000 -1128.00000 224.00000 224.00000 -1128.00000 280.00000 224.00000 -1128.00000 224.00000
3 0x2E4D7BD 200.00000 -1128.00000 224.00000 200.00000 -1128.00000 280.00000 224.00000 -1128.00000 280.00000
3 0x2E4D7BD 200.00000 -1318.00000 224.00000 224.00000 -1318.00000 280.00000 200.00000 -1318.00000 280.00000
3 0x2E4D7BD 200.00000 -1318.00000 224.00000 224.00000 -1318.00000 224.00000 224.00000 -1318.00000 280.00000
3 0x2E4D7BD 200.00000 -1128.00000 224.00000 224.00000 -1318.00000 224.00000 200.00000 -1318.00000 224.00000
3 0x2E4D7BD 200.00000 -1128.00000 224.00000 224.00000 -1128.00000 224.00000 224.00000 -1318.00000 224.00000
3 0x2E4D7BD 200.00000 -1128.00000 280.00000 224.00000 -1318.00000 280.00000 224.00000 -1128.00000 280.00000
3 0x2E4D7BD 200.00000 -1128.00000 280.00000 200.00000 -1318.00000 280.00000 224.00000 -1318.00000 280.00000
3 0x2E4D7BD 200.00000 -1128.00000 224.00000 200.00000 -1318.00000 280.00000 200.00000 -1128.00000 280.00000
3 0x2E4D7BD 200.00000 -1128.00000 224.00000 200.00000 -1318.00000 224.00000 200.00000 -1318.00000 280.00000
3 0x2E4D7BD 224.00000 -1128.00000 224.00000 224.00000 -1318.00000 280.00000 224.00000 -1318.00000 224.00000
3 0x2E4D7BD 224.00000 -1128.00000 224.00000 224.00000 -1128.00000 280.00000 224.00000 -1318.00000 280.00000
3 0x2E4D7BD 200.00000 -1318.00000 224.00000 224.00000 -1318.00000 280.00000 224.00000 -1318.00000 224.00000
3 0x2E4D7BD 200.00000 -1318.00000 224.00000 200.00000 -1318.00000 280.00000 224.00000 -1318.00000 280.00000
3 0x2E4D7BD 200.00000 -1408.00000 224.00000 224.00000 -1408.00000 280.00000 200.00000 -1408.00000 280.00000
3 0x2E4D7BD 200.00000 -1408.00000 224.00000 224.00000 -1408.00000 224.00000 224.00000 -1408.00000 280.00000
3 0x2E4D7BD 200.00000 -1318.00000 224.00000 224.00000 -1408.00000 224.00000 200.00000 -1408.00000 224.00000
3 0x2E4D7BD 200.00000 -1318.00000 224.00000 224.00000 -1318.00000 224.00000 224.00000 -1408.00000 224.00000
3 0x2E4D7BD 200.00000 -1318.00000 280.00000 224.00000 -1408.00000 280.00000 224.00000 -1318.00000 280.00000
3 0x2E4D7BD 200.00000 -1318.00000 280.00000 200.00000 -1408.00000 280.00000 224.00000 -1408.00000 280.00000
3 0x2E4D7BD 200.00000 -1318.00000 224.00000 200.00000 -1408.00000 280.00000 200.00000 -1318.00000 280.00000
3 0x2E4D7BD 200.00000 -1318.00000 224.00000 200.00000 -1408.00000 224.00000 200.00000 -1408.00000 280.00000
3 0x2E4D7BD 224.00000 -1318.00000 224.00000 224.00000 -1408.00000 280.00000 224.00000 -1408.00000 224.00000
3 0x2E4D7BD 224.00000 -1318.00000 224.00000 224.00000 -1318.00000 280.00000 224.00000 -1408.00000 280.00000
3 0x2E4D7BD 200.00000 -1408.00000 224.00000 224.00000 -1408.00000 280.00000 224.00000 -1408.00000 224.00000
3 0x2E4D7BD 200.00000 -1408.00000 224.00000 200.00000 -1408.00000 280.00000 224.00000 -1408.00000 280.00000
3 0x2E4D7BD 200.00000 -1598.00000 224.00000 224.00000 -1598.00000 280.00000 200.00000 -1598.00000 280.00000
3 0x2E4D7BD 200.00000 -1598.00000 224.00000 224.00000 -1598.00000 224.00000 224.00000 -1598.00000 280.00000
3 0x2E4D7BD 200.00000 -1408.00000 224.00000 224.00000 -1598.00000 224.00000 200.00000 -1598.00000 224.00000
3 0x2E4D7BD 200.00000 -1408.00000 224.00000 224.00000 -1408.00000 224.00000 224.00000 -1598.00000 224.00000
3 0x2E4D7BD 200.00000 -1408.00000 280.00000 224.00000 -1598.00000 280.00000 224.00000 -1408.00000 280.00000
3 0x2E4D7BD 200.00000 -1408.00000 280.00000 200.00000 -1598.00000 280.00000 224.00000 -1598.00000 280.00000
3 0x2E4D7BD 200.00000 -1408.00000 224.00000 200.00000 -1598.00000 280.00000 200.00000 -1408.00000 280.00000
3 0x2E4D7BD 200.00000 -1408.00000 224.00000 200.00000 -1598.00000 224.00000 200.00000 -1598.00000 280.00000
3 0x2E4D7BD 224.00000 -1408.00000 224.00000 224.00000 -1598.00000 280.00000 224.00000 -1598.00000 224.00000
3 0x2E4D7BD 224.00000 -1408.00000 224.00000 224.00000 -1408.00000 280.00000 224.00000 -1598.00000 280.00000
3 0x2E4D7BD 200.00000 -1598.00000 224.00000 224.00000 -1598.00000 280.00000 224.00000 -1598.00000 224.00000
3 0x2E4D7BD 200.00000 -1598.00000 224.00000 200.00000 -1598.00000 280.00000 224.00000 -1598.00000 280.00000
3 0x2E4D7BD 200.00000 -1640.00000 224.00000 224.00000 -1640.00000 280.00000 200.00000 -1640.00000 280.00000
3 0x2E4D7BD 200.00000 -1640.00000 224.00000 224.00000 -1640.00000 224.00000 224.00000 -1640.00000 280.00000
3 0x2E4D7BD 200.00000 -1598.00000 224.00000 224.00000 -1640.00000 224.00000 200.00000 -1640.00000 224.00000
3 0x2E4D7BD 200.00000 -1598.00000 224.00000 224.00000 -1598.00000 224.00000 224.00000 -1640.00000 224.00000
3 0x2E4D7BD 200.00000 -1598.00000 280.00000 224.00000 -1640.00000 280.00000 224.00000 -1598.00000 280.00000
3 0x2E4D7BD 200.00000 -1598.00000 280.00000 200.00000 -1640.00000 280.00000 224.00000 -1640.00000 280.00000
3 0x2E4D7BD 200.00000 -1598.00000 224.00000 200.00000 -1640.00000 280.00000 200.00000 -1598.00000 280.00000
3 0x2E4D7BD 200.00000 -1598.00000 224.00000 200.00000 -1640.00000 224.00000 200.00000 -1640.00000 280.00000
3 0x2E4D7BD 224.00000 -1598.00000 224.00000 224.00000 -1640.00000 280.00000 224.00000 -1640.00000 224.00000
3 0x2E4D7BD 224.00000 -1598.00000 224.00000 224.00000 -1598.00000 280.00000 224.00000 -1640.00000 280.00000
3 0x2E4D7BD 200.00000 -800.00000 280.00000 224.00000 -800.00000 390.00000 224.00000 -800.00000 280.00000
3 0x2E4D7BD 200.00000 -800.00000 280.00000 200.00000 -800.00000 390.00000 224.00000 -800.00000 390.00000
3 0x2E4D7BD 200.00000 -848.00000 280.00000 224.00000 -848.00000 390.00000 200.00000 -848.00000 390.00000
3 0x2E4D7BD 200.00000 -848.00000 280.00000 224.00000 -848.00000 280.00000 224.00000 -848.00000 390.00000
3 0x2E4D7BD 200.00000 -800.00000 280.00000 224.00000 -848.00000 280.00000 200.00000 -848.00000 280.00000
3 0x2E4D7BD 200.00000 -800.00000 280.00000 224.00000 -800.00000 280.00000 224.00000 -848.00000 280.00000
3 0x2E4D7BD 200.00000 -800.00000 390.00000 224.00000 -848.00000 390.00000 224.00000 -800.00000 390.00000
3 0x2E4D7BD 200.00000 -800.00000 390.00000 200.00000 -848.00000 390.00000 224.00000 -848.00000 390.00000
3 0x2E4D7BD 200.00000 -800.00000 280.00000 200.00000 -848.00000 390.00000 200.00000 -800.00000 390.00000
3 0x2E4D7BD 200.00000 -800.00000 280.00000 200.00000 -848.00000 280.00000 200.00000 -848.00000 390.00000
3 0x2E4D7BD 224.00000 -800.00000 280.00000 224.00000 -848.00000 390.00000 224.00000 -848.00000 280.00000
3 0x2E4D7BD 224.00000 -800.00000 280.00000 224.00000 -800.00000 390.00000 224.00000 -848.00000 390.00000
3 0x2E4D7BD 200.00000 -1038.00000 280.00000 224.00000 -1038.00000 390.00000 224.00000 -1038.00000 280.00000
3 0x2E4D7BD 200.00000 -1038.00000 280.00000 200.00000 -1038.00000 390.00000 224.00000 -1038.00000 390.00000
3 0x2E4D7BD 200.00000 -1128.00000 280.00000 224.00000 -1128.00000 390.00000 200.00000 -1128.00000 390.00000
3 0x2E4D7BD 200.00000 -1128.00000 280.00000 224.00000 -1128.00000 280.00000 224.00000 -1128.00000 390.00000
3 0x2E4D7BD 200.00000 -1038.00000 280.00000 224.00000 -1128.00000 280.00000 200.00000 -1128.00000 280.00000
3 0x2E4D7BD 200.00000 -1038.00000 280.00000 224.00000 -1038.00000 280.00000 224.00000 -1128.00000 280.00000
3 0x2E4D7BD 200.00000 -1038.00000 390.00000 224.00000 -1128.00000 390.00000 224.00000 -1038.00000 390.00000
3 0x2E4D7BD 200.00000 -1038.00000 390.00000 200.00000 -1128.00000 390.00000 224.00000 -1128.00000 390.00000
3 0x2E4D7BD 200.00000 -1038.00000 280.00000 200.00000 -1128.00000 390.00000 200.00000 -1038.00000 390.00000
3 0x2E4D7BD 200.00000 -1038.00000 280.00000 200.00000 -1128.00000 280.00000 200.00000 -1128.00000 390.00000
3 0x2E4D7BD 224.00000 -1038.00000 280.00000 224.00000 -1128.00000 390.00000 224.00000 -1128.00000 280.00000
3 0x2E4D7BD 224.00000 -1038.00000 280.00000 224.00000 -1038.00000 390.00000 224.00000 -1128.00000 390.00000
3 0x2E4D7BD 200.00000 -1318.00000 280.00000 224.00000 -1318.00000 390.00000 224.00000 -1318.00000 280.00000
3 0x2E4D7BD 200.00000 -1318.00000 280.00000 200.00000 -1318.00000 390.00000 224.00000 -1318.00000 390.00000
3 0x2E4D7BD 200.00000 -1408.00000 280.00000 224.00000 -1408.00000 390.00000 200.00000 -1408.00000 390.00000
3 0x2E4D7BD 200.00000 -1408.00000 280.00000 224.00000 -1408.00000 280.00000 224.00000 -1408.00000 390.00000
3 0x2E4D7BD 200.00000 -1318.00000 280.00000 224.00000 -1408.00000 280.00000 200.00000 -1408.00000 280.00000
3 0x2E4D7BD 200.00000 -1318.00000 280.00000 224.00000 -1318.00000 280.00000 224.00000 -1408.00000 280.00000
3 0x2E4D7BD 200.00000 -1318.00000 390.00000 224.00000 -1408.00000 390.00000 224.00000 -1318.00000 390.00000
3 0x2E4D7BD 200.00000 -1318.00000 390.00000 200.00000 -1408.00000 390.00000 224.00000 -1408.00000 390.00000
3 0x2E4D7BD 200.00000 -1318.00000 280.00000 200.00000 -1408.00000 390.00000 200.00000 -1318.00000 390.00000
3 0x2E4D7BD 200.00000 -1318.00000 280.00000 200.00000 -1408.00000 280.00000 200.00000 -1408.00000 390.00000
3 0x2E4D7BD 224.00000 -1318.00000 280.00000 224.00000 -1408.00000 390.00000 224.00000 -1408.00000 280.00000
3 0x2E4D7BD 224.00000 -1318.00000 280.00000 224.00000 -1318.00000 390.00000 224.00000 -1408.00000 390.00000
3 0x2E4D7BD 200.00000 -1598.00000 280.00000 224.00000 -1598.00000 390.00000 224.00000 -1598.00000 280.00000
3 0x2E4D7BD 200.00000 -1598.00000 280.00000 200.00000 -1598.00000 390.00000 224.00000 -1598.00000 390.00000
3 0x2E4D7BD 200.00000 -1640.00000 280.00000 224.00000 -1640.00000 390.00000 200.00000 -1640.00000 390.00000
3 0x2E4D7BD 200.00000 -1640.00000 280.00000 224.00000 -1640.00000 280.00000 224.00000 -1640.00000 390.00000
3 0x2E4D7BD 200.00000 -1598.00000 280.00000 224.00000 -1640.00000 280.00000 200.00000 -1640.00000 280.00000
3 0x2E4D7BD 200.00000 -1598.00000 280.00000 224.00000 -1598.00000 280.00000 224.00000 -1640.00000 280.00000
3 0x2E4D7BD 200.00000 -1598.00000 390.00000 224.00000 -1640.00000 390.00000 224.00000 -1598.00000 390.00000
3 0x2E4D7BD 200.00000 -1598.00000 390.00000 200.00000 -1640.00000 390.00000 224.00000 -1640.00000 390.00000
3 0x2E4D7BD 200.00000 -1598.00000 280.00000 200.00000 -1640.00000 390.00000 200.00000 -1598.00000 390.00000
3 0x2E4D7BD 200.00000 -1598.00000 280.00000 200.00000 -1640.00000 280.00000 200.00000 -1640.00000 390.00000
3 0x2E4D7BD 224.00000 -1598.00000 280.00000 224.00000 -1640.00000 390.00000 224.00000 -1640.00000 280.00000
3 0x2E4D7BD 224.00000 -1598.00000 280.00000 224.00000 -1598.00000 390.00000 224.00000 -1640.00000 390.00000
3 0x2E4D7BD 200.00000 -800.00000 390.00000 224.00000 -800.00000 560.00000 224.00000 -800.00000 390.00000
3 0x2E4D7BD 200.00000 -800.00000 390.00000 200.00000 -800.00000 560.00000 224.00000 -800.00000 560.00000
3 0x2E4D7BD 200.00000 -848.00000 390.00000 224.00000 -848.00000 560.00000 200.00000 -848.00000 560.00000
3 0x2E4D7BD 200.00000 -848.00000 390.00000 224.00000 -848.00000 390.00000 224.00000 -848.00000 560.00000
3 0x2E4D7BD 200.00000 -800.00000 390.00000 224.00000 -848.00000 390.00000 200.00000 -848.00000 390.00000
3 0x2E4D7BD 200.00000 -800.00000 390.00000 224.00000 -800.00000 390.00000 224.00000 -848.00000 390.00000
3 0x2E4D7BD 200.00000 -800.00000 560.00000 224.00000 -848.00000 560.00000 224.00000 -800.00000 560.00000
3 0x2E4D7BD 200.00000 -800.00000 560.00000 200.00000 -848.00000 560.00000 224.00000 -848.00000 560.00000
3 0x2E4D7BD 200.00000 -800.00000 390.00000 200.00000 -848.00000 560.00000 200.00000 -800.00000 560.00000
3 0x2E4D7BD 200.00000 -800.00000 390.00000 200.00000 -848.00000 390.00000 200.00000 -848.00000 560.00000
3 0x2E4D7BD 224.00000 -800.00000 390.00000 224.00000 -848.00000 560.00000 224.00000 -848.00000 390.00000
3 0x2E4D7BD 224.00000 -800.00000 390.00000 224.00000 -800.00000 560.00000 224.00000 -848.00000 560.00000
3 0x2E4D7BD 200.00000 -848.00000 390.00000 224.00000 -848.00000 560.00000 224.00000 -848.00000 390.00000
3 0x2E4D7BD 200.00000 -848.00000 390.00000 200.00000 -848.00000 560.00000 224.00000 -848.00000 560.00000
3 0x2E4D7BD 200.00000 -1038.00000 390.00000 224.00000 -1038.00000 560.00000 200.00000 -1038.00000 560.00000
3 0x2E4D7BD 200.00000 -1038.00000 390.00000 224.00000 -1038.00000 390.00000 224.00000 -1038.00000 560.00000
3 0x2E4D7BD 200.00000 -848.00000 390.00000 224.00000 -1038.00000 390.00000 200.00000 -1038.00000 390.00000
3 0x2E4D7BD 200.00000 -848.00000 390.00000 224.00000 -848.00000 390.00000 224.00000 -1038.00000 390.00000
3 0x2E4D7BD 200.00000 -848.00000 560.00000 224.00000 -1038.00000 560.00000 224.00000 -848.00000 560.00000
3 0x2E4D7BD 200.00000 -848.00000 560.00000 200.00000 -1038.00000 560.00000 224.00000 -1038.00000 560.00000
3 0x2E4D7BD 200.00000 -848.00000 390.00000 200.00000 -1038.00000 560.00000 200.00000 -848.00000 560.00000
3 0x2E4D7BD 200.00000 -848.00000 390.00000 200.00000 -1038.00000 390.00000 200.00000 -1038.00000 560.00000
3 0x2E4D7BD 224.00000 -848.00000 390.00000 224.00000 -1038.00000 560.00000 224.00000 -1038.00000 390.00000
3 0x2E4D7BD 224.00000 -848.00000 390.00000 224.00000 -848.00000 560.00000 224.00000 -1038.00000 560.00000
3 0x2E4D7BD 200.00000 -1038.00000 390.00000 224.00000 -1038.00000 560.00000 224.00000 -1038.00000 390.00000
3 0x2E4D7BD 200.00000 -1038.00000 390.00000 200.00000 -1038.00000 560.00000 224.00000 -1038.00000 560.00000
3 0x2E4D7BD 200.00000 -1128.00000 390.00000 224.00000 -1128.00000 560.00000 200.00000 -1128.00000 560.00000
3 0x2E4D7BD 200.00000 -1128.00000 390.00000 224.00000 -1128.00000 390.00000 224.00000 -1128.00000 560.00000
3 0x2E4D7BD 200.00000 -1038.00000 390.00000 224.00000 -1128.00000 390.00000 200.00000 -1128.00000 390.00000
3 0x2E4D7BD 200.00000 -1038.00000 390.00000 224.00000 -1038.00000 390.00000 224.00000 -1128.00000 390.00000
3 0x2E4D7BD 200.00000 -1038.00000 560.00000 224.00000 -1128.00000 560.00000 224.00000 -1038.00000 560.00000
3 0x2E4D7BD 200.00000 -1038.00000 560.00000 200.00000 -1128.00000 560.00000 224.00000 -1128.00000 560.00000
3 0x2E4D7BD 200.00000 -1038.00000 390.00000 200.00000 -1128.00000 560.00000 200.00000 -1038.00000 560.00000
3 0x2E4D7BD 200.00000 -1038.00000 390.00000 200.00000 -1128.00000 390.00000 200.00000 -1128.00000 560.00000
3 0x2E4D7BD 224.00000 -1038.00000 390.00000 224.00000 -1128.00000 560.00000 224.00000 -1128.00000 390.00000
3 0x2E4D7BD 224.00000 -1038.00000 390.00000 224.00000 -1038.00000 560.00000 224.00000 -1128.00000 560.00000
3 0x2E4D7BD 200.00000 -1128.00000 390.00000 224.00000 -1128.00000 560.00000 224.00000 -1128.00000 390.00000
3 0x2E4D7BD 200.00000 -1128.00000 390.00000 200.00000 -1128.00000 560.00000 224.00000 -1128.00000 560.00000
3 0x2E4D7BD 200.00000 -1318.00000 390.00000 224.00000 -1318.00000 560.00000 200.00000 -1318.00000 560.00000
3 0x2E4D7BD 200.00000 -1318.00000 390.00000 224.00000 -1318.00000 390.00000 224.00000 -1318.00000 560.00000
3 0x2E4D7BD 200.00000 -1128.00000 390.00000 224.00000 -1318.00000 390.00000 200.00000 -1318.00000 390.00000
3 0x2E4D7BD 200.00000 -1128.00000 390.00000 224.00000 -1128.00000 390.00000 224.00000 -1318.00000 390.00000
3 0x2E4D7BD 200.00000 -1128.00000 560.00000 224.00000 -1318.00000 560.00000 224.00000 -1128.00000 560.00000
3 0x2E4D7BD 200.00000 -1128.00000 560.00000 200.00000 -1318.00000 560.00000 224.00000 -1318.00000 560.00000
3 0x2E4D7BD 200.00000 -1128.00000 390.00000 200.00000 -1318.00000 560.00000 200.00000 -1128.00000 560.00000
3 0x2E4D7BD 200.00000 -1128.00000 390.00000 200.00000 -1318.00000 390.00000 200.00000 -1318.00000 560.00000
3 0x2E4D7BD 224.00000 -1128.00000 390.00000 224.00000 -1318.00000 560.00000 224.00000 -1318.00000 390.00000
3 0x2E4D7BD 224.00000 -1128.00000 390.00000 224.00000 -1128.00000 560.00000 224.00000 -1318.00000 560.00000
3 0x2E4D7BD 200.00000 -1318.00000 390.00000 224.00000 -1318.00000 560.00000 224.00000 -1318.00000 390.00000
3 0x2E4D7BD 200.00000 -1318.00000 390.00000 200.00000 -1318.00000 560.00000 224.00000 -1318.00000 560.00000
3 0x2E4D7BD 200.00000 -1408.00000 390.00000 224.00000 -1408.00000 560.00000 200.00000 -1408.00000 560.00000
3 0x2E4D7BD 200.00000 -1408.00000 390.00000 224.00000 -1408.00000 390.00000 224.00000 -1408.00000 560.00000
3 0x2E4D7BD 200.00000 -1318.00000 390.00000 224.00000 -1408.00000 390.00000 200.00000 -1408.00000 390.00000
3 0x2E4D7BD 200.00000 -1318.00000 390.00000 224.00000 -1318.00000 390.00000 224.00000 -1408.00000 390.00000
3 0x2E4D7BD 200.00000 -1318.00000 560.00000 224.00000 -1408.00000 560.00000 224.00000 -1318.00000 560.00000
3 0x2E4D7BD 200.00000 -1318.00000 560.00000 200.00000 -1408.00000 560.00000 224.00000 -1408.00000 560.00000
3 0x2E4D7BD 200.00000 -1318.00000 390.00000 200.00000 -1408.00000 560.00000 200.00000 -1318.00000 560.00000
3 0x2E4D7BD 200.00000 -1318.00000 390.00000 200.00000 -1408.00000 390.00000 200.00000 -1408.00000 560.00000
3 0x2E4D7BD 224.00000 -1318.00000 390.00000 224.00000 -1408.00000 560.00000 224.00000 -1408.00000 390.00000
3 0x2E4D7BD 224.00000 -1318.00000 390.00000 224.00000 -1318.00000 560.00000 224.00000 -1408.00000 560.00000
3 0x2E4D7BD 200.00000 -1408.00000 390.00000 224.00000 -1408.00000 560.00000 224.00000 -1408.00000 390.00000
3 0x2E4D7BD 200.00000 -1408.00000 390.00000 200.00000 -1408.00000 560.00000 224.00000 -1408.00000 560.00000
3 0x2E4D7BD 200.00000 -1598.00000 390.00000 224.00000 -1598.00000 560.00000 200.00000 -1598.00000 560.00000
3 0x2E4D7BD 200.00000 -1598.00000 390.00000 224.00000 -1598.00000 390.00000 224.00000 -1598.00000 560.00000
3 0x2E4D7BD 200.00000 -1408.00000 390.00000 224.00000 -1598.00000 390.00000 200.00000 -1598.00000 390.00000
3 0x2E4D7BD 200.00000 -1408.00000 390.00000 224.00000 -1408.00000 390.00000 224.00000 -1598.00000 390.00000
3 0x2E4D7BD 200.00000 -1408.00000 560.00000 224.00000 -1598.00000 560.00000 224.00000 -1408.00000 560.00000
3 0x2E4D7BD 200.00000 -1408.00000 560.00000 200.00000 -1598.00000 560.00000 224.00000 -1598.00000 560.00000
3 0x2E4D7BD 200.00000 -1408.00000 390.00000 200.00000 -1598.00000 560.00000 200.00000 -1408.00000 560.00000
3 0x2E4D7BD 200.00000 -1408.00000 390.00000 200.00000 -1598.00000 390.00000 200.00000 -1598.00000 560.00000
3 0x2E4D7BD 224.00000 -1408.00000 390.00000 224.00000 -1598.00000 560.00000 224.00000 -1598.00000 390.00000
3 0x2E4D7BD 224.00000 -1408.00000 390.00000 224.00000 -1408.00000 560.00000 224.00000 -1598.00000 560.00000
3 0x2E4D7BD 200.00000 -1598.00000 390.00000 224.00000 -1598.00000 560.00000 224.00000 -1598.00000 390.00000
3 0x2E4D7BD 200.00000 -1598.00000 390.00000 200.00000 -1598.00000 560.00000 224.00000 -1598.00000 560.00000
3 0x2E4D7BD 200.00000 -1640.00000 390.00000 224.00000 -1640.00000 560.00000 200.00000 -1640.00000 560.00000
3 0x2E4D7BD 200.00000 -1640.00000 390.00000 224.00000 -1640.00000 390.00000 224.00000 -1640.00000 560.00000
3 0x2E4D7BD 200.00000 -1598.00000 390.00000 224.00000 -1640.00000 390.00000 200.00000 -1640.00000 390.00000
3 0x2E4D7BD 200.00000 -1598.00000 390.00000 224.00000 -1598.00000 390.00000 224.00000 -1640.00000 390.00000
3 0x2E4D7BD 200.00000 -1598.00000 560.00000 224.00000 -1640.00000 560.00000 224.00000 -1598.00000 560.00000
3 0x2E4D7BD 200.00000 -1598.00000 560.00000 200.00000 -1640.00000 560.00000 224.00000 -1640.00000 560.00000
3 0x2E4D7BD 200.00000 -1598.00000 390.00000 200.00000 -1640.00000 560.00000 200.00000 -1598.00000 560.00000
3 0x2E4D7BD 200.00000 -1598.00000 390.00000 200.00000 -1640.00000 390.00000 200.00000 -1640.00000 560.00000
3 0x2E4D7BD 224.00000 -1598.00000 390.00000 224.00000 -1640.00000 560.00000 224.00000 -1640.00000 390.00000
3 0x2E4D7BD 224.00000 -1598.00000 390.00000 224.00000 -1598.00000 560.00000 224.00000 -1640.00000 560.00000
3 0x2E4D7BD 200.00000 -800.00000 560.00000 224.00000 -800.00000 670.00000 224.00000 -800.00000 560.00000
3 0x2E4D7BD 200.00000 -800.00000 560.00000 200.00000 -800.00000 670.00000 224.00000 -800.00000 670.00000
3 0x2E4D7BD 200.00000 -848.00000 560.00000 224.00000 -848.00000 670.00000 200.00000 -848.00000 670.00000
3 0x2E4D7BD 200.00000 -848.00000 560.00000 224.00000 -848.00000 560.00000 224.00000 -848.00000 670.00000
3 0x2E4D7BD 200.00000 -800.00000 560.00000 224.00000 -848.00000 560.00000 200.00000 -848.00000 560.00000
3 0x2E4D7BD 200.00000 -800.00000 560.00000 224.00000 -800.00000 560.00000 224.00000 -848.00000 560.00000
3 0x2E4D7BD 200.00000 -800.00000 670.00000 224.00000 -848.00000 670.00000 224.00000 -800.00000 670.00000
3 0x2E4D7BD 200.00000 -800.00000 670.00000 200.00000 -848.00000 670.00000 224.00000 -848.00000 670.00000
3 0x2E4D7BD 200.00000 -800.00000 560.00000 200.00000 -848.00000 670.00000 200.00000 -800.00000 670.00000
3 0x2E4D7BD 200.00000 -800.00000 560.00000 200.00000 -848.00000 560.00000 200.00000 -848.00000 670.00000
3 0x2E4D7BD 224.00000 -800.00000 560.00000 224.00000 -848.00000 670.00000 224.00000 -848.00000 560.00000
3 0x2E4D7BD 224.00000 -800.00000 560.00000 224.00000 -800.00000 670.00000 224.00000 -848.00000 670.00000
3 0x2E4D7BD 200.00000 -1038.00000 560.00000 224.00000 -1038.00000 670.00000 224.00000 -1038.00000 560.00000
3 0x2E4D7BD 200.00000 -1038.00000 560.00000 200.00000 -1038.00000 670.00000 224.00000 -1038.00000 670.00000
3 0x2E4D7BD 200.00000 -1128.00000 560.00000 224.00000 -1128.00000 670.00000 200.00000 -1128.00000 670.00000
3 0x2E4D7BD 200.00000 -1128.00000 560.00000 224.00000 -1128.00000 560.00000 224.00000 -1128.00000 670.00000
3 0x2E4D7BD 200.00000 -1038.00000 560.00000 224.00000 -1128.00000 560.00000 200.00000 -1128.00000 560.00000
3 0x2E4D7BD 200.00000 -1038.00000 560.00000 224.00000 -1038.00000 560.00000 224.00000 -1128.00000 560.00000
3 0x2E4D7BD 200.00000 -1038.00000 670.00000 224.00000 -1128.00000 670.00000 224.00000 -1038.00000 670.00000
3 0x2E4D7BD 200.00000 -1038.00000 670.00000 200.00000 -1128.00000 670.00000 224.00000 -1128.00000 670.00000
3 0x2E4D7BD 200.00000 -1038.00000 560.00000 200.00000 -1128.00000 670.00000 200.00000 -1038.00000 670.00000
3 0x2E4D7BD 200.00000 -1038.00000 560.00000 200.00000 -1128.00000 560.00000 200.00000 -1128.00000 670.00000
3 0x2E4D7BD 224.00000 -1038.00000 560.00000 224.00000 -1128.00000 670.00000 224.00000 -1128.00000 560.00000
3 0x2E4D7BD 224.00000 -1038.00000 560.00000 224.00000 -1038.00000 670.00000 224.00000 -1128.00000 670.00000
3 0x2E4D7BD 200.00000 -1318.00000 560.00000 224.00000 -1318.00000 670.00000 224.00000 -1318.00000 560.00000
3 0x2E4D7BD 200.00000 -1318.00000 560.00000 200.00000 -1318.00000 670.00000 224.00000 -1318.00000 670.00000
3 0x2E4D7BD 200.00000 -1408.00000 560.00000 224.00000 -1408.00000 670.00000 200.00000 -1408.00000 670.00000
3 0x2E4D7BD 200.00000 -1408.00000 560.00000 224.00000 -1408.00000 560.00000 224.00000 -1408.00000 670.00000
3 0x2E4D7BD 200.00000 -1318.00000 560.00000 224.00000 -1408.00000 560.00000 200.00000 -1408.00000 560.00000
3 0x2E4D7BD 200.00000 -1318.00000 560.00000 224.00000 -1318.00000 560.00000 224.00000 -1408.00000 560.00000
3 0x2E4D7BD 200.00000 -1318.00000 670.00000 224.00000 -1408.00000 670.00000 224.00000 -1318.00000 670.00000
3 0x2E4D7BD 200.00000 -1318.00000 670.00000 200.00000 -1408.00000 670.00000 224.00000 -1408.00000 670.00000
3 0x2E4D7BD 200.00000 -1318.00000 560.00000 200.00000 -1408.00000 670.00000 200.00000 -1318.00000 670.00000
3 0x2E4D7BD 200.00000 -1318.00000 560.00000 200.00000 -1408.00000 560.00000 200.00000 -1408.00000 670.00000
3 0x2E4D7BD 224.00000 -1318.00000 560.00000 224.00000 -1408.00000 670.00000 224.00000 -1408.00000 560.00000
3 0x2E4D7BD 224.00000 -1318.00000 560.00000 224.00000 -1318.00000 670.00000 224.00000 -1408.00000 670.00000
3 0x2E4D7BD 200.00000 -1598.00000 560.00000 224.00000 -1598.00000 670.00000 224.00000 -1598.00000 560.00000
3 0x2E4D7BD 200.00000 -1598.00000 560.00000 200.00000 -1598.00000 670.00000 224.00000 -1598.00000 670.00000
3 0x2E4D7BD 200.00000 -1640.00000 560.00000 224.00000 -1640.00000 670.00000 200.00000 -1640.00000 670.00000
3 0x2E4D7BD 200.00000 -1640.00000 560.00000 224.00000 -1640.00000 560.00000 224.00000 -1640.00000 670.00000
3 0x2E4D7BD 200.00000 -1598.00000 560.00000 224.00000 -1640.00000 560.00000 200.00000 -1640.00000 560.00000
3 0x2E4D7BD 200.00000 -1598.00000 560.00000 224.00000 -1598.00000 560.00000 224.00000 -1640.00000 560.00000
3 0x2E4D7BD 200.00000 -1598.00000 670.00000 224.00000 -1640.00000 670.00000 224.00000 -1598.00000 670.00000
3 0x2E4D7BD 200.00000 -1598.00000 670.00000 200.00000 -1640.00000 670.00000 224.00000 -1640.00000 670.00000
3 0x2E4D7BD 200.00000 -1598.00000 560.00000 200.00000 -1640.00000 670.00000 200.00000 -1598.00000 670.00000
3 0x2E4D7BD 200.00000 -1598.00000 560.00000 200.00000 -1640.00000 560.00000 200.00000 -1640.00000 670.00000
3 0x2E4D7BD 224.00000 -1598.00000 560.00000 224.00000 -1640.00000 670.00000 224.00000 -1640.00000 560.00000
3 0x2E4D7BD 224.00000 -1598.00000 560.00000 224.00000 -1598.00000 670.00000 224.00000 -1640.00000 670.00000
3 0x2E4D7BD 200.00000 -800.00000 670.00000 224.00000 -800.00000 760.00000 224.00000 -800.00000 670.00000
3 0x2E4D7BD 200.00000 -800.00000 670.00000 200.00000 -800.00000 760.00000 224.00000 -800.00000 760.00000
3 0x2E4D7BD 200.00000 -848.00000 670.00000 224.00000 -848.00000 760.00000 200.00000 -848.00000 760.00000
3 0x2E4D7BD 200.00000 -848.00000 670.00000 224.00000 -848.00000 670.00000 224.00000 -848.00000 760.00000
3 0x2E4D7BD 200.00000 -800.00000 670.00000 224.00000 -848.00000 670.00000 200.00000 -848.00000 670.00000
3 0x2E4D7BD 200.00000 -800.00000 670.00000 224.00000 -800.00000 670.00000 224.00000 -848.00000 670.00000
3 0x2E4D7BD 200.00000 -800.00000 760.00000 224.00000 -848.00000 760.00000 224.00000 -800.00000 760.00000
3 0x2E4D7BD 200.00000 -800.00000 760.00000 200.00000 -848.00000 760.00000 224.00000 -848.00000 760.00000
3 0x2E4D7BD 200.00000 -800.00000 670.00000 200.00000 -848.00000 760.00000 200.00000 -800.00000 760.00000
3 0x2E4D7BD 200.00000 -800.00000 670.00000 200.00000 -848.00000 670.00000 200.00000 -848.00000 760.00000
3 0x2E4D7BD 224.00000 -800.00000 670.00000 224.00000 -848.00000 760.00000 224.00000 -848.00000 670.00000
3 0x2E4D7BD 224.00000 -800.00000 670.00000 224.00000 -800.00000 760.00000 224.00000 -848.00000 760.00000
3 0x2E4D7BD 200.00000 -848.00000 670.00000 224.00000 -848.00000 760.00000 224.00000 -848.00000 670.00000
3 0x2E4D7BD 200.00000 -848.00000 670.00000 200.00000 -848.00000 760.00000 224.00000 -848.00000 760.00000
3 0x2E4D7BD 200.00000 -1038.00000 670.00000 224.00000 -1038.00000 760.00000 200.00000 -1038.00000 760.00000
3 0x2E4D7BD 200.00000 -1038.00000 670.00000 224.00000 -1038.00000 670.00000 224.00000 -1038.00000 760.00000
3 0x2E4D7BD 200.00000 -848.00000 670.00000 224.00000 -1038.00000 670.00000 200.00000 -1038.00000 670.00000
3 0x2E4D7BD 200.00000 -848.00000 670.00000 224.00000 -848.00000 670.00000 224.00000 -1038.00000 670.00000
3 0x2E4D7BD 200.00000 -848.00000 760.00000 224.00000 -1038.00000 760.00000 224.00000 -848.00000 760.00000
3 0x2E4D7BD 200.00000 -848.00000 760.00000 200.00000 -1038.00000 760.00000 224.00000 -1038.00000 760.00000
3 0x2E4D7BD 200.00000 -848.00000 670.00000 200.00000 -1038.00000 760.00000 200.00000 -848.00000 760.00000
3 0x2E4D7BD 200.00000 -848.00000 670.00000 200.00000 -1038.00000 670.00000 200.00000 -1038.00000 760.00000
3 0x2E4D7BD 224.00000 -848.00000 670.00000 224.00000 -1038.00000 760.00000 224.00000 -1038.00000 670.00000
3 0x2E4D7BD 224.00000 -848.00000 670.00000 224.00000 -848.00000 760.00000 224.00000 -1038.00000 760.00000
3 0x2E4D7BD 200.00000 -1038.00000 670.00000 224.00000 -1038.00000 760.00000 224.00000 -1038.00000 670.00000
3 0x2E4D7BD 200.00000 -1038.00000 670.00000 200.00000 -1038.00000 760.00000 224.00000 -1038.00000 760.00000
3 0x2E4D7BD 200.00000 -1128.00000 670.00000 224.00000 -1128.00000 760.00000 200.00000 -1128.00000 760.00000
3 0x2E4D7BD 200.00000 -1128.00000 670.00000 224.00000 -1128.00000 670.00000 224.00000 -1128.00000 760.00000
3 0x2E4D7BD 200.00000 -1038.00000 670.00000 224.00000 -1128.00000 670.00000 200.00000 -1128.00000 670.00000
3 0x2E4D7BD 200.00000 -1038.00000 670.00000 224.00000 -1038.00000 670.00000 224.00000 -1128.00000 670.00000
3 0x2E4D7BD 200.00000 -1038.00000 760.00000 224.00000 -1128.00000 760.00000 224.00000 -1038.00000 760.00000
3 0x2E4D7BD 200.00000 -1038.00000 760.00000 200.00000 -1128.00000 760.00000 224.00000 -1128.00000 760.00000
3 0x2E4D7BD 200.00000 -1038.00000 670.00000 200.00000 -1128.00000 760.00000 200.00000 -1038.00000 760.00000
3 0x2E4D7BD 200.00000 -1038.00000 670.00000 200.00000 -1128.00000 670.00000 200.00000 -1128.00000 760.00000
3 0x2E4D7BD 224.00000 -1038.00000 670.00000 224.00000 -1128.00000 760.00000 224.00000 -1128.00000 670.00000
3 0x2E4D7BD 224.00000 -1038.00000 670.00000 224.00000 -1038.00000 760.00000 224.00000 -1128.00000 760.00000
3 0x2E4D7BD 200.00000 -1128.00000 670.00000 224.00000 -1128.00000 760.00000 224.00000 -1128.00000 670.00000
3 0x2E4D7BD 200.00000 -1128.00000 670.00000 200.00000 -1128.00000 760.00000 224.00000 -1128.00000 760.00000
3 0x2E4D7BD 200.00000 -1318.00000 670.00000 224.00000 -1318.00000 760.00000 200.00000 -1318.00000 760.00000
3 0x2E4D7BD 200.00000 -1318.00000 670.00000 224.00000 -1318.00000 670.00000 224.00000 -1318.00000 760.00000
3 0x2E4D7BD 200.00000 -1128.00000 670.00000 224.00000 -1318.00000 670.00000 200.00000 -1318.00000 670.00000
3 0x2E4D7BD 200.00000 -1128.00000 670.00000 224.00000 -1128.00000 670.00000 224.00000 -1318.00000 670.00000
3 0x2E4D7BD 200.00000 -1128.00000 760.00000 224.00000 -1318.00000 760.00000 224.00000 -1128.00000 760.00000
3 0x2E4D7BD 200.00000 -1128.00000 760.00000 200.00000 -1318.00000 760.00000 224.00000 -1318.00000 760.00000
3 0x2E4D7BD 200.00000 -1128.00000 670.00000 200.00000 -1318.00000 760.00000 200.00000 -1128.00000 760.00000
3 0x2E4D7BD 200.00000 -1128.00000 670.00000 200.00000 -1318.00000 670.00000 200.00000 -1318.00000 760.00000
3 0x2E4D7BD 224.00000 -1128.00000 670.00000 224.00000 -1318.00000 760.00000 224.00000 -1318.00000 670.00000
3 0x2E4D7BD 224.00000 -1128.00000 670.00000 224.00000 -1128.00000 760.00000 224.00000 -1318.00000 760.00000
3 0x2E4D7BD 200.00000 -1318.00000 670.00000 224.00000 -1318.00000 760.00000 224.00000 -1318.00000 670.00000
3 0x2E4D7BD 200.00000 -1318.00000 670.00000 200.00000 -1318.00000 760.00000 224.00000 -1318.00000 760.00000
3 0x2E4D7BD 200.00000 -1408.00000 670.00000 224.00000 -1408.00000 760.00000 200.00000 -1408.00000 760.00000
3 0x2E4D7BD 200.00000 -1408.00000 670.00000 224.00000 -1408.00000 670.00000 224.00000 -1408.00000 760.00000
3 0x2E4D7BD 200.00000 -1318.00000 670.00000 224.00000 -1408.00000 670.00000 200.00000 -1408.00000 670.00000
3 0x2E4D7BD 200.00000 -1318.00000 670.00000 224.00000 -1318.00000 670.00000 224.00000 -1408.00000 670.00000
3 0x2E4D7BD 200.00000 -1318.00000 760.00000 224.00000 -1408.00000 760.00000 224.00000 -1318.00000 760.00000
3 0x2E4D7BD 200.00000 -1318.00000 760.00000 200.00000 -1408.00000 760.00000 224.00000 -1408.00000 760.00000
3 0x2E4D7BD 200.00000 -1318.00000 670.00000 200.00000 -1408.00000 760.00000 200.00000 -1318.00000 760.00000
3 0x2E4D7BD 200.00000 -1318.00000 670.00000 200.00000 -1408.00000 670.00000 200.00000 -1408.00000 760.00000
3 0x2E4D7BD 224.00000 -1318.00000 670.00000 224.00000 -1408.00000 760.00000 224.00000 -1408.00000 670.00000
3 0x2E4D7BD 224.00000 -1318.00000 670.00000 224.00000 -1318.00000 760.00000 224.00000 -1408.00000 760.00000
3 0x2E4D7BD 200.00000 -1408.00000 670.00000 224.00000 -1408.00000 760.00000 224.00000 -1408.00000 670.00000
3 0x2E4D7BD 200.00000 -1408.00000 670.00000 200.00000 -1408.00000 760.00000 224.00000 -1408.00000 760.00000
3 0x2E4D7BD 200.00000 -1598.00000 670.00000 224.00000 -1598.00000 760.00000 200.00000 -1598.00000 760.00000
3 0x2E4D7BD 200.00000 -1598.00000 670.00000 224.00000 -1598.00000 670.00000 224.00000 -1598.00000 760.00000
3 0x2E4D7BD 200.00000 -1408.00000 670.00000 224.00000 -1598.00000 670.00000 200.00000 -1598.00000 670.00000
3 0x2E4D7BD 200.00000 -1408.00000 670.00000 224.00000 -1408.00000 670.00000 224.00000 -1598.00000 670.00000
3 0x2E4D7BD 200.00000 -1408.00000 760.00000 224.00000 -1598.00000 760.00000 224.00000 -1408.00000 760.00000
3 0x2E4D7BD 200.00000 -1408.00000 760.00000 200.00000 -1598.00000 760.00000 224.00000 -1598.00000 760.00000
3 0x2E4D7BD 200.00000 -1408.00000 670.00000 200.00000 -1598.00000 760.00000 200.00000 -1408.00000 760.00000
3 0x2E4D7BD 200.00000 -1408.00000 670.00000 200.00000 -1598.00000 670.00000 200.00000 -1598.00000 760.00000
3 0x2E4D7BD 224.00000 -1408.00000 670.00000 224.00000 -1598.00000 760.00000 224.00000 -1598.00000 670.00000
3 0x2E4D7BD 224.00000 -1408.00000 670.00000 224.00000 -1408.00000 760.00000 224.00000 -1598.00000 760.00000
3 0x2E4D7BD 200.00000 -1598.00000 670.00000 224.00000 -1598.00000 760.00000 224.00000 -1598.00000 670.00000
3 0x2E4D7BD 200.00000 -1598.00000 670.00000 200.00000 -1598.00000 760.00000 224.00000 -1598.00000 760.00000
3 0x2E4D7BD 200.00000 -1640.00000 670.00000 224.00000 -1640.00000 760.00000 200.00000 -1640.00000 760.00000
3 0x2E4D7BD 200.00000 -1640.00000 670.00000 224.00000 -1640.00000 670.00000 224.00000 -1640.00000 760.00000
3 0x2E4D7BD 200.00000 -1598.00000 670.00000 224.00000 -1640.00000 670.00000 200.00000 -1640.00000 670.00000
3 0x2E4D7BD 200.00000 -1598.00000 670.00000 224.00000 -1598.00000 670.00000 224.00000 -1640.00000 670.00000
3 0x2E4D7BD 200.00000 -1598.00000 760.00000 224.00000 -1640.00000 760.00000 224.00000 -1598.00000 760.00000
3 0x2E4D7BD 200.00000 -1598.00000 760.00000 200.00000 -1640.00000 760.00000 224.00000 -1640.00000 760.00000
3 0x2E4D7BD 200.00000 -1598.00000 670.00000 200.00000 -1640.00000 760.00000 200.00000 -1598.00000 760.00000
3 0x2E4D7BD 200.00000 -1598.00000 670.00000 200.00000 -1640.00000 670.00000 200.00000 -1640.00000 760.00000
3 0x2E4D7BD 224.00000 -1598.00000 670.00000 224.00000 -1640.00000 760.00000 224.00000 -1640.00000 670.00000
3 0x2E4D7BD 224.00000 -1598.00000 670.00000 224.00000 -1598.00000 760.00000 224.00000 -1640.00000 760.00000
3 0x2E4D7BD 976.00000 -800.00000 224.00000 1000.00000 -800.00000 760.00000 1000.00000 -800.00000 224.00000
3 0x2E4D7BD 976.00000 -800.00000 224.00000 976.00000 -800.00000 760.00000 1000.00000 -800.00000 760.00000
3 0x2E4D7BD 976.00000 -1640.00000 224.00000 1000.00000 -1640.00000 760.00000 976.00000 -1640.00000 760.00000
3 0x2E4D7BD 976.00000 -1640.00000 224.00000 1000.00000 -1640.00000 224.00000 1000.00000 -1640.00000 760.00000
3 0x2E4D7BD 976.00000 -800.00000 224.00000 1000.00000 -1640.00000 224.00000 976.00000 -1640.00000 224.00000
3 0x2E4D7BD 976.00000 -800.00000 224.00000 1000.00000 -800.00000 224.00000 1000.00000 -1640.00000 224.00000
3 0x2E4D7BD 976.00000 -800.00000 760.00000 1000.00000 -1640.00000 760.00000 1000.00000 -800.00000 760.00000
3 0x2E4D7BD 976.00000 -800.00000 760.00000 976.00000 -1640.00000 760.00000 1000.00000 -1640.00000 760.00000
3 0x2E4D7BD 976.00000 -800.00000 224.00000 976.00000 -1640.00000 760.00000 976.00000 -800.00000 760.00000
3 0x2E4D7BD 976.00000 -800.00000 224.00000 976.00000 -1640.00000 224.00000 976.00000 -1640.00000 760.00000
3 0x2E4D7BD 1000.00000 -800.00000 224.00000 1000.00000 -1640.00000 760.00000 1000.00000 -1640.00000 224.00000
3 0x2E4D7BD 1000.00000 -800.00000 224.00000 1000.00000 -800.00000 760.00000 1000.00000 -1640.00000 760.00000
3 0x2CEC2A9 200.00000 -800.00000 200.00000 1000.00000 -800.00000 760.00000 1000.00000 -800.00000 200.00000
3 0x2CEC2A9 200.00000 -800.00000 200.00000 200.00000 -800.00000 760.00000 1000.00000 -800.00000 760.00000
3 0x2CEC2A9 200.00000 -810.00000 200.00000 1000.00000 -810.00000 760.00000 200.00000 -810.00000 760.00000
3 0x2CEC2A9 200.00000 -810.00000 200.00000 1000.00000 -810.00000 200.00000 1000.00000 -810.00000 760.00000
3 0x2CEC2A9 200.00000 -800.00000 200.00000 1000.00000 -810.00000 200.00000 200.00000 -810.00000 200.00000
3 0x2CEC2A9 200.00000 -800.00000 200.00000 1000.00000 -800.00000 200.00000 1000.00000 -810.00000 200.00000
3 0x2CEC2A9 200.00000 -800.00000 760.00000 1000.00000 -810.00000 760.00000 1000.00000 -800.00000 760.00000
3 0x2CEC2A9 200.00000 -800.00000 760.00000 200.00000 -810.00000 760.00000 1000.00000 -810.00000 760.00000
3 0x2CEC2A9 200.00000 -800.00000 200.00000 200.00000 -810.00000 760.00000 200.00000 -800.00000 760.00000
3 0x2CEC2A9 200.00000 -800.00000 200.00000 200.00000 -810.00000 200.00000 200.00000 -810.00000 760.00000
3 0x2CEC2A9 1000.00000 -800.00000 200.00000 1000.00000 -810.00000 760.00000 1000.00000 -810.00000 200.00000
3 0x2CEC2A9 1000.00000 -800.00000 200.00000 1000.00000 -800.00000 760.00000 1000.00000 -810.00000 760.00000
3 0x2CEC2A9 200.00000 -1080.00000 200.00000 1000.00000 -1080.00000 760.00000 1000.00000 -1080.00000 200.00000
3 0x2CEC2A9 200.00000 -1080.00000 200.00000 200.00000 -1080.00000 760.00000 1000.00000 -1080.00000 760.00000
3 0x2CEC2A9 200.00000 -1090.00000 200.00000 1000.00000 -1090.00000 760.00000 200.00000 -1090.00000 760.00000
3 0x2CEC2A9 200.00000 -1090.00000 200.00000 1000.00000 -1090.00000 200.00000 1000.00000 -1090.00000 760.00000
3 0x2CEC2A9 200.00000 -1080.00000 200.00000 1000.00000 -1090.00000 200.00000 200.00000 -1090.00000 200.00000
3 0x2CEC2A9 200.00000 -1080.00000 200.00000 1000.00000 -1080.00000 200.00000 1000.00000 -1090.00000 200.00000
3 0x2CEC2A9 200.00000 -1080.00000 760.00000 1000.00000 -1090.00000 760.00000 1000.00000 -1080.00000 760.00000
3 0x2CEC2A9 200.00000 -1080.00000 760.00000 200.00000 -1090.00000 760.00000 1000.00000 -1090.00000 760.00000
3 0x2CEC2A9 200.00000 -1080.00000 200.00000 200.00000 -1090.00000 760.00000 200.00000 -1080.00000 760.00000
3 0x2CEC2A9 200.00000 -1080.00000 200.00000 200.00000 -1090.00000 200.00000 200.00000 -1090.00000 760.00000
3 0x2CEC2A9 1000.00000 -1080.00000 200.00000 1000.00000 -1090.00000 760.00000 1000.00000 -1090.00000 200.00000
3 0x2CEC2A9 1000.00000 -1080.00000 200.00000 1000.00000 -1080.00000 760.00000 1000.00000 -1090.00000 760.00000
3 0x2F1E6D0 195.00000 -1080.00000 195.00000 1005.00000 -1080.00000 765.00000 1005.00000 -1080.00000 195.00000
3 0x2F1E6D0 195.00000 -1080.00000 195.00000 195.00000 -1080.00000 765.00000 1005.00000 -1080.00000 765.00000
3 0x2F1E6D0 195.00000 -1089.00000 195.00000 1005.00000 -1089.00000 765.00000 195.00000 -1089.00000 765.00000
3 0x2F1E6D0 195.00000 -1089.00000 195.00000 1005.00000 -1089.00000 195.00000 1005.00000 -1089.00000 765.00000
3 0x2F1E6D0 195.00000 -1080.00000 195.00000 1005.00000 -1089.00000 195.00000 195.00000 -1089.00000 195.00000
3 0x2F1E6D0 195.00000 -1080.00000 195.00000 1005.00000 -1080.00000 195.00000 1005.00000 -1089.00000 195.00000
3 0x2F1E6D0 195.00000 -1080.00000 765.00000 1005.00000 -1089.00000 765.00000 1005.00000 -1080.00000 765.00000
3 0x2F1E6D0 195.00000 -1080.00000 765.00000 195.00000 -1089.00000 765.00000 1005.00000 -1089.00000 765.00000
3 0x2F1E6D0 195.00000 -1080.00000 195.00000 195.00000 -1089.00000 765.00000 195.00000 -1080.00000 765.00000
3 0x2F1E6D0 195.00000 -1080.00000 195.00000 195.00000 -1089.00000 195.00000 195.00000 -1089.00000 765.00000
3 0x2F1E6D0 1005.00000 -1080.00000 195.00000 1005.00000 -1089.00000 765.00000 1005.00000 -1089.00000 195.00000
3 0x2F1E6D0 1005.00000 -1080.00000 195.00000 1005.00000 -1080.00000 765.00000 1005.00000 -1089.00000 765.00000
3 0x2CEC2A9 200.00000 -1360.00000 200.00000 1000.00000 -1360.00000 760.00000 1000.00000 -1360.00000 200.00000
3 0x2CEC2A9 200.00000 -1360.00000 200.00000 200.00000 -1360.00000 760.00000 1000.00000 -1360.00000 760.00000
3 0x2CEC2A9 200.00000 -1370.00000 200.00000 1000.00000 -1370.00000 760.00000 200.00000 -1370.00000 760.00000
3 0x2CEC2A9 200.00000 -1370.00000 200.00000 1000.00000 -1370.00000 200.00000 1000.00000 -1370.00000 760.00000
3 0x2CEC2A9 200.00000 -1360.00000 200.00000 1000.00000 -1370.00000 200.00000 200.00000 -1370.00000 200.00000
3 0x2CEC2A9 200.00000 -1360.00000 200.00000 1000.00000 -1360.00000 200.00000 1000.00000 -1370.00000 200.00000
3 0x2CEC2A9 200.00000 -1360.00000 760.00000 1000.00000 -1370.00000 760.00000 1000.00000 -1360.00000 760.00000
3 0x2CEC2A9 200.00000 -1360.00000 760.00000 200.00000 -1370.00000 760.00000 1000.00000 -1370.00000 760.00000
3 0x2CEC2A9 200.00000 -1360.00000 200.00000 200.00000 -1370.00000 760.00000 200.00000 -1360.00000 760.00000
3 0x2CEC2A9 200.00000 -1360.00000 200.00000 200.00000 -1370.00000 200.00000 200.00000 -1370.00000 760.00000
3 0x2CEC2A9 1000.00000 -1360.00000 200.00000 1000.00000 -1370.00000 760.00000 1000.00000 -1370.00000 200.00000
3 0x2CEC2A9 1000.00000 -1360.00000 200.00000 1000.00000 -1360.00000 760.00000 1000.00000 -1370.00000 760.00000
3 0x2F1E6D0 195.00000 -1360.00000 195.00000 1005.00000 -1360.00000 765.00000 1005.00000 -1360.00000 195.00000
3 0x2F1E6D0 195.00000 -1360.00000 195.00000 195.00000 -1360.00000 765.00000 1005.00000 -1360.00000 765.00000
3 0x2F1E6D0 195.00000 -1369.00000 195.00000 1005.00000 -1369.00000 765.00000 195.00000 -1369.00000 765.00000
3 0x2F1E6D0 195.00000 -1369.00000 195.00000 1005.00000 -1369.00000 195.00000 1005.00000 -1369.00000 765.00000
3 0x2F1E6D0 195.00000 -1360.00000 195.00000 1005.00000 -1369.00000 195.00000 195.00000 -1369.00000 195.00000
3 0x2F1E6D0 195.00000 -1360.00000 195.00000 1005.00000 -1360.00000 195.00000 1005.00000 -1369.00000 195.00000
3 0x2F1E6D0 195.00000 -1360.00000 765.00000 1005.00000 -1369.00000 765.00000 1005.00000 -1360.00000 765.00000
3 0x2F1E6D0 195.00000 -1360.00000 765.00000 195.00000 -1369.00000 765.00000 1005.00000 -1369.00000 765.00000
3 0x2F1E6D0 195.00000 -1360.00000 195.00000 195.00000 -1369.00000 765.00000 195.00000 -1360.00000 765.00000
3 0x2F1E6D0 195.00000 -1360.00000 195.00000 195.00000 -1369.00000 195.00000 195.00000 -1369.00000 765.00000
3 0x2F1E6D0 1005.00000 -1360.00000 195.00000 1005.00000 -1369.00000 765.00000 1005.00000 -1369.00000 195.00000
3 0x2F1E6D0 1005.00000 -1360.00000 195.00000 1005.00000 -1360.00000 765.00000 1005.00000 -1369.00000 765.00000
3 0x2E4D7BD 200.00000 -800.00000 736.00000 280.00000 -800.00000 760.00000 280.00000 -800.00000 736.00000
3 0x2E4D7BD 200.00000 -800.00000 736.00000 200.00000 -800.00000 760.00000 280.00000 -800.00000 760.00000
3 0x2E4D7BD 200.00000 -810.00000 736.00000 280.00000 -810.00000 760.00000 200.00000 -810.00000 760.00000
3 0x2E4D7BD 200.00000 -810.00000 736.00000 280.00000 -810.00000 736.00000 280.00000 -810.00000 760.00000
3 0x2E4D7BD 200.00000 -800.00000 736.00000 280.00000 -810.00000 736.00000 200.00000 -810.00000 736.00000
3 0x2E4D7BD 200.00000 -800.00000 736.00000 280.00000 -800.00000 736.00000 280.00000 -810.00000 736.00000
3 0x2E4D7BD 200.00000 -800.00000 760.00000 280.00000 -810.00000 760.00000 280.00000 -800.00000 760.00000
3 0x2E4D7BD 200.00000 -800.00000 760.00000 200.00000 -810.00000 760.00000 280.00000 -810.00000 760.00000
3 0x2E4D7BD 200.00000 -800.00000 736.00000 200.00000 -810.00000 760.00000 200.00000 -800.00000 760.00000
3 0x2E4D7BD 200.00000 -800.00000 736.00000 200.00000 -810.00000 736.00000 200.00000 -810.00000 760.00000
3 0x2E4D7BD 280.00000 -800.00000 736.00000 280.00000 -810.00000 760.00000 280.00000 -810.00000 736.00000
3 0x2E4D7BD 280.00000 -800.00000 736.00000 280.00000 -800.00000 760.00000 280.00000 -810.00000 760.00000
3 0x2E4D7BD 200.00000 -810.00000 736.00000 280.00000 -810.00000 760.00000 280.00000 -810.00000 736.00000
3 0x2E4D7BD 200.00000 -810.00000 736.00000 200.00000 -810.00000 760.00000 280.00000 -810.00000 760.00000
3 0x2E4D7BD 200.00000 -848.00000 736.00000 280.00000 -848.00000 760.00000 200.00000 -848.00000 760.00000
3 0x2E4D7BD 200.00000 -848.00000 736.00000 280.00000 -848.00000 736.00000 280.00000 -848.00000 760.00000
3 0x2E4D7BD 200.00000 -810.00000 736.00000 280.00000 -848.00000 736.00000 200.00000 -848.00000 736.00000
3 0x2E4D7BD 200.00000 -810.00000 736.00000 280.00000 -810.00000 736.00000 280.00000 -848.00000 736.00000
3 0x2E4D7BD 200.00000 -810.00000 760.00000 280.00000 -848.00000 760.00000 280.00000 -810.00000 760.00000
3 0x2E4D7BD 200.00000 -810.00000 760.00000 200.00000 -848.00000 760.00000 280.00000 -848.00000 760.00000
3 0x2E4D7BD 200.00000 -810.00000 736.00000 200.00000 -848.00000 760.00000 200.00000 -810.00000 760.00000
3 0x2E4D7BD 200.00000 -810.00000 736.00000 200.00000 -848.00000 736.00000 200.00000 -848.00000 760.00000
3 0x2E4D7BD 280.00000 -810.00000 736.00000 280.00000 -848.00000 760.00000 280.00000 -848.00000 736.00000
3 0x2E4D7BD 280.00000 -810.00000 736.00000 280.00000 -810.00000 760.00000 280.00000 -848.00000 760.00000
3 0x2E4D7BD 200.00000 -848.00000 736.00000 280.00000 -848.00000 760.00000 280.00000 -848.00000 736.00000
3 0x2E4D7BD 200.00000 -848.00000 736.00000 200.00000 -848.00000 760.00000 280.00000 -848.00000 760.00000
3 0x2E4D7BD 200.00000 -1038.00000 736.00000 280.00000 -1038.00000 760.00000 200.00000 -1038.00000 760.00000
3 0x2E4D7BD 200.00000 -1038.00000 736.00000 280.00000 -1038.00000 736.00000 280.00000 -1038.00000 760.00000
3 0x2E4D7BD 200.00000 -848.00000 736.00000 280.00000 -1038.00000 736.00000 200.00000 -1038.00000 736.00000
3 0x2E4D7BD 200.00000 -848.00000 736.00000 280.00000 -848.00000 736.00000 280.00000 -1038.00000 736.00000
3 0x2E4D7BD 200.00000 -848.00000 760.00000 280.00000 -1038.00000 760.00000 280.00000 -848.00000 760.00000
3 0x2E4D7BD 200.00000 -848.00000 760.00000 200.00000 -1038.00000 760.00000 280.00000 -1038.00000 760.00000
3 0x2E4D7BD 200.00000 -848.00000 736.00000 200.00000 -1038.00000 760.00000 200.00000 -848.00000 760.00000
3 0x2E4D7BD 200.00000 -848.00000 736.00000 200.00000 -1038.00000 736.00000 200.00000 -1038.00000 760.00000
3 0x2E4D7BD 280.00000 -848.00000 736.00000 280.00000 -1038.00000 760.00000 280.00000 -1038.00000 736.00000
3 0x2E4D7BD 280.00000 -848.00000 736.00000 280.00000 -848.00000 760.00000 280.00000 -1038.00000 760.00000
3 0x2E4D7BD 200.00000 -1038.00000 736.00000 280.00000 -1038.00000 760.00000 280.00000 -1038.00000 736.00000
3 0x2E4D7BD 200.00000 -1038.00000 736.00000 200.00000 -1038.00000 760.00000 280.00000 -1038.00000 760.00000
3 0x2E4D7BD 200.00000 -1040.00000 736.00000 280.00000 -1040.00000 760.00000 200.00000 -1040.00000 760.00000
3 0x2E4D7BD 200.00000 -1040.00000 736.00000 280.00000 -1040.00000 736.00000 280.00000 -1040.00000 760.00000
3 0x2E4D7BD 200.00000 -1038.00000 736.00000 280.00000 -1040.00000 736.00000 200.00000 -1040.00000 736.00000
3 0x2E4D7BD 200.00000 -1038.00000 736.00000 280.00000 -1038.00000 736.00000 280.00000 -1040.00000 736.00000
3 0x2E4D7BD 200.00000 -1038.00000 760.00000 280.00000 -1040.00000 760.00000 280.00000 -1038.00000 760.00000
3 0x2E4D7BD 200.00000 -1038.00000 760.00000 200.00000 -1040.00000 760.00000 280.00000 -1040.00000 760.00000
3 0x2E4D7BD 200.00000 -1038.00000 736.00000 200.00000 -1040.00000 760.00000 200.00000 -1038.00000 760.00000
3 0x2E4D7BD 200.00000 -1038.00000 736.00000 200.00000 -1040.00000 736.00000 200.00000 -1040.00000 760.00000
3 0x2E4D7BD 280.00000 -1038.00000 736.00000 280.00000 -1040.00000 760.00000 280.00000 -1040.00000 736.00000
3 0x2E4D7BD 280.00000 -1038.00000 736.00000 280.00000 -1038.00000 760.00000 280.00000 -1040.00000 760.00000
3 0x2E4D7BD 200.00000 -1040.00000 736.00000 280.00000 -1040.00000 760.00000 280.00000 -1040.00000 736.00000
3 0x2E4D7BD 200.00000 -1040.00000 736.00000 200.00000 -1040.00000 760.00000 280.00000 -1040.00000 760.00000
3 0x2E4D7BD 200.00000 -1128.00000 736.00000 280.00000 -1128.00000 760.00000 200.00000 -1128.00000 760.00000
3 0x2E4D7BD 200.00000 -1128.00000 736.00000 280.00000 -1128.00000 736.00000 280.00000 -1128.00000 760.00000
3 0x2E4D7BD 200.00000 -1040.00000 736.00000 280.00000 -1128.00000 736.00000 200.00000 -1128.00000 736.00000
3 0x2E4D7BD 200.00000 -1040.00000 736.00000 280.00000 -1040.00000 736.00000 280.00000 -1128.00000 736.00000
3 0x2E4D7BD 200.00000 -1040.00000 760.00000 280.00000 -1128.00000 760.00000 280.00000 -1040.00000 760.00000
3 0x2E4D7BD 200.00000 -1040.00000 760.00000 200.00000 -1128.00000 760.00000 280.00000 -1128.00000 760.00000
3 0x2E4D7BD 200.00000 -1040.00000 736.00000 200.00000 -1128.00000 760.00000 200.00000 -1040.00000 760.00000
3 0x2E4D7BD 200.00000 -1040.00000 736.00000 200.00000 -1128.00000 736.00000 200.00000 -1128.00000 760.00000
3 0x2E4D7BD 280.00000 -1040.00000 736.00000 280.00000 -1128.00000 760.00000 280.00000 -1128.00000 736.00000
3 0x2E4D7BD 280.00000 -1040.00000 736.00000 280.00000 -1040.00000 760.00000 280.00000 -1128.00000 760.00000
3 0x2E4D7BD 200.00000 -1128.00000 736.00000 280.00000 -1128.00000 760.00000 280.00000 -1128.00000 736.00000
3 0x2E4D7BD 200.00000 -1128.00000 736.00000 200.00000 -1128.00000 760.00000 280.00000 -1128.00000 760.00000
3 0x2E4D7BD 200.00000 -1318.00000 736.00000 280.00000 -1318.00000 760.00000 200.00000 -1318.00000 760.00000
3 0x2E4D7BD 200.00000 -1318.00000 736.00000 280.00000 -1318.00000 736.00000 280.00000 -1318.00000 760.00000
3 0x2E4D7BD 200.00000 -1128.00000 736.00000 280.00000 -1318.00000 736.00000 200.00000 -1318.00000 736.00000
3 0x2E4D7BD 200.00000 -1128.00000 736.00000 280.00000 -1128.00000 736.00000 280.00000 -1318.00000 736.00000
3 0x2E4D7BD 200.00000 -1128.00000 760.00000 280.00000 -1318.00000 760.00000 280.00000 -1128.00000 760.00000
3 0x2E4D7BD 200.00000 -1128.00000 760.00000 200.00000 -1318.00000 760.00000 280.00000 -1318.00000 760.00000
3 0x2E4D7BD 200.00000 -1128.00000 736.00000 200.00000 -1318.00000 760.00000 200.00000 -1128.00000 760.00000
3 0x2E4D7BD 200.00000 -1128.00000 736.00000 200.00000 -1318.00000 736.00000 200.00000 -1318.00000 760.00000
3 0x2E4D7BD 280.00000 -1128.00000 736.00000 280.00000 -1318.00000 760.00000 280.00000 -1318.00000 736.00000
3 0x2E4D7BD 280.00000 -1128.00000 736.00000 280.00000 -1128.00000 760.00000 280.00000 -1318.00000 760.00000
3 0x2E4D7BD 200.00000 -1318.00000 736.00000 280.00000 -1318.00000 760.00000 280.00000 -1318.00000 736.00000
3 0x2E4D7BD 200.00000 -1318.00000 736.00000 200.00000 -1318.00000 760.00000 280.00000 -1318.00000 760.00000
3 0x2E4D7BD 200.00000 -1408.00000 736.00000 280.00000 -1408.00000 760.00000 200.00000 -1408.00000 760.00000
3 0x2E4D7BD 200.00000 -1408.00000 736.00000 280.00000 -1408.00000 736.00000 280.00000 -1408.00000 760.00000
3 0x2E4D7BD 200.00000 -1318.00000 736.00000 280.00000 -1408.00000 736.00000 200.00000 -1408.00000 736.00000
3 0x2E4D7BD 200.00000 -1318.00000 736.00000 280.00000 -1318.00000 736.00000 280.00000 -1408.00000 736.00000
3 0x2E4D7BD 200.00000 -1318.00000 760.00000 280.00000 -1408.00000 760.00000 280.00000 -1318.00000 760.00000
3 0x2E4D7BD 200.00000 -1318.00000 760.00000 200.00000 -1408.00000 760.00000 280.00000 -1408.00000 760.00000
3 0x2E4D7BD 200.00000 -1318.00000 736.00000 200.00000 -1408.00000 760.00000 200.00000 -1318.00000 760.00000
3 0x2E4D7BD 200.00000 -1318.00000 736.00000 200.00000 -1408.00000 736.00000 200.00000 -1408.00000 760.00000
3 0x2E4D7BD 280.00000 -1318.00000 736.00000 280.00000 -1408.00000 760.00000 280.00000 -1408.00000 736.00000
3 0x2E4D7BD 280.00000 -1318.00000 736.00000 280.00000 -1318.00000 760.00000 280.00000 -1408.00000 760.00000
3 0x2E4D7BD 200.00000 -1408.00000 736.00000 280.00000 -1408.00000 760.00000 280.00000 -1408.00000 736.00000
3 0x2E4D7BD 200.00000 -1408.00000 736.00000 200.00000 -1408.00000 760.00000 280.00000 -1408.00000 760.00000
3 0x2E4D7BD 200.00000 -1598.00000 736.00000 280.00000 -1598.00000 760.00000 200.00000 -1598.00000 760.00000
3 0x2E4D7BD 200.00000 -1598.00000 736.00000 280.00000 -1598.00000 736.00000 280.00000 -1598.00000 760.00000
3 0x2E4D7BD 200.00000 -1408.00000 736.00000 280.00000 -1598.00000 736.00000 200.00000 -1598.00000 736.00000
3 0x2E4D7BD 200.00000 -1408.00000 736.00000 280.00000 -1408.00000 736.00000 280.00000 -1598.00000 736.00000
3 0x2E4D7BD 200.00000 -1408.00000 760.00000 280.00000 -1598.00000 760.00000 280.00000 -1408.00000 760.00000
3 0x2E4D7BD 200.00000 -1408.00000 760.00000 200.00000 -1598.00000 760.00000 280.00000 -1598.00000 760.00000
3 0x2E4D7BD 200.00000 -1408.00000 736.00000 200.00000 -1598.00000 760.00000 200.00000 -1408.00000 760.00000
3 0x2E4D7BD 200.00000 -1408.00000 736.00000 200.00000 -1598.00000 736.00000 200.00000 -1598.00000 760.00000
3 0x2E4D7BD 280.00000 -1408.00000 736.00000 280.00000 -1598.00000 760.00000 280.00000 -1598.00000 736.00000
3 0x2E4D7BD 280.00000 -1408.00000 736.00000 280.00000 -1408.00000 760.00000 280.00000 -1598.00000 760.00000
3 0x2E4D7BD 200.00000 -1598.00000 736.00000 280.00000 -1598.00000 760.00000 280.00000 -1598.00000 736.00000
3 0x2E4D7BD 200.00000 -1598.00000 736.00000 200.00000 -1598.00000 760.00000 280.00000 -1598.00000 760.00000
3 0x2E4D7BD 200.00000 -1640.00000 736.00000 280.00000 -1640.00000 760.00000 200.00000 -1640.00000 760.00000
3 0x2E4D7BD 200.00000 -1640.00000 736.00000 280.00000 -1640.00000 736.00000 280.00000 -1640.00000 760.00000
3 0x2E4D7BD 200.00000 -1598.00000 736.00000 280.00000 -1640.00000 736.00000 200.00000 -1640.00000 736.00000
3 0x2E4D7BD 200.00000 -1598.00000 736.00000 280.00000 -1598.00000 736.00000 280.00000 -1640.00000 736.00000
3 0x2E4D7BD 200.00000 -1598.00000 760.00000 280.00000 -1640.00000 760.00000 280.00000 -1598.00000 760.00000
3 0x2E4D7BD 200.00000 -1598.00000 760.00000 200.00000 -1640.00000 760.00000 280.00000 -1640.00000 760.00000
3 0x2E4D7BD 200.00000 -1598.00000 736.00000 200.00000 -1640.00000 760.00000 200.00000 -1598.00000 760.00000
3 0x2E4D7BD 200.00000 -1598.00000 736.00000 200.00000 -1640.00000 736.00000 200.00000 -1640.00000 760.00000
3 0x2E4D7BD 280.00000 -1598.00000 736.00000 280.00000 -1640.00000 760.00000 280.00000 -1640.00000 736.00000
3 0x2E4D7BD 280.00000 -1598.00000 736.00000 280.00000 -1598.00000 760.00000 280.00000 -1640.00000 760.00000
3 0x2E4D7BD 280.00000 -800.00000 736.00000 440.00000 -800.00000 760.00000 440.00000 -800.00000 736.00000
3 0x2E4D7BD 280.00000 -800.00000 736.00000 280.00000 -800.00000 760.00000 440.00000 -800.00000 760.00000
3 0x2E4D7BD 280.00000 -810.00000 736.00000 440.00000 -810.00000 760.00000 280.00000 -810.00000 760.00000
3 0x2E4D7BD 280.00000 -810.00000 736.00000 440.00000 -810.00000 736.00000 440.00000 -810.00000 760.00000
3 0x2E4D7BD 280.00000 -800.00000 736.00000 440.00000 -810.00000 736.00000 280.00000 -810.00000 736.00000
3 0x2E4D7BD 280.00000 -800.00000 736.00000 440.00000 -800.00000 736.00000 440.00000 -810.00000 736.00000
3 0x2E4D7BD 280.00000 -800.00000 760.00000 440.00000 -810.00000 760.00000 440.00000 -800.00000 760.00000
3 0x2E4D7BD 280.00000 -800.00000 760.00000 280.00000 -810.00000 760.00000 440.00000 -810.00000 760.00000
3 0x2E4D7BD 280.00000 -800.00000 736.00000 280.00000 -810.00000 760.00000 280.00000 -800.00000 760.00000
3 0x2E4D7BD 280.00000 -800.00000 736.00000 280.00000 -810.00000 736.00000 280.00000 -810.00000 760.00000
3 0x2E4D7BD 440.00000 -800.00000 736.00000 440.00000 -810.00000 760.00000 440.00000 -810.00000 736.00000
3 0x2E4D7BD 440.00000 -800.00000 736.00000 440.00000 -800.00000 760.00000 440.00000 -810.00000 760.00000
3 0x2E4D7BD 280.00000 -810.00000 736.00000 440.00000 -810.00000 760.00000 440.00000 -810.00000 736.00000
3 0x2E4D7BD 280.00000 -810.00000 736.00000 280.00000 -810.00000 760.00000 440.00000 -810.00000 760.00000
3 0x2E4D7BD 280.00000 -848.00000 736.00000 440.00000 -848.00000 760.00000 280.00000 -848.00000 760.00000
3 0x2E4D7BD 280.00000 -848.00000 736.00000 440.00000 -848.00000 736.00000 440.00000 -848.00000 760.00000
3 0x2E4D7BD 280.00000 -810.00000 736.00000 440.00000 -848.00000 736.00000 280.00000 -848.00000 736.00000
3 0x2E4D7BD 280.00000 -810.00000 736.00000 440.00000 -810.00000 736.00000 440.00000 -848.00000 736.00000
3 0x2E4D7BD 280.00000 -810.00000 760.00000 440.00000 -848.00000 760.00000 440.00000 -810.00000 760.00000
3 0x2E4D7BD 280.00000 -810.00000 760.00000 280.00000 -848.00000 760.00000 440.00000 -848.00000 760.00000
3 0x2E4D7BD 280.00000 -810.00000 736.00000 280.00000 -848.00000 760.00000 280.00000 -810.00000 760.00000
3 0x2E4D7BD 280.00000 -810.00000 736.00000 280.00000 -848.00000 736.00000 280.00000 -848.00000 760.00000
3 0x2E4D7BD 440.00000 -810.00000 736.00000 440.00000 -848.00000 760.00000 440.00000 -848.00000 736.00000
3 0x2E4D7BD 440.00000 -810.00000 736.00000 440.00000 -810.00000 760.00000 440.00000 -848.00000 760.00000
3 0x2E4D7BD 280.00000 -1038.00000 736.00000 440.00000 -1038.00000 760.00000 440.00000 -1038.00000 736.00000
3 0x2E4D7BD 280.00000 -1038.00000 736.00000 280.00000 -1038.00000 760.00000 440.00000 -1038.00000 760.00000
3 0x2E4D7BD 280.00000 -1040.00000 736.00000 440.00000 -1040.00000 760.00000 280.00000 -1040.00000 760.00000
3 0x2E4D7BD 280.00000 -1040.00000 736.00000 440.00000 -1040.00000 736.00000 440.00000 -1040.00000 760.00000
3 0x2E4D7BD 280.00000 -1038.00000 736.00000 440.00000 -1040.00000 736.00000 280.00000 -1040.00000 736.00000
3 0x2E4D7BD 280.00000 -1038.00000 736.00000 440.00000 -1038.00000 736.00000 440.00000 -1040.00000 736.00000
3 0x2E4D7BD 280.00000 -1038.00000 760.00000 440.00000 -1040.00000 760.00000 440.00000 -1038.00000 760.00000
3 0x2E4D7BD 280.00000 -1038.00000 760.00000 280.00000 -1040.00000 760.00000 440.00000 -1040.00000 760.00000
3 0x2E4D7BD 280.00000 -1038.00000 736.00000 280.00000 -1040.00000 760.00000 280.00000 -1038.00000 760.00000
3 0x2E4D7BD 280.00000 -1038.00000 736.00000 280.00000 -1040.00000 736.00000 280.00000 -1040.00000 760.00000
3 0x2E4D7BD 440.00000 -1038.00000 736.00000 440.00000 -1040.00000 760.00000 440.00000 -1040.00000 736.00000
3 0x2E4D7BD 440.00000 -1038.00000 736.00000 440.00000 -1038.00000 760.00000 440.00000 -1040.00000 760.00000
3 0x2E4D7BD 280.00000 -1040.00000 736.00000 440.00000 -1040.00000 760.00000 440.00000 -1040.00000 736.00000
3 0x2E4D7BD 280.00000 -1040.00000 736.00000 280.00000 -1040.00000 760.00000 440.00000 -1040.00000 760.00000
3 0x2E4D7BD 280.00000 -1128.00000 736.00000 440.00000 -1128.00000 760.00000 280.00000 -1128.00000 760.00000
3 0x2E4D7BD 280.00000 -1128.00000 736.00000 440.00000 -1128.00000 736.00000 440.00000 -1128.00000 760.00000
3 0x2E4D7BD 280.00000 -1040.00000 736.00000 440.00000 -1128.00000 736.00000 280.00000 -1128.00000 736.00000
3 0x2E4D7BD 280.00000 -1040.00000 736.00000 440.00000 -1040.00000 736.00000 440.00000 -1128.00000 736.00000
3 0x2E4D7BD 280.00000 -1040.00000 760.00000 440.00000 -1128.00000 760.00000 440.00000 -1040.00000 760.00000
3 0x2E4D7BD 280.00000 -1040.00000 760.00000 280.00000 -1128.00000 760.00000 440.00000 -1128.00000 760.00000
3 0x2E4D7BD 280.00000 -1040.00000 736.00000 280.00000 -1128.00000 760.00000 280.00000 -1040.00000 760.00000
3 0x2E4D7BD 280.00000 -1040.00000 736.00000 280.00000 -1128.00000 736.00000 280.00000 -1128.00000 760.00000
3 0x2E4D7BD 440.00000 -1040.00000 736.00000 440.00000 -1128.00000 760.00000 440.00000 -1128.00000 736.00000
3 0x2E4D7BD 440.00000 -1040.00000 736.00000 440.00000 -1040.00000 760.00000 440.00000 -1128.00000 760.00000
3 0x2E4D7BD 280.00000 -1318.00000 736.00000 440.00000 -1318.00000 760.00000 440.00000 -1318.00000 736.00000
3 0x2E4D7BD 280.00000 -1318.00000 736.00000 280.00000 -1318.00000 760.00000 440.00000 -1318.00000 760.00000
3 0x2E4D7BD 280.00000 -1408.00000 736.00000 440.00000 -1408.00000 760.00000 280.00000 -1408.00000 760.00000
3 0x2E4D7BD 280.00000 -1408.00000 736.00000 440.00000 -1408.00000 736.00000 440.00000 -1408.00000 760.00000
3 0x2E4D7BD 280.00000 -1318.00000 736.00000 440.00000 -1408.00000 736.00000 280.00000 -1408.00000 736.00000
3 0x2E4D7BD 280.00000 -1318.00000 736.00000 440.00000 -1318.00000 736.00000 440.00000 -1408.00000 736.00000
3 0x2E4D7BD 280.00000 -1318.00000 760.00000 440.00000 -1408.00000 760.00000 440.00000 -1318.00000 760.00000
3 0x2E4D7BD 280.00000 -1318.00000 760.00000 280.00000 -1408.00000 760.00000 440.00000 -1408.00000 760.00000
3 0x2E4D7BD 280.00000 -1318.00000 736.00000 280.00000 -1408.00000 760.00000 280.00000 -1318.00000 760.00000
3 0x2E4D7BD 280.00000 -1318.00000 736.00000 280.00000 -1408.00000 736.00000 280.00000 -1408.00000 760.00000
3 0x2E4D7BD 440.00000 -1318.00000 736.00000 440.00000 -1408.00000 760.00000 440.00000 -1408.00000 736.00000
3 0x2E4D7BD 440.00000 -1318.00000 736.00000 440.00000 -1318.00000 760.00000 440.00000 -1408.00000 760.00000
3 0x2E4D7BD 280.00000 -1598.00000 736.00000 440.00000 -1598.00000 760.00000 440.00000 -1598.00000 736.00000
3 0x2E4D7BD 280.00000 -1598.00000 736.00000 280.00000 -1598.00000 760.00000 440.00000 -1598.00000 760.00000
3 0x2E4D7BD 280.00000 -1640.00000 736.00000 440.00000 -1640.00000 760.00000 280.00000 -1640.00000 760.00000
3 0x2E4D7BD 280.00000 -1640.00000 736.00000 440.00000 -1640.00000 736.00000 440.00000 -1640.00000 760.00000
3 0x2E4D7BD 280.00000 -1598.00000 736.00000 440.00000 -1640.00000 736.00000 280.00000 -1640.00000 736.00000
3 0x2E4D7BD 280.00000 -1598.00000 736.00000 440.00000 -1598.00000 736.00000 440.00000 -1640.00000 736.00000
3 0x2E4D7BD 280.00000 -1598.00000 760.00000 440.00000 -1640.00000 760.00000 440.00000 -1598.00000 760.00000
3 0x2E4D7BD 280.00000 -1598.00000 760.00000 280.00000 -1640.00000 760.00000 440.00000 -1640.00000 760.00000
3 0x2E4D7BD 280.00000 -1598.00000 736.00000 280.00000 -1640.00000 760.00000 280.00000 -1598.00000 760.00000
3 0x2E4D7BD 280.00000 -1598.00000 736.00000 280.00000 -1640.00000 736.00000 280.00000 -1640.00000 760.00000
3 0x2E4D7BD 440.00000 -1598.00000 736.00000 440.00000 -1640.00000 760.00000 440.00000 -1640.00000 736.00000
3 0x2E4D7BD 440.00000 -1598.00000 736.00000 440.00000 -1598.00000 760.00000 440.00000 -1640.00000 760.00000
3 0x2E4D7BD 440.00000 -800.00000 736.00000 520.00000 -800.00000 760.00000 520.00000 -800.00000 736.00000
3 0x2E4D7BD 440.00000 -800.00000 736.00000 440.00000 -800.00000 760.00000 520.00000 -800.00000 760.00000
3 0x2E4D7BD 440.00000 -810.00000 736.00000 520.00000 -810.00000 760.00000 440.00000 -810.00000 760.00000
3 0x2E4D7BD 440.00000 -810.00000 736.00000 520.00000 -810.00000 736.00000 520.00000 -810.00000 760.00000
3 0x2E4D7BD 440.00000 -800.00000 736.00000 520.00000 -810.00000 736.00000 440.00000 -810.00000 736.00000
3 0x2E4D7BD 440.00000 -800.00000 736.00000 520.00000 -800.00000 736.00000 520.00000 -810.00000 736.00000
3 0x2E4D7BD 440.00000 -800.00000 760.00000 520.00000 -810.00000 760.00000 520.00000 -800.00000 760.00000
3 0x2E4D7BD 440.00000 -800.00000 760.00000 440.00000 -810.00000 760.00000 520.00000 -810.00000 760.00000
3 0x2E4D7BD 440.00000 -800.00000 736.00000 440.00000 -810.00000 760.00000 440.00000 -800.00000 760.00000
3 0x2E4D7BD 440.00000 -800.00000 736.00000 440.00000 -810.00000 736.00000 440.00000 -810.00000 760.00000
3 0x2E4D7BD 520.00000 -800.00000 736.00000 520.00000 -810.00000 760.00000 520.00000 -810.00000 736.00000
3 0x2E4D7BD 520.00000 -800.00000 736.00000 520.00000 -800.00000 760.00000 520.00000 -810.00000 760.00000
3 0x2E4D7BD 440.00000 -810.00000 736.00000 520.00000 -810.00000 760.00000 520.00000 -810.00000 736.00000
3 0x2E4D7BD 440.00000 -810.00000 736.00000 440.00000 -810.00000 760.00000 520.00000 -810.00000 760.00000
3 0x2E4D7BD 440.00000 -848.00000 736.00000 520.00000 -848.00000 760.00000 440.00000 -848.00000 760.00000
3 0x2E4D7BD 440.00000 -848.00000 736.00000 520.00000 -848.00000 736.00000 520.00000 -848.00000 760.00000
3 0x2E4D7BD 440.00000 -810.00000 736.00000 520.00000 -848.00000 736.00000 440.00000 -848.00000 736.00000
3 0x2E4D7BD 440.00000 -810.00000 736.00000 520.00000 -810.00000 736.00000 520.00000 -848.00000 736.00000
3 0x2E4D7BD 440.00000 -810.00000 760.00000 520.00000 -848.00000 760.00000 520.00000 -810.00000 760.00000
3 0x2E4D7BD 440.00000 -810.00000 760.00000 440.00000 -848.00000 760.00000 520.00000 -848.00000 760.00000
3 0x2E4D7BD 440.00000 -810.00000 736.00000 440.00000 -848.00000 760.00000 440.00000 -810.00000 760.00000
3 0x2E4D7BD 440.00000 -810.00000 736.00000 440.00000 -848.00000 736.00000 440.00000 -848.00000 760.00000
3 0x2E4D7BD 520.00000 -810.00000 736.00000 520.00000 -848.00000 760.00000 520.00000 -848.00000 736.00000
3 0x2E4D7BD 520.00000 -810.00000 736.00000 520.00000 -810.00000 760.00000 520.00000 -848.00000 760.00000
3 0x2E4D7BD 440.00000 -848.00000 736.00000 520.00000 -848.00000 760.00000 520.00000 -848.00000 736.00000
3 0x2E4D7BD 440.00000 -848.00000 736.00000 440.00000 -848.00000 760.00000 520.00000 -848.00000 760.00000
3 0x2E4D7BD 440.00000 -1038.00000 736.00000 520.00000 -1038.00000 760.00000 440.00000 -1038.00000 760.00000
3 0x2E4D7BD 440.00000 -1038.00000 736.00000 520.00000 -1038.00000 736.00000 520.00000 -1038.00000 760.00000
3 0x2E4D7BD 440.00000 -848.00000 736.00000 520.00000 -1038.00000 736.00000 440.00000 -1038.00000 736.00000
3 0x2E4D7BD 440.00000 -848.00000 736.00000 520.00000 -848.00000 736.00000 520.00000 -1038.00000 736.00000
3 0x2E4D7BD 440.00000 -848.00000 760.00000 520.00000 -1038.00000 760.00000 520.00000 -848.00000 760.00000
3 0x2E4D7BD 440.00000 -848.00000 760.00000 440.00000 -1038.00000 760.00000 520.00000 -1038.00000 760.00000
3 0x2E4D7BD 440.00000 -848.00000 736.00000 440.00000 -1038.00000 760.00000 440.00000 -848.00000 760.00000
3 0x2E4D7BD 440.00000 -848.00000 736.00000 440.00000 -1038.00000 736.00000 440.00000 -1038.00000 760.00000
3 0x2E4D7BD 520.00000 -848.00000 736.00000 520.00000 -1038.00000 760.00000 520.00000 -1038.00000 736.00000
3 0x2E4D7BD 520.00000 -848.00000 736.00000 520.00000 -848.00000 760.00000 520.00000 -1038.00000 760.00000
3 0x2E4D7BD 440.00000 -1038.00000 736.00000 520.00000 -1038.00000 760.00000 520.00000 -1038.00000 736.00000
3 0x2E4D7BD 440.00000 -1038.00000 736.00000 440.00000 -1038.00000 760.00000 520.00000 -1038.00000 760.00000
3 0x2E4D7BD 440.00000 -1040.00000 736.00000 520.00000 -1040.00000 760.00000 440.00000 -1040.00000 760.00000
3 0x2E4D7BD 440.00000 -1040.00000 736.00000 520.00000 -1040.00000 736.00000 520.00000 -1040.00000 760.00000
3 0x2E4D7BD 440.00000 -1038.00000 736.00000 520.00000 -1040.00000 736.00000 440.00000 -1040.00000 736.00000
3 0x2E4D7BD 440.00000 -1038.00000 736.00000 520.00000 -1038.00000 736.00000 520.00000 -1040.00000 736.00000
3 0x2E4D7BD 440.00000 -1038.00000 760.00000 520.00000 -1040.00000 760.00000 520.00000 -1038.00000 760.00000
3 0x2E4D7BD 440.00000 -1038.00000 760.00000 440.00000 -1040.00000 760.00000 520.00000 -1040.00000 760.00000
3 0x2E4D7BD 440.00000 -1038.00000 736.00000 440.00000 -1040.00000 760.00000 440.00000 -1038.00000 760.00000
3 0x2E4D7BD 440.00000 -1038.00000 736.00000 440.00000 -1040.00000 736.00000 440.00000 -1040.00000 760.00000
3 0x2E4D7BD 520.00000 -1038.00000 736.00000 520.00000 -1040.00000 760.00000 520.00000 -1040.00000 736.00000
3 0x2E4D7BD 520.00000 -1038.00000 736.00000 520.00000 -1038.00000 760.00000 520.00000 -1040.00000 760.00000
3 0x2E4D7BD 440.00000 -1040.00000 736.00000 520.00000 -1040.00000 760.00000 520.00000 -1040.00000 736.00000
3 0x2E4D7BD 440.00000 -1040.00000 736.00000 440.00000 -1040.00000 760.00000 520.00000 -1040.00000 760.00000
3 0x2E4D7BD 440.00000 -1128.00000 736.00000 520.00000 -1128.00000 760.00000 440.00000 -1128.00000 760.00000
3 0x2E4D7BD 440.00000 -1128.00000 736.00000 520.00000 -1128.00000 736.00000 520.00000 -1128.00000 760.00000
3 0x2E4D7BD 440.00000 -1040.00000 736.00000 520.00000 -1128.00000 736.00000 440.00000 -1128.00000 736.00000
3 0x2E4D7BD 440.00000 -1040.00000 736.00000 520.00000 -1040.00000 736.00000 520.00000 -1128.00000 736.00000
3 0x2E4D7BD 440.00000 -1040.00000 760.00000 520.00000 -1128.00000 760.00000 520.00000 -1040.00000 760.00000
3 0x2E4D7BD 440.00000 -1040.00000 760.00000 440.00000 -1128.00000 760.00000 520.00000 -1128.00000 760.00000
3 0x2E4D7BD 440.00000 -1040.00000 736.00000 440.00000 -1128.00000 760.00000 440.00000 -1040.00000 760.00000
3 0x2E4D7BD 440.00000 -1040.00000 736.00000 440.00000 -1128.00000 736.00000 440.00000 -1128.00000 760.00000
3 0x2E4D7BD 520.00000 -1040.00000 736.00000 520.00000 -1128.00000 760.00000 520.00000 -1128.00000 736.00000
3 0x2E4D7BD 520.00000 -1040.00000 736.00000 520.00000 -1040.00000 760.00000 520.00000 -1128.00000 760.00000
3 0x2E4D7BD 440.00000 -1128.00000 736.00000 520.00000 -1128.00000 760.00000 520.00000 -1128.00000 736.00000
3 0x2E4D7BD 440.00000 -1128.00000 736.00000 440.00000 -1128.00000 760.00000 520.00000 -1128.00000 760.00000
3 0x2E4D7BD 440.00000 -1318.00000 736.00000 520.00000 -1318.00000 760.00000 440.00000 -1318.00000 760.00000
3 0x2E4D7BD 440.00000 -1318.00000 736.00000 520.00000 -1318.00000 736.00000 520.00000 -1318.00000 760.00000
3 0x2E4D7BD 440.00000 -1128.00000 736.00000 520.00000 -1318.00000 736.00000 440.00000 -1318.00000 736.00000
3 0x2E4D7BD 440.00000 -1128.00000 736.00000 520.00000 -1128.00000 736.00000 520.00000 -1318.00000 736.00000
3 0x2E4D7BD 440.00000 -1128.00000 760.00000 520.00000 -1318.00000 760.00000 520.00000 -1128.00000 760.00000
3 0x2E4D7BD 440.00000 -1128.00000 760.00000 440.00000 -1318.00000 760.00000 520.00000 -1318.00000 760.00000
3 0x2E4D7BD 440.00000 -1128.00000 736.00000 440.00000 -1318.00000 760.00000 440.00000 -1128.00000 760.00000
3 0x2E4D7BD 440.00000 -1128.00000 736.00000 440.00000 -1318.00000 736.00000 440.00000 -1318.00000 760.00000
3 0x2E4D7BD 520.00000 -1128.00000 736.00000 520.00000 -1318.00000 760.00000 520.00000 -1318.00000 736.00000
3 0x2E4D7BD 520.00000 -1128.00000 736.00000 520.00000 -1128.00000 760.00000 520.00000 -1318.00000 760.00000
3 0x2E4D7BD 440.00000 -1318.00000 736.00000 520.00000 -1318.00000 760.00000 520.00000 -1318.00000 736.00000
3 0x2E4D7BD 440.00000 -1318.00000 736.00000 440.00000 -1318.00000 760.00000 520.00000 -1318.00000 760.00000
3 0x2E4D7BD 440.00000 -1408.00000 736.00000 520.00000 -1408.00000 760.00000 440.00000 -1408.00000 760.00000
3 0x2E4D7BD 440.00000 -1408.00000 736.00000 520.00000 -1408.00000 736.00000 520.00000 -1408.00000 760.00000
3 0x2E4D7BD 440.00000 -1318.00000 736.00000 520.00000 -1408.00000 736.00000 440.00000 -1408.00000 736.00000
3 0x2E4D7BD 440.00000 -1318.00000 736.00000 520.00000 -1318.00000 736.00000 520.00000 -1408.00000 736.00000
3 0x2E4D7BD 440.00000 -1318.00000 760.00000 520.00000 -1408.00000 760.00000 520.00000 -1318.00000 760.00000
3 0x2E4D7BD 440.00000 -1318.00000 760.00000 440.00000 -1408.00000 760.00000 520.00000 -1408.00000 760.00000
3 0x2E4D7BD 440.00000 -1318.00000 736.00000 440.00000 -1408.00000 760.00000 440.00000 -1318.00000 760.00000
3 0x2E4D7BD 440.00000 -1318.00000 736.00000 440.00000 -1408.00000 736.00000 440.00000 -1408.00000 760.00000
3 0x2E4D7BD 520.00000 -1318.00000 736.00000 520.00000 -1408.00000 760.00000 520.00000 -1408.00000 736.00000
3 0x2E4D7BD 520.00000 -1318.00000 736.00000 520.00000 -1318.00000 760.00000 520.00000 -1408.00000 760.00000
3 0x2E4D7BD 440.00000 -1408.00000 736.00000 520.00000 -1408.00000 760.00000 520.00000 -1408.00000 736.00000
3 0x2E4D7BD 440.00000 -1408.00000 736.00000 440.00000 -1408.00000 760.00000 520.00000 -1408.00000 760.00000
3 0x2E4D7BD 440.00000 -1598.00000 736.00000 520.00000 -1598.00000 760.00000 440.00000 -1598.00000 760.00000
3 0x2E4D7BD 440.00000 -1598.00000 736.00000 520.00000 -1598.00000 736.00000 520.00000 -1598.00000 760.00000
3 0x2E4D7BD 440.00000 -1408.00000 736.00000 520.00000 -1598.00000 736.00000 440.00000 -1598.00000 736.00000
3 0x2E4D7BD 440.00000 -1408.00000 736.00000 520.00000 -1408.00000 736.00000 520.00000 -1598.00000 736.00000
3 0x2E4D7BD 440.00000 -1408.00000 760.00000 520.00000 -1598.00000 760.00000 520.00000 -1408.00000 760.00000
3 0x2E4D7BD 440.00000 -1408.00000 760.00000 440.00000 -1598.00000 760.00000 520.00000 -1598.00000 760.00000
3 0x2E4D7BD 440.00000 -1408.00000 736.00000 440.00000 -1598.00000 760.00000 440.00000 -1408.00000 760.00000
3 0x2E4D7BD 440.00000 -1408.00000 736.00000 440.00000 -1598.00000 736.00000 440.00000 -1598.00000 760.00000
3 0x2E4D7BD 520.00000 -1408.00000 736.00000 520.00000 -1598.00000 760.00000 520.00000 -1598.00000 736.00000
3 0x2E4D7BD 520.00000 -1408.00000 736.00000 520.00000 -1408.00000 760.00000 520.00000 -1598.00000 760.00000
3 0x2E4D7BD 440.00000 -1598.00000 736.00000 520.00000 -1598.00000 760.00000 520.00000 -1598.00000 736.00000
3 0x2E4D7BD 440.00000 -1598.00000 736.00000 440.00000 -1598.00000 760.00000 520.00000 -1598.00000 760.00000
3 0x2E4D7BD 440.00000 -1640.00000 736.00000 520.00000 -1640.00000 760.00000 440.00000 -1640.00000 760.00000
3 0x2E4D7BD 440.00000 -1640.00000 736.00000 520.00000 -1640.00000 736.00000 520.00000 -1640.00000 760.00000
3 0x2E4D7BD 440.00000 -1598.00000 736.00000 520.00000 -1640.00000 736.00000 440.00000 -1640.00000 736.00000
3 0x2E4D7BD 440.00000 -1598.00000 736.00000 520.00000 -1598.00000 736.00000 520.00000 -1640.00000 736.00000
3 0x2E4D7BD 440.00000 -1598.00000 760.00000 520.00000 -1640.00000 760.00000 520.00000 -1598.00000 760.00000
3 0x2E4D7BD 440.00000 -1598.00000 760.00000 440.00000 -1640.00000 760.00000 520.00000 -1640.00000 760.00000
3 0x2E4D7BD 440.00000 -1598.00000 736.00000 440.00000 -1640.00000 760.00000 440.00000 -1598.00000 760.00000
3 0x2E4D7BD 440.00000 -1598.00000 736.00000 440.00000 -1640.00000 736.00000 440.00000 -1640.00000 760.00000
3 0x2E4D7BD 520.00000 -1598.00000 736.00000 520.00000 -1640.00000 760.00000 520.00000 -1640.00000 736.00000
3 0x2E4D7BD 520.00000 -1598.00000 736.00000 520.00000 -1598.00000 760.00000 520.00000 -1640.00000 760.00000
3 0x2E4D7BD 520.00000 -800.00000 736.00000 680.00000 -800.00000 760.00000 680.00000 -800.00000 736.00000
3 0x2E4D7BD 520.00000 -800.00000 736.00000 520.00000 -800.00000 760.00000 680.00000 -800.00000 760.00000
3 0x2E4D7BD 520.00000 -810.00000 736.00000 680.00000 -810.00000 760.00000 520.00000 -810.00000 760.00000
3 0x2E4D7BD 520.00000 -810.00000 736.00000 680.00000 -810.00000 736.00000 680.00000 -810.00000 760.00000
3 0x2E4D7BD 520.00000 -800.00000 736.00000 680.00000 -810.00000 736.00000 520.00000 -810.00000 736.00000
3 0x2E4D7BD 520.00000 -800.00000 736.00000 680.00000 -800.00000 736.00000 680.00000 -810.00000 736.00000
3 0x2E4D7BD 520.00000 -800.00000 760.00000 680.00000 -810.00000 760.00000 680.00000 -800.00000 760.00000
3 0x2E4D7BD 520.00000 -800.00000 760.00000 520.00000 -810.00000 760.00000 680.00000 -810.00000 760.00000
3 0x2E4D7BD 520.00000 -800.00000 736.00000 520.00000 -810.00000 760.00000 520.00000 -800.00000 760.00000
3 0x2E4D7BD 520.00000 -800.00000 736.00000 520.00000 -810.00000 736.00000 520.00000 -810.00000 760.00000
3 0x2E4D7BD 680.00000 -800.00000 736.00000 680.00000 -810.00000 760.00000 680.00000 -810.00000 736.00000
3 0x2E4D7BD 680.00000 -800.00000 736.00000 680.00000 -800.00000 760.00000 680.00000 -810.00000 760.00000
3 0x2E4D7BD 520.00000 -1040.00000 736.00000 680.00000 -1040.00000 760.00000 680.00000 -1040.00000 736.00000
3 0x2E4D7BD 520.00000 -1040.00000 736.00000 520.00000 -1040.00000 760.00000 680.00000 -1040.00000 760.00000
3 0x2E4D7BD 520.00000 -1128.00000 736.00000 680.00000 -1128.00000 760.00000 520.00000 -1128.00000 760.00000
3 0x2E4D7BD 520.00000 -1128.00000 736.00000 680.00000 -1128.00000 736.00000 680.00000 -1128.00000 760.00000
3 0x2E4D7BD 520.00000 -1040.00000 736.00000 680.00000 -1128.00000 736.00000 520.00000 -1128.00000 736.00000
3 0x2E4D7BD 520.00000 -1040.00000 736.00000 680.00000 -1040.00000 736.00000 680.00000 -1128.00000 736.00000
3 0x2E4D7BD 520.00000 -1040.00000 760.00000 680.00000 -1128.00000 760.00000 680.00000 -1040.00000 760.00000
3 0x2E4D7BD 520.00000 -1040.00000 760.00000 520.00000 -1128.00000 760.00000 680.00000 -1128.00000 760.00000
3 0x2E4D7BD 520.00000 -1040.00000 736.00000 520.00000 -1128.00000 760.00000 520.00000 -1040.00000 760.00000
3 0x2E4D7BD 520.00000 -1040.00000 736.00000 520.00000 -1128.00000 736.00000 520.00000 -1128.00000 760.00000
3 0x2E4D7BD 680.00000 -1040.00000 736.00000 680.00000 -1128.00000 760.00000 680.00000 -1128.00000 736.00000
3 0x2E4D7BD 680.00000 -1040.00000 736.00000 680.00000 -1040.00000 760.00000 680.00000 -1128.00000 760.00000
3 0x2E4D7BD 520.00000 -1318.00000 736.00000 680.00000 -1318.00000 760.00000 680.00000 -1318.00000 736.00000
3 0x2E4D7BD 520.00000 -1318.00000 736.00000 520.00000 -1318.00000 760.00000 680.00000 -1318.00000 760.00000
3 0x2E4D7BD 520.00000 -1408.00000 736.00000 680.00000 -1408.00000 760.00000 520.00000 -1408.00000 760.00000
3 0x2E4D7BD 520.00000 -1408.00000 736.00000 680.00000 -1408.00000 736.00000 680.00000 -1408.00000 760.00000
3 0x2E4D7BD 520.00000 -1318.00000 736.00000 680.00000 -1408.00000 736.00000 520.00000 -1408.00000 736.00000
3 0x2E4D7BD 520.00000 -1318.00000 736.00000 680.00000 -1318.00000 736.00000 680.00000 -1408.00000 736.00000
3 0x2E4D7BD 520.00000 -1318.00000 760.00000 680.00000 -1408.00000 760.00000 680.00000 -1318.00000 760.00000
3 0x2E4D7BD 520.00000 -1318.00000 760.00000 520.00000 -1408.00000 760.00000 680.00000 -1408.00000 760.00000
3 0x2E4D7BD 520.00000 -1318.00000 736.00000 520.00000 -1408.00000 760.00000 520.00000 -1318.00000 760.00000
3 0x2E4D7BD 520.00000 -1318.00000 736.00000 520.00000 -1408.00000 736.00000 520.00000 -1408.00000 760.00000
3 0x2E4D7BD 680.00000 -1318.00000 736.00000 680.00000 -1408.00000 760.00000 680.00000 -1408.00000 736.00000
3 0x2E4D7BD 680.00000 -1318.00000 736.00000 680.00000 -1318.00000 760.00000 680.00000 -1408.00000 760.00000
3 0x2E4D7BD 520.00000 -1598.00000 736.00000 680.00000 -1598.00000 760.00000 680.00000 -1598.00000 736.00000
3 0x2E4D7BD 520.00000 -1598.00000 736.00000 520.00000 -1598.00000 760.00000 680.00000 -1598.00000 760.00000
3 0x2E4D7BD 520.00000 -1640.00000 736.00000 680.00000 -1640.00000 760.00000 520.00000 -1640.00000 760.00000
3 0x2E4D7BD 520.00000 -1640.00000 736.00000 680.00000 -1640.00000 736.00000 680.00000 -1640.00000 760.00000
3 0x2E4D7BD 520.00000 -1598.00000 736.00000 680.00000 -1640.00000 736.00000 520.00000 -1640.00000 736.00000
3 0x2E4D7BD 520.00000 -1598.00000 736.00000 680.00000 -1598.00000 736.00000 680.00000 -1640.00000 736.00000
3 0x2E4D7BD 520.00000 -1598.00000 760.00000 680.00000 -1640.00000 760.00000 680.00000 -1598.00000 760.00000
3 0x2E4D7BD 520.00000 -1598.00000 760.00000 520.00000 -1640.00000 760.00000 680.00000 -1640.00000 760.00000
3 0x2E4D7BD 520.00000 -1598.00000 736.00000 520.00000 -1640.00000 760.00000 520.00000 -1598.00000 760.00000
3 0x2E4D7BD 520.00000 -1598.00000 736.00000 520.00000 -1640.00000 736.00000 520.00000 -1640.00000 760.00000
3 0x2E4D7BD 680.00000 -1598.00000 736.00000 680.00000 -1640.00000 760.00000 680.00000 -1640.00000 736.00000
3 0x2E4D7BD 680.00000 -1598.00000 736.00000 680.00000 -1598.00000 760.00000 680.00000 -1640.00000 760.00000
3 0x2E4D7BD 680.00000 -800.00000 736.00000 760.00000 -800.00000 760.00000 760.00000 -800.00000 736.00000
3 0x2E4D7BD 680.00000 -800.00000 736.00000 680.00000 -800.00000 760.00000 760.00000 -800.00000 760.00000
3 0x2E4D7BD 680.00000 -810.00000 736.00000 760.00000 -810.00000 760.00000 680.00000 -810.00000 760.00000
3 0x2E4D7BD 680.00000 -810.00000 736.00000 760.00000 -810.00000 736.00000 760.00000 -810.00000 760.00000
3 0x2E4D7BD 680.00000 -800.00000 736.00000 760.00000 -810.00000 736.00000 680.00000 -810.00000 736.00000
3 0x2E4D7BD 680.00000 -800.00000 736.00000 760.00000 -800.00000 736.00000 760.00000 -810.00000 736.00000
3 0x2E4D7BD 680.00000 -800.00000 760.00000 760.00000 -810.00000 760.00000 760.00000 -800.00000 760.00000
3 0x2E4D7BD 680.00000 -800.00000 760.00000 680.00000 -810.00000 760.00000 760.00000 -810.00000 760.00000
3 0x2E4D7BD 680.00000 -800.00000 736.00000 680.00000 -810.00000 760.00000 680.00000 -800.00000 760.00000
3 0x2E4D7BD 680.00000 -800.00000 736.00000 680.00000 -810.00000 736.00000 680.00000 -810.00000 760.00000
3 0x2E4D7BD 760.00000 -800.00000 736.00000 760.00000 -810.00000 760.00000 760.00000 -810.00000 736.00000
3 0x2E4D7BD 760.00000 -800.00000 736.00000 760.00000 -800.00000 760.00000 760.00000 -810.00000 760.00000
3 0x2E4D7BD 680.00000 -810.00000 736.00000 760.00000 -810.00000 760.00000 760.00000 -810.00000 736.00000
3 0x2E4D7BD 680.00000 -810.00000 736.00000 680.00000 -810.00000 760.00000 760.00000 -810.00000 760.00000
3 0x2E4D7BD 680.00000 -848.00000 736.00000 760.00000 -848.00000 760.00000 680.00000 -848.00000 760.00000
3 0x2E4D7BD 680.00000 -848.00000 736.00000 760.00000 -848.00000 736.00000 760.00000 -848.00000 760.00000
3 0x2E4D7BD 680.00000 -810.00000 736.00000 760.00000 -848.00000 736.00000 680.00000 -848.00000 736.00000
3 0x2E4D7BD 680.00000 -810.00000 736.00000 760.00000 -810.00000 736.00000 760.00000 -848.00000 736.00000
3 0x2E4D7BD 680.00000 -810.00000 760.00000 760.00000 -848.00000 760.00000 760.00000 -810.00000 760.00000
3 0x2E4D7BD 680.00000 -810.00000 760.00000 680.00000 -848.00000 760.00000 760.00000 -848.00000 760.00000
3 0x2E4D7BD 680.00000 -810.00000 736.00000 680.00000 -848.00000 760.00000 680.00000 -810.00000 760.00000
3 0x2E4D7BD 680.00000 -810.00000 736.00000 680.00000 -848.00000 736.00000 680.00000 -848.00000 760.00000
3 0x2E4D7BD 760.00000 -810.00000 736.00000 760.00000 -848.00000 760.00000 760.00000 -848.00000 736.00000
3 0x2E4D7BD 760.00000 -810.00000 736.00000 760.00000 -810.00000 760.00000 760.00000 -848.00000 760.00000
3 0x2E4D7BD 680.00000 -848.00000 736.00000 760.00000 -848.00000 760.00000 760.00000 -848.00000 736.00000
3 0x2E4D7BD 680.00000 -848.00000 736.00000 680.00000 -848.00000 760.00000 760.00000 -848.00000 760.00000
3 0x2E4D7BD 680.00000 -1038.00000 736.00000 760.00000 -1038.00000 760.00000 680.00000 -1038.00000 760.00000
3 0x2E4D7BD 680.00000 -1038.00000 736.00000 760.00000 -1038.00000 736.00000 760.00000 -1038.00000 760.00000
3 0x2E4D7BD 680.00000 -848.00000 736.00000 760.00000 -1038.00000 736.00000 680.00000 -1038.00000 736.00000
3 0x2E4D7BD 680.00000 -848.00000 736.00000 760.00000 -848.00000 736.00000 760.00000 -1038.00000 736.00000
3 0x2E4D7BD 680.00000 -848.00000 760.00000 760.00000 -1038.00000 760.00000 760.00000 -848.00000 760.00000
3 0x2E4D7BD 680.00000 -848.00000 760.00000 680.00000 -1038.00000 760.00000 760.00000 -1038.00000 760.00000
3 0x2E4D7BD 680.00000 -848.00000 736.00000 680.00000 -1038.00000 760.00000 680.00000 -848.00000 760.00000
3 0x2E4D7BD 680.00000 -848.00000 736.00000 680.00000 -1038.00000 736.00000 680.00000 -1038.00000 760.00000
3 0x2E4D7BD 760.00000 -848.00000 736.00000 760.00000 -1038.00000 760.00000 760.00000 -1038.00000 736.00000
3 0x2E4D7BD 760.00000 -848.00000 736.00000 760.00000 -848.00000 760.00000 760.00000 -1038.00000 760.00000
3 0x2E4D7BD 680.00000 -1038.00000 736.00000 760.00000 -1038.00000 760.00000 760.00000 -1038.00000 736.00000
3 0x2E4D7BD 680.00000 -1038.00000 736.00000 680.00000 -1038.00000 760.00000 760.00000 -1038.00000 760.00000
3 0x2E4D7BD 680.00000 -1040.00000 736.00000 760.00000 -1040.00000 760.00000 680.00000 -1040.00000 760.00000
3 0x2E4D7BD 680.00000 -1040.00000 736.00000 760.00000 -1040.00000 736.00000 760.00000 -1040.00000 760.00000
3 0x2E4D7BD 680.00000 -1038.00000 736.00000 760.00000 -1040.00000 736.00000 680.00000 -1040.00000 736.00000
3 0x2E4D7BD 680.00000 -1038.00000 736.00000 760.00000 -1038.00000 736.00000 760.00000 -1040.00000 736.00000
3 0x2E4D7BD 680.00000 -1038.00000 760.00000 760.00000 -1040.00000 760.00000 760.00000 -1038.00000 760.00000
3 0x2E4D7BD 680.00000 -1038.00000 760.00000 680.00000 -1040.00000 760.00000 760.00000 -1040.00000 760.00000
3 0x2E4D7BD 680.00000 -1038.00000 736.00000 680.00000 -1040.00000 760.00000 680.00000 -1038.00000 760.00000
3 0x2E4D7BD 680.00000 -1038.00000 736.00000 680.00000 -1040.00000 736.00000 680.00000 -1040.00000 760.00000
3 0x2E4D7BD 760.00000 -1038.00000 736.00000 760.00000 -1040.00000 760.00000 760.00000 -1040.00000 736.00000
3 0x2E4D7BD 760.00000 -1038.00000 736.00000 760.00000 -1038.00000 760.00000 760.00000 -1040.00000 760.00000
3 0x2E4D7BD 680.00000 -1040.00000 736.00000 760.00000 -1040.00000 760.00000 760.00000 -1040.00000 736.00000
3 0x2E4D7BD 680.00000 -1040.00000 736.00000 680.00000 -1040.00000 760.00000 760.00000 -1040.00000 760.00000
3 0x2E4D7BD 680.00000 -1128.00000 736.00000 760.00000 -1128.00000 760.00000 680.00000 -1128.00000 760.00000
3 0x2E4D7BD 680.00000 -1128.00000 736.00000 760.00000 -1128.00000 736.00000 760.00000 -1128.00000 760.00000
3 0x2E4D7BD 680.00000 -1040.00000 736.00000 760.00000 -1128.00000 736.00000 680.00000 -1128.00000 736.00000
3 0x2E4D7BD 680.00000 -1040.00000 736.00000 760.00000 -1040.00000 736.00000 760.00000 -1128.00000 736.00000
3 0x2E4D7BD 680.00000 -1040.00000 760.00000 760.00000 -1128.00000 760.00000 760.00000 -1040.00000 760.00000
3 0x2E4D7BD 680.00000 -1040.00000 760.00000 680.00000 -1128.00000 760.00000 760.00000 -1128.00000 760.00000
3 0x2E4D7BD 680.00000 -1040.00000 736.00000 680.00000 -1128.00000 760.00000 680.00000 -1040.00000 760.00000
3 0x2E4D7BD 680.00000 -1040.00000 736.00000 680.00000 -1128.00000 736.00000 680.00000 -1128.00000 760.00000
3 0x2E4D7BD 760.00000 -1040.00000 736.00000 760.00000 -1128.00000 760.00000 760.00000 -1128.00000 736.00000
3 0x2E4D7BD 760.00000 -1040.00000 736.00000 760.00000 -1040.00000 760.00000 760.00000 -1128.00000 760.00000
3 0x2E4D7BD 680.00000 -1128.00000 736.00000 760.00000 -1128.00000 760.00000 760.00000 -1128.00000 736.00000
3 0x2E4D7BD 680.00000 -1128.00000 736.00000 680.00000 -1128.00000 760.00000 760.00000 -1128.00000 760.00000
3 0x2E4D7BD 680.00000 -1318.00000 736.00000 760.00000 -1318.00000 760.00000 680.00000 -1318.00000 760.00000
3 0x2E4D7BD 680.00000 -1318.00000 736.00000 760.00000 -1318.00000 736.00000 760.00000 -1318.00000 760.00000
3 0x2E4D7BD 680.00000 -1128.00000 736.00000 760.00000 -1318.00000 736.00000 680.00000 -1318.00000 736.00000
3 0x2E4D7BD 680.00000 -1128.00000 736.00000 760.00000 -1128.00000 736.00000 760.00000 -1318.00000 736.00000
3 0x2E4D7BD 680.00000 -1128.00000 760.00000 760.00000 -1318.00000 760.00000 760.00000 -1128.00000 760.00000
3 0x2E4D7BD 680.00000 -1128.00000 760.00000 680.00000 -1318.00000 760.00000 760.00000 -1318.00000 760.00000
3 0x2E4D7BD 680.00000 -1128.00000 736.00000 680.00000 -1318.00000 760.00000 680.00000 -1128.00000 760.00000
3 0x2E4D7BD 680.00000 -1128.00000 736.00000 680.00000 -1318.00000 736.00000 680.00000 -1318.00000 760.00000
3 0x2E4D7BD 760.00000 -1128.00000 736.00000 760.00000 -1318.00000 760.00000 760.00000 -1318.00000 736.00000
3 0x2E4D7BD 760.00000 -1128.00000 736.00000 760.00000 -1128.00000 760.00000 760.00000 -1318.00000 760.00000
3 0x2E4D7BD 680.00000 -1318.00000 736.00000 760.00000 -1318.00000 760.00000 760.00000 -1318.00000 736.00000
3 0x2E4D7BD 680.00000 -1318.00000 736.00000 680.00000 -1318.00000 760.00000 760.00000 -1318.00000 760.00000
3 0x2E4D7BD 680.00000 -1408.00000 736.00000 760.00000 -1408.00000 760.00000 680.00000 -1408.00000 760.00000
3 0x2E4D7BD 680.00000 -1408.00000 736.00000 760.00000 -1408.00000 736.00000 760.00000 -1408.00000 760.00000
3 0x2E4D7BD 680.00000 -1318.00000 736.00000 760.00000 -1408.00000 736.00000 680.00000 -1408.00000 736.00000
3 0x2E4D7BD 680.00000 -1318.00000 736.00000 760.00000 -1318.00000 736.00000 760.00000 -1408.00000 736.00000
3 0x2E4D7BD 680.00000 -1318.00000 760.00000 760.00000 -1408.00000 760.00000 760.00000 -1318.00000 760.00000
3 0x2E4D7BD 680.00000 -1318.00000 760.00000 680.00000 -1408.00000 760.00000 760.00000 -1408.00000 760.00000
3 0x2E4D7BD 680.00000 -1318.00000 736.00000 680.00000 -1408.00000 760.00000 680.00000 -1318.00000 760.00000
3 0x2E4D7BD 680.00000 -1318.00000 736.00000 680.00000 -1408.00000 736.00000 680.00000 -1408.00000 760.00000
3 0x2E4D7BD 760.00000 -1318.00000 736.00000 760.00000 -1408.00000 760.00000 760.00000 -1408.00000 736.00000
3 0x2E4D7BD 760.00000 -1318.00000 736.00000 760.00000 -1318.00000 760.00000 760.00000 -1408.00000 760.00000
3 0x2E4D7BD 680.00000 -1408.00000 736.00000 760.00000 -1408.00000 760.00000 760.00000 -1408.00000 736.00000
3 0x2E4D7BD 680.00000 -1408.00000 736.00000 680.00000 -1408.00000 760.00000 760.00000 -1408.00000 760.00000
3 0x2E4D7BD 680.00000 -1598.00000 736.00000 760.00000 -1598.00000 760.00000 680.00000 -1598.00000 760.00000
3 0x2E4D7BD 680.00000 -1598.00000 736.00000 760.00000 -1598.00000 736.00000 760.00000 -1598.00000 760.00000
3 0x2E4D7BD 680.00000 -1408.00000 736.00000 760.00000 -1598.00000 736.00000 680.00000 -1598.00000 736.00000
3 0x2E4D7BD 680.00000 -1408.00000 736.00000 760.00000 -1408.00000 736.00000 760.00000 -1598.00000 736.00000
3 0x2E4D7BD 680.00000 -1408.00000 760.00000 760.00000 -1598.00000 760.00000 760.00000 -1408.00000 760.00000
3 0x2E4D7BD 680.00000 -1408.00000 760.00000 680.00000 -1598.00000 760.00000 760.00000 -1598.00000 760.00000
3 0x2E4D7BD 680.00000 -1408.00000 736.00000 680.00000 -1598.00000 760.00000 680.00000 -1408.00000 760.00000
3 0x2E4D7BD 680.00000 -1408.00000 736.00000 680.00000 -1598.00000 736.00000 680.00000 -1598.00000 760.00000
3 0x2E4D7BD 760.00000 -1408.00000 736.00000 760.00000 -1598.00000 760.00000 760.00000 -1598.00000 736.00000
3 0x2E4D7BD 760.00000 -1408.00000 736.00000 760.00000 -1408.00000 760.00000 760.00000 -1598.00000 760.00000
3 0x2E4D7BD 680.00000 -1598.00000 736.00000 760.00000 -1598.00000 760.00000 760.00000 -1598.00000 736.00000
3 0x2E4D7BD 680.00000 -1598.00000 736.00000 680.00000 -1598.00000 760.00000 760.00000 -1598.00000 760.00000
3 0x2E4D7BD 680.00000 -1640.00000 736.00000 760.00000 -1640.00000 760.00000 680.00000 -1640.00000 760.00000
3 0x2E4D7BD 680.00000 -1640.00000 736.00000 760.00000 -1640.00000 736.00000 760.00000 -1640.00000 760.00000
3 0x2E4D7BD 680.00000 -1598.00000 736.00000 760.00000 -1640.00000 736.00000 680.00000 -1640.00000 736.00000
3 0x2E4D7BD 680.00000 -1598.00000 736.00000 760.00000 -1598.00000 736.00000 760.00000 -1640.00000 736.00000
3 0x2E4D7BD 680.00000 -1598.00000 760.00000 760.00000 -1640.00000 760.00000 760.00000 -1598.00000 760.00000
3 0x2E4D7BD 680.00000 -1598.00000 760.00000 680.00000 -1640.00000 760.00000 760.00000 -1640.00000 760.00000
3 0x2E4D7BD 680.00000 -1598.00000 736.00000 680.00000 -1640.00000 760.00000 680.00000 -1598.00000 760.00000
3 0x2E4D7BD 680.00000 -1598.00000 736.00000 680.00000 -1640.00000 736.00000 680.00000 -1640.00000 760.00000
3 0x2E4D7BD 760.00000 -1598.00000 736.00000 760.00000 -1640.00000 760.00000 760.00000 -1640.00000 736.00000
3 0x2E4D7BD 760.00000 -1598.00000 736.00000 760.00000 -1598.00000 760.00000 760.00000 -1640.00000 760.00000
3 0x2E4D7BD 760.00000 -800.00000 736.00000 920.00000 -800.00000 760.00000 920.00000 -800.00000 736.00000
3 0x2E4D7BD 760.00000 -800.00000 736.00000 760.00000 -800.00000 760.00000 920.00000 -800.00000 760.00000
3 0x2E4D7BD 760.00000 -810.00000 736.00000 920.00000 -810.00000 760.00000 760.00000 -810.00000 760.00000
3 0x2E4D7BD 760.00000 -810.00000 736.00000 920.00000 -810.00000 736.00000 920.00000 -810.00000 760.00000
3 0x2E4D7BD 760.00000 -800.00000 736.00000 920.00000 -810.00000 736.00000 760.00000 -810.00000 736.00000
3 0x2E4D7BD 760.00000 -800.00000 736.00000 920.00000 -800.00000 736.00000 920.00000 -810.00000 736.00000
3 0x2E4D7BD 760.00000 -800.00000 760.00000 920.00000 -810.00000 760.00000 920.00000 -800.00000 760.00000
3 0x2E4D7BD 760.00000 -800.00000 760.00000 760.00000 -810.00000 760.00000 920.00000 -810.00000 760.00000
3 0x2E4D7BD 760.00000 -800.00000 736.00000 760.00000 -810.00000 760.00000 760.00000 -800.00000 760.00000
3 0x2E4D7BD 760.00000 -800.00000 736.00000 760.00000 -810.00000 736.00000 760.00000 -810.00000 760.00000
3 0x2E4D7BD 920.00000 -800.00000 736.00000 920.00000 -810.00000 760.00000 920.00000 -810.00000 736.00000
3 0x2E4D7BD 920.00000 -800.00000 736.00000 920.00000 -800.00000 760.00000 920.00000 -810.00000 760.00000
3 0x2E4D7BD 760.00000 -810.00000 736.00000 920.00000 -810.00000 760.00000 920.00000 -810.00000 736.00000
3 0x2E4D7BD 760.00000 -810.00000 736.00000 760.00000 -810.00000 760.00000 920.00000 -810.00000 760.00000
3 0x2E4D7BD 760.00000 -848.00000 736.00000 920.00000 -848.00000 760.00000 760.00000 -848.00000 760.00000
3 0x2E4D7BD 760.00000 -848.00000 736.00000 920.00000 -848.00000 736.00000 920.00000 -848.00000 760.00000
3 0x2E4D7BD 760.00000 -810.00000 736.00000 920.00000 -848.00000 736.00000 760.00000 -848.00000 736.00000
3 0x2E4D7BD 760.00000 -810.00000 736.00000 920.00000 -810.00000 736.00000 920.00000 -848.00000 736.00000
3 0x2E4D7BD 760.00000 -810.00000 760.00000 920.00000 -848.00000 760.00000 920.00000 -810.00000 760.00000
3 0x2E4D7BD 760.00000 -810.00000 760.00000 760.00000 -848.00000 760.00000 920.00000 -848.00000 760.00000
3 0x2E4D7BD 760.00000 -810.00000 736.00000 760.00000 -848.00000 760.00000 760.00000 -810.00000 760.00000
3 0x2E4D7BD 760.00000 -810.00000 736.00000 760.00000 -848.00000 736.00000 760.00000 -848.00000 760.00000
3 0x2E4D7BD 920.00000 -810.00000 736.00000 920.00000 -848.00000 760.00000 920.00000 -848.00000 736.00000
3 0x2E4D7BD 920.00000 -810.00000 736.00000 920.00000 -810.00000 760.00000 920.00000 -848.00000 760.00000
3 0x2E4D7BD 760.00000 -1038.00000 736.00000 920.00000 -1038.00000 760.00000 920.00000 -1038.00000 736.00000
3 0x2E4D7BD 760.00000 -1038.00000 736.00000 760.00000 -1038.00000 760.00000 920.00000 -1038.00000 760.00000
3 0x2E4D7BD 760.00000 -1040.00000 736.00000 920.00000 -1040.00000 760.00000 760.00000 -1040.00000 760.00000
3 0x2E4D7BD 760.00000 -1040.00000 736.00000 920.00000 -1040.00000 736.00000 920.00000 -1040.00000 760.00000
3 0x2E4D7BD 760.00000 -1038.00000 736.00000 920.00000 -1040.00000 736.00000 760.00000 -1040.00000 736.00000
3 0x2E4D7BD 760.00000 -1038.00000 736.00000 920.00000 -1038.00000 736.00000 920.00000 -1040.00000 736.00000
3 0x2E4D7BD 760.00000 -1038.00000 760.00000 920.00000 -1040.00000 760.00000 920.00000 -1038.00000 760.00000
3 0x2E4D7BD 760.00000 -1038.00000 760.00000 760.00000 -1040.00000 760.00000 920.00000 -1040.00000 760.00000
3 0x2E4D7BD 760.00000 -1038.00000 736.00000 760.00000 -1040.00000 760.00000 760.00000 -1038.00000 760.00000
3 0x2E4D7BD 760.00000 -1038.00000 736.00000 760.00000 -1040.00000 736.00000 760.00000 -1040.00000 760.00000
3 0x2E4D7BD 920.00000 -1038.00000 736.00000 920.00000 -1040.00000 760.00000 920.00000 -1040.00000 736.00000
3 0x2E4D7BD 920.00000 -1038.00000 736.00000 920.00000 -1038.00000 760.00000 920.00000 -1040.00000 760.00000
3 0x2E4D7BD 760.00000 -1040.00000 736.00000 920.00000 -1040.00000 760.00000 920.00000 -1040.00000 736.00000
3 0x2E4D7BD 760.00000 -1040.00000 736.00000 760.00000 -1040.00000 760.00000 920.00000 -1040.00000 760.00000
3 0x2E4D7BD 760.00000 -1128.00000 736.00000 920.00000 -1128.00000 760.00000 760.00000 -1128.00000 760.00000
3 0x2E4D7BD 760.00000 -1128.00000 736.00000 920.00000 -1128.00000 736.00000 920.00000 -1128.00000 760.00000
3 0x2E4D7BD 760.00000 -1040.00000 736.00000 920.00000 -1128.00000 736.00000 760.00000 -1128.00000 736.00000
3 0x2E4D7BD 760.00000 -1040.00000 736.00000 920.00000 -1040.00000 736.00000 920.00000 -1128.00000 736.00000
3 0x2E4D7BD 760.00000 -1040.00000 760.00000 920.00000 -1128.00000 760.00000 920.00000 -1040.00000 760.00000
3 0x2E4D7BD 760.00000 -1040.00000 760.00000 760.00000 -1128.00000 760.00000 920.00000 -1128.00000 760.00000
3 0x2E4D7BD 760.00000 -1040.00000 736.00000 760.00000 -1128.00000 760.00000 760.00000 -1040.00000 760.00000
3 0x2E4D7BD 760.00000 -1040.00000 736.00000 760.00000 -1128.00000 736.00000 760.00000 -1128.00000 760.00000
3 0x2E4D7BD 920.00000 -1040.00000 736.00000 920.00000 -1128.00000 760.00000 920.00000 -1128.00000 736.00000
3 0x2E4D7BD 920.00000 -1040.00000 736.00000 920.00000 -1040.00000 760.00000 920.00000 -1128.00000 760.00000
3 0x2E4D7BD 760.00000 -1318.00000 736.00000 920.00000 -1318.00000 760.00000 920.00000 -1318.00000 736.00000
3 0x2E4D7BD 760.00000 -1318.00000 736.00000 760.00000 -1318.00000 760.00000 920.00000 -1318.00000 760.00000
3 0x2E4D7BD 760.00000 -1408.00000 736.00000 920.00000 -1408.00000 760.00000 760.00000 -1408.00000 760.00000
3 0x2E4D7BD 760.00000 -1408.00000 736.00000 920.00000 -1408.00000 736.00000 920.00000 -1408.00000 760.00000
3 0x2E4D7BD 760.00000 -1318.00000 736.00000 920.00000 -1408.00000 736.00000 760.00000 -1408.00000 736.00000
3 0x2E4D7BD 760.00000 -1318.00000 736.00000 920.00000 -1318.00000 736.00000 920.00000 -1408.00000 736.00000
3 0x2E4D7BD 760.00000 -1318.00000 760.00000 920.00000 -1408.00000 760.00000 920.00000 -1318.00000 760.00000
3 0x2E4D7BD 760.00000 -1318.00000 760.00000 760.00000 -1408.00000 760.00000 920.00000 -1408.00000 760.00000
3 0x2E4D7BD 760.00000 -1318.00000 736.00000 760.00000 -1408.00000 760.00000 760.00000 -1318.00000 760.00000
3 0x2E4D7BD 760.00000 -1318.00000 736.00000 760.00000 -1408.00000 736.00000 760.00000 -1408.00000 760.00000
3 0x2E4D7BD 920.00000 -1318.00000 736.00000 920.00000 -1408.00000 760.00000 920.00000 -1408.00000 736.00000
3 0x2E4D7BD 920.00000 -1318.00000 736.00000 920.00000 -1318.00000 760.00000 920.00000 -1408.00000 760.00000
3 0x2E4D7BD 760.00000 -1598.00000 736.00000 920.00000 -1598.00000 760.00000 920.00000 -1598.00000 736.00000
3 0x2E4D7BD 760.00000 -1598.00000 736.00000 760.00000 -1598.00000 760.00000 920.00000 -1598.00000 760.00000
3 0x2E4D7BD 760.00000 -1640.00000 736.00000 920.00000 -1640.00000 760.00000 760.00000 -1640.00000 760.00000
3 0x2E4D7BD 760.00000 -1640.00000 736.00000 920.00000 -1640.00000 736.00000 920.00000 -1640.00000 760.00000
3 0x2E4D7BD 760.00000 -1598.00000 736.00000 920.00000 -1640.00000 736.00000 760.00000 -1640.00000 736.00000
3 0x2E4D7BD 760.00000 -1598.00000 736.00000 920.00000 -1598.00000 736.00000 920.00000 -1640.00000 736.00000
3 0x2E4D7BD 760.00000 -1598.00000 760.00000 920.00000 -1640.00000 760.00000 920.00000 -1598.00000 760.00000
3 0x2E4D7BD 760.00000 -1598.00000 760.00000 760.00000 -1640.00000 760.00000 920.00000 -1640.00000 760.00000
3 0x2E4D7BD 760.00000 -1598.00000 736.00000 760.00000 -1640.00000 760.00000 760.00000 -1598.00000 760.00000
3 0x2E4D7BD 760.00000 -1598.00000 736.00000 760.00000 -1640.00000 736.00000 760.00000 -1640.00000 760.00000
3 0x2E4D7BD 920.00000 -1598.00000 736.00000 920.00000 -1640.00000 760.00000 920.00000 -1640.00000 736.00000
3 0x2E4D7BD 920.00000 -1598.00000 736.00000 920.00000 -1598.00000 760.00000 920.00000 -1640.00000 760.00000
3 0x2E4D7BD 920.00000 -800.00000 736.00000 1000.00000 -800.00000 760.00000 1000.00000 -800.00000 736.00000
3 0x2E4D7BD 920.00000 -800.00000 736.00000 920.00000 -800.00000 760.00000 1000.00000 -800.00000 760.00000
3 0x2E4D7BD 920.00000 -810.00000 736.00000 1000.00000 -810.00000 760.00000 920.00000 -810.00000 760.00000
3 0x2E4D7BD 920.00000 -810.00000 736.00000 1000.00000 -810.00000 736.00000 1000.00000 -810.00000 760.00000
3 0x2E4D7BD 920.00000 -800.00000 736.00000 1000.00000 -810.00000 736.00000 920.00000 -810.00000 736.00000
3 0x2E4D7BD 920.00000 -800.00000 736.00000 1000.00000 -800.00000 736.00000 1000.00000 -810.00000 736.00000
3 0x2E4D7BD 920.00000 -800.00000 760.00000 1000.00000 -810.00000 760.00000 1000.00000 -800.00000 760.00000
3 0x2E4D7BD 920.00000 -800.00000 760.00000 920.00000 -810.00000 760.00000 1000.00000 -810.00000 760.00000
3 0x2E4D7BD 920.00000 -800.00000 736.00000 920.00000 -810.00000 760.00000 920.00000 -800.00000 760.00000
3 0x2E4D7BD 920.00000 -800.00000 736.00000 920.00000 -810.00000 736.00000 920.00000 -810.00000 760.00000
3 0x2E4D7BD 1000.00000 -800.00000 736.00000 1000.00000 -810.00000 760.00000 1000.00000 -810.00000 736.00000
3 0x2E4D7BD 1000.00000 -800.00000 736.00000 1000.00000 -800.00000 760.00000 1000.00000 -810.00000 760.00000
3 0x2E4D7BD 920.00000 -810.00000 736.00000 1000.00000 -810.00000 760.00000 1000.00000 -810.00000 736.00000
3 0x2E4D7BD 920.00000 -810.00000 736.00000 920.00000 -810.00000 760.00000 1000.00000 -810.00000 760.00000
3 0x2E4D7BD 920.00000 -848.00000 736.00000 1000.00000 -848.00000 760.00000 920.00000 -848.00000 760.00000
3 0x2E4D7BD 920.00000 -848.00000 736.00000 1000.00000 -848.00000 736.00000 1000.00000 -848.00000 760.00000
3 0x2E4D7BD 920.00000 -810.00000 736.00000 1000.00000 -848.00000 736.00000 920.00000 -848.00000 736.00000
3 0x2E4D7BD 920.00000 -810.00000 736.00000 1000.00000 -810.00000 736.00000 1000.00000 -848.00000 736.00000
3 0x2E4D7BD 920.00000 -810.00000 760.00000 1000.00000 -848.00000 760.00000 1000.00000 -810.00000 760.00000
3 0x2E4D7BD 920.00000 -810.00000 760.00000 920.00000 -848.00000 760.00000 1000.00000 -848.00000 760.00000
3 0x2E4D7BD 920.00000 -810.00000 736.00000 920.00000 -848.00000 760.00000 920.00000 -810.00000 760.00000
3 0x2E4D7BD 920.00000 -810.00000 736.00000 920.00000 -848.00000 736.00000 920.00000 -848.00000 760.00000
3 0x2E4D7BD 1000.00000 -810.00000 736.00000 1000.00000 -848.00000 760.00000 1000.00000 -848.00000 736.00000
3 0x2E4D7BD 1000.00000 -810.00000 736.00000 1000.00000 -810.00000 760.00000 1000.00000 -848.00000 760.00000
3 0x2E4D7BD 920.00000 -848.00000 736.00000 1000.00000 -848.00000 760.00000 1000.00000 -848.00000 736.00000
3 0x2E4D7BD 920.00000 -848.00000 736.00000 920.00000 -848.00000 760.00000 1000.00000 -848.00000 760.00000
3 0x2E4D7BD 920.00000 -1038.00000 736.00000 1000.00000 -1038.00000 760.00000 920.00000 -1038.00000 760.00000
3 0x2E4D7BD 920.00000 -1038.00000 736.00000 1000.00000 -1038.00000 736.00000 1000.00000 -1038.00000 760.00000
3 0x2E4D7BD 920.00000 -848.00000 736.00000 1000.00000 -1038.00000 736.00000 920.00000 -1038.00000 736.00000
3 0x2E4D7BD 920.00000 -848.00000 736.00000 1000.00000 -848.00000 736.00000 1000.00000 -1038.00000 736.00000
3 0x2E4D7BD 920.00000 -848.00000 760.00000 1000.00000 -1038.00000 760.00000 1000.00000 -848.00000 760.00000
3 0x2E4D7BD 920.00000 -848.00000 760.00000 920.00000 -1038.00000 760.00000 1000.00000 -1038.00000 760.00000
3 0x2E4D7BD 920.00000 -848.00000 736.00000 920.00000 -1038.00000 760.00000 920.00000 -848.00000 760.00000
3 0x2E4D7BD 920.00000 -848.00000 736.00000 920.00000 -1038.00000 736.00000 920.00000 -1038.00000 760.00000
3 0x2E4D7BD 1000.00000 -848.00000 736.00000 1000.00000 -1038.00000 760.00000 1000.00000 -1038.00000 736.00000
3 0x2E4D7BD 1000.00000 -848.00000 736.00000 1000.00000 -848.00000 760.00000 1000.00000 -1038.00000 760.00000
3 0x2E4D7BD 920.00000 -1038.00000 736.00000 1000.00000 -1038.00000 760.00000 1000.00000 -1038.00000 736.00000
3 0x2E4D7BD 920.00000 -1038.00000 736.00000 920.00000 -1038.00000 760.00000 1000.00000 -1038.00000 760.00000
3 0x2E4D7BD 920.00000 -1040.00000 736.00000 1000.00000 -1040.00000 760.00000 920.00000 -1040.00000 760.00000
3 0x2E4D7BD 920.00000 -1040.00000 736.00000 1000.00000 -1040.00000 736.00000 1000.00000 -1040.00000 760.00000
3 0x2E4D7BD 920.00000 -1038.00000 736.00000 1000.00000 -1040.00000 736.00000 920.00000 -1040.00000 736.00000
3 0x2E4D7BD 920.00000 -1038.00000 736.00000 1000.00000 -1038.00000 736.00000 1000.00000 -1040.00000 736.00000
3 0x2E4D7BD 920.00000 -1038.00000 760.00000 1000.00000 -1040.00000 760.00000 1000.00000 -1038.00000 760.00000
3 0x2E4D7BD 920.00000 -1038.00000 760.00000 920.00000 -1040.00000 760.00000 1000.00000 -1040.00000 760.00000
3 0x2E4D7BD 920.00000 -1038.00000 736.00000 920.00000 -1040.00000 760.00000 920.00000 -1038.00000 760.00000
3 0x2E4D7BD 920.00000 -1038.00000 736.00000 920.00000 -1040.00000 736.00000 920.00000 -1040.00000 760.00000
3 0x2E4D7BD 1000.00000 -1038.00000 736.00000 1000.00000 -1040.00000 760.00000 1000.00000 -1040.00000 736.00000
3 0x2E4D7BD 1000.00000 -1038.00000 736.00000 1000.00000 -1038.00000 760.00000 1000.00000 -1040.00000 760.00000
3 0x2E4D7BD 920.00000 -1040.00000 736.00000 1000.00000 -1040.00000 760.00000 1000.00000 -1040.00000 736.00000
3 0x2E4D7BD 920.00000 -1040.00000 736.00000 920.00000 -1040.00000 760.00000 1000.00000 -1040.00000 760.00000
3 0x2E4D7BD 920.00000 -1128.00000 736.00000 1000.00000 -1128.00000 760.00000 920.00000 -1128.00000 760.00000
3 0x2E4D7BD 920.00000 -1128.00000 736.00000 1000.00000 -1128.00000 736.00000 1000.00000 -1128.00000 760.00000
3 0x2E4D7BD 920.00000 -1040.00000 736.00000 1000.00000 -1128.00000 736.00000 920.00000 -1128.00000 736.00000
3 0x2E4D7BD 920.00000 -1040.00000 736.00000 1000.00000 -1040.00000 736.00000 1000.00000 -1128.00000 736.00000
3 0x2E4D7BD 920.00000 -1040.00000 760.00000 1000.00000 -1128.00000 760.00000 1000.00000 -1040.00000 760.00000
3 0x2E4D7BD 920.00000 -1040.00000 760.00000 920.00000 -1128.00000 760.00000 1000.00000 -1128.00000 760.00000
3 0x2E4D7BD 920.00000 -1040.00000 736.00000 920.00000 -1128.00000 760.00000 920.00000 -1040.00000 760.00000
3 0x2E4D7BD 920.00000 -1040.00000 736.00000 920.00000 -1128.00000 736.00000 920.00000 -1128.00000 760.00000
3 0x2E4D7BD 1000.00000 -1040.00000 736.00000 1000.00000 -1128.00000 760.00000 1000.00000 -1128.00000 736.00000
3 0x2E4D7BD 1000.00000 -1040.00000 736.00000 1000.00000 -1040.00000 760.00000 1000.00000 -1128.00000 760.00000
3 0x2E4D7BD 920.00000 -1128.00000 736.00000 1000.00000 -1128.00000 760.00000 1000.00000 -1128.00000 736.00000
3 0x2E4D7BD 920.00000 -1128.00000 736.00000 920.00000 -1128.00000 760.00000 1000.00000 -1128.00000 760.00000
3 0x2E4D7BD 920.00000 -1318.00000 736.00000 1000.00000 -1318.00000 760.00000 920.00000 -1318.00000 760.00000
3 0x2E4D7BD 920.00000 -1318.00000 736.00000 1000.00000 -1318.00000 736.00000 1000.00000 -1318.00000 760.00000
3 0x2E4D7BD 920.00000 -1128.00000 736.00000 1000.00000 -1318.00000 736.00000 920.00000 -1318.00000 736.00000
3 0x2E4D7BD 920.00000 -1128.00000 736.00000 1000.00000 -1128.00000 736.00000 1000.00000 -1318.00000 736.00000
3 0x2E4D7BD 920.00000 -1128.00000 760.00000 1000.00000 -1318.00000 760.00000 1000.00000 -1128.00000 760.00000
3 0x2E4D7BD 920.00000 -1128.00000 760.00000 920.00000 -1318.00000 760.00000 1000.00000 -1318.00000 760.00000
3 0x2E4D7BD 920.00000 -1128.00000 736.00000 920.00000 -1318.00000 760.00000 920.00000 -1128.00000 760.00000
3 0x2E4D7BD 920.00000 -1128.00000 736.00000 920.00000 -1318.00000 736.00000 920.00000 -1318.00000 760.00000
3 0x2E4D7BD 1000.00000 -1128.00000 736.00000 1000.00000 -1318.00000 760.00000 1000.00000 -1318.00000 736.00000
3 0x2E4D7BD 1000.00000 -1128.00000 736.00000 1000.00000 -1128.00000 760.00000 1000.00000 -1318.00000 760.00000
3 0x2E4D7BD 920.00000 -1318.00000 736.00000 1000.00000 -1318.00000 760.00000 1000.00000 -1318.00000 736.00000
3 0x2E4D7BD 920.00000 -1318.00000 736.00000 920.00000 -1318.00000 760.00000 1000.00000 -1318.00000 760.00000
3 0x2E4D7BD 920.00000 -1408.00000 736.00000 1000.00000 -1408.00000 760.00000 920.00000 -1408.00000 760.00000
3 0x2E4D7BD 920.00000 -1408.00000 736.00000 1000.00000 -1408.00000 736.00000 1000.00000 -1408.00000 760.00000
3 0x2E4D7BD 920.00000 -1318.00000 736.00000 1000.00000 -1408.00000 736.00000 920.00000 -1408.00000 736.00000
3 0x2E4D7BD 920.00000 -1318.00000 736.00000 1000.00000 -1318.00000 736.00000 1000.00000 -1408.00000 736.00000
3 0x2E4D7BD 920.00000 -1318.00000 760.00000 1000.00000 -1408.00000 760.00000 1000.00000 -1318.00000 760.00000
3 0x2E4D7BD 920.00000 -1318.00000 760.00000 920.00000 -1408.00000 760.00000 1000.00000 -1408.00000 760.00000
3 0x2E4D7BD 920.00000 -1318.00000 736.00000 920.00000 -1408.00000 760.00000 920.00000 -1318.00000 760.00000
3 0x2E4D7BD 920.00000 -1318.00000 736.00000 920.00000 -1408.00000 736.00000 920.00000 -1408.00000 760.00000
3 0x2E4D7BD 1000.00000 -1318.00000 736.00000 1000.00000 -1408.00000 760.00000 1000.00000 -1408.00000 736.00000
3 0x2E4D7BD 1000.00000 -1318.00000 736.00000 1000.00000 -1318.00000 760.00000 1000.00000 -1408.00000 760.00000
3 0x2E4D7BD 920.00000 -1408.00000 736.00000 1000.00000 -1408.00000 760.00000 1000.00000 -1408.00000 736.00000
3 0x2E4D7BD 920.00000 -1408.00000 736.00000 920.00000 -1408.00000 760.00000 1000.00000 -1408.00000 760.00000
3 0x2E4D7BD 920.00000 -1598.00000 736.00000 1000.00000 -1598.00000 760.00000 920.00000 -1598.00000 760.00000
3 0x2E4D7BD 920.00000 -1598.00000 736.00000 1000.00000 -1598.00000 736.00000 1000.00000 -1598.00000 760.00000
3 0x2E4D7BD 920.00000 -1408.00000 736.00000 1000.00000 -1598.00000 736.00000 920.00000 -1598.00000 736.00000
3 0x2E4D7BD 920.00000 -1408.00000 736.00000 1000.00000 -1408.00000 736.00000 1000.00000 -1598.00000 736.00000
3 0x2E4D7BD 920.00000 -1408.00000 760.00000 1000.00000 -1598.00000 760.00000 1000.00000 -1408.00000 760.00000
3 0x2E4D7BD 920.00000 -1408.00000 760.00000 920.00000 -1598.00000 760.00000 1000.00000 -1598.00000 760.00000
3 0x2E4D7BD 920.00000 -1408.00000 736.00000 920.00000 -1598.00000 760.00000 920.00000 -1408.00000 760.00000
3 0x2E4D7BD 920.00000 -1408.00000 736.00000 920.00000 -1598.00000 736.00000 920.00000 -1598.00000 760.00000
3 0x2E4D7BD 1000.00000 -1408.00000 736.00000 1000.00000 -1598.00000 760.00000 1000.00000 -1598.00000 736.00000
3 0x2E4D7BD 1000.00000 -1408.00000 736.00000 1000.00000 -1408.00000 760.00000 1000.00000 -1598.00000 760.00000
3 0x2E4D7BD 920.00000 -1598.00000 736.00000 1000.00000 -1598.00000 760.00000 1000.00000 -1598.00000 736.00000
3 0x2E4D7BD 920.00000 -1598.00000 736.00000 920.00000 -1598.00000 760.00000 1000.00000 -1598.00000 760.00000
3 0x2E4D7BD 920.00000 -1640.00000 736.00000 1000.00000 -1640.00000 760.00000 920.00000 -1640.00000 760.00000
3 0x2E4D7BD 920.00000 -1640.00000 736.00000 1000.00000 -1640.00000 736.00000 1000.00000 -1640.00000 760.00000
3 0x2E4D7BD 920.00000 -1598.00000 736.00000 1000.00000 -1640.00000 736.00000 920.00000 -1640.00000 736.00000
3 0x2E4D7BD 920.00000 -1598.00000 736.00000 1000.00000 -1598.00000 736.00000 1000.00000 -1640.00000 736.00000
3 0x2E4D7BD 920.00000 -1598.00000 760.00000 1000.00000 -1640.00000 760.00000 1000.00000 -1598.00000 760.00000
3 0x2E4D7BD 920.00000 -1598.00000 760.00000 920.00000 -1640.00000 760.00000 1000.00000 -1640.00000 760.00000
3 0x2E4D7BD 920.00000 -1598.00000 736.00000 920.00000 -1640.00000 760.00000 920.00000 -1598.00000 760.00000
3 0x2E4D7BD 920.00000 -1598.00000 736.00000 920.00000 -1640.00000 736.00000 920.00000 -1640.00000 760.00000
3 0x2E4D7BD 1000.00000 -1598.00000 736.00000 1000.00000 -1640.00000 760.00000 1000.00000 -1640.00000 736.00000
3 0x2E4D7BD 1000.00000 -1598.00000 736.00000 1000.00000 -1598.00000 760.00000 1000.00000 -1640.00000 760.00000
3 0x2F1E6D0 186.00000 -1640.00000 186.00000 1014.00000 -1640.00000 774.00000 1014.00000 -1640.00000 186.00000
3 0x2F1E6D0 186.00000 -1640.00000 186.00000 186.00000 -1640.00000 774.00000 1014.00000 -1640.00000 774.00000
3 0x2F1E6D0 186.00000 -1655.00000 186.00000 1014.00000 -1655.00000 774.00000 186.00000 -1655.00000 774.00000
3 0x2F1E6D0 186.00000 -1655.00000 186.00000 1014.00000 -1655.00000 186.00000 1014.00000 -1655.00000 774.00000
3 0x2F1E6D0 186.00000 -1640.00000 186.00000 1014.00000 -1655.00000 186.00000 186.00000 -1655.00000 186.00000
3 0x2F1E6D0 186.00000 -1640.00000 186.00000 1014.00000 -1640.00000 186.00000 1014.00000 -1655.00000 186.00000
3 0x2F1E6D0 186.00000 -1640.00000 774.00000 1014.00000 -1655.00000 774.00000 1014.00000 -1640.00000 774.00000
3 0x2F1E6D0 186.00000 -1640.00000 774.00000 186.00000 -1655.00000 774.00000 1014.00000 -1655.00000 774.00000
3 0x2F1E6D0 186.00000 -1640.00000 186.00000 186.00000 -1655.00000 774.00000 186.00000 -1640.00000 774.00000
3 0x2F1E6D0 186.00000 -1640.00000 186.00000 186.00000 -1655.00000 186.00000 186.00000 -1655.00000 774.00000
3 0x2F1E6D0 1014.00000 -1640.00000 186.00000 1014.00000 -1655.00000 774.00000 1014.00000 -1655.00000 186.00000
3 0x2F1E6D0 1014.00000 -1640.00000 186.00000 1014.00000 -1640.00000 774.00000 1014.00000 -1655.00000 774.00000
3 0x2F1E6D0 260.00000 -1080.00000 760.00000 460.00000 -1080.00000 810.00000 460.00000 -1080.00000 760.00000
3 0x2F1E6D0 260.00000 -1080.00000 760.00000 260.00000 -1080.00000 810.00000 460.00000 -1080.00000 810.00000
3 0x2F1E6D0 260.00000 -1093.00000 760.00000 460.00000 -1093.00000 810.00000 260.00000 -1093.00000 810.00000
3 0x2F1E6D0 260.00000 -1093.00000 760.00000 460.00000 -1093.00000 760.00000 460.00000 -1093.00000 810.00000
3 0x2F1E6D0 260.00000 -1080.00000 760.00000 460.00000 -1093.00000 760.00000 260.00000 -1093.00000 760.00000
3 0x2F1E6D0 260.00000 -1080.00000 760.00000 460.00000 -1080.00000 760.00000 460.00000 -1093.00000 760.00000
3 0x2F1E6D0 260.00000 -1080.00000 810.00000 460.00000 -1093.00000 810.00000 460.00000 -1080.00000 810.00000
3 0x2F1E6D0 260.00000 -1080.00000 810.00000 260.00000 -1093.00000 810.00000 460.00000 -1093.00000 810.00000
3 0x2F1E6D0 260.00000 -1080.00000 760.00000 260.00000 -1093.00000 810.00000 260.00000 -1080.00000 810.00000
3 0x2F1E6D0 260.00000 -1080.00000 760.00000 260.00000 -1093.00000 760.00000 260.00000 -1093.00000 810.00000
3 0x2F1E6D0 460.00000 -1080.00000 760.00000 460.00000 -1093.00000 810.00000 460.00000 -1093.00000 760.00000
3 0x2F1E6D0 460.00000 -1080.00000 760.00000 460.00000 -1080.00000 810.00000 460.00000 -1093.00000 810.00000
3 0x2F1E6D0 500.00000 -1080.00000 760.00000 700.00000 -1080.00000 810.00000 700.00000 -1080.00000 760.00000
3 0x2F1E6D0 500.00000 -1080.00000 760.00000 500.00000 -1080.00000 810.00000 700.00000 -1080.00000 810.00000
3 0x2F1E6D0 500.00000 -1093.00000 760.00000 700.00000 -1093.00000 810.00000 500.00000 -1093.00000 810.00000
3 0x2F1E6D0 500.00000 -1093.00000 760.00000 700.00000 -1093.00000 760.00000 700.00000 -1093.00000 810.00000
3 0x2F1E6D0 500.00000 -1080.00000 760.00000 700.00000 -1093.00000 760.00000 500.00000 -1093.00000 760.00000
3 0x2F1E6D0 500.00000 -1080.00000 760.00000 700.00000 -1080.00000 760.00000 700.00000 -1093.00000 760.00000
3 0x2F1E6D0 500.00000 -1080.00000 810.00000 700.00000 -1093.00000 810.00000 700.00000 -1080.00000 810.00000
3 0x2F1E6D0 500.00000 -1080.00000 810.00000 500.00000 -1093.00000 810.00000 700.00000 -1093.00000 810.00000
3 0x2F1E6D0 500.00000 -1080.00000 760.00000 500.00000 -1093.00000 810.00000 500.00000 -1080.00000 810.00000
3 0x2F1E6D0 500.00000 -1080.00000 760.00000 500.00000 -1093.00000 760.00000 500.00000 -1093.00000 810.00000
3 0x2F1E6D0 700.00000 -1080.00000 760.00000 700.00000 -1093.00000 810.00000 700.00000 -1093.00000 760.00000
3 0x2F1E6D0 700.00000 -1080.00000 760.00000 700.00000 -1080.00000 810.00000 700.00000 -1093.00000 810.00000
3 0x2F1E6D0 260.00000 -1360.00000 760.00000 460.00000 -1360.00000 810.00000 460.00000 -1360.00000 760.00000
3 0x2F1E6D0 260.00000 -1360.00000 760.00000 260.00000 -1360.00000 810.00000 460.00000 -1360.00000 810.00000
3 0x2F1E6D0 260.00000 -1373.00000 760.00000 460.00000 -1373.00000 810.00000 260.00000 -1373.00000 810.00000
3 0x2F1E6D0 260.00000 -1373.00000 760.00000 460.00000 -1373.00000 760.00000 460.00000 -1373.00000 810.00000
3 0x2F1E6D0 260.00000 -1360.00000 760.00000 460.00000 -1373.00000 760.00000 260.00000 -1373.00000 760.00000
3 0x2F1E6D0 260.00000 -1360.00000 760.00000 460.00000 -1360.00000 760.00000 460.00000 -1373.00000 760.00000
3 0x2F1E6D0 260.00000 -1360.00000 810.00000 460.00000 -1373.00000 810.00000 460.00000 -1360.00000 810.00000
3 0x2F1E6D0 260.00000 -1360.00000 810.00000 260.00000 -1373.00000 810.00000 460.00000 -1373.00000 810.00000
3 0x2F1E6D0 260.00000 -1360.00000 760.00000 260.00000 -1373.00000 810.00000 260.00000 -1360.00000 810.00000
3 0x2F1E6D0 260.00000 -1360.00000 760.00000 260.00000 -1373.00000 760.00000 260.00000 -1373.00000 810.00000
3 0x2F1E6D0 460.00000 -1360.00000 760.00000 460.00000 -1373.00000 810.00000 460.00000 -1373.00000 760.00000
3 0x2F1E6D0 460.00000 -1360.00000 760.00000 460.00000 -1360.00000 810.00000 460.00000 -1373.00000 810.00000
3 0x2F1E6D0 500.00000 -1360.00000 760.00000 700.00000 -1360.00000 810.00000 700.00000 -1360.00000 760.00000
3 0x2F1E6D0 500.00000 -1360.00000 760.00000 500.00000 -1360.00000 810.00000 700.00000 -1360.00000 810.00000
3 0x2F1E6D0 500.00000 -1373.00000 760.00000 700.00000 -1373.00000 810.00000 500.00000 -1373.00000 810.00000
3 0x2F1E6D0 500.00000 -1373.00000 760.00000 700.00000 -1373.00000 760.00000 700.00000 -1373.00000 810.00000
3 0x2F1E6D0 500.00000 -1360.00000 760.00000 700.00000 -1373.00000 760.00000 500.00000 -1373.00000 760.00000
3 0x2F1E6D0 500.00000 -1360.00000 760.00000 700.00000 -1360.00000 760.00000 700.00000 -1373.00000 760.00000
3 0x2F1E6D0 500.00000 -1360.00000 810.00000 700.00000 -1373.00000 810.00000 700.00000 -1360.00000 810.00000
3 0x2F1E6D0 500.00000 -1360.00000 810.00000 500.00000 -1373.00000 810.00000 700.00000 -1373.00000 810.00000
3 0x2F1E6D0 500.00000 -1360.00000 760.00000 500.00000 -1373.00000 810.00000 500.00000 -1360.00000 810.00000
3 0x2F1E6D0 500.00000 -1360.00000 760.00000 500.00000 -1373.00000 760.00000 500.00000 -1373.00000 810.00000
3 0x2F1E6D0 700.00000 -1360.00000 760.00000 700.00000 -1373.00000 810.00000 700.00000 -1373.00000 760.00000
3 0x2F1E6D0 700.00000 -1360.00000 760.00000 700.00000 -1360.00000 810.00000 700.00000 -1373.00000 810.00000
3 0x2B47152 170.00000 -1655.00000 170.00000 720.00000 -1795.00000 480.00000 1030.00000 -1655.00000 170.00000
3 0x2B47152 170.00000 -1655.00000 170.00000 480.00000 -1795.00000 480.00000 720.00000 -1795.00000 480.00000
3 0x2B47152 1030.00000 -1655.00000 170.00000 720.00000 -1795.00000 480.00000 1030.00000 -1655.00000 790.00000
3 0x2B47152 1030.00000 -1655.00000 790.00000 480.00000 -1795.00000 480.00000 170.00000 -1655.00000 790.00000
3 0x2B47152 1030.00000 -1655.00000 790.00000 720.00000 -1795.00000 480.00000 480.00000 -1795.00000 480.00000
3 0x2B47152 170.00000 -1655.00000 790.00000 480.00000 -1795.00000 480.00000 170.00000 -1655.00000 170.00000
3 0x2E4D7BD 1000.00000 -800.00000 240.00000 1320.00000 -800.00000 264.00000 1320.00000 -800.00000 240.00000
3 0x2E4D7BD 1000.00000 -800.00000 240.00000 1000.00000 -800.00000 264.00000 1320.00000 -800.00000 264.00000
3 0x2E4D7BD 1000.00000 -1440.00000 240.00000 1320.00000 -1440.00000 264.00000 1000.00000 -1440.00000 264.00000
3 0x2E4D7BD 1000.00000 -1440.00000 240.00000 1320.00000 -1440.00000 240.00000 1320.00000 -1440.00000 264.00000
3 0x2E4D7BD 1000.00000 -800.00000 240.00000 1320.00000 -1440.00000 240.00000 1000.00000 -1440.00000 240.00000
3 0x2E4D7BD 1000.00000 -800.00000 240.00000 1320.00000 -800.00000 240.00000 1320.00000 -1440.00000 240.00000
3 0x2E4D7BD 1000.00000 -800.00000 264.00000 1320.00000 -1440.00000 264.00000 1320.00000 -800.00000 264.00000
3 0x2E4D7BD 1000.00000 -800.00000 264.00000 1000.00000 -1440.00000 264.00000 1320.00000 -1440.00000 264.00000
3 0x2E4D7BD 1000.00000 -800.00000 240.00000 1000.00000 -1440.00000 264.00000 1000.00000 -800.00000 264.00000
3 0x2E4D7BD 1000.00000 -800.00000 240.00000 1000.00000 -1440.00000 240.00000 1000.00000 -1440.00000 264.00000
3 0x2E4D7BD 1320.00000 -800.00000 240.00000 1320.00000 -1440.00000 264.00000 1320.00000 -1440.00000 240.00000
3 0x2E4D7BD 1320.00000 -800.00000 240.00000 1320.00000 -800.00000 264.00000 1320.00000 -1440.00000 264.00000
3 0x2E4D7BD 1000.00000 -800.00000 264.00000 1024.00000 -800.00000 320.00000 1024.00000 -800.00000 264.00000
3 0x2E4D7BD 1000.00000 -800.00000 264.00000 1000.00000 -800.00000 320.00000 1024.00000 -800.00000 320.00000
3 0x2E4D7BD 1000.00000 -848.00000 264.00000 1024.00000 -848.00000 320.00000 1000.00000 -848.00000 320.00000
3 0x2E4D7BD 1000.00000 -848.00000 264.00000 1024.00000 -848.00000 264.00000 1024.00000 -848.00000 320.00000
3 0x2E4D7BD 1000.00000 -800.00000 264.00000 1024.00000 -848.00000 264.00000 1000.00000 -848.00000 264.00000
3 0x2E4D7BD 1000.00000 -800.00000 264.00000 1024.00000 -800.00000 264.00000 1024.00000 -848.00000 264.00000
3 0x2E4D7BD 1000.00000 -800.00000 320.00000 1024.00000 -848.00000 320.00000 1024.00000 -800.00000 320.00000
3 0x2E4D7BD 1000.00000 -800.00000 320.00000 1000.00000 -848.00000 320.00000 1024.00000 -848.00000 320.00000
3 0x2E4D7BD 1000.00000 -800.00000 264.00000 1000.00000 -848.00000 320.00000 1000.00000 -800.00000 320.00000
3 0x2E4D7BD 1000.00000 -800.00000 264.00000 1000.00000 -848.00000 264.00000 1000.00000 -848.00000 320.00000
3 0x2E4D7BD 1024.00000 -800.00000 264.00000 1024.00000 -848.00000 320.00000 1024.00000 -848.00000 264.00000
3 0x2E4D7BD 1024.00000 -800.00000 264.00000 1024.00000 -800.00000 320.00000 1024.00000 -848.00000 320.00000
3 0x2E4D7BD 1000.00000 -848.00000 264.00000 1024.00000 -848.00000 320.00000 1024.00000 -848.00000 264.00000
3 0x2E4D7BD 1000.00000 -848.00000 264.00000 1000.00000 -848.00000 320.00000 1024.00000 -848.00000 320.00000
3 0x2E4D7BD 1000.00000 -1078.00000 264.00000 1024.00000 -1078.00000 320.00000 1000.00000 -1078.00000 320.00000
3 0x2E4D7BD 1000.00000 -1078.00000 264.00000 1024.00000 -1078.00000 264.00000 1024.00000 -1078.00000 320.00000
3 0x2E4D7BD 1000.00000 -848.00000 264.00000 1024.00000 -1078.00000 264.00000 1000.00000 -1078.00000 264.00000
3 0x2E4D7BD 1000.00000 -848.00000 264.00000 1024.00000 -848.00000 264.00000 1024.00000 -1078.00000 264.00000
3 0x2E4D7BD 1000.00000 -848.00000 320.00000 1024.00000 -1078.00000 320.00000 1024.00000 -848.00000 320.00000
3 0x2E4D7BD 1000.00000 -848.00000 320.00000 1000.00000 -1078.00000 320.00000 1024.00000 -1078.00000 320.00000
3 0x2E4D7BD 1000.00000 -848.00000 264.00000 1000.00000 -1078.00000 320.00000 1000.00000 -848.00000 320.00000
3 0x2E4D7BD 1000.00000 -848.00000 264.00000 1000.00000 -1078.00000 264.00000 1000.00000 -1078.00000 320.00000
3 0x2E4D7BD 1024.00000 -848.00000 264.00000 1024.00000 -1078.00000 320.00000 1024.00000 -1078.00000 264.00000
3 0x2E4D7BD 1024.00000 -848.00000 264.00000 1024.00000 -848.00000 320.00000 1024.00000 -1078.00000 320.00000
3 0x2E4D7BD 1000.00000 -1078.00000 264.00000 1024.00000 -1078.00000 320.00000 1024.00000 -1078.00000 264.00000
3 0x2E4D7BD 1000.00000 -1078.00000 264.00000 1000.00000 -1078.00000 320.00000 1024.00000 -1078.00000 320.00000
3 0x2E4D7BD 1000.00000 -1168.00000 264.00000 1024.00000 -1168.00000 320.00000 1000.00000 -1168.00000 320.00000
3 0x2E4D7BD 1000.00000 -1168.00000 264.00000 1024.00000 -1168.00000 264.00000 1024.00000 -1168.00000 320.00000
3 0x2E4D7BD 1000.00000 -1078.00000 264.00000 1024.00000 -1168.00000 264.00000 1000.00000 -1168.00000 264.00000
3 0x2E4D7BD 1000.00000 -1078.00000 264.00000 1024.00000 -1078.00000 264.00000 1024.00000 -1168.00000 264.00000
3 0x2E4D7BD 1000.00000 -1078.00000 320.00000 1024.00000 -1168.00000 320.00000 1024.00000 -1078.00000 320.00000
3 0x2E4D7BD 1000.00000 -1078.00000 320.00000 1000.00000 -1168.00000 320.00000 1024.00000 -1168.00000 320.00000
3 0x2E4D7BD 1000.00000 -1078.00000 264.00000 1000.00000 -1168.00000 320.00000 1000.00000 -1078.00000 320.00000
3 0x2E4D7BD 1000.00000 -1078.00000 264.00000 1000.00000 -1168.00000 264.00000 1000.00000 -1168.00000 320.00000
3 0x2E4D7BD 1024.00000 -1078.00000 264.00000 1024.00000 -1168.00000 320.00000 1024.00000 -1168.00000 264.00000
3 0x2E4D7BD 1024.00000 -1078.00000 264.00000 1024.00000 -1078.00000 320.00000 1024.00000 -1168.00000 320.00000
3 0x2E4D7BD 1000.00000 -1168.00000 264.00000 1024.00000 -1168.00000 320.00000 1024.00000 -1168.00000 264.00000
3 0x2E4D7BD 1000.00000 -1168.00000 264.00000 1000.00000 -1168.00000 320.00000 1024.00000 -1168.00000 320.00000
3 0x2E4D7BD 1000.00000 -1398.00000 264.00000 1024.00000 -1398.00000 320.00000 1000.00000 -1398.00000 320.00000
3 0x2E4D7BD 1000.00000 -1398.00000 264.00000 1024.00000 -1398.00000 264.00000 1024.00000 -1398.00000 320.00000
3 0x2E4D7BD 1000.00000 -1168.00000 264.00000 1024.00000 -1398.00000 264.00000 1000.00000 -1398.00000 264.00000
3 0x2E4D7BD 1000.00000 -1168.00000 264.00000 1024.00000 -1168.00000 264.00000 1024.00000 -1398.00000 264.00000
3 0x2E4D7BD 1000.00000 -1168.00000 320.00000 1024.00000 -1398.00000 320.00000 1024.00000 -1168.00000 320.00000
3 0x2E4D7BD 1000.00000 -1168.00000 320.00000 1000.00000 -1398.00000 320.00000 1024.00000 -1398.00000 320.00000
3 0x2E4D7BD 1000.00000 -1168.00000 264.00000 1000.00000 -1398.00000 320.00000 1000.00000 -1168.00000 320.00000
3 0x2E4D7BD 1000.00000 -1168.00000 264.00000 1000.00000 -1398.00000 264.00000 1000.00000 -1398.00000 320.00000
3 0x2E4D7BD 1024.00000 -1168.00000 264.00000 1024.00000 -1398.00000 320.00000 1024.00000 -1398.00000 264.00000
3 0x2E4D7BD 1024.00000 -1168.00000 264.00000 1024.00000 -1168.00000 320.00000 1024.00000 -1398.00000 320.00000
3 0x2E4D7BD 1000.00000 -1398.00000 264.00000 1024.00000 -1398.00000 320.00000 1024.00000 -1398.00000 264.00000
3 0x2E4D7BD 1000.00000 -1398.00000 264.00000 1000.00000 -1398.00000 320.00000 1024.00000 -1398.00000 320.00000
3 0x2E4D7BD 1000.00000 -1440.00000 264.00000 1024.00000 -1440.00000 320.00000 1000.00000 -1440.00000 320.00000
3 0x2E4D7BD 1000.00000 -1440.00000 264.00000 1024.00000 -1440.00000 264.00000 1024.00000 -1440.00000 320.00000
3 0x2E4D7BD 1000.00000 -1398.00000 264.00000 1024.00000 -1440.00000 264.00000 1000.00000 -1440.00000 264.00000
3 0x2E4D7BD 1000.00000 -1398.00000 264.00000 1024.00000 -1398.00000 264.00000 1024.00000 -1440.00000 264.00000
3 0x2E4D7BD 1000.00000 -1398.00000 320.00000 1024.00000 -1440.00000 320.00000 1024.00000 -1398.00000 320.00000
3 0x2E4D7BD 1000.00000 -1398.00000 320.00000 1000.00000 -1440.00000 320.00000 1024.00000 -1440.00000 320.00000
3 0x2E4D7BD 1000.00000 -1398.00000 264.00000 1000.00000 -1440.00000 320.00000 1000.00000 -1398.00000 320.00000
3 0x2E4D7BD 1000.00000 -1398.00000 264.00000 1000.00000 -1440.00000 264.00000 1000.00000 -1440.00000 320.00000
3 0x2E4D7BD 1024.00000 -1398.00000 264.00000 1024.00000 -1440.00000 320.00000 1024.00000 -1440.00000 264.00000
3 0x2E4D7BD 1024.00000 -1398.00000 264.00000 1024.00000 -1398.00000 320.00000 1024.00000 -1440.00000 320.00000
3 0x2E4D7BD 1000.00000 -800.00000 320.00000 1024.00000 -800.00000 430.00000 1024.00000 -800.00000 320.00000
3 0x2E4D7BD 1000.00000 -800.00000 320.00000 1000.00000 -800.00000 430.00000 1024.00000 -800.00000 430.00000
3 0x2E4D7BD 1000.00000 -848.00000 320.00000 1024.00000 -848.00000 430.00000 1000.00000 -848.00000 430.00000
3 0x2E4D7BD 1000.00000 -848.00000 320.00000 1024.00000 -848.00000 320.00000 1024.00000 -848.00000 430.00000
3 0x2E4D7BD 1000.00000 -800.00000 320.00000 1024.00000 -848.00000 320.00000 1000.00000 -848.00000 320.00000
3 0x2E4D7BD 1000.00000 -800.00000 320.00000 1024.00000 -800.00000 320.00000 1024.00000 -848.00000 320.00000
3 0x2E4D7BD 1000.00000 -800.00000 430.00000 1024.00000 -848.00000 430.00000 1024.00000 -800.00000 430.00000
3 0x2E4D7BD 1000.00000 -800.00000 430.00000 1000.00000 -848.00000 430.00000 1024.00000 -848.00000 430.00000
3 0x2E4D7BD 1000.00000 -800.00000 320.00000 1000.00000 -848.00000 430.00000 1000.00000 -800.00000 430.00000
3 0x2E4D7BD 1000.00000 -800.00000 320.00000 1000.00000 -848.00000 320.00000 1000.00000 -848.00000 430.00000
3 0x2E4D7BD 1024.00000 -800.00000 320.00000 1024.00000 -848.00000 430.00000 1024.00000 -848.00000 320.00000
3 0x2E4D7BD 1024.00000 -800.00000 320.00000 1024.00000 -800.00000 430.00000 1024.00000 -848.00000 430.00000
3 0x2E4D7BD 1000.00000 -1078.00000 320.00000 1024.00000 -1078.00000 430.00000 1024.00000 -1078.00000 320.00000
3 0x2E4D7BD 1000.00000 -1078.00000 320.00000 1000.00000 -1078.00000 430.00000 1024.00000 -1078.00000 430.00000
3 0x2E4D7BD 1000.00000 -1168.00000 320.00000 1024.00000 -1168.00000 430.00000 1000.00000 -1168.00000 430.00000
3 0x2E4D7BD 1000.00000 -1168.00000 320.00000 1024.00000 -1168.00000 320.00000 1024.00000 -1168.00000 430.00000
3 0x2E4D7BD 1000.00000 -1078.00000 320.00000 1024.00000 -1168.00000 320.00000 1000.00000 -1168.00000 320.00000
3 0x2E4D7BD 1000.00000 -1078.00000 320.00000 1024.00000 -1078.00000 320.00000 1024.00000 -1168.00000 320.00000
3 0x2E4D7BD 1000.00000 -1078.00000 430.00000 1024.00000 -1168.00000 430.00000 1024.00000 -1078.00000 430.00000
3 0x2E4D7BD 1000.00000 -1078.00000 430.00000 1000.00000 -1168.00000 430.00000 1024.00000 -1168.00000 430.00000
3 0x2E4D7BD 1000.00000 -1078.00000 320.00000 1000.00000 -1168.00000 430.00000 1000.00000 -1078.00000 430.00000
3 0x2E4D7BD 1000.00000 -1078.00000 320.00000 1000.00000 -1168.00000 320.00000 1000.00000 -1168.00000 430.00000
3 0x2E4D7BD 1024.00000 -1078.00000 320.00000 1024.00000 -1168.00000 430.00000 1024.00000 -1168.00000 320.00000
3 0x2E4D7BD 1024.00000 -1078.00000 320.00000 1024.00000 -1078.00000 430.00000 1024.00000 -1168.00000 430.00000
3 0x2E4D7BD 1000.00000 -1398.00000 320.00000 1024.00000 -1398.00000 430.00000 1024.00000 -1398.00000 320.00000
3 0x2E4D7BD 1000.00000 -1398.00000 320.00000 1000.00000 -1398.00000 430.00000 1024.00000 -1398.00000 430.00000
3 0x2E4D7BD 1000.00000 -1440.00000 320.00000 1024.00000 -1440.00000 430.00000 1000.00000 -1440.00000 430.00000
3 0x2E4D7BD 1000.00000 -1440.00000 320.00000 1024.00000 -1440.00000 320.00000 1024.00000 -1440.00000 430.00000
3 0x2E4D7BD 1000.00000 -1398.00000 320.00000 1024.00000 -1440.00000 320.00000 1000.00000 -1440.00000 320.00000
3 0x2E4D7BD 1000.00000 -1398.00000 320.00000 1024.00000 -1398.00000 320.00000 1024.00000 -1440.00000 320.00000
3 0x2E4D7BD 1000.00000 -1398.00000 430.00000 1024.00000 -1440.00000 430.00000 1024.00000 -1398.00000 430.00000
3 0x2E4D7BD 1000.00000 -1398.00000 430.00000 1000.00000 -1440.00000 430.00000 1024.00000 -1440.00000 430.00000
3 0x2E4D7BD 1000.00000 -1398.00000 320.00000 1000.00000 -1440.00000 430.00000 1000.00000 -1398.00000 430.00000
3 0x2E4D7BD 1000.00000 -1398.00000 320.00000 1000.00000 -1440.00000 320.00000 1000.00000 -1440.00000 430.00000
3 0x2E4D7BD 1024.00000 -1398.00000 320.00000 1024.00000 -1440.00000 430.00000 1024.00000 -1440.00000 320.00000
3 0x2E4D7BD 1024.00000 -1398.00000 320.00000 1024.00000 -1398.00000 430.00000 1024.00000 -1440.00000 430.00000
3 0x2E4D7BD 1000.00000 -800.00000 430.00000 1024.00000 -800.00000 480.00000 1024.00000 -800.00000 430.00000
3 0x2E4D7BD 1000.00000 -800.00000 430.00000 1000.00000 -800.00000 480.00000 1024.00000 -800.00000 480.00000
3 0x2E4D7BD 1000.00000 -848.00000 430.00000 1024.00000 -848.00000 480.00000 1000.00000 -848.00000 480.00000
3 0x2E4D7BD 1000.00000 -848.00000 430.00000 1024.00000 -848.00000 430.00000 1024.00000 -848.00000 480.00000
3 0x2E4D7BD 1000.00000 -800.00000 430.00000 1024.00000 -848.00000 430.00000 1000.00000 -848.00000 430.00000
3 0x2E4D7BD 1000.00000 -800.00000 430.00000 1024.00000 -800.00000 430.00000 1024.00000 -848.00000 430.00000
3 0x2E4D7BD 1000.00000 -800.00000 480.00000 1024.00000 -848.00000 480.00000 1024.00000 -800.00000 480.00000
3 0x2E4D7BD 1000.00000 -800.00000 480.00000 1000.00000 -848.00000 480.00000 1024.00000 -848.00000 480.00000
3 0x2E4D7BD 1000.00000 -800.00000 430.00000 1000.00000 -848.00000 480.00000 1000.00000 -800.00000 480.00000
3 0x2E4D7BD 1000.00000 -800.00000 430.00000 1000.00000 -848.00000 430.00000 1000.00000 -848.00000 480.00000
3 0x2E4D7BD 1024.00000 -800.00000 430.00000 1024.00000 -848.00000 480.00000 1024.00000 -848.00000 430.00000
3 0x2E4D7BD 1024.00000 -800.00000 430.00000 1024.00000 -800.00000 480.00000 1024.00000 -848.00000 480.00000
3 0x2E4D7BD 1000.00000 -848.00000 430.00000 1024.00000 -848.00000 480.00000 1024.00000 -848.00000 430.00000
3 0x2E4D7BD 1000.00000 -848.00000 430.00000 1000.00000 -848.00000 480.00000 1024.00000 -848.00000 480.00000
3 0x2E4D7BD 1000.00000 -1078.00000 430.00000 1024.00000 -1078.00000 480.00000 1000.00000 -1078.00000 480.00000
3 0x2E4D7BD 1000.00000 -1078.00000 430.00000 1024.00000 -1078.00000 430.00000 1024.00000 -1078.00000 480.00000
3 0x2E4D7BD 1000.00000 -848.00000 430.00000 1024.00000 -1078.00000 430.00000 1000.00000 -1078.00000 430.00000
3 0x2E4D7BD 1000.00000 -848.00000 430.00000 1024.00000 -848.00000 430.00000 1024.00000 -1078.00000 430.00000
3 0x2E4D7BD 1000.00000 -848.00000 480.00000 1024.00000 -1078.00000 480.00000 1024.00000 -848.00000 480.00000
3 0x2E4D7BD 1000.00000 -848.00000 480.00000 1000.00000 -1078.00000 480.00000 1024.00000 -1078.00000 480.00000
3 0x2E4D7BD 1000.00000 -848.00000 430.00000 1000.00000 -1078.00000 480.00000 1000.00000 -848.00000 480.00000
3 0x2E4D7BD 1000.00000 -848.00000 430.00000 1000.00000 -1078.00000 430.00000 1000.00000 -1078.00000 480.00000
3 0x2E4D7BD 1024.00000 -848.00000 430.00000 1024.00000 -1078.00000 480.00000 1024.00000 -1078.00000 430.00000
3 0x2E4D7BD 1024.00000 -848.00000 430.00000 1024.00000 -848.00000 480.00000 1024.00000 -1078.00000 480.00000
3 0x2E4D7BD 1000.00000 -1078.00000 430.00000 1024.00000 -1078.00000 480.00000 1024.00000 -1078.00000 430.00000
3 0x2E4D7BD 1000.00000 -1078.00000 430.00000 1000.00000 -1078.00000 480.00000 1024.00000 -1078.00000 480.00000
3 0x2E4D7BD 1000.00000 -1168.00000 430.00000 1024.00000 -1168.00000 480.00000 1000.00000 -1168.00000 480.00000
3 0x2E4D7BD 1000.00000 -1168.00000 430.00000 1024.00000 -1168.00000 430.00000 1024.00000 -1168.00000 480.00000
3 0x2E4D7BD 1000.00000 -1078.00000 430.00000 1024.00000 -1168.00000 430.00000 1000.00000 -1168.00000 430.00000
3 0x2E4D7BD 1000.00000 -1078.00000 430.00000 1024.00000 -1078.00000 430.00000 1024.00000 -1168.00000 430.00000
3 0x2E4D7BD 1000.00000 -1078.00000 480.00000 1024.00000 -1168.00000 480.00000 1024.00000 -1078.00000 480.00000
3 0x2E4D7BD 1000.00000 -1078.00000 480.00000 1000.00000 -1168.00000 480.00000 1024.00000 -1168.00000 480.00000
3 0x2E4D7BD 1000.00000 -1078.00000 430.00000 1000.00000 -1168.00000 480.00000 1000.00000 -1078.00000 480.00000
3 0x2E4D7BD 1000.00000 -1078.00000 430.00000 1000.00000 -1168.00000 430.00000 1000.00000 -1168.00000 480.00000
3 0x2E4D7BD 1024.00000 -1078.00000 430.00000 1024.00000 -1168.00000 480.00000 1024.00000 -1168.00000 430.00000
3 0x2E4D7BD 1024.00000 -1078.00000 430.00000 1024.00000 -1078.00000 480.00000 1024.00000 -1168.00000 480.00000
3 0x2E4D7BD 1000.00000 -1168.00000 430.00000 1024.00000 -1168.00000 480.00000 1024.00000 -1168.00000 430.00000
3 0x2E4D7BD 1000.00000 -1168.00000 430.00000 1000.00000 -1168.00000 480.00000 1024.00000 -1168.00000 480.00000
3 0x2E4D7BD 1000.00000 -1398.00000 430.00000 1024.00000 -1398.00000 480.00000 1000.00000 -1398.00000 480.00000
3 0x2E4D7BD 1000.00000 -1398.00000 430.00000 1024.00000 -1398.00000 430.00000 1024.00000 -1398.00000 480.00000
3 0x2E4D7BD 1000.00000 -1168.00000 430.00000 1024.00000 -1398.00000 430.00000 1000.00000 -1398.00000 430.00000
3 0x2E4D7BD 1000.00000 -1168.00000 430.00000 1024.00000 -1168.00000 430.00000 1024.00000 -1398.00000 430.00000
3 0x2E4D7BD 1000.00000 -1168.00000 480.00000 1024.00000 -1398.00000 480.00000 1024.00000 -1168.00000 480.00000
3 0x2E4D7BD 1000.00000 -1168.00000 480.00000 1000.00000 -1398.00000 480.00000 1024.00000 -1398.00000 480.00000
3 0x2E4D7BD 1000.00000 -1168.00000 430.00000 1000.00000 -1398.00000 480.00000 1000.00000 -1168.00000 480.00000
3 0x2E4D7BD 1000.00000 -1168.00000 430.00000 1000.00000 -1398.00000 430.00000 1000.00000 -1398.00000 480.00000
3 0x2E4D7BD 1024.00000 -1168.00000 430.00000 1024.00000 -1398.00000 480.00000 1024.00000 -1398.00000 430.00000
3 0x2E4D7BD 1024.00000 -1168.00000 430.00000 1024.00000 -1168.00000 480.00000 1024.00000 -1398.00000 480.00000
3 0x2E4D7BD 1000.00000 -1398.00000 430.00000 1024.00000 -1398.00000 480.00000 1024.00000 -1398.00000 430.00000
3 0x2E4D7BD 1000.00000 -1398.00000 430.00000 1000.00000 -1398.00000 480.00000 1024.00000 -1398.00000 480.00000
3 0x2E4D7BD 1000.00000 -1440.00000 430.00000 1024.00000 -1440.00000 480.00000 1000.00000 -1440.00000 480.00000
3 0x2E4D7BD 1000.00000 -1440.00000 430.00000 1024.00000 -1440.00000 430.00000 1024.00000 -1440.00000 480.00000
3 0x2E4D7BD 1000.00000 -1398.00000 430.00000 1024.00000 -1440.00000 430.00000 1000.00000 -1440.00000 430.00000
3 0x2E4D7BD 1000.00000 -1398.00000 430.00000 1024.00000 -1398.00000 430.00000 1024.00000 -1440.00000 430.00000
3 0x2E4D7BD 1000.00000 -1398.00000 480.00000 1024.00000 -1440.00000 480.00000 1024.00000 -1398.00000 480.00000
3 0x2E4D7BD 1000.00000 -1398.00000 480.00000 1000.00000 -1440.00000 480.00000 1024.00000 -1440.00000 480.00000
3 0x2E4D7BD 1000.00000 -1398.00000 430.00000 1000.00000 -1440.00000 480.00000 1000.00000 -1398.00000 480.00000
3 0x2E4D7BD 1000.00000 -1398.00000 430.00000 1000.00000 -1440.00000 430.00000 1000.00000 -1440.00000 480.00000
3 0x2E4D7BD 1024.00000 -1398.00000 430.00000 1024.00000 -1440.00000 480.00000 1024.00000 -1440.00000 430.00000
3 0x2E4D7BD 1024.00000 -1398.00000 430.00000 1024.00000 -1398.00000 480.00000 1024.00000 -1440.00000 480.00000
3 0x2E4D7BD 1000.00000 -800.00000 480.00000 1024.00000 -800.00000 590.00000 1024.00000 -800.00000 480.00000
3 0x2E4D7BD 1000.00000 -800.00000 480.00000 1000.00000 -800.00000 590.00000 1024.00000 -800.00000 590.00000
3 0x2E4D7BD 1000.00000 -848.00000 480.00000 1024.00000 -848.00000 590.00000 1000.00000 -848.00000 590.00000
3 0x2E4D7BD 1000.00000 -848.00000 480.00000 1024.00000 -848.00000 480.00000 1024.00000 -848.00000 590.00000
3 0x2E4D7BD 1000.00000 -800.00000 480.00000 1024.00000 -848.00000 480.00000 1000.00000 -848.00000 480.00000
3 0x2E4D7BD 1000.00000 -800.00000 480.00000 1024.00000 -800.00000 480.00000 1024.00000 -848.00000 480.00000
3 0x2E4D7BD 1000.00000 -800.00000 590.00000 1024.00000 -848.00000 590.00000 1024.00000 -800.00000 590.00000
3 0x2E4D7BD 1000.00000 -800.00000 590.00000 1000.00000 -848.00000 590.00000 1024.00000 -848.00000 590.00000
3 0x2E4D7BD 1000.00000 -800.00000 480.00000 1000.00000 -848.00000 590.00000 1000.00000 -800.00000 590.00000
3 0x2E4D7BD 1000.00000 -800.00000 480.00000 1000.00000 -848.00000 480.00000 1000.00000 -848.00000 590.00000
3 0x2E4D7BD 1024.00000 -800.00000 480.00000 1024.00000 -848.00000 590.00000 1024.00000 -848.00000 480.00000
3 0x2E4D7BD 1024.00000 -800.00000 480.00000 1024.00000 -800.00000 590.00000 1024.00000 -848.00000 590.00000
3 0x2E4D7BD 1000.00000 -1078.00000 480.00000 1024.00000 -1078.00000 590.00000 1024.00000 -1078.00000 480.00000
3 0x2E4D7BD 1000.00000 -1078.00000 480.00000 1000.00000 -1078.00000 590.00000 1024.00000 -1078.00000 590.00000
3 0x2E4D7BD 1000.00000 -1168.00000 480.00000 1024.00000 -1168.00000 590.00000 1000.00000 -1168.00000 590.00000
3 0x2E4D7BD 1000.00000 -1168.00000 480.00000 1024.00000 -1168.00000 480.00000 1024.00000 -1168.00000 590.00000
3 0x2E4D7BD 1000.00000 -1078.00000 480.00000 1024.00000 -1168.00000 480.00000 1000.00000 -1168.00000 480.00000
3 0x2E4D7BD 1000.00000 -1078.00000 480.00000 1024.00000 -1078.00000 480.00000 1024.00000 -1168.00000 480.00000
3 0x2E4D7BD 1000.00000 -1078.00000 590.00000 1024.00000 -1168.00000 590.00000 1024.00000 -1078.00000 590.00000
3 0x2E4D7BD 1000.00000 -1078.00000 590.00000 1000.00000 -1168.00000 590.00000 1024.00000 -1168.00000 590.00000
3 0x2E4D7BD 1000.00000 -1078.00000 480.00000 1000.00000 -1168.00000 590.00000 1000.00000 -1078.00000 590.00000
3 0x2E4D7BD 1000.00000 -1078.00000 480.00000 1000.00000 -1168.00000 480.00000 1000.00000 -1168.00000 590.00000
3 0x2E4D7BD 1024.00000 -1078.00000 480.00000 1024.00000 -1168.00000 590.00000 1024.00000 -1168.00000 480.00000
3 0x2E4D7BD 1024.00000 -1078.00000 480.00000 1024.00000 -1078.00000 590.00000 1024.00000 -1168.00000 590.00000
3 0x2E4D7BD 1000.00000 -1398.00000 480.00000 1024.00000 -1398.00000 590.00000 1024.00000 -1398.00000 480.00000
3 0x2E4D7BD 1000.00000 -1398.00000 480.00000 1000.00000 -1398.00000 590.00000 1024.00000 -1398.00000 590.00000
3 0x2E4D7BD 1000.00000 -1440.00000 480.00000 1024.00000 -1440.00000 590.00000 1000.00000 -1440.00000 590.00000
3 0x2E4D7BD 1000.00000 -1440.00000 480.00000 1024.00000 -1440.00000 480.00000 1024.00000 -1440.00000 590.00000
3 0x2E4D7BD 1000.00000 -1398.00000 480.00000 1024.00000 -1440.00000 480.00000 1000.00000 -1440.00000 480.00000
3 0x2E4D7BD 1000.00000 -1398.00000 480.00000 1024.00000 -1398.00000 480.00000 1024.00000 -1440.00000 480.00000
3 0x2E4D7BD 1000.00000 -1398.00000 590.00000 1024.00000 -1440.00000 590.00000 1024.00000 -1398.00000 590.00000
3 0x2E4D7BD 1000.00000 -1398.00000 590.00000 1000.00000 -1440.00000 590.00000 1024.00000 -1440.00000 590.00000
3 0x2E4D7BD 1000.00000 -1398.00000 480.00000 1000.00000 -1440.00000 590.00000 1000.00000 -1398.00000 590.00000
3 0x2E4D7BD 1000.00000 -1398.00000 480.00000 1000.00000 -1440.00000 480.00000 1000.00000 -1440.00000 590.00000
3 0x2E4D7BD 1024.00000 -1398.00000 480.00000 1024.00000 -1440.00000 590.00000 1024.00000 -1440.00000 480.00000
3 0x2E4D7BD 1024.00000 -1398.00000 480.00000 1024.00000 -1398.00000 590.00000 1024.00000 -1440.00000 590.00000
3 0x2E4D7BD 1000.00000 -800.00000 590.00000 1024.00000 -800.00000 680.00000 1024.00000 -800.00000 590.00000
3 0x2E4D7BD 1000.00000 -800.00000 590.00000 1000.00000 -800.00000 680.00000 1024.00000 -800.00000 680.00000
3 0x2E4D7BD 1000.00000 -848.00000 590.00000 1024.00000 -848.00000 680.00000 1000.00000 -848.00000 680.00000
3 0x2E4D7BD 1000.00000 -848.00000 590.00000 1024.00000 -848.00000 590.00000 1024.00000 -848.00000 680.00000
3 0x2E4D7BD 1000.00000 -800.00000 590.00000 1024.00000 -848.00000 590.00000 1000.00000 -848.00000 590.00000
3 0x2E4D7BD 1000.00000 -800.00000 590.00000 1024.00000 -800.00000 590.00000 1024.00000 -848.00000 590.00000
3 0x2E4D7BD 1000.00000 -800.00000 680.00000 1024.00000 -848.00000 680.00000 1024.00000 -800.00000 680.00000
3 0x2E4D7BD 1000.00000 -800.00000 680.00000 1000.00000 -848.00000 680.00000 1024.00000 -848.00000 680.00000
3 0x2E4D7BD 1000.00000 -800.00000 590.00000 1000.00000 -848.00000 680.00000 1000.00000 -800.00000 680.00000
3 0x2E4D7BD 1000.00000 -800.00000 590.00000 1000.00000 -848.00000 590.00000 1000.00000 -848.00000 680.00000
3 0x2E4D7BD 1024.00000 -800.00000 590.00000 1024.00000 -848.00000 680.00000 1024.00000 -848.00000 590.00000
3 0x2E4D7BD 1024.00000 -800.00000 590.00000 1024.00000 -800.00000 680.00000 1024.00000 -848.00000 680.00000
3 0x2E4D7BD 1000.00000 -848.00000 590.00000 1024.00000 -848.00000 680.00000 1024.00000 -848.00000 590.00000
3 0x2E4D7BD 1000.00000 -848.00000 590.00000 1000.00000 -848.00000 680.00000 1024.00000 -848.00000 680.00000
3 0x2E4D7BD 1000.00000 -1078.00000 590.00000 1024.00000 -1078.00000 680.00000 1000.00000 -1078.00000 680.00000
3 0x2E4D7BD 1000.00000 -1078.00000 590.00000 1024.00000 -1078.00000 590.00000 1024.00000 -1078.00000 680.00000
3 0x2E4D7BD 1000.00000 -848.00000 590.00000 1024.00000 -1078.00000 590.00000 1000.00000 -1078.00000 590.00000
3 0x2E4D7BD 1000.00000 -848.00000 590.00000 1024.00000 -848.00000 590.00000 1024.00000 -1078.00000 590.00000
3 0x2E4D7BD 1000.00000 -848.00000 680.00000 1024.00000 -1078.00000 680.00000 1024.00000 -848.00000 680.00000
3 0x2E4D7BD 1000.00000 -848.00000 680.00000 1000.00000 -1078.00000 680.00000 1024.00000 -1078.00000 680.00000
3 0x2E4D7BD 1000.00000 -848.00000 590.00000 1000.00000 -1078.00000 680.00000 1000.00000 -848.00000 680.00000
3 0x2E4D7BD 1000.00000 -848.00000 590.00000 1000.00000 -1078.00000 590.00000 1000.00000 -1078.00000 680.00000
3 0x2E4D7BD 1024.00000 -848.00000 590.00000 1024.00000 -1078.00000 680.00000 1024.00000 -1078.00000 590.00000
3 0x2E4D7BD 1024.00000 -848.00000 590.00000 1024.00000 -848.00000 680.00000 1024.00000 -1078.00000 680.00000
3 0x2E4D7BD 1000.00000 -1078.00000 590.00000 1024.00000 -1078.00000 680.00000 1024.00000 -1078.00000 590.00000
3 0x2E4D7BD 1000.00000 -1078.00000 590.00000 1000.00000 -1078.00000 680.00000 1024.00000 -1078.00000 680.00000
3 0x2E4D7BD 1000.00000 -1168.00000 590.00000 1024.00000 -1168.00000 680.00000 1000.00000 -1168.00000 680.00000
3 0x2E4D7BD 1000.00000 -1168.00000 590.00000 1024.00000 -1168.00000 590.00000 1024.00000 -1168.00000 680.00000
3 0x2E4D7BD 1000.00000 -1078.00000 590.00000 1024.00000 -1168.00000 590.00000 1000.00000 -1168.00000 590.00000
3 0x2E4D7BD 1000.00000 -1078.00000 590.00000 1024.00000 -1078.00000 590.00000 1024.00000 -1168.00000 590.00000
3 0x2E4D7BD 1000.00000 -1078.00000 680.00000 1024.00000 -1168.00000 680.00000 1024.00000 -1078.00000 680.00000
3 0x2E4D7BD 1000.00000 -1078.00000 680.00000 1000.00000 -1168.00000 680.00000 1024.00000 -1168.00000 680.00000
3 0x2E4D7BD 1000.00000 -1078.00000 590.00000 1000.00000 -1168.00000 680.00000 1000.00000 -1078.00000 680.00000
3 0x2E4D7BD 1000.00000 -1078.00000 590.00000 1000.00000 -1168.00000 590.00000 1000.00000 -1168.00000 680.00000
3 0x2E4D7BD 1024.00000 -1078.00000 590.00000 1024.00000 -1168.00000 680.00000 1024.00000 -1168.00000 590.00000
3 0x2E4D7BD 1024.00000 -1078.00000 590.00000 1024.00000 -1078.00000 680.00000 1024.00000 -1168.00000 680.00000
3 0x2E4D7BD 1000.00000 -1168.00000 590.00000 1024.00000 -1168.00000 680.00000 1024.00000 -1168.00000 590.00000
3 0x2E4D7BD 1000.00000 -1168.00000 590.00000 1000.00000 -1168.00000 680.00000 1024.00000 -1168.00000 680.00000
3 0x2E4D7BD 1000.00000 -1398.00000 590.00000 1024.00000 -1398.00000 680.00000 1000.00000 -1398.00000 680.00000
3 0x2E4D7BD 1000.00000 -1398.00000 590.00000 1024.00000 -1398.00000 590.00000 1024.00000 -1398.00000 680.00000
3 0x2E4D7BD 1000.00000 -1168.00000 590.00000 1024.00000 -1398.00000 590.00000 1000.00000 -1398.00000 590.00000
3 0x2E4D7BD 1000.00000 -1168.00000 590.00000 1024.00000 -1168.00000 590.00000 1024.00000 -1398.00000 590.00000
3 0x2E4D7BD 1000.00000 -1168.00000 680.00000 1024.00000 -1398.00000 680.00000 1024.00000 -1168.00000 680.00000
3 0x2E4D7BD 1000.00000 -1168.00000 680.00000 1000.00000 -1398.00000 680.00000 1024.00000 -1398.00000 680.00000
3 0x2E4D7BD 1000.00000 -1168.00000 590.00000 1000.00000 -1398.00000 680.00000 1000.00000 -1168.00000 680.00000
3 0x2E4D7BD 1000.00000 -1168.00000 590.00000 1000.00000 -1398.00000 590.00000 1000.00000 -1398.00000 680.00000
3 0x2E4D7BD 1024.00000 -1168.00000 590.00000 1024.00000 -1398.00000 680.00000 1024.00000 -1398.00000 590.00000
3 0x2E4D7BD 1024.00000 -1168.00000 590.00000 1024.00000 -1168.00000 680.00000 1024.00000 -1398.00000 680.00000
3 0x2E4D7BD 1000.00000 -1398.00000 590.00000 1024.00000 -1398.00000 680.00000 1024.00000 -1398.00000 590.00000
3 0x2E4D7BD 1000.00000 -1398.00000 590.00000 1000.00000 -1398.00000 680.00000 1024.00000 -1398.00000 680.00000
3 0x2E4D7BD 1000.00000 -1440.00000 590.00000 1024.00000 -1440.00000 680.00000 1000.00000 -1440.00000 680.00000
3 0x2E4D7BD 1000.00000 -1440.00000 590.00000 1024.00000 -1440.00000 590.00000 1024.00000 -1440.00000 680.00000
3 0x2E4D7BD 1000.00000 -1398.00000 590.00000 1024.00000 -1440.00000 590.00000 1000.00000 -1440.00000 590.00000
3 0x2E4D7BD 1000.00000 -1398.00000 590.00000 1024.00000 -1398.00000 590.00000 1024.00000 -1440.00000 590.00000
3 0x2E4D7BD 1000.00000 -1398.00000 680.00000 1024.00000 -1440.00000 680.00000 1024.00000 -1398.00000 680.00000
3 0x2E4D7BD 1000.00000 -1398.00000 680.00000 1000.00000 -1440.00000 680.00000 1024.00000 -1440.00000 680.00000
3 0x2E4D7BD 1000.00000 -1398.00000 590.00000 1000.00000 -1440.00000 680.00000 1000.00000 -1398.00000 680.00000
3 0x2E4D7BD 1000.00000 -1398.00000 590.00000 1000.00000 -1440.00000 590.00000 1000.00000 -1440.00000 680.00000
3 0x2E4D7BD 1024.00000 -1398.00000 590.00000 1024.00000 -1440.00000 680.00000 1024.00000 -1440.00000 590.00000
3 0x2E4D7BD 1024.00000 -1398.00000 590.00000 1024.00000 -1398.00000 680.00000 1024.00000 -1440.00000 680.00000
3 0x2E4D7BD 1296.00000 -800.00000 264.00000 1320.00000 -800.00000 680.00000 1320.00000 -800.00000 264.00000
3 0x2E4D7BD 1296.00000 -800.00000 264.00000 1296.00000 -800.00000 680.00000 1320.00000 -800.00000 680.00000
3 0x2E4D7BD 1296.00000 -1440.00000 264.00000 1320.00000 -1440.00000 680.00000 1296.00000 -1440.00000 680.00000
3 0x2E4D7BD 1296.00000 -1440.00000 264.00000 1320.00000 -1440.00000 264.00000 1320.00000 -1440.00000 680.00000
3 0x2E4D7BD 1296.00000 -800.00000 264.00000 1320.00000 -1440.00000 264.00000 1296.00000 -1440.00000 264.00000
3 0x2E4D7BD 1296.00000 -800.00000 264.00000 1320.00000 -800.00000 264.00000 1320.00000 -1440.00000 264.00000
3 0x2E4D7BD 1296.00000 -800.00000 680.00000 1320.00000 -1440.00000 680.00000 1320.00000 -800.00000 680.00000
3 0x2E4D7BD 1296.00000 -800.00000 680.00000 1296.00000 -1440.00000 680.00000 1320.00000 -1440.00000 680.00000
3 0x2E4D7BD 1296.00000 -800.00000 264.00000 1296.00000 -1440.00000 680.00000 1296.00000 -800.00000 680.00000
3 0x2E4D7BD 1296.00000 -800.00000 264.00000 1296.00000 -1440.00000 264.00000 1296.00000 -1440.00000 680.00000
3 0x2E4D7BD 1320.00000 -800.00000 264.00000 1320.00000 -1440.00000 680.00000 1320.00000 -1440.00000 264.00000
3 0x2E4D7BD 1320.00000 -800.00000 264.00000 1320.00000 -800.00000 680.00000 1320.00000 -1440.00000 680.00000
3 0x2CEC2A9 1000.00000 -800.00000 240.00000 1320.00000 -800.00000 680.00000 1320.00000 -800.00000 240.00000
3 0x2CEC2A9 1000.00000 -800.00000 240.00000 1000.00000 -800.00000 680.00000 1320.00000 -800.00000 680.00000
3 0x2CEC2A9 1000.00000 -810.00000 240.00000 1320.00000 -810.00000 680.00000 1000.00000 -810.00000 680.00000
3 0x2CEC2A9 1000.00000 -810.00000 240.00000 1320.00000 -810.00000 240.00000 1320.00000 -810.00000 680.00000
3 0x2CEC2A9 1000.00000 -800.00000 240.00000 1320.00000 -810.00000 240.00000 1000.00000 -810.00000 240.00000
3 0x2CEC2A9 1000.00000 -800.00000 240.00000 1320.00000 -800.00000 240.00000 1320.00000 -810.00000 240.00000
3 0x2CEC2A9 1000.00000 -800.00000 680.00000 1320.00000 -810.00000 680.00000 1320.00000 -800.00000 680.00000
3 0x2CEC2A9 1000.00000 -800.00000 680.00000 1000.00000 -810.00000 680.00000 1320.00000 -810.00000 680.00000
3 0x2CEC2A9 1000.00000 -800.00000 240.00000 1000.00000 -810.00000 680.00000 1000.00000 -800.00000 680.00000
3 0x2CEC2A9 1000.00000 -800.00000 240.00000 1000.00000 -810.00000 240.00000 1000.00000 -810.00000 680.00000
3 0x2CEC2A9 1320.00000 -800.00000 240.00000 1320.00000 -810.00000 680.00000 1320.00000 -810.00000 240.00000
3 0x2CEC2A9 1320.00000 -800.00000 240.00000 1320.00000 -800.00000 680.00000 1320.00000 -810.00000 680.00000
3 0x2CEC2A9 1000.00000 -1120.00000 240.00000 1320.00000 -1120.00000 680.00000 1320.00000 -1120.00000 240.00000
3 0x2CEC2A9 1000.00000 -1120.00000 240.00000 1000.00000 -1120.00000 680.00000 1320.00000 -1120.00000 680.00000
3 0x2CEC2A9 1000.00000 -1130.00000 240.00000 1320.00000 -1130.00000 680.00000 1000.00000 -1130.00000 680.00000
3 0x2CEC2A9 1000.00000 -1130.00000 240.00000 1320.00000 -1130.00000 240.00000 1320.00000 -1130.00000 680.00000
3 0x2CEC2A9 1000.00000 -1120.00000 240.00000 1320.00000 -1130.00000 240.00000 1000.00000 -1130.00000 240.00000
3 0x2CEC2A9 1000.00000 -1120.00000 240.00000 1320.00000 -1120.00000 240.00000 1320.00000 -1130.00000 240.00000
3 0x2CEC2A9 1000.00000 -1120.00000 680.00000 1320.00000 -1130.00000 680.00000 1320.00000 -1120.00000 680.00000
3 0x2CEC2A9 1000.00000 -1120.00000 680.00000 1000.00000 -1130.00000 680.00000 1320.00000 -1130.00000 680.00000
3 0x2CEC2A9 1000.00000 -1120.00000 240.00000 1000.00000 -1130.00000 680.00000 1000.00000 -1120.00000 680.00000
3 0x2CEC2A9 1000.00000 -1120.00000 240.00000 1000.00000 -1130.00000 240.00000 1000.00000 -1130.00000 680.00000
3 0x2CEC2A9 1320.00000 -1120.00000 240.00000 1320.00000 -1130.00000 680.00000 1320.00000 -1130.00000 240.00000
3 0x2CEC2A9 1320.00000 -1120.00000 240.00000 1320.00000 -1120.00000 680.00000 1320.00000 -1130.00000 680.00000
3 0x2F1E6D0 995.00000 -1120.00000 235.00000 1325.00000 -1120.00000 685.00000 1325.00000 -1120.00000 235.00000
3 0x2F1E6D0 995.00000 -1120.00000 235.00000 995.00000 -1120.00000 685.00000 1325.00000 -1120.00000 685.00000
3 0x2F1E6D0 995.00000 -1129.00000 235.00000 1325.00000 -1129.00000 685.00000 995.00000 -1129.00000 685.00000
3 0x2F1E6D0 995.00000 -1129.00000 235.00000 1325.00000 -1129.00000 235.00000 1325.00000 -1129.00000 685.00000
3 0x2F1E6D0 995.00000 -1120.00000 235.00000 1325.00000 -1129.00000 235.00000 995.00000 -1129.00000 235.00000
3 0x2F1E6D0 995.00000 -1120.00000 235.00000 1325.00000 -1120.00000 235.00000 1325.00000 -1129.00000 235.00000
3 0x2F1E6D0 995.00000 -1120.00000 685.00000 1325.00000 -1129.00000 685.00000 1325.00000 -1120.00000 685.00000
3 0x2F1E6D0 995.00000 -1120.00000 685.00000 995.00000 -1129.00000 685.00000 1325.00000 -1129.00000 685.00000
3 0x2F1E6D0 995.00000 -1120.00000 235.00000 995.00000 -1129.00000 685.00000 995.00000 -1120.00000 685.00000
3 0x2F1E6D0 995.00000 -1120.00000 235.00000 995.00000 -1129.00000 235.00000 995.00000 -1129.00000 685.00000
3 0x2F1E6D0 1325.00000 -1120.00000 235.00000 1325.00000 -1129.00000 685.00000 1325.00000 -1129.00000 235.00000
3 0x2F1E6D0 1325.00000 -1120.00000 235.00000 1325.00000 -1120.00000 685.00000 1325.00000 -1129.00000 685.00000
3 0x2E4D7BD 1000.00000 -800.00000 656.00000 1080.00000 -800.00000 680.00000 1080.00000 -800.00000 656.00000
3 0x2E4D7BD 1000.00000 -800.00000 656.00000 1000.00000 -800.00000 680.00000 1080.00000 -800.00000 680.00000
3 0x2E4D7BD 1000.00000 -848.00000 656.00000 1080.00000 -848.00000 680.00000 1000.00000 -848.00000 680.00000
3 0x2E4D7BD 1000.00000 -848.00000 656.00000 1080.00000 -848.00000 656.00000 1080.00000 -848.00000 680.00000
3 0x2E4D7BD 1000.00000 -800.00000 656.00000 1080.00000 -848.00000 656.00000 1000.00000 -848.00000 656.00000
3 0x2E4D7BD 1000.00000 -800.00000 656.00000 1080.00000 -800.00000 656.00000 1080.00000 -848.00000 656.00000
3 0x2E4D7BD 1000.00000 -800.00000 680.00000 1080.00000 -848.00000 680.00000 1080.00000 -800.00000 680.00000
3 0x2E4D7BD 1000.00000 -800.00000 680.00000 1000.00000 -848.00000 680.00000 1080.00000 -848.00000 680.00000
3 0x2E4D7BD 1000.00000 -800.00000 656.00000 1000.00000 -848.00000 680.00000 1000.00000 -800.00000 680.00000
3 0x2E4D7BD 1000.00000 -800.00000 656.00000 1000.00000 -848.00000 656.00000 1000.00000 -848.00000 680.00000
3 0x2E4D7BD 1080.00000 -800.00000 656.00000 1080.00000 -848.00000 680.00000 1080.00000 -848.00000 656.00000
3 0x2E4D7BD 1080.00000 -800.00000 656.00000 1080.00000 -800.00000 680.00000 1080.00000 -848.00000 680.00000
3 0x2E4D7BD 1000.00000 -848.00000 656.00000 1080.00000 -848.00000 680.00000 1080.00000 -848.00000 656.00000
3 0x2E4D7BD 1000.00000 -848.00000 656.00000 1000.00000 -848.00000 680.00000 1080.00000 -848.00000 680.00000
3 0x2E4D7BD 1000.00000 -1078.00000 656.00000 1080.00000 -1078.00000 680.00000 1000.00000 -1078.00000 680.00000
3 0x2E4D7BD 1000.00000 -1078.00000 656.00000 1080.00000 -1078.00000 656.00000 1080.00000 -1078.00000 680.00000
3 0x2E4D7BD 1000.00000 -848.00000 656.00000 1080.00000 -1078.00000 656.00000 1000.00000 -1078.00000 656.00000
3 0x2E4D7BD 1000.00000 -848.00000 656.00000 1080.00000 -848.00000 656.00000 1080.00000 -1078.00000 656.00000
3 0x2E4D7BD 1000.00000 -848.00000 680.00000 1080.00000 -1078.00000 680.00000 1080.00000 -848.00000 680.00000
3 0x2E4D7BD 1000.00000 -848.00000 680.00000 1000.00000 -1078.00000 680.00000 1080.00000 -1078.00000 680.00000
3 0x2E4D7BD 1000.00000 -848.00000 656.00000 1000.00000 -1078.00000 680.00000 1000.00000 -848.00000 680.00000
3 0x2E4D7BD 1000.00000 -848.00000 656.00000 1000.00000 -1078.00000 656.00000 1000.00000 -1078.00000 680.00000
3 0x2E4D7BD 1080.00000 -848.00000 656.00000 1080.00000 -1078.00000 680.00000 1080.00000 -1078.00000 656.00000
3 0x2E4D7BD 1080.00000 -848.00000 656.00000 1080.00000 -848.00000 680.00000 1080.00000 -1078.00000 680.00000
3 0x2E4D7BD 1000.00000 -1078.00000 656.00000 1080.00000 -1078.00000 680.00000 1080.00000 -1078.00000 656.00000
3 0x2E4D7BD 1000.00000 -1078.00000 656.00000 1000.00000 -1078.00000 680.00000 1080.00000 -1078.00000 680.00000
3 0x2E4D7BD 1000.00000 -1168.00000 656.00000 1080.00000 -1168.00000 680.00000 1000.00000 -1168.00000 680.00000
3 0x2E4D7BD 1000.00000 -1168.00000 656.00000 1080.00000 -1168.00000 656.00000 1080.00000 -1168.00000 680.00000
3 0x2E4D7BD 1000.00000 -1078.00000 656.00000 1080.00000 -1168.00000 656.00000 1000.00000 -1168.00000 656.00000
3 0x2E4D7BD 1000.00000 -1078.00000 656.00000 1080.00000 -1078.00000 656.00000 1080.00000 -1168.00000 656.00000
3 0x2E4D7BD 1000.00000 -1078.00000 680.00000 1080.00000 -1168.00000 680.00000 1080.00000 -1078.00000 680.00000
3 0x2E4D7BD 1000.00000 -1078.00000 680.00000 1000.00000 -1168.00000 680.00000 1080.00000 -1168.00000 680.00000
3 0x2E4D7BD 1000.00000 -1078.00000 656.00000 1000.00000 -1168.00000 680.00000 1000.00000 -1078.00000 680.00000
3 0x2E4D7BD 1000.00000 -1078.00000 656.00000 1000.00000 -1168.00000 656.00000 1000.00000 -1168.00000 680.00000
3 0x2E4D7BD 1080.00000 -1078.00000 656.00000 1080.00000 -1168.00000 680.00000 1080.00000 -1168.00000 656.00000
3 0x2E4D7BD 1080.00000 -1078.00000 656.00000 1080.00000 -1078.00000 680.00000 1080.00000 -1168.00000 680.00000
3 0x2E4D7BD 1000.00000 -1168.00000 656.00000 1080.00000 -1168.00000 680.00000 1080.00000 -1168.00000 656.00000
3 0x2E4D7BD 1000.00000 -1168.00000 656.00000 1000.00000 -1168.00000 680.00000 1080.00000 -1168.00000 680.00000
3 0x2E4D7BD 1000.00000 -1398.00000 656.00000 1080.00000 -1398.00000 680.00000 1000.00000 -1398.00000 680.00000
3 0x2E4D7BD 1000.00000 -1398.00000 656.00000 1080.00000 -1398.00000 656.00000 1080.00000 -1398.00000 680.00000
3 0x2E4D7BD 1000.00000 -1168.00000 656.00000 1080.00000 -1398.00000 656.00000 1000.00000 -1398.00000 656.00000
3 0x2E4D7BD 1000.00000 -1168.00000 656.00000 1080.00000 -1168.00000 656.00000 1080.00000 -1398.00000 656.00000
3 0x2E4D7BD 1000.00000 -1168.00000 680.00000 1080.00000 -1398.00000 680.00000 1080.00000 -1168.00000 680.00000
3 0x2E4D7BD 1000.00000 -1168.00000 680.00000 1000.00000 -1398.00000 680.00000 1080.00000 -1398.00000 680.00000
3 0x2E4D7BD 1000.00000 -1168.00000 656.00000 1000.00000 -1398.00000 680.00000 1000.00000 -1168.00000 680.00000
3 0x2E4D7BD 1000.00000 -1168.00000 656.00000 1000.00000 -1398.00000 656.00000 1000.00000 -1398.00000 680.00000
3 0x2E4D7BD 1080.00000 -1168.00000 656.00000 1080.00000 -1398.00000 680.00000 1080.00000 -1398.00000 656.00000
3 0x2E4D7BD 1080.00000 -1168.00000 656.00000 1080.00000 -1168.00000 680.00000 1080.00000 -1398.00000 680.00000
3 0x2E4D7BD 1000.00000 -1398.00000 656.00000 1080.00000 -1398.00000 680.00000 1080.00000 -1398.00000 656.00000
3 0x2E4D7BD 1000.00000 -1398.00000 656.00000 1000.00000 -1398.00000 680.00000 1080.00000 -1398.00000 680.00000
3 0x2E4D7BD 1000.00000 -1440.00000 656.00000 1080.00000 -1440.00000 680.00000 1000.00000 -1440.00000 680.00000
3 0x2E4D7BD 1000.00000 -1440.00000 656.00000 1080.00000 -1440.00000 656.00000 1080.00000 -1440.00000 680.00000
3 0x2E4D7BD 1000.00000 -1398.00000 656.00000 1080.00000 -1440.00000 656.00000 1000.00000 -1440.00000 656.00000
3 0x2E4D7BD 1000.00000 -1398.00000 656.00000 1080.00000 -1398.00000 656.00000 1080.00000 -1440.00000 656.00000
3 0x2E4D7BD 1000.00000 -1398.00000 680.00000 1080.00000 -1440.00000 680.00000 1080.00000 -1398.00000 680.00000
3 0x2E4D7BD 1000.00000 -1398.00000 680.00000 1000.00000 -1440.00000 680.00000 1080.00000 -1440.00000 680.00000
3 0x2E4D7BD 1000.00000 -1398.00000 656.00000 1000.00000 -1440.00000 680.00000 1000.00000 -1398.00000 680.00000
3 0x2E4D7BD 1000.00000 -1398.00000 656.00000 1000.00000 -1440.00000 656.00000 1000.00000 -1440.00000 680.00000
3 0x2E4D7BD 1080.00000 -1398.00000 656.00000 1080.00000 -1440.00000 680.00000 1080.00000 -1440.00000 656.00000
3 0x2E4D7BD 1080.00000 -1398.00000 656.00000 1080.00000 -1398.00000 680.00000 1080.00000 -1440.00000 680.00000
3 0x2E4D7BD 1080.00000 -800.00000 656.00000 1240.00000 -800.00000 680.00000 1240.00000 -800.00000 656.00000
3 0x2E4D7BD 1080.00000 -800.00000 656.00000 1080.00000 -800.00000 680.00000 1240.00000 -800.00000 680.00000
3 0x2E4D7BD 1080.00000 -848.00000 656.00000 1240.00000 -848.00000 680.00000 1080.00000 -848.00000 680.00000
3 0x2E4D7BD 1080.00000 -848.00000 656.00000 1240.00000 -848.00000 656.00000 1240.00000 -848.00000 680.00000
3 0x2E4D7BD 1080.00000 -800.00000 656.00000 1240.00000 -848.00000 656.00000 1080.00000 -848.00000 656.00000
3 0x2E4D7BD 1080.00000 -800.00000 656.00000 1240.00000 -800.00000 656.00000 1240.00000 -848.00000 656.00000
3 0x2E4D7BD 1080.00000 -800.00000 680.00000 1240.00000 -848.00000 680.00000 1240.00000 -800.00000 680.00000
3 0x2E4D7BD 1080.00000 -800.00000 680.00000 1080.00000 -848.00000 680.00000 1240.00000 -848.00000 680.00000
3 0x2E4D7BD 1080.00000 -800.00000 656.00000 1080.00000 -848.00000 680.00000 1080.00000 -800.00000 680.00000
3 0x2E4D7BD 1080.00000 -800.00000 656.00000 1080.00000 -848.00000 656.00000 1080.00000 -848.00000 680.00000
3 0x2E4D7BD 1240.00000 -800.00000 656.00000 1240.00000 -848.00000 680.00000 1240.00000 -848.00000 656.00000
3 0x2E4D7BD 1240.00000 -800.00000 656.00000 1240.00000 -800.00000 680.00000 1240.00000 -848.00000 680.00000
3 0x2E4D7BD 1080.00000 -1078.00000 656.00000 1240.00000 -1078.00000 680.00000 1240.00000 -1078.00000 656.00000
3 0x2E4D7BD 1080.00000 -1078.00000 656.00000 1080.00000 -1078.00000 680.00000 1240.00000 -1078.00000 680.00000
3 0x2E4D7BD 1080.00000 -1168.00000 656.00000 1240.00000 -1168.00000 680.00000 1080.00000 -1168.00000 680.00000
3 0x2E4D7BD 1080.00000 -1168.00000 656.00000 1240.00000 -1168.00000 656.00000 1240.00000 -1168.00000 680.00000
3 0x2E4D7BD 1080.00000 -1078.00000 656.00000 1240.00000 -1168.00000 656.00000 1080.00000 -1168.00000 656.00000
3 0x2E4D7BD 1080.00000 -1078.00000 656.00000 1240.00000 -1078.00000 656.00000 1240.00000 -1168.00000 656.00000
3 0x2E4D7BD 1080.00000 -1078.00000 680.00000 1240.00000 -1168.00000 680.00000 1240.00000 -1078.00000 680.00000
3 0x2E4D7BD 1080.00000 -1078.00000 680.00000 1080.00000 -1168.00000 680.00000 1240.00000 -1168.00000 680.00000
3 0x2E4D7BD 1080.00000 -1078.00000 656.00000 1080.00000 -1168.00000 680.00000 1080.00000 -1078.00000 680.00000
3 0x2E4D7BD 1080.00000 -1078.00000 656.00000 1080.00000 -1168.00000 656.00000 1080.00000 -1168.00000 680.00000
3 0x2E4D7BD 1240.00000 -1078.00000 656.00000 1240.00000 -1168.00000 680.00000 1240.00000 -1168.00000 656.00000
3 0x2E4D7BD 1240.00000 -1078.00000 656.00000 1240.00000 -1078.00000 680.00000 1240.00000 -1168.00000 680.00000
3 0x2E4D7BD 1080.00000 -1398.00000 656.00000 1240.00000 -1398.00000 680.00000 1240.00000 -1398.00000 656.00000
3 0x2E4D7BD 1080.00000 -1398.00000 656.00000 1080.00000 -1398.00000 680.00000 1240.00000 -1398.00000 680.00000
3 0x2E4D7BD 1080.00000 -1440.00000 656.00000 1240.00000 -1440.00000 680.00000 1080.00000 -1440.00000 680.00000
3 0x2E4D7BD 1080.00000 -1440.00000 656.00000 1240.00000 -1440.00000 656.00000 1240.00000 -1440.00000 680.00000
3 0x2E4D7BD 1080.00000 -1398.00000 656.00000 1240.00000 -1440.00000 656.00000 1080.00000 -1440.00000 656.00000
3 0x2E4D7BD 1080.00000 -1398.00000 656.00000 1240.00000 -1398.00000 656.00000 1240.00000 -1440.00000 656.00000
3 0x2E4D7BD 1080.00000 -1398.00000 680.00000 1240.00000 -1440.00000 680.00000 1240.00000 -1398.00000 680.00000
3 0x2E4D7BD 1080.00000 -1398.00000 680.00000 1080.00000 -1440.00000 680.00000 1240.00000 -1440.00000 680.00000
3 0x2E4D7BD 1080.00000 -1398.00000 656.00000 1080.00000 -1440.00000 680.00000 1080.00000 -1398.00000 680.00000
3 0x2E4D7BD 1080.00000 -1398.00000 656.00000 1080.00000 -1440.00000 656.00000 1080.00000 -1440.00000 680.00000
3 0x2E4D7BD 1240.00000 -1398.00000 656.00000 1240.00000 -1440.00000 680.00000 1240.00000 -1440.00000 656.00000
3 0x2E4D7BD 1240.00000 -1398.00000 656.00000 1240.00000 -1398.00000 680.00000 1240.00000 -1440.00000 680.00000
3 0x2E4D7BD 1240.00000 -800.00000 656.00000 1320.00000 -800.00000 680.00000 1320.00000 -800.00000 656.00000
3 0x2E4D7BD 1240.00000 -800.00000 656.00000 1240.00000 -800.00000 680.00000 1320.00000 -800.00000 680.00000
3 0x2E4D7BD 1240.00000 -848.00000 656.00000 1320.00000 -848.00000 680.00000 1240.00000 -848.00000 680.00000
3 0x2E4D7BD 1240.00000 -848.00000 656.00000 1320.00000 -848.00000 656.00000 1320.00000 -848.00000 680.00000
3 0x2E4D7BD 1240.00000 -800.00000 656.00000 1320.00000 -848.00000 656.00000 1240.00000 -848.00000 656.00000
3 0x2E4D7BD 1240.00000 -800.00000 656.00000 1320.00000 -800.00000 656.00000 1320.00000 -848.00000 656.00000
3 0x2E4D7BD 1240.00000 -800.00000 680.00000 1320.00000 -848.00000 680.00000 1320.00000 -800.00000 680.00000
3 0x2E4D7BD 1240.00000 -800.00000 680.00000 1240.00000 -848.00000 680.00000 1320.00000 -848.00000 680.00000
3 0x2E4D7BD 1240.00000 -800.00000 656.00000 1240.00000 -848.00000 680.00000 1240.00000 -800.00000 680.00000
3 0x2E4D7BD 1240.00000 -800.00000 656.00000 1240.00000 -848.00000 656.00000 1240.00000 -848.00000 680.00000
3 0x2E4D7BD 1320.00000 -800.00000 656.00000 1320.00000 -848.00000 680.00000 1320.00000 -848.00000 656.00000
3 0x2E4D7BD 1320.00000 -800.00000 656.00000 1320.00000 -800.00000 680.00000 1320.00000 -848.00000 680.00000
3 0x2E4D7BD 1240.00000 -848.00000 656.00000 1320.00000 -848.00000 680.00000 1320.00000 -848.00000 656.00000
3 0x2E4D7BD 1240.00000 -848.00000 656.00000 1240.00000 -848.00000 680.00000 1320.00000 -848.00000 680.00000
3 0x2E4D7BD 1240.00000 -1078.00000 656.00000 1320.00000 -1078.00000 680.00000 1240.00000 -1078.00000 680.00000
3 0x2E4D7BD 1240.00000 -1078.00000 656.00000 1320.00000 -1078.00000 656.00000 1320.00000 -1078.00000 680.00000
3 0x2E4D7BD 1240.00000 -848.00000 656.00000 1320.00000 -1078.00000 656.00000 1240.00000 -1078.00000 656.00000
3 0x2E4D7BD 1240.00000 -848.00000 656.00000 1320.00000 -848.00000 656.00000 1320.00000 -1078.00000 656.00000
3 0x2E4D7BD 1240.00000 -848.00000 680.00000 1320.00000 -1078.00000 680.00000 1320.00000 -848.00000 680.00000
3 0x2E4D7BD 1240.00000 -848.00000 680.00000 1240.00000 -1078.00000 680.00000 1320.00000 -1078.00000 680.00000
3 0x2E4D7BD 1240.00000 -848.00000 656.00000 1240.00000 -1078.00000 680.00000 1240.00000 -848.00000 680.00000
3 0x2E4D7BD 1240.00000 -848.00000 656.00000 1240.00000 -1078.00000 656.00000 1240.00000 -1078.00000 680.00000
3 0x2E4D7BD 1320.00000 -848.00000 656.00000 1320.00000 -1078.00000 680.00000 1320.00000 -1078.00000 656.00000
3 0x2E4D7BD 1320.00000 -848.00000 656.00000 1320.00000 -848.00000 680.00000 1320.00000 -1078.00000 680.00000
3 0x2E4D7BD 1240.00000 -1078.00000 656.00000 1320.00000 -1078.00000 680.00000 1320.00000 -1078.00000 656.00000
3 0x2E4D7BD 1240.00000 -1078.00000 656.00000 1240.00000 -1078.00000 680.00000 1320.00000 -1078.00000 680.00000
3 0x2E4D7BD 1240.00000 -1168.00000 656.00000 1320.00000 -1168.00000 680.00000 1240.00000 -1168.00000 680.00000
3 0x2E4D7BD 1240.00000 -1168.00000 656.00000 1320.00000 -1168.00000 656.00000 1320.00000 -1168.00000 680.00000
3 0x2E4D7BD 1240.00000 -1078.00000 656.00000 1320.00000 -1168.00000 656.00000 1240.00000 -1168.00000 656.00000
3 0x2E4D7BD 1240.00000 -1078.00000 656.00000 1320.00000 -1078.00000 656.00000 1320.00000 -1168.00000 656.00000
3 0x2E4D7BD 1240.00000 -1078.00000 680.00000 1320.00000 -1168.00000 680.00000 1320.00000 -1078.00000 680.00000
3 0x2E4D7BD 1240.00000 -1078.00000 680.00000 1240.00000 -1168.00000 680.00000 1320.00000 -1168.00000 680.00000
3 0x2E4D7BD 1240.00000 -1078.00000 656.00000 1240.00000 -1168.00000 680.00000 1240.00000 -1078.00000 680.00000
3 0x2E4D7BD 1240.00000 -1078.00000 656.00000 1240.00000 -1168.00000 656.00000 1240.00000 -1168.00000 680.00000
3 0x2E4D7BD 1320.00000 -1078.00000 656.00000 1320.00000 -1168.00000 680.00000 1320.00000 -1168.00000 656.00000
3 0x2E4D7BD 1320.00000 -1078.00000 656.00000 1320.00000 -1078.00000 680.00000 1320.00000 -1168.00000 680.00000
3 0x2E4D7BD 1240.00000 -1168.00000 656.00000 1320.00000 -1168.00000 680.00000 1320.00000 -1168.00000 656.00000
3 0x2E4D7BD 1240.00000 -1168.00000 656.00000 1240.00000 -1168.00000 680.00000 1320.00000 -1168.00000 680.00000
3 0x2E4D7BD 1240.00000 -1398.00000 656.00000 1320.00000 -1398.00000 680.00000 1240.00000 -1398.00000 680.00000
3 0x2E4D7BD 1240.00000 -1398.00000 656.00000 1320.00000 -1398.00000 656.00000 1320.00000 -1398.00000 680.00000
3 0x2E4D7BD 1240.00000 -1168.00000 656.00000 1320.00000 -1398.00000 656.00000 1240.00000 -1398.00000 656.00000
3 0x2E4D7BD 1240.00000 -1168.00000 656.00000 1320.00000 -1168.00000 656.00000 1320.00000 -1398.00000 656.00000
3 0x2E4D7BD 1240.00000 -1168.00000 680.00000 1320.00000 -1398.00000 680.00000 1320.00000 -1168.00000 680.00000
3 0x2E4D7BD 1240.00000 -1168.00000 680.00000 1240.00000 -1398.00000 680.00000 1320.00000 -1398.00000 680.00000
3 0x2E4D7BD 1240.00000 -1168.00000 656.00000 1240.00000 -1398.00000 680.00000 1240.00000 -1168.00000 680.00000
3 0x2E4D7BD 1240.00000 -1168.00000 656.00000 1240.00000 -1398.00000 656.00000 1240.00000 -1398.00000 680.00000
3 0x2E4D7BD 1320.00000 -1168.00000 656.00000 1320.00000 -1398.00000 680.00000 1320.00000 -1398.00000 656.00000
3 0x2E4D7BD 1320.00000 -1168.00000 656.00000 1320.00000 -1168.00000 680.00000 1320.00000 -1398.00000 680.00000
3 0x2E4D7BD 1240.00000 -1398.00000 656.00000 1320.00000 -1398.00000 680.00000 1320.00000 -1398.00000 656.00000
3 0x2E4D7BD 1240.00000 -1398.00000 656.00000 1240.00000 -1398.00000 680.00000 1320.00000 -1398.00000 680.00000
3 0x2E4D7BD 1240.00000 -1440.00000 656.00000 1320.00000 -1440.00000 680.00000 1240.00000 -1440.00000 680.00000
3 0x2E4D7BD 1240.00000 -1440.00000 656.00000 1320.00000 -1440.00000 656.00000 1320.00000 -1440.00000 680.00000
3 0x2E4D7BD 1240.00000 -1398.00000 656.00000 1320.00000 -1440.00000 656.00000 1240.00000 -1440.00000 656.00000
3 0x2E4D7BD 1240.00000 -1398.00000 656.00000 1320.00000 -1398.00000 656.00000 1320.00000 -1440.00000 656.00000
3 0x2E4D7BD 1240.00000 -1398.00000 680.00000 1320.00000 -1440.00000 680.00000 1320.00000 -1398.00000 680.00000
3 0x2E4D7BD 1240.00000 -1398.00000 680.00000 1240.00000 -1440.00000 680.00000 1320.00000 -1440.00000 680.00000
3 0x2E4D7BD 1240.00000 -1398.00000 656.00000 1240.00000 -1440.00000 680.00000 1240.00000 -1398.00000 680.00000
3 0x2E4D7BD 1240.00000 -1398.00000 656.00000 1240.00000 -1440.00000 656.00000 1240.00000 -1440.00000 680.00000
3 0x2E4D7BD 1320.00000 -1398.00000 656.00000 1320.00000 -1440.00000 680.00000 1320.00000 -1440.00000 656.00000
3 0x2E4D7BD 1320.00000 -1398.00000 656.00000 1320.00000 -1398.00000 680.00000 1320.00000 -1440.00000 680.00000
3 0x2F1E6D0 986.00000 -1440.00000 226.00000 1334.00000 -1440.00000 694.00000 1334.00000 -1440.00000 226.00000
3 0x2F1E6D0 986.00000 -1440.00000 226.00000 986.00000 -1440.00000 694.00000 1334.00000 -1440.00000 694.00000
3 0x2F1E6D0 986.00000 -1455.00000 226.00000 1334.00000 -1455.00000 694.00000 986.00000 -1455.00000 694.00000
3 0x2F1E6D0 986.00000 -1455.00000 226.00000 1334.00000 -1455.00000 226.00000 1334.00000 -1455.00000 694.00000
3 0x2F1E6D0 986.00000 -1440.00000 226.00000 1334.00000 -1455.00000 226.00000 986.00000 -1455.00000 226.00000
3 0x2F1E6D0 986.00000 -1440.00000 226.00000 1334.00000 -1440.00000 226.00000 1334.00000 -1455.00000 226.00000
3 0x2F1E6D0 986.00000 -1440.00000 694.00000 1334.00000 -1455.00000 694.00000 1334.00000 -1440.00000 694.00000
3 0x2F1E6D0 986.00000 -1440.00000 694.00000 986.00000 -1455.00000 694.00000 1334.00000 -1455.00000 694.00000
3 0x2F1E6D0 986.00000 -1440.00000 226.00000 986.00000 -1455.00000 694.00000 986.00000 -1440.00000 694.00000
3 0x2F1E6D0 986.00000 -1440.00000 226.00000 986.00000 -1455.00000 226.00000 986.00000 -1455.00000 694.00000
3 0x2F1E6D0 1334.00000 -1440.00000 226.00000 1334.00000 -1455.00000 694.00000 1334.00000 -1455.00000 226.00000
3 0x2F1E6D0 1334.00000 -1440.00000 226.00000 1334.00000 -1440.00000 694.00000 1334.00000 -1455.00000 694.00000
3 0x2B47152 976.00000 -1455.00000 216.00000 1160.00000 -1555.00000 400.00000 1344.00000 -1455.00000 216.00000
3 0x2B47152 1344.00000 -1455.00000 216.00000 1160.00000 -1555.00000 520.00000 1344.00000 -1455.00000 704.00000
3 0x2B47152 1344.00000 -1455.00000 216.00000 1160.00000 -1555.00000 400.00000 1160.00000 -1555.00000 520.00000
3 0x2B47152 1344.00000 -1455.00000 704.00000 1160.00000 -1555.00000 520.00000 976.00000 -1455.00000 704.00000
3 0x2B47152 976.00000 -1455.00000 704.00000 1160.00000 -1555.00000 400.00000 976.00000 -1455.00000 216.00000
3 0x2B47152 976.00000 -1455.00000 704.00000 1160.00000 -1555.00000 520.00000 1160.00000 -1555.00000 400.00000
3 0x2E4D7BD 1320.00000 -760.00000 480.00000 1880.00000 -760.00000 504.00000 1880.00000 -760.00000 480.00000
3 0x2E4D7BD 1320.00000 -760.00000 480.00000 1320.00000 -760.00000 504.00000 1880.00000 -760.00000 504.00000
3 0x2E4D7BD 1320.00000 -1040.00000 480.00000 1880.00000 -1040.00000 504.00000 1320.00000 -1040.00000 504.00000
3 0x2E4D7BD 1320.00000 -1040.00000 480.00000 1880.00000 -1040.00000 480.00000 1880.00000 -1040.00000 504.00000
3 0x2E4D7BD 1320.00000 -760.00000 480.00000 1880.00000 -1040.00000 480.00000 1320.00000 -1040.00000 480.00000
3 0x2E4D7BD 1320.00000 -760.00000 480.00000 1880.00000 -760.00000 480.00000 1880.00000 -1040.00000 480.00000
3 0x2E4D7BD 1320.00000 -760.00000 504.00000 1880.00000 -1040.00000 504.00000 1880.00000 -760.00000 504.00000
3 0x2E4D7BD 1320.00000 -760.00000 504.00000 1320.00000 -1040.00000 504.00000 1880.00000 -1040.00000 504.00000
3 0x2E4D7BD 1320.00000 -760.00000 480.00000 1320.00000 -1040.00000 504.00000 1320.00000 -760.00000 504.00000
3 0x2E4D7BD 1320.00000 -760.00000 480.00000 1320.00000 -1040.00000 480.00000 1320.00000 -1040.00000 504.00000
3 0x2E4D7BD 1880.00000 -760.00000 480.00000 1880.00000 -1040.00000 504.00000 1880.00000 -1040.00000 480.00000
3 0x2E4D7BD 1880.00000 -760.00000 480.00000 1880.00000 -760.00000 504.00000 1880.00000 -1040.00000 504.00000
3 0x2E4D7BD 1320.00000 -760.00000 504.00000 1344.00000 -760.00000 1000.00000 1344.00000 -760.00000 504.00000
3 0x2E4D7BD 1320.00000 -760.00000 504.00000 1320.00000 -760.00000 1000.00000 1344.00000 -760.00000 1000.00000
3 0x2E4D7BD 1320.00000 -1040.00000 504.00000 1344.00000 -1040.00000 1000.00000 1320.00000 -1040.00000 1000.00000
3 0x2E4D7BD 1320.00000 -1040.00000 504.00000 1344.00000 -1040.00000 504.00000 1344.00000 -1040.00000 1000.00000
3 0x2E4D7BD 1320.00000 -760.00000 504.00000 1344.00000 -1040.00000 504.00000 1320.00000 -1040.00000 504.00000
3 0x2E4D7BD 1320.00000 -760.00000 504.00000 1344.00000 -760.00000 504.00000 1344.00000 -1040.00000 504.00000
3 0x2E4D7BD 1320.00000 -760.00000 1000.00000 1344.00000 -1040.00000 1000.00000 1344.00000 -760.00000 1000.00000
3 0x2E4D7BD 1320.00000 -760.00000 1000.00000 1320.00000 -1040.00000 1000.00000 1344.00000 -1040.00000 1000.00000
3 0x2E4D7BD 1320.00000 -760.00000 504.00000 1320.00000 -1040.00000 1000.00000 1320.00000 -760.00000 1000.00000
3 0x2E4D7BD 1320.00000 -760.00000 504.00000 1320.00000 -1040.00000 504.00000 1320.00000 -1040.00000 1000.00000
3 0x2E4D7BD 1344.00000 -760.00000 504.00000 1344.00000 -1040.00000 1000.00000 1344.00000 -1040.00000 504.00000
3 0x2E4D7BD 1344.00000 -760.00000 504.00000 1344.00000 -760.00000 1000.00000 1344.00000 -1040.00000 1000.00000
3 0x2E4D7BD 1856.00000 -760.00000 504.00000 1880.00000 -760.00000 1000.00000 1880.00000 -760.00000 504.00000
3 0x2E4D7BD 1856.00000 -760.00000 504.00000 1856.00000 -760.00000 1000.00000 1880.00000 -760.00000 1000.00000
3 0x2E4D7BD 1856.00000 -1040.00000 504.00000 1880.00000 -1040.00000 1000.00000 1856.00000 -1040.00000 1000.00000
3 0x2E4D7BD 1856.00000 -1040.00000 504.00000 1880.00000 -1040.00000 504.00000 1880.00000 -1040.00000 1000.00000
3 0x2E4D7BD 1856.00000 -760.00000 504.00000 1880.00000 -1040.00000 504.00000 1856.00000 -1040.00000 504.00000
3 0x2E4D7BD 1856.00000 -760.00000 504.00000 1880.00000 -760.00000 504.00000 1880.00000 -1040.00000 504.00000
3 0x2E4D7BD 1856.00000 -760.00000 1000.00000 1880.00000 -1040.00000 1000.00000 1880.00000 -760.00000 1000.00000
3 0x2E4D7BD 1856.00000 -760.00000 1000.00000 1856.00000 -1040.00000 1000.00000 1880.00000 -1040.00000 1000.00000
3 0x2E4D7BD 1856.00000 -760.00000 504.00000 1856.00000 -1040.00000 1000.00000 1856.00000 -760.00000 1000.00000
3 0x2E4D7BD 1856.00000 -760.00000 504.00000 1856.00000 -1040.00000 504.00000 1856.00000 -1040.00000 1000.00000
3 0x2E4D7BD 1880.00000 -760.00000 504.00000 1880.00000 -1040.00000 1000.00000 1880.00000 -1040.00000 504.00000
3 0x2E4D7BD 1880.00000 -760.00000 504.00000 1880.00000 -760.00000 1000.00000 1880.00000 -1040.00000 1000.00000
3 0x2CEC2A9 1320.00000 -760.00000 480.00000 1880.00000 -760.00000 1000.00000 1880.00000 -760.00000 480.00000
3 0x2CEC2A9 1320.00000 -760.00000 480.00000 1320.00000 -760.00000 1000.00000 1880.00000 -760.00000 1000.00000
3 0x2CEC2A9 1320.00000 -770.00000 480.00000 1880.00000 -770.00000 1000.00000 1320.00000 -770.00000 1000.00000
3 0x2CEC2A9 1320.00000 -770.00000 480.00000 1880.00000 -770.00000 480.00000 1880.00000 -770.00000 1000.00000
3 0x2CEC2A9 1320.00000 -760.00000 480.00000 1880.00000 -770.00000 480.00000 1320.00000 -770.00000 480.00000
3 0x2CEC2A9 1320.00000 -760.00000 480.00000 1880.00000 -760.00000 480.00000 1880.00000 -770.00000 480.00000
3 0x2CEC2A9 1320.00000 -760.00000 1000.00000 1880.00000 -770.00000 1000.00000 1880.00000 -760.00000 1000.00000
3 0x2CEC2A9 1320.00000 -760.00000 1000.00000 1320.00000 -770.00000 1000.00000 1880.00000 -770.00000 1000.00000
3 0x2CEC2A9 1320.00000 -760.00000 480.00000 1320.00000 -770.00000 1000.00000 1320.00000 -760.00000 1000.00000
3 0x2CEC2A9 1320.00000 -760.00000 480.00000 1320.00000 -770.00000 480.00000 1320.00000 -770.00000 1000.00000
3 0x2CEC2A9 1880.00000 -760.00000 480.00000 1880.00000 -770.00000 1000.00000 1880.00000 -770.00000 480.00000
3 0x2CEC2A9 1880.00000 -760.00000 480.00000 1880.00000 -760.00000 1000.00000 1880.00000 -770.00000 1000.00000
3 0x2E4D7BD 1320.00000 -760.00000 976.00000 1380.00000 -760.00000 1000.00000 1380.00000 -760.00000 976.00000
3 0x2E4D7BD 1320.00000 -760.00000 976.00000 1320.00000 -760.00000 1000.00000 1380.00000 -760.00000 1000.00000
3 0x2E4D7BD 1320.00000 -1040.00000 976.00000 1380.00000 -1040.00000 1000.00000 1320.00000 -1040.00000 1000.00000
3 0x2E4D7BD 1320.00000 -1040.00000 976.00000 1380.00000 -1040.00000 976.00000 1380.00000 -1040.00000 1000.00000
3 0x2E4D7BD 1320.00000 -760.00000 976.00000 1380.00000 -1040.00000 976.00000 1320.00000 -1040.00000 976.00000
3 0x2E4D7BD 1320.00000 -760.00000 976.00000 1380.00000 -760.00000 976.00000 1380.00000 -1040.00000 976.00000
3 0x2E4D7BD 1320.00000 -760.00000 1000.00000 1380.00000 -1040.00000 1000.00000 1380.00000 -760.00000 1000.00000
3 0x2E4D7BD 1320.00000 -760.00000 1000.00000 1320.00000 -1040.00000 1000.00000 1380.00000 -1040.00000 1000.00000
3 0x2E4D7BD 1320.00000 -760.00000 976.00000 1320.00000 -1040.00000 1000.00000 1320.00000 -760.00000 1000.00000
3 0x2E4D7BD 1320.00000 -760.00000 976.00000 1320.00000 -1040.00000 976.00000 1320.00000 -1040.00000 1000.00000
3 0x2E4D7BD 1380.00000 -760.00000 976.00000 1380.00000 -1040.00000 1000.00000 1380.00000 -1040.00000 976.00000
3 0x2E4D7BD 1380.00000 -760.00000 976.00000 1380.00000 -760.00000 1000.00000 1380.00000 -1040.00000 1000.00000
3 0x2E4D7BD 1580.00000 -760.00000 976.00000 1640.00000 -760.00000 1000.00000 1640.00000 -760.00000 976.00000
3 0x2E4D7BD 1580.00000 -760.00000 976.00000 1580.00000 -760.00000 1000.00000 1640.00000 -760.00000 1000.00000
3 0x2E4D7BD 1580.00000 -1040.00000 976.00000 1640.00000 -1040.00000 1000.00000 1580.00000 -1040.00000 1000.00000
3 0x2E4D7BD 1580.00000 -1040.00000 976.00000 1640.00000 -1040.00000 976.00000 1640.00000 -1040.00000 1000.00000
3 0x2E4D7BD 1580.00000 -760.00000 976.00000 1640.00000 -1040.00000 976.00000 1580.00000 -1040.00000 976.00000
3 0x2E4D7BD 1580.00000 -760.00000 976.00000 1640.00000 -760.00000 976.00000 1640.00000 -1040.00000 976.00000
3 0x2E4D7BD 1580.00000 -760.00000 1000.00000 1640.00000 -1040.00000 1000.00000 1640.00000 -760.00000 1000.00000
3 0x2E4D7BD 1580.00000 -760.00000 1000.00000 1580.00000 -1040.00000 1000.00000 1640.00000 -1040.00000 1000.00000
3 0x2E4D7BD 1580.00000 -760.00000 976.00000 1580.00000 -1040.00000 1000.00000 1580.00000 -760.00000 1000.00000
3 0x2E4D7BD 1580.00000 -760.00000 976.00000 1580.00000 -1040.00000 976.00000 1580.00000 -1040.00000 1000.00000
3 0x2E4D7BD 1640.00000 -760.00000 976.00000 1640.00000 -1040.00000 1000.00000 1640.00000 -1040.00000 976.00000
3 0x2E4D7BD 1640.00000 -760.00000 976.00000 1640.00000 -760.00000 1000.00000 1640.00000 -1040.00000 1000.00000
3 0x2E4D7BD 1840.00000 -760.00000 976.00000 1880.00000 -760.00000 1000.00000 1880.00000 -760.00000 976.00000
3 0x2E4D7BD 1840.00000 -760.00000 976.00000 1840.00000 -760.00000 1000.00000 1880.00000 -760.00000 1000.00000
3 0x2E4D7BD 1840.00000 -1040.00000 976.00000 1880.00000 -1040.00000 1000.00000 1840.00000 -1040.00000 1000.00000
3 0x2E4D7BD 1840.00000 -1040.00000 976.00000 1880.00000 -1040.00000 976.00000 1880.00000 -1040.00000 1000.00000
3 0x2E4D7BD 1840.00000 -760.00000 976.00000 1880.00000 -1040.00000 976.00000 1840.00000 -1040.00000 976.00000
3 0x2E4D7BD 1840.00000 -760.00000 976.00000 1880.00000 -760.00000 976.00000 1880.00000 -1040.00000 976.00000
3 0x2E4D7BD 1840.00000 -760.00000 1000.00000 1880.00000 -1040.00000 1000.00000 1880.00000 -760.00000 1000.00000
3 0x2E4D7BD 1840.00000 -760.00000 1000.00000 1840.00000 -1040.00000 1000.00000 1880.00000 -1040.00000 1000.00000
3 0x2E4D7BD 1840.00000 -760.00000 976.00000 1840.00000 -1040.00000 1000.00000 1840.00000 -760.00000 1000.00000
3 0x2E4D7BD 1840.00000 -760.00000 976.00000 1840.00000 -1040.00000 976.00000 1840.00000 -1040.00000 1000.00000
3 0x2E4D7BD 1880.00000 -760.00000 976.00000 1880.00000 -1040.00000 1000.00000 1880.00000 -1040.00000 976.00000
3 0x2E4D7BD 1880.00000 -760.00000 976.00000 1880.00000 -760.00000 1000.00000 1880.00000 -1040.00000 1000.00000
3 0x2E4D7BD 1380.00000 -900.00000 976.00000 1381.92147 -1012.00000 976.00000 1381.92147 -919.50903 976.00000
3 0x2E4D7BD 1380.00000 -900.00000 976.00000 1380.00000 -1012.00000 976.00000 1381.92147 -1012.00000 976.00000
3 0x2E4D7BD 1380.00000 -1012.00000 1000.00000 1381.92147 -919.50903 1000.00000 1381.92147 -1012.00000 1000.00000
3 0x2E4D7BD 1380.00000 -1012.00000 1000.00000 1380.00000 -900.00000 1000.00000 1381.92147 -919.50903 1000.00000
3 0x2E4D7BD 1380.00000 -900.00000 976.00000 1381.92147 -919.50903 1000.00000 1380.00000 -900.00000 1000.00000
3 0x2E4D7BD 1380.00000 -900.00000 976.00000 1381.92147 -919.50903 976.00000 1381.92147 -919.50903 1000.00000
3 0x2E4D7BD 1381.92147 -919.50903 976.00000 1387.61205 -1012.00000 976.00000 1387.61205 -938.26834 976.00000
3 0x2E4D7BD 1381.92147 -919.50903 976.00000 1381.92147 -1012.00000 976.00000 1387.61205 -1012.00000 976.00000
3 0x2E4D7BD 1381.92147 -1012.00000 1000.00000 1387.61205 -938.26834 1000.00000 1387.61205 -1012.00000 1000.00000
3 0x2E4D7BD 1381.92147 -1012.00000 1000.00000 1381.92147 -919.50903 1000.00000 1387.61205 -938.26834 1000.00000
3 0x2E4D7BD 1381.92147 -919.50903 976.00000 1387.61205 -938.26834 1000.00000 1381.92147 -919.50903 1000.00000
3 0x2E4D7BD 1381.92147 -919.50903 976.00000 1387.61205 -938.26834 976.00000 1387.61205 -938.26834 1000.00000
3 0x2E4D7BD 1387.61205 -938.26834 976.00000 1396.85304 -1012.00000 976.00000 1396.85304 -955.55702 976.00000
3 0x2E4D7BD 1387.61205 -938.26834 976.00000 1387.61205 -1012.00000 976.00000 1396.85304 -1012.00000 976.00000
3 0x2E4D7BD 1387.61205 -1012.00000 1000.00000 1396.85304 -955.55702 1000.00000 1396.85304 -1012.00000 1000.00000
3 0x2E4D7BD 1387.61205 -1012.00000 1000.00000 1387.61205 -938.26834 1000.00000 1396.85304 -955.55702 1000.00000
3 0x2E4D7BD 1387.61205 -938.26834 976.00000 1396.85304 -955.55702 1000.00000 1387.61205 -938.26834 1000.00000
3 0x2E4D7BD 1387.61205 -938.26834 976.00000 1396.85304 -955.55702 976.00000 1396.85304 -955.55702 1000.00000
3 0x2E4D7BD 1396.85304 -955.55702 976.00000 1409.28932 -1012.00000 976.00000 1409.28932 -970.71068 976.00000
3 0x2E4D7BD 1396.85304 -955.55702 976.00000 1396.85304 -1012.00000 976.00000 1409.28932 -1012.00000 976.00000
3 0x2E4D7BD 1396.85304 -1012.00000 1000.00000 1409.28932 -970.71068 1000.00000 1409.28932 -1012.00000 1000.00000
3 0x2E4D7BD 1396.85304 -1012.00000 1000.00000 1396.85304 -955.55702 1000.00000 1409.28932 -970.71068 1000.00000
3 0x2E4D7BD 1396.85304 -955.55702 976.00000 1409.28932 -970.71068 1000.00000 1396.85304 -955.55702 1000.00000
3 0x2E4D7BD 1396.85304 -955.55702 976.00000 1409.28932 -970.71068 976.00000 1409.28932 -970.71068 1000.00000
3 0x2E4D7BD 1409.28932 -970.71068 976.00000 1424.44298 -1012.00000 976.00000 1424.44298 -983.14696 976.00000
3 0x2E4D7BD 1409.28932 -970.71068 976.00000 1409.28932 -1012.00000 976.00000 1424.44298 -1012.00000 976.00000
3 0x2E4D7BD 1409.28932 -1012.00000 1000.00000 1424.44298 -983.14696 1000.00000 1424.44298 -1012.00000 1000.00000
3 0x2E4D7BD 1409.28932 -1012.00000 1000.00000 1409.28932 -970.71068 1000.00000 1424.44298 -983.14696 1000.00000
3 0x2E4D7BD 1409.28932 -970.71068 976.00000 1424.44298 -983.14696 1000.00000 1409.28932 -970.71068 1000.00000
3 0x2E4D7BD 1409.28932 -970.71068 976.00000 1424.44298 -983.14696 976.00000 1424.44298 -983.14696 1000.00000
3 0x2E4D7BD 1424.44298 -983.14696 976.00000 1441.73166 -1012.00000 976.00000 1441.73166 -992.38795 976.00000
3 0x2E4D7BD 1424.44298 -983.14696 976.00000 1424.44298 -1012.00000 976.00000 1441.73166 -1012.00000 976.00000
3 0x2E4D7BD 1424.44298 -1012.00000 1000.00000 1441.73166 -992.38795 1000.00000 1441.73166 -1012.00000 1000.00000
3 0x2E4D7BD 1424.44298 -1012.00000 1000.00000 1424.44298 -983.14696 1000.00000 1441.73166 -992.38795 1000.00000
3 0x2E4D7BD 1424.44298 -983.14696 976.00000 1441.73166 -992.38795 1000.00000 1424.44298 -983.14696 1000.00000
3 0x2E4D7BD 1424.44298 -983.14696 976.00000 1441.73166 -992.38795 976.00000 1441.73166 -992.38795 1000.00000
3 0x2E4D7BD 1441.73166 -992.38795 976.00000 1460.49097 -1012.00000 976.00000 1460.49097 -998.07853 976.00000
3 0x2E4D7BD 1441.73166 -992.38795 976.00000 1441.73166 -1012.00000 976.00000 1460.49097 -1012.00000 976.00000
3 0x2E4D7BD 1441.73166 -1012.00000 1000.00000 1460.49097 -998.07853 1000.00000 1460.49097 -1012.00000 1000.00000
3 0x2E4D7BD 1441.73166 -1012.00000 1000.00000 1441.73166 -992.38795 1000.00000 1460.49097 -998.07853 1000.00000
3 0x2E4D7BD 1441.73166 -992.38795 976.00000 1460.49097 -998.07853 1000.00000 1441.73166 -992.38795 1000.00000
3 0x2E4D7BD 1441.73166 -992.38795 976.00000 1460.49097 -998.07853 976.00000 1460.49097 -998.07853 1000.00000
3 0x2E4D7BD 1460.49097 -998.07853 976.00000 1480.00000 -1012.00000 976.00000 1480.00000 -1000.00000 976.00000
3 0x2E4D7BD 1460.49097 -998.07853 976.00000 1460.49097 -1012.00000 976.00000 1480.00000 -1012.00000 976.00000
3 0x2E4D7BD 1460.49097 -1012.00000 1000.00000 1480.00000 -1000.00000 1000.00000 1480.00000 -1012.00000 1000.00000
3 0x2E4D7BD 1460.49097 -1012.00000 1000.00000 1460.49097 -998.07853 1000.00000 1480.00000 -1000.00000 1000.00000
3 0x2E4D7BD 1460.49097 -998.07853 976.00000 1480.00000 -1000.00000 1000.00000 1460.49097 -998.07853 1000.00000
3 0x2E4D7BD 1460.49097 -998.07853 976.00000 1480.00000 -1000.00000 976.00000 1480.00000 -1000.00000 1000.00000
3 0x2E4D7BD 1480.00000 -1000.00000 976.00000 1499.50903 -1012.00000 976.00000 1499.50903 -998.07853 976.00000
3 0x2E4D7BD 1480.00000 -1000.00000 976.00000 1480.00000 -1012.00000 976.00000 1499.50903 -1012.00000 976.00000
3 0x2E4D7BD 1480.00000 -1012.00000 1000.00000 1499.50903 -998.07853 1000.00000 1499.50903 -1012.00000 1000.00000
3 0x2E4D7BD 1480.00000 -1012.00000 1000.00000 1480.00000 -1000.00000 1000.00000 1499.50903 -998.07853 1000.00000
3 0x2E4D7BD 1480.00000 -1000.00000 976.00000 1499.50903 -998.07853 1000.00000 1480.00000 -1000.00000 1000.00000
3 0x2E4D7BD 1480.00000 -1000.00000 976.00000 1499.50903 -998.07853 976.00000 1499.50903 -998.07853 1000.00000
3 0x2E4D7BD 1499.50903 -998.07853 976.00000 1518.26834 -1012.00000 976.00000 1518.26834 -992.38795 976.00000
3 0x2E4D7BD 1499.50903 -998.07853 976.00000 1499.50903 -1012.00000 976.00000 1518.26834 -1012.00000 976.00000
3 0x2E4D7BD 1499.50903 -1012.00000 1000.00000 1518.26834 -992.38795 1000.00000 1518.26834 -1012.00000 1000.00000
3 0x2E4D7BD 1499.50903 -1012.00000 1000.00000 1499.50903 -998.07853 1000.00000 1518.26834 -992.38795 1000.00000
3 0x2E4D7BD 1499.50903 -998.07853 976.00000 1518.26834 -992.38795 1000.00000 1499.50903 -998.07853 1000.00000
3 0x2E4D7BD 1499.50903 -998.07853 976.00000 1518.26834 -992.38795 976.00000 1518.26834 -992.38795 1000.00000
3 0x2E4D7BD 1518.26834 -992.38795 976.00000 1535.55702 -1012.00000 976.00000 1535.55702 -983.14696 976.00000
3 0x2E4D7BD 1518.26834 -992.38795 976.00000 1518.26834 -1012.00000 976.00000 1535.55702 -1012.00000 976.00000
3 0x2E4D7BD 1518.26834 -1012.00000 1000.00000 1535.55702 -983.14696 1000.00000 1535.55702 -1012.00000 1000.00000
3 0x2E4D7BD 1518.26834 -1012.00000 1000.00000 1518.26834 -992.38795 1000.00000 1535.55702 -983.14696 1000.00000
3 0x2E4D7BD 1518.26834 -992.38795 976.00000 1535.55702 -983.14696 1000.00000 1518.26834 -992.38795 1000.00000
3 0x2E4D7BD 1518.26834 -992.38795 976.00000 1535.55702 -983.14696 976.00000 1535.55702 -983.14696 1000.00000
3 0x2E4D7BD 1535.55702 -983.14696 976.00000 1550.71068 -1012.00000 976.00000 1550.71068 -970.71068 976.00000
3 0x2E4D7BD 1535.55702 -983.14696 976.00000 1535.55702 -1012.00000 976.00000 1550.71068 -1012.00000 976.00000
3 0x2E4D7BD 1535.55702 -1012.00000 1000.00000 1550.71068 -970.71068 1000.00000 1550.71068 -1012.00000 1000.00000
3 0x2E4D7BD 1535.55702 -1012.00000 1000.00000 1535.55702 -983.14696 1000.00000 1550.71068 -970.71068 1000.00000
3 0x2E4D7BD 1535.55702 -983.14696 976.00000 1550.71068 -970.71068 1000.00000 1535.55702 -983.14696 1000.00000
3 0x2E4D7BD 1535.55702 -983.14696 976.00000 1550.71068 -970.71068 976.00000 1550.71068 -970.71068 1000.00000
3 0x2E4D7BD 1550.71068 -970.71068 976.00000 1563.14696 -1012.00000 976.00000 1563.14696 -955.55702 976.00000
3 0x2E4D7BD 1550.71068 -970.71068 976.00000 1550.71068 -1012.00000 976.00000 1563.14696 -1012.00000 976.00000
3 0x2E4D7BD 1550.71068 -1012.00000 1000.00000 1563.14696 -955.55702 1000.00000 1563.14696 -1012.00000 1000.00000
3 0x2E4D7BD 1550.71068 -1012.00000 1000.00000 1550.71068 -970.71068 1000.00000 1563.14696 -955.55702 1000.00000
3 0x2E4D7BD 1550.71068 -970.71068 976.00000 1563.14696 -955.55702 1000.00000 1550.71068 -970.71068 1000.00000
3 0x2E4D7BD 1550.71068 -970.71068 976.00000 1563.14696 -955.55702 976.00000 1563.14696 -955.55702 1000.00000
3 0x2E4D7BD 1563.14696 -955.55702 976.00000 1572.38795 -1012.00000 976.00000 1572.38795 -938.26834 976.00000
3 0x2E4D7BD 1563.14696 -955.55702 976.00000 1563.14696 -1012.00000 976.00000 1572.38795 -1012.00000 976.00000
3 0x2E4D7BD 1563.14696 -1012.00000 1000.00000 1572.38795 -938.26834 1000.00000 1572.38795 -1012.00000 1000.00000
3 0x2E4D7BD 1563.14696 -1012.00000 1000.00000 1563.14696 -955.55702 1000.00000 1572.38795 -938.26834 1000.00000
3 0x2E4D7BD 1563.14696 -955.55702 976.00000 1572.38795 -938.26834 1000.00000 1563.14696 -955.55702 1000.00000
3 0x2E4D7BD 1563.14696 -955.55702 976.00000 1572.38795 -938.26834 976.00000 1572.38795 -938.26834 1000.00000
3 0x2E4D7BD 1572.38795 -938.26834 976.00000 1578.07853 -1012.00000 976.00000 1578.07853 -919.50903 976.00000
3 0x2E4D7BD 1572.38795 -938.26834 976.00000 1572.38795 -1012.00000 976.00000 1578.07853 -1012.00000 976.00000
3 0x2E4D7BD 1572.38795 -1012.00000 1000.00000 1578.07853 -919.50903 1000.00000 1578.07853 -1012.00000 1000.00000
3 0x2E4D7BD 1572.38795 -1012.00000 1000.00000 1572.38795 -938.26834 1000.00000 1578.07853 -919.50903 1000.00000
3 0x2E4D7BD 1572.38795 -938.26834 976.00000 1578.07853 -919.50903 1000.00000 1572.38795 -938.26834 1000.00000
3 0x2E4D7BD 1572.38795 -938.26834 976.00000 1578.07853 -919.50903 976.00000 1578.07853 -919.50903 1000.00000
3 0x2E4D7BD 1578.07853 -919.50903 976.00000 1580.00000 -1012.00000 976.00000 1580.00000 -900.00000 976.00000
3 0x2E4D7BD 1578.07853 -919.50903 976.00000 1578.07853 -1012.00000 976.00000 1580.00000 -1012.00000 976.00000
3 0x2E4D7BD 1578.07853 -1012.00000 1000.00000 1580.00000 -900.00000 1000.00000 1580.00000 -1012.00000 1000.00000
3 0x2E4D7BD 1578.07853 -1012.00000 1000.00000 1578.07853 -919.50903 1000.00000 1580.00000 -900.00000 1000.00000
3 0x2E4D7BD 1578.07853 -919.50903 976.00000 1580.00000 -900.00000 1000.00000 1578.07853 -919.50903 1000.00000
3 0x2E4D7BD 1578.07853 -919.50903 976.00000 1580.00000 -900.00000 976.00000 1580.00000 -900.00000 1000.00000
3 0x2E4D7BD 1640.00000 -900.00000 976.00000 1641.92147 -1012.00000 976.00000 1641.92147 -919.50903 976.00000
3 0x2E4D7BD 1640.00000 -900.00000 976.00000 1640.00000 -1012.00000 976.00000 1641.92147 -1012.00000 976.00000
3 0x2E4D7BD 1640.00000 -1012.00000 1000.00000 1641.92147 -919.50903 1000.00000 1641.92147 -1012.00000 1000.00000
3 0x2E4D7BD 1640.00000 -1012.00000 1000.00000 1640.00000 -900.00000 1000.00000 1641.92147 -919.50903 1000.00000
3 0x2E4D7BD 1640.00000 -900.00000 976.00000 1641.92147 -919.50903 1000.00000 1640.00000 -900.00000 1000.00000
3 0x2E4D7BD 1640.00000 -900.00000 976.00000 1641.92147 -919.50903 976.00000 1641.92147 -919.50903 1000.00000
3 0x2E4D7BD 1641.92147 -919.50903 976.00000 1647.61205 -1012.00000 976.00000 1647.61205 -938.26834 976.00000
3 0x2E4D7BD 1641.92147 -919.50903 976.00000 1641.92147 -1012.00000 976.00000 1647.61205 -1012.00000 976.00000
3 0x2E4D7BD 1641.92147 -1012.00000 1000.00000 1647.61205 -938.26834 1000.00000 1647.61205 -1012.00000 1000.00000
3 0x2E4D7BD 1641.92147 -1012.00000 1000.00000 1641.92147 -919.50903 1000.00000 1647.61205 -938.26834 1000.00000
3 0x2E4D7BD 1641.92147 -919.50903 976.00000 1647.61205 -938.26834 1000.00000 1641.92147 -919.50903 1000.00000
3 0x2E4D7BD 1641.92147 -919.50903 976.00000 1647.61205 -938.26834 976.00000 1647.61205 -938.26834 1000.00000
3 0x2E4D7BD 1647.61205 -938.26834 976.00000 1656.85304 -1012.00000 976.00000 1656.85304 -955.55702 976.00000
3 0x2E4D7BD 1647.61205 -938.26834 976.00000 1647.61205 -1012.00000 976.00000 1656.85304 -1012.00000 976.00000
3 0x2E4D7BD 1647.61205 -1012.00000 1000.00000 1656.85304 -955.55702 1000.00000 1656.85304 -1012.00000 1000.00000
3 0x2E4D7BD 1647.61205 -1012.00000 1000.00000 1647.61205 -938.26834 1000.00000 1656.85304 -955.55702 1000.00000
3 0x2E4D7BD 1647.61205 -938.26834 976.00000 1656.85304 -955.55702 1000.00000 1647.61205 -938.26834 1000.00000
3 0x2E4D7BD 1647.61205 -938.26834 976.00000 1656.85304 -955.55702 976.00000 1656.85304 -955.55702 1000.00000
3 0x2E4D7BD 1656.85304 -955.55702 976.00000 1669.28932 -1012.00000 976.00000 1669.28932 -970.71068 976.00000
3 0x2E4D7BD 1656.85304 -955.55702 976.00000 1656.85304 -1012.00000 976.00000 1669.28932 -1012.00000 976.00000
3 0x2E4D7BD 1656.85304 -1012.00000 1000.00000 1669.28932 -970.71068 1000.00000 1669.28932 -1012.00000 1000.00000
3 0x2E4D7BD 1656.85304 -1012.00000 1000.00000 1656.85304 -955.55702 1000.00000 1669.28932 -970.71068 1000.00000
3 0x2E4D7BD 1656.85304 -955.55702 976.00000 1669.28932 -970.71068 1000.00000 1656.85304 -955.55702 1000.00000
3 0x2E4D7BD 1656.85304 -955.55702 976.00000 1669.28932 -970.71068 976.00000 1669.28932 -970.71068 1000.00000
3 0x2E4D7BD 1669.28932 -970.71068 976.00000 1684.44298 -1012.00000 976.00000 1684.44298 -983.14696 976.00000
3 0x2E4D7BD 1669.28932 -970.71068 976.00000 1669.28932 -1012.00000 976.00000 1684.44298 -1012.00000 976.00000
3 0x2E4D7BD 1669.28932 -1012.00000 1000.00000 1684.44298 -983.14696 1000.00000 1684.44298 -1012.00000 1000.00000
3 0x2E4D7BD 1669.28932 -1012.00000 1000.00000 1669.28932 -970.71068 1000.00000 1684.44298 -983.14696 1000.00000
3 0x2E4D7BD 1669.28932 -970.71068 976.00000 1684.44298 -983.14696 1000.00000 1669.28932 -970.71068 1000.00000
3 0x2E4D7BD 1669.28932 -970.71068 976.00000 1684.44298 -983.14696 976.00000 1684.44298 -983.14696 1000.00000
3 0x2E4D7BD 1684.44298 -983.14696 976.00000 1701.73166 -1012.00000 976.00000 1701.73166 -992.38795 976.00000
3 0x2E4D7BD 1684.44298 -983.14696 976.00000 1684.44298 -1012.00000 976.00000 1701.73166 -1012.00000 976.00000
3 0x2E4D7BD 1684.44298 -1012.00000 1000.00000 1701.73166 -992.38795 1000.00000 1701.73166 -1012.00000 1000.00000
3 0x2E4D7BD 1684.44298 -1012.00000 1000.00000 1684.44298 -983.14696 1000.00000 1701.73166 -992.38795 1000.00000
3 0x2E4D7BD 1684.44298 -983.14696 976.00000 1701.73166 -992.38795 1000.00000 1684.44298 -983.14696 1000.00000
3 0x2E4D7BD 1684.44298 -983.14696 976.00000 1701.73166 -992.38795 976.00000 1701.73166 -992.38795 1000.00000
3 0x2E4D7BD 1701.73166 -992.38795 976.00000 1720.49097 -1012.00000 976.00000 1720.49097 -998.07853 976.00000
3 0x2E4D7BD 1701.73166 -992.38795 976.00000 1701.73166 -1012.00000 976.00000 1720.49097 -1012.00000 976.00000
3 0x2E4D7BD 1701.73166 -1012.00000 1000.00000 1720.49097 -998.07853 1000.00000 1720.49097 -1012.00000 1000.00000
3 0x2E4D7BD 1701.73166 -1012.00000 1000.00000 1701.73166 -992.38795 1000.00000 1720.49097 -998.07853 1000.00000
3 0x2E4D7BD 1701.73166 -992.38795 976.00000 1720.49097 -998.07853 1000.00000 1701.73166 -992.38795 1000.00000
3 0x2E4D7BD 1701.73166 -992.38795 976.00000 1720.49097 -998.07853 976.00000 1720.49097 -998.07853 1000.00000
3 0x2E4D7BD 1720.49097 -998.07853 976.00000 1740.00000 -1012.00000 976.00000 1740.00000 -1000.00000 976.00000
3 0x2E4D7BD 1720.49097 -998.07853 976.00000 1720.49097 -1012.00000 976.00000 1740.00000 -1012.00000 976.00000
3 0x2E4D7BD 1720.49097 -1012.00000 1000.00000 1740.00000 -1000.00000 1000.00000 1740.00000 -1012.00000 1000.00000
3 0x2E4D7BD 1720.49097 -1012.00000 1000.00000 1720.49097 -998.07853 1000.00000 1740.00000 -1000.00000 1000.00000
3 0x2E4D7BD 1720.49097 -998.07853 976.00000 1740.00000 -1000.00000 1000.00000 1720.49097 -998.07853 1000.00000
3 0x2E4D7BD 1720.49097 -998.07853 976.00000 1740.00000 -1000.00000 976.00000 1740.00000 -1000.00000 1000.00000
3 0x2E4D7BD 1740.00000 -1000.00000 976.00000 1759.50903 -1012.00000 976.00000 1759.50903 -998.07853 976.00000
3 0x2E4D7BD 1740.00000 -1000.00000 976.00000 1740.00000 -1012.00000 976.00000 1759.50903 -1012.00000 976.00000
3 0x2E4D7BD 1740.00000 -1012.00000 1000.00000 1759.50903 -998.07853 1000.00000 1759.50903 -1012.00000 1000.00000
3 0x2E4D7BD 1740.00000 -1012.00000 1000.00000 1740.00000 -1000.00000 1000.00000 1759.50903 -998.07853 1000.00000
3 0x2E4D7BD 1740.00000 -1000.00000 976.00000 1759.50903 -998.07853 1000.00000 1740.00000 -1000.00000 1000.00000
3 0x2E4D7BD 1740.00000 -1000.00000 976.00000 1759.50903 -998.07853 976.00000 1759.50903 -998.07853 1000.00000
3 0x2E4D7BD 1759.50903 -998.07853 976.00000 1778.26834 -1012.00000 976.00000 1778.26834 -992.38795 976.00000
3 0x2E4D7BD 1759.50903 -998.07853 976.00000 1759.50903 -1012.00000 976.00000 1778.26834 -1012.00000 976.00000
3 0x2E4D7BD 1759.50903 -1012.00000 1000.00000 1778.26834 -992.38795 1000.00000 1778.26834 -1012.00000 1000.00000
3 0x2E4D7BD 1759.50903 -1012.00000 1000.00000 1759.50903 -998.07853 1000.00000 1778.26834 -992.38795 1000.00000
3 0x2E4D7BD 1759.50903 -998.07853 976.00000 1778.26834 -992.38795 1000.00000 1759.50903 -998.07853 1000.00000
3 0x2E4D7BD 1759.50903 -998.07853 976.00000 1778.26834 -992.38795 976.00000 1778.26834 -992.38795 1000.00000
3 0x2E4D7BD 1778.26834 -992.38795 976.00000 1795.55702 -1012.00000 976.00000 1795.55702 -983.14696 976.00000
3 0x2E4D7BD 1778.26834 -992.38795 976.00000 1778.26834 -1012.00000 976.00000 1795.55702 -1012.00000 976.00000
3 0x2E4D7BD 1778.26834 -1012.00000 1000.00000 1795.55702 -983.14696 1000.00000 1795.55702 -1012.00000 1000.00000
3 0x2E4D7BD 1778.26834 -1012.00000 1000.00000 1778.26834 -992.38795 1000.00000 1795.55702 -983.14696 1000.00000
3 0x2E4D7BD 1778.26834 -992.38795 976.00000 1795.55702 -983.14696 1000.00000 1778.26834 -992.38795 1000.00000
3 0x2E4D7BD 1778.26834 -992.38795 976.00000 1795.55702 -983.14696 976.00000 1795.55702 -983.14696 1000.00000
3 0x2E4D7BD 1795.55702 -983.14696 976.00000 1810.71068 -1012.00000 976.00000 1810.71068 -970.71068 976.00000
3 0x2E4D7BD 1795.55702 -983.14696 976.00000 1795.55702 -1012.00000 976.00000 1810.71068 -1012.00000 976.00000
3 0x2E4D7BD 1795.55702 -1012.00000 1000.00000 1810.71068 -970.71068 1000.00000 1810.71068 -1012.00000 1000.00000
3 0x2E4D7BD 1795.55702 -1012.00000 1000.00000 1795.55702 -983.14696 1000.00000 1810.71068 -970.71068 1000.00000
3 0x2E4D7BD 1795.55702 -983.14696 976.00000 1810.71068 -970.71068 1000.00000 1795.55702 -983.14696 1000.00000
3 0x2E4D7BD 1795.55702 -983.14696 976.00000 1810.71068 -970.71068 976.00000 1810.71068 -970.71068 1000.00000
3 0x2E4D7BD 1810.71068 -970.71068 976.00000 1823.14696 -1012.00000 976.00000 1823.14696 -955.55702 976.00000
3 0x2E4D7BD 1810.71068 -970.71068 976.00000 1810.71068 -1012.00000 976.00000 1823.14696 -1012.00000 976.00000
3 0x2E4D7BD 1810.71068 -1012.00000 1000.00000 1823.14696 -955.55702 1000.00000 1823.14696 -1012.00000 1000.00000
3 0x2E4D7BD 1810.71068 -1012.00000 1000.00000 1810.71068 -970.71068 1000.00000 1823.14696 -955.55702 1000.00000
3 0x2E4D7BD 1810.71068 -970.71068 976.00000 1823.14696 -955.55702 1000.00000 1810.71068 -970.71068 1000.00000
3 0x2E4D7BD 1810.71068 -970.71068 976.00000 1823.14696 -955.55702 976.00000 1823.14696 -955.55702 1000.00000
3 0x2E4D7BD 1823.14696 -955.55702 976.00000 1832.38795 -1012.00000 976.00000 1832.38795 -938.26834 976.00000
3 0x2E4D7BD 1823.14696 -955.55702 976.00000 1823.14696 -1012.00000 976.00000 1832.38795 -1012.00000 976.00000
3 0x2E4D7BD 1823.14696 -1012.00000 1000.00000 1832.38795 -938.26834 1000.00000 1832.38795 -1012.00000 1000.00000
3 0x2E4D7BD 1823.14696 -1012.00000 1000.00000 1823.14696 -955.55702 1000.00000 1832.38795 -938.26834 1000.00000
3 0x2E4D7BD 1823.14696 -955.55702 976.00000 1832.38795 -938.26834 1000.00000 1823.14696 -955.55702 1000.00000
3 0x2E4D7BD 1823.14696 -955.55702 976.00000 1832.38795 -938.26834 976.00000 1832.38795 -938.26834 1000.00000
3 0x2E4D7BD 1832.38795 -938.26834 976.00000 1838.07853 -1012.00000 976.00000 1838.07853 -919.50903 976.00000
3 0x2E4D7BD 1832.38795 -938.26834 976.00000 1832.38795 -1012.00000 976.00000 1838.07853 -1012.00000 976.00000
3 0x2E4D7BD 1832.38795 -1012.00000 1000.00000 1838.07853 -919.50903 1000.00000 1838.07853 -1012.00000 1000.00000
3 0x2E4D7BD 1832.38795 -1012.00000 1000.00000 1832.38795 -938.26834 1000.00000 1838.07853 -919.50903 1000.00000
3 0x2E4D7BD 1832.38795 -938.26834 976.00000 1838.07853 -919.50903 1000.00000 1832.38795 -938.26834 1000.00000
3 0x2E4D7BD 1832.38795 -938.26834 976.00000 1838.07853 -919.50903 976.00000 1838.07853 -919.50903 1000.00000
3 0x2E4D7BD 1838.07853 -919.50903 976.00000 1840.00000 -1012.00000 976.00000 1840.00000 -900.00000 976.00000
3 0x2E4D7BD 1838.07853 -919.50903 976.00000 1838.07853 -1012.00000 976.00000 1840.00000 -1012.00000 976.00000
3 0x2E4D7BD 1838.07853 -1012.00000 1000.00000 1840.00000 -900.00000 1000.00000 1840.00000 -1012.00000 1000.00000
3 0x2E4D7BD 1838.07853 -1012.00000 1000.00000 1838.07853 -919.50903 1000.00000 1840.00000 -900.00000 1000.00000
3 0x2E4D7BD 1838.07853 -919.50903 976.00000 1840.00000 -900.00000 1000.00000 1838.07853 -919.50903 1000.00000
3 0x2E4D7BD 1838.07853 -919.50903 976.00000 1840.00000 -900.00000 976.00000 1840.00000 -900.00000 1000.00000
3 0x2E4D7BD 1320.00000 -1012.00000 976.00000 1880.00000 -1012.00000 1000.00000 1880.00000 -1012.00000 976.00000
3 0x2E4D7BD 1320.00000 -1012.00000 976.00000 1320.00000 -1012.00000 1000.00000 1880.00000 -1012.00000 1000.00000
3 0x2E4D7BD 1320.00000 -1040.00000 976.00000 1880.00000 -1040.00000 1000.00000 1320.00000 -1040.00000 1000.00000
3 0x2E4D7BD 1320.00000 -1040.00000 976.00000 1880.00000 -1040.00000 976.00000 1880.00000 -1040.00000 1000.00000
3 0x2E4D7BD 1320.00000 -1012.00000 976.00000 1880.00000 -1040.00000 976.00000 1320.00000 -1040.00000 976.00000
3 0x2E4D7BD 1320.00000 -1012.00000 976.00000 1880.00000 -1012.00000 976.00000 1880.00000 -1040.00000 976.00000
3 0x2E4D7BD 1320.00000 -1012.00000 1000.00000 1880.00000 -1040.00000 1000.00000 1880.00000 -1012.00000 1000.00000
3 0x2E4D7BD 1320.00000 -1012.00000 1000.00000 1320.00000 -1040.00000 1000.00000 1880.00000 -1040.00000 1000.00000
3 0x2E4D7BD 1320.00000 -1012.00000 976.00000 1320.00000 -1040.00000 1000.00000 1320.00000 -1012.00000 1000.00000
3 0x2E4D7BD 1320.00000 -1012.00000 976.00000 1320.00000 -1040.00000 976.00000 1320.00000 -1040.00000 1000.00000
3 0x2E4D7BD 1880.00000 -1012.00000 976.00000 1880.00000 -1040.00000 1000.00000 1880.00000 -1040.00000 976.00000
3 0x2E4D7BD 1880.00000 -1012.00000 976.00000 1880.00000 -1012.00000 1000.00000 1880.00000 -1040.00000 1000.00000
3 0x2E4D7BD 1320.00000 -1040.00000 480.00000 1880.00000 -1040.00000 504.00000 1880.00000 -1040.00000 480.00000
3 0x2E4D7BD 1320.00000 -1040.00000 480.00000 1320.00000 -1040.00000 504.00000 1880.00000 -1040.00000 504.00000
3 0x2E4D7BD 1320.00000 -1320.00000 480.00000 1880.00000 -1320.00000 504.00000 1320.00000 -1320.00000 504.00000
3 0x2E4D7BD 1320.00000 -1320.00000 480.00000 1880.00000 -1320.00000 480.00000 1880.00000 -1320.00000 504.00000
3 0x2E4D7BD 1320.00000 -1040.00000 480.00000 1880.00000 -1320.00000 480.00000 1320.00000 -1320.00000 480.00000
3 0x2E4D7BD 1320.00000 -1040.00000 480.00000 1880.00000 -1040.00000 480.00000 1880.00000 -1320.00000 480.00000
3 0x2E4D7BD 1320.00000 -1040.00000 504.00000 1880.00000 -1320.00000 504.00000 1880.00000 -1040.00000 504.00000
3 0x2E4D7BD 1320.00000 -1040.00000 504.00000 1320.00000 -1320.00000 504.00000 1880.00000 -1320.00000 504.00000
3 0x2E4D7BD 1320.00000 -1040.00000 480.00000 1320.00000 -1320.00000 504.00000 1320.00000 -1040.00000 504.00000
3 0x2E4D7BD 1320.00000 -1040.00000 480.00000 1320.00000 -1320.00000 480.00000 1320.00000 -1320.00000 504.00000
3 0x2E4D7BD 1880.00000 -1040.00000 480.00000 1880.00000 -1320.00000 504.00000 1880.00000 -1320.00000 480.00000
3 0x2E4D7BD 1880.00000 -1040.00000 480.00000 1880.00000 -1040.00000 504.00000 1880.00000 -1320.00000 504.00000
3 0x2E4D7BD 1320.00000 -1040.00000 504.00000 1344.00000 -1040.00000 560.00000 1344.00000 -1040.00000 504.00000
3 0x2E4D7BD 1320.00000 -1040.00000 504.00000 1320.00000 -1040.00000 560.00000 1344.00000 -1040.00000 560.00000
3 0x2E4D7BD 1320.00000 -1088.00000 504.00000 1344.00000 -1088.00000 560.00000 1320.00000 -1088.00000 560.00000
3 0x2E4D7BD 1320.00000 -1088.00000 504.00000 1344.00000 -1088.00000 504.00000 1344.00000 -1088.00000 560.00000
3 0x2E4D7BD 1320.00000 -1040.00000 504.00000 1344.00000 -1088.00000 504.00000 1320.00000 -1088.00000 504.00000
3 0x2E4D7BD 1320.00000 -1040.00000 504.00000 1344.00000 -1040.00000 504.00000 1344.00000 -1088.00000 504.00000
3 0x2E4D7BD 1320.00000 -1040.00000 560.00000 1344.00000 -1088.00000 560.00000 1344.00000 -1040.00000 560.00000
3 0x2E4D7BD 1320.00000 -1040.00000 560.00000 1320.00000 -1088.00000 560.00000 1344.00000 -1088.00000 560.00000
3 0x2E4D7BD 1320.00000 -1040.00000 504.00000 1320.00000 -1088.00000 560.00000 1320.00000 -1040.00000 560.00000
3 0x2E4D7BD 1320.00000 -1040.00000 504.00000 1320.00000 -1088.00000 504.00000 1320.00000 -1088.00000 560.00000
3 0x2E4D7BD 1344.00000 -1040.00000 504.00000 1344.00000 -1088.00000 560.00000 1344.00000 -1088.00000 504.00000
3 0x2E4D7BD 1344.00000 -1040.00000 504.00000 1344.00000 -1040.00000 560.00000 1344.00000 -1088.00000 560.00000
3 0x2E4D7BD 1320.00000 -1088.00000 504.00000 1344.00000 -1088.00000 560.00000 1344.00000 -1088.00000 504.00000
3 0x2E4D7BD 1320.00000 -1088.00000 504.00000 1320.00000 -1088.00000 560.00000 1344.00000 -1088.00000 560.00000
3 0x2E4D7BD 1320.00000 -1278.00000 504.00000 1344.00000 -1278.00000 560.00000 1320.00000 -1278.00000 560.00000
3 0x2E4D7BD 1320.00000 -1278.00000 504.00000 1344.00000 -1278.00000 504.00000 1344.00000 -1278.00000 560.00000
3 0x2E4D7BD 1320.00000 -1088.00000 504.00000 1344.00000 -1278.00000 504.00000 1320.00000 -1278.00000 504.00000
3 0x2E4D7BD 1320.00000 -1088.00000 504.00000 1344.00000 -1088.00000 504.00000 1344.00000 -1278.00000 504.00000
3 0x2E4D7BD 1320.00000 -1088.00000 560.00000 1344.00000 -1278.00000 560.00000 1344.00000 -1088.00000 560.00000
3 0x2E4D7BD 1320.00000 -1088.00000 560.00000 1320.00000 -1278.00000 560.00000 1344.00000 -1278.00000 560.00000
3 0x2E4D7BD 1320.00000 -1088.00000 504.00000 1320.00000 -1278.00000 560.00000 1320.00000 -1088.00000 560.00000
3 0x2E4D7BD 1320.00000 -1088.00000 504.00000 1320.00000 -1278.00000 504.00000 1320.00000 -1278.00000 560.00000
3 0x2E4D7BD 1344.00000 -1088.00000 504.00000 1344.00000 -1278.00000 560.00000 1344.00000 -1278.00000 504.00000
3 0x2E4D7BD 1344.00000 -1088.00000 504.00000 1344.00000 -1088.00000 560.00000 1344.00000 -1278.00000 560.00000
3 0x2E4D7BD 1320.00000 -1278.00000 504.00000 1344.00000 -1278.00000 560.00000 1344.00000 -1278.00000 504.00000
3 0x2E4D7BD 1320.00000 -1278.00000 504.00000 1320.00000 -1278.00000 560.00000 1344.00000 -1278.00000 560.00000
3 0x2E4D7BD 1320.00000 -1320.00000 504.00000 1344.00000 -1320.00000 560.00000 1320.00000 -1320.00000 560.00000
3 0x2E4D7BD 1320.00000 -1320.00000 504.00000 1344.00000 -1320.00000 504.00000 1344.00000 -1320.00000 560.00000
3 0x2E4D7BD 1320.00000 -1278.00000 504.00000 1344.00000 -1320.00000 504.00000 1320.00000 -1320.00000 504.00000
3 0x2E4D7BD 1320.00000 -1278.00000 504.00000 1344.00000 -1278.00000 504.00000 1344.00000 -1320.00000 504.00000
3 0x2E4D7BD 1320.00000 -1278.00000 560.00000 1344.00000 -1320.00000 560.00000 1344.00000 -1278.00000 560.00000
3 0x2E4D7BD 1320.00000 -1278.00000 560.00000 1320.00000 -1320.00000 560.00000 1344.00000 -1320.00000 560.00000
3 0x2E4D7BD 1320.00000 -1278.00000 504.00000 1320.00000 -1320.00000 560.00000 1320.00000 -1278.00000 560.00000
3 0x2E4D7BD 1320.00000 -1278.00000 504.00000 1320.00000 -1320.00000 504.00000 1320.00000 -1320.00000 560.00000
3 0x2E4D7BD 1344.00000 -1278.00000 504.00000 1344.00000 -1320.00000 560.00000 1344.00000 -1320.00000 504.00000
3 0x2E4D7BD 1344.00000 -1278.00000 504.00000 1344.00000 -1278.00000 560.00000 1344.00000 -1320.00000 560.00000
3 0x2E4D7BD 1320.00000 -1040.00000 560.00000 1344.00000 -1040.00000 670.00000 1344.00000 -1040.00000 560.00000
3 0x2E4D7BD 1320.00000 -1040.00000 560.00000 1320.00000 -1040.00000 670.00000 1344.00000 -1040.00000 670.00000
3 0x2E4D7BD 1320.00000 -1088.00000 560.00000 1344.00000 -1088.00000 670.00000 1320.00000 -1088.00000 670.00000
3 0x2E4D7BD 1320.00000 -1088.00000 560.00000 1344.00000 -1088.00000 560.00000 1344.00000 -1088.00000 670.00000
3 0x2E4D7BD 1320.00000 -1040.00000 560.00000 1344.00000 -1088.00000 560.00000 1320.00000 -1088.00000 560.00000
3 0x2E4D7BD 1320.00000 -1040.00000 560.00000 1344.00000 -1040.00000 560.00000 1344.00000 -1088.00000 560.00000
3 0x2E4D7BD 1320.00000 -1040.00000 670.00000 1344.00000 -1088.00000 670.00000 1344.00000 -1040.00000 670.00000
3 0x2E4D7BD 1320.00000 -1040.00000 670.00000 1320.00000 -1088.00000 670.00000 1344.00000 -1088.00000 670.00000
3 0x2E4D7BD 1320.00000 -1040.00000 560.00000 1320.00000 -1088.00000 670.00000 1320.00000 -1040.00000 670.00000
3 0x2E4D7BD 1320.00000 -1040.00000 560.00000 1320.00000 -1088.00000 560.00000 1320.00000 -1088.00000 670.00000
3 0x2E4D7BD 1344.00000 -1040.00000 560.00000 1344.00000 -1088.00000 670.00000 1344.00000 -1088.00000 560.00000
3 0x2E4D7BD 1344.00000 -1040.00000 560.00000 1344.00000 -1040.00000 670.00000 1344.00000 -1088.00000 670.00000
3 0x2E4D7BD 1320.00000 -1278.00000 560.00000 1344.00000 -1278.00000 670.00000 1344.00000 -1278.00000 560.00000
3 0x2E4D7BD 1320.00000 -1278.00000 560.00000 1320.00000 -1278.00000 670.00000 1344.00000 -1278.00000 670.00000
3 0x2E4D7BD 1320.00000 -1320.00000 560.00000 1344.00000 -1320.00000 670.00000 1320.00000 -1320.00000 670.00000
3 0x2E4D7BD 1320.00000 -1320.00000 560.00000 1344.00000 -1320.00000 560.00000 1344.00000 -1320.00000 670.00000
3 0x2E4D7BD 1320.00000 -1278.00000 560.00000 1344.00000 -1320.00000 560.00000 1320.00000 -1320.00000 560.00000
3 0x2E4D7BD 1320.00000 -1278.00000 560.00000 1344.00000 -1278.00000 560.00000 1344.00000 -1320.00000 560.00000
3 0x2E4D7BD 1320.00000 -1278.00000 670.00000 1344.00000 -1320.00000 670.00000 1344.00000 -1278.00000 670.00000
3 0x2E4D7BD 1320.00000 -1278.00000 670.00000 1320.00000 -1320.00000 670.00000 1344.00000 -1320.00000 670.00000
3 0x2E4D7BD 1320.00000 -1278.00000 560.00000 1320.00000 -1320.00000 670.00000 1320.00000 -1278.00000 670.00000
3 0x2E4D7BD 1320.00000 -1278.00000 560.00000 1320.00000 -1320.00000 560.00000 1320.00000 -1320.00000 670.00000
3 0x2E4D7BD 1344.00000 -1278.00000 560.00000 1344.00000 -1320.00000 670.00000 1344.00000 -1320.00000 560.00000
3 0x2E4D7BD 1344.00000 -1278.00000 560.00000 1344.00000 -1278.00000 670.00000 1344.00000 -1320.00000 670.00000
3 0x2E4D7BD 1320.00000 -1040.00000 670.00000 1344.00000 -1040.00000 800.00000 1344.00000 -1040.00000 670.00000
3 0x2E4D7BD 1320.00000 -1040.00000 670.00000 1320.00000 -1040.00000 800.00000 1344.00000 -1040.00000 800.00000
3 0x2E4D7BD 1320.00000 -1088.00000 670.00000 1344.00000 -1088.00000 800.00000 1320.00000 -1088.00000 800.00000
3 0x2E4D7BD 1320.00000 -1088.00000 670.00000 1344.00000 -1088.00000 670.00000 1344.00000 -1088.00000 800.00000
3 0x2E4D7BD 1320.00000 -1040.00000 670.00000 1344.00000 -1088.00000 670.00000 1320.00000 -1088.00000 670.00000
3 0x2E4D7BD 1320.00000 -1040.00000 670.00000 1344.00000 -1040.00000 670.00000 1344.00000 -1088.00000 670.00000
3 0x2E4D7BD 1320.00000 -1040.00000 800.00000 1344.00000 -1088.00000 800.00000 1344.00000 -1040.00000 800.00000
3 0x2E4D7BD 1320.00000 -1040.00000 800.00000 1320.00000 -1088.00000 800.00000 1344.00000 -1088.00000 800.00000
3 0x2E4D7BD 1320.00000 -1040.00000 670.00000 1320.00000 -1088.00000 800.00000 1320.00000 -1040.00000 800.00000
3 0x2E4D7BD 1320.00000 -1040.00000 670.00000 1320.00000 -1088.00000 670.00000 1320.00000 -1088.00000 800.00000
3 0x2E4D7BD 1344.00000 -1040.00000 670.00000 1344.00000 -1088.00000 800.00000 1344.00000 -1088.00000 670.00000
3 0x2E4D7BD 1344.00000 -1040.00000 670.00000 1344.00000 -1040.00000 800.00000 1344.00000 -1088.00000 800.00000
3 0x2E4D7BD 1320.00000 -1088.00000 670.00000 1344.00000 -1088.00000 800.00000 1344.00000 -1088.00000 670.00000
3 0x2E4D7BD 1320.00000 -1088.00000 670.00000 1320.00000 -1088.00000 800.00000 1344.00000 -1088.00000 800.00000
3 0x2E4D7BD 1320.00000 -1278.00000 670.00000 1344.00000 -1278.00000 800.00000 1320.00000 -1278.00000 800.00000
3 0x2E4D7BD 1320.00000 -1278.00000 670.00000 1344.00000 -1278.00000 670.00000 1344.00000 -1278.00000 800.00000
3 0x2E4D7BD 1320.00000 -1088.00000 670.00000 1344.00000 -1278.00000 670.00000 1320.00000 -1278.00000 670.00000
3 0x2E4D7BD 1320.00000 -1088.00000 670.00000 1344.00000 -1088.00000 670.00000 1344.00000 -1278.00000 670.00000
3 0x2E4D7BD 1320.00000 -1088.00000 800.00000 1344.00000 -1278.00000 800.00000 1344.00000 -1088.00000 800.00000
3 0x2E4D7BD 1320.00000 -1088.00000 800.00000 1320.00000 -1278.00000 800.00000 1344.00000 -1278.00000 800.00000
3 0x2E4D7BD 1320.00000 -1088.00000 670.00000 1320.00000 -1278.00000 800.00000 1320.00000 -1088.00000 800.00000
3 0x2E4D7BD 1320.00000 -1088.00000 670.00000 1320.00000 -1278.00000 670.00000 1320.00000 -1278.00000 800.00000
3 0x2E4D7BD 1344.00000 -1088.00000 670.00000 1344.00000 -1278.00000 800.00000 1344.00000 -1278.00000 670.00000
3 0x2E4D7BD 1344.00000 -1088.00000 670.00000 1344.00000 -1088.00000 800.00000 1344.00000 -1278.00000 800.00000
3 0x2E4D7BD 1320.00000 -1278.00000 670.00000 1344.00000 -1278.00000 800.00000 1344.00000 -1278.00000 670.00000
3 0x2E4D7BD 1320.00000 -1278.00000 670.00000 1320.00000 -1278.00000 800.00000 1344.00000 -1278.00000 800.00000
3 0x2E4D7BD 1320.00000 -1320.00000 670.00000 1344.00000 -1320.00000 800.00000 1320.00000 -1320.00000 800.00000
3 0x2E4D7BD 1320.00000 -1320.00000 670.00000 1344.00000 -1320.00000 670.00000 1344.00000 -1320.00000 800.00000
3 0x2E4D7BD 1320.00000 -1278.00000 670.00000 1344.00000 -1320.00000 670.00000 1320.00000 -1320.00000 670.00000
3 0x2E4D7BD 1320.00000 -1278.00000 670.00000 1344.00000 -1278.00000 670.00000 1344.00000 -1320.00000 670.00000
3 0x2E4D7BD 1320.00000 -1278.00000 800.00000 1344.00000 -1320.00000 800.00000 1344.00000 -1278.00000 800.00000
3 0x2E4D7BD 1320.00000 -1278.00000 800.00000 1320.00000 -1320.00000 800.00000 1344.00000 -1320.00000 800.00000
3 0x2E4D7BD 1320.00000 -1278.00000 670.00000 1320.00000 -1320.00000 800.00000 1320.00000 -1278.00000 800.00000
3 0x2E4D7BD 1320.00000 -1278.00000 670.00000 1320.00000 -1320.00000 670.00000 1320.00000 -1320.00000 800.00000
3 0x2E4D7BD 1344.00000 -1278.00000 670.00000 1344.00000 -1320.00000 800.00000 1344.00000 -1320.00000 670.00000
3 0x2E4D7BD 1344.00000 -1278.00000 670.00000 1344.00000 -1278.00000 800.00000 1344.00000 -1320.00000 800.00000
3 0x2E4D7BD 1320.00000 -1040.00000 800.00000 1344.00000 -1040.00000 910.00000 1344.00000 -1040.00000 800.00000
3 0x2E4D7BD 1320.00000 -1040.00000 800.00000 1320.00000 -1040.00000 910.00000 1344.00000 -1040.00000 910.00000
3 0x2E4D7BD 1320.00000 -1088.00000 800.00000 1344.00000 -1088.00000 910.00000 1320.00000 -1088.00000 910.00000
3 0x2E4D7BD 1320.00000 -1088.00000 800.00000 1344.00000 -1088.00000 800.00000 1344.00000 -1088.00000 910.00000
3 0x2E4D7BD 1320.00000 -1040.00000 800.00000 1344.00000 -1088.00000 800.00000 1320.00000 -1088.00000 800.00000
3 0x2E4D7BD 1320.00000 -1040.00000 800.00000 1344.00000 -1040.00000 800.00000 1344.00000 -1088.00000 800.00000
3 0x2E4D7BD 1320.00000 -1040.00000 910.00000 1344.00000 -1088.00000 910.00000 1344.00000 -1040.00000 910.00000
3 0x2E4D7BD 1320.00000 -1040.00000 910.00000 1320.00000 -1088.00000 910.00000 1344.00000 -1088.00000 910.00000
3 0x2E4D7BD 1320.00000 -1040.00000 800.00000 1320.00000 -1088.00000 910.00000 1320.00000 -1040.00000 910.00000
3 0x2E4D7BD 1320.00000 -1040.00000 800.00000 1320.00000 -1088.00000 800.00000 1320.00000 -1088.00000 910.00000
3 0x2E4D7BD 1344.00000 -1040.00000 800.00000 1344.00000 -1088.00000 910.00000 1344.00000 -1088.00000 800.00000
3 0x2E4D7BD 1344.00000 -1040.00000 800.00000 1344.00000 -1040.00000 910.00000 1344.00000 -1088.00000 910.00000
3 0x2E4D7BD 1320.00000 -1278.00000 800.00000 1344.00000 -1278.00000 910.00000 1344.00000 -1278.00000 800.00000
3 0x2E4D7BD 1320.00000 -1278.00000 800.00000 1320.00000 -1278.00000 910.00000 1344.00000 -1278.00000 910.00000
3 0x2E4D7BD 1320.00000 -1320.00000 800.00000 1344.00000 -1320.00000 910.00000 1320.00000 -1320.00000 910.00000
3 0x2E4D7BD 1320.00000 -1320.00000 800.00000 1344.00000 -1320.00000 800.00000 1344.00000 -1320.00000 910.00000
3 0x2E4D7BD 1320.00000 -1278.00000 800.00000 1344.00000 -1320.00000 800.00000 1320.00000 -1320.00000 800.00000
3 0x2E4D7BD 1320.00000 -1278.00000 800.00000 1344.00000 -1278.00000 800.00000 1344.00000 -1320.00000 800.00000
3 0x2E4D7BD 1320.00000 -1278.00000 910.00000 1344.00000 -1320.00000 910.00000 1344.00000 -1278.00000 910.00000
3 0x2E4D7BD 1320.00000 -1278.00000 910.00000 1320.00000 -1320.00000 910.00000 1344.00000 -1320.00000 910.00000
3 0x2E4D7BD 1320.00000 -1278.00000 800.00000 1320.00000 -1320.00000 910.00000 1320.00000 -1278.00000 910.00000
3 0x2E4D7BD 1320.00000 -1278.00000 800.00000 1320.00000 -1320.00000 800.00000 1320.00000 -1320.00000 910.00000
3 0x2E4D7BD 1344.00000 -1278.00000 800.00000 1344.00000 -1320.00000 910.00000 1344.00000 -1320.00000 800.00000
3 0x2E4D7BD 1344.00000 -1278.00000 800.00000 1344.00000 -1278.00000 910.00000 1344.00000 -1320.00000 910.00000
3 0x2E4D7BD 1320.00000 -1040.00000 910.00000 1344.00000 -1040.00000 1000.00000 1344.00000 -1040.00000 910.00000
3 0x2E4D7BD 1320.00000 -1040.00000 910.00000 1320.00000 -1040.00000 1000.00000 1344.00000 -1040.00000 1000.00000
3 0x2E4D7BD 1320.00000 -1088.00000 910.00000 1344.00000 -1088.00000 1000.00000 1320.00000 -1088.00000 1000.00000
3 0x2E4D7BD 1320.00000 -1088.00000 910.00000 1344.00000 -1088.00000 910.00000 1344.00000 -1088.00000 1000.00000
3 0x2E4D7BD 1320.00000 -1040.00000 910.00000 1344.00000 -1088.00000 910.00000 1320.00000 -1088.00000 910.00000
3 0x2E4D7BD 1320.00000 -1040.00000 910.00000 1344.00000 -1040.00000 910.00000 1344.00000 -1088.00000 910.00000
3 0x2E4D7BD 1320.00000 -1040.00000 1000.00000 1344.00000 -1088.00000 1000.00000 1344.00000 -1040.00000 1000.00000
3 0x2E4D7BD 1320.00000 -1040.00000 1000.00000 1320.00000 -1088.00000 1000.00000 1344.00000 -1088.00000 1000.00000
3 0x2E4D7BD 1320.00000 -1040.00000 910.00000 1320.00000 -1088.00000 1000.00000 1320.00000 -1040.00000 1000.00000
3 0x2E4D7BD 1320.00000 -1040.00000 910.00000 1320.00000 -1088.00000 910.00000 1320.00000 -1088.00000 1000.00000
3 0x2E4D7BD 1344.00000 -1040.00000 910.00000 1344.00000 -1088.00000 1000.00000 1344.00000 -1088.00000 910.00000
3 0x2E4D7BD 1344.00000 -1040.00000 910.00000 1344.00000 -1040.00000 1000.00000 1344.00000 -1088.00000 1000.00000
3 0x2E4D7BD 1320.00000 -1088.00000 910.00000 1344.00000 -1088.00000 1000.00000 1344.00000 -1088.00000 910.00000
3 0x2E4D7BD 1320.00000 -1088.00000 910.00000 1320.00000 -1088.00000 1000.00000 1344.00000 -1088.00000 1000.00000
3 0x2E4D7BD 1320.00000 -1278.00000 910.00000 1344.00000 -1278.00000 1000.00000 1320.00000 -1278.00000 1000.00000
3 0x2E4D7BD 1320.00000 -1278.00000 910.00000 1344.00000 -1278.00000 910.00000 1344.00000 -1278.00000 1000.00000
3 0x2E4D7BD 1320.00000 -1088.00000 910.00000 1344.00000 -1278.00000 910.00000 1320.00000 -1278.00000 910.00000
3 0x2E4D7BD 1320.00000 -1088.00000 910.00000 1344.00000 -1088.00000 910.00000 1344.00000 -1278.00000 910.00000
3 0x2E4D7BD 1320.00000 -1088.00000 1000.00000 1344.00000 -1278.00000 1000.00000 1344.00000 -1088.00000 1000.00000
3 0x2E4D7BD 1320.00000 -1088.00000 1000.00000 1320.00000 -1278.00000 1000.00000 1344.00000 -1278.00000 1000.00000
3 0x2E4D7BD 1320.00000 -1088.00000 910.00000 1320.00000 -1278.00000 1000.00000 1320.00000 -1088.00000 1000.00000
3 0x2E4D7BD 1320.00000 -1088.00000 910.00000 1320.00000 -1278.00000 910.00000 1320.00000 -1278.00000 1000.00000
3 0x2E4D7BD 1344.00000 -1088.00000 910.00000 1344.00000 -1278.00000 1000.00000 1344.00000 -1278.00000 910.00000
3 0x2E4D7BD 1344.00000 -1088.00000 910.00000 1344.00000 -1088.00000 1000.00000 1344.00000 -1278.00000 1000.00000
3 0x2E4D7BD 1320.00000 -1278.00000 910.00000 1344.00000 -1278.00000 1000.00000 1344.00000 -1278.00000 910.00000
3 0x2E4D7BD 1320.00000 -1278.00000 910.00000 1320.00000 -1278.00000 1000.00000 1344.00000 -1278.00000 1000.00000
3 0x2E4D7BD 1320.00000 -1320.00000 910.00000 1344.00000 -1320.00000 1000.00000 1320.00000 -1320.00000 1000.00000
3 0x2E4D7BD 1320.00000 -1320.00000 910.00000 1344.00000 -1320.00000 910.00000 1344.00000 -1320.00000 1000.00000
3 0x2E4D7BD 1320.00000 -1278.00000 910.00000 1344.00000 -1320.00000 910.00000 1320.00000 -1320.00000 910.00000
3 0x2E4D7BD 1320.00000 -1278.00000 910.00000 1344.00000 -1278.00000 910.00000 1344.00000 -1320.00000 910.00000
3 0x2E4D7BD 1320.00000 -1278.00000 1000.00000 1344.00000 -1320.00000 1000.00000 1344.00000 -1278.00000 1000.00000
3 0x2E4D7BD 1320.00000 -1278.00000 1000.00000 1320.00000 -1320.00000 1000.00000 1344.00000 -1320.00000 1000.00000
3 0x2E4D7BD 1320.00000 -1278.00000 910.00000 1320.00000 -1320.00000 1000.00000 1320.00000 -1278.00000 1000.00000
3 0x2E4D7BD 1320.00000 -1278.00000 910.00000 1320.00000 -1320.00000 910.00000 1320.00000 -1320.00000 1000.00000
3 0x2E4D7BD 1344.00000 -1278.00000 910.00000 1344.00000 -1320.00000 1000.00000 1344.00000 -1320.00000 910.00000
3 0x2E4D7BD 1344.00000 -1278.00000 910.00000 1344.00000 -1278.00000 1000.00000 1344.00000 -1320.00000 1000.00000
3 0x2E4D7BD 1856.00000 -1040.00000 504.00000 1880.00000 -1040.00000 1000.00000 1880.00000 -1040.00000 504.00000
3 0x2E4D7BD 1856.00000 -1040.00000 504.00000 1856.00000 -1040.00000 1000.00000 1880.00000 -1040.00000 1000.00000
3 0x2E4D7BD 1856.00000 -1320.00000 504.00000 1880.00000 -1320.00000 1000.00000 1856.00000 -1320.00000 1000.00000
3 0x2E4D7BD 1856.00000 -1320.00000 504.00000 1880.00000 -1320.00000 504.00000 1880.00000 -1320.00000 1000.00000
3 0x2E4D7BD 1856.00000 -1040.00000 504.00000 1880.00000 -1320.00000 504.00000 1856.00000 -1320.00000 504.00000
3 0x2E4D7BD 1856.00000 -1040.00000 504.00000 1880.00000 -1040.00000 504.00000 1880.00000 -1320.00000 504.00000
3 0x2E4D7BD 1856.00000 -1040.00000 1000.00000 1880.00000 -1320.00000 1000.00000 1880.00000 -1040.00000 1000.00000
3 0x2E4D7BD 1856.00000 -1040.00000 1000.00000 1856.00000 -1320.00000 1000.00000 1880.00000 -1320.00000 1000.00000
3 0x2E4D7BD 1856.00000 -1040.00000 504.00000 1856.00000 -1320.00000 1000.00000 1856.00000 -1040.00000 1000.00000
3 0x2E4D7BD 1856.00000 -1040.00000 504.00000 1856.00000 -1320.00000 504.00000 1856.00000 -1320.00000 1000.00000
3 0x2E4D7BD 1880.00000 -1040.00000 504.00000 1880.00000 -1320.00000 1000.00000 1880.00000 -1320.00000 504.00000
3 0x2E4D7BD 1880.00000 -1040.00000 504.00000 1880.00000 -1040.00000 1000.00000 1880.00000 -1320.00000 1000.00000
3 0x2CEC2A9 1320.00000 -1040.00000 480.00000 1880.00000 -1040.00000 1000.00000 1880.00000 -1040.00000 480.00000
3 0x2CEC2A9 1320.00000 -1040.00000 480.00000 1320.00000 -1040.00000 1000.00000 1880.00000 -1040.00000 1000.00000
3 0x2CEC2A9 1320.00000 -1050.00000 480.00000 1880.00000 -1050.00000 1000.00000 1320.00000 -1050.00000 1000.00000
3 0x2CEC2A9 1320.00000 -1050.00000 480.00000 1880.00000 -1050.00000 480.00000 1880.00000 -1050.00000 1000.00000
3 0x2CEC2A9 1320.00000 -1040.00000 480.00000 1880.00000 -1050.00000 480.00000 1320.00000 -1050.00000 480.00000
3 0x2CEC2A9 1320.00000 -1040.00000 480.00000 1880.00000 -1040.00000 480.00000 1880.00000 -1050.00000 480.00000
3 0x2CEC2A9 1320.00000 -1040.00000 1000.00000 1880.00000 -1050.00000 1000.00000 1880.00000 -1040.00000 1000.00000
3 0x2CEC2A9 1320.00000 -1040.00000 1000.00000 1320.00000 -1050.00000 1000.00000 1880.00000 -1050.00000 1000.00000
3 0x2CEC2A9 1320.00000 -1040.00000 480.00000 1320.00000 -1050.00000 1000.00000 1320.00000 -1040.00000 1000.00000
3 0x2CEC2A9 1320.00000 -1040.00000 480.00000 1320.00000 -1050.00000 480.00000 1320.00000 -1050.00000 1000.00000
3 0x2CEC2A9 1880.00000 -1040.00000 480.00000 1880.00000 -1050.00000 1000.00000 1880.00000 -1050.00000 480.00000
3 0x2CEC2A9 1880.00000 -1040.00000 480.00000 1880.00000 -1040.00000 1000.00000 1880.00000 -1050.00000 1000.00000
3 0x2E4D7BD 1320.00000 -1040.00000 976.00000 1420.00000 -1040.00000 1000.00000 1420.00000 -1040.00000 976.00000
3 0x2E4D7BD 1320.00000 -1040.00000 976.00000 1320.00000 -1040.00000 1000.00000 1420.00000 -1040.00000 1000.00000
3 0x2E4D7BD 1320.00000 -1088.00000 976.00000 1420.00000 -1088.00000 1000.00000 1320.00000 -1088.00000 1000.00000
3 0x2E4D7BD 1320.00000 -1088.00000 976.00000 1420.00000 -1088.00000 976.00000 1420.00000 -1088.00000 1000.00000
3 0x2E4D7BD 1320.00000 -1040.00000 976.00000 1420.00000 -1088.00000 976.00000 1320.00000 -1088.00000 976.00000
3 0x2E4D7BD 1320.00000 -1040.00000 976.00000 1420.00000 -1040.00000 976.00000 1420.00000 -1088.00000 976.00000
3 0x2E4D7BD 1320.00000 -1040.00000 1000.00000 1420.00000 -1088.00000 1000.00000 1420.00000 -1040.00000 1000.00000
3 0x2E4D7BD 1320.00000 -1040.00000 1000.00000 1320.00000 -1088.00000 1000.00000 1420.00000 -1088.00000 1000.00000
3 0x2E4D7BD 1320.00000 -1040.00000 976.00000 1320.00000 -1088.00000 1000.00000 1320.00000 -1040.00000 1000.00000
3 0x2E4D7BD 1320.00000 -1040.00000 976.00000 1320.00000 -1088.00000 976.00000 1320.00000 -1088.00000 1000.00000
3 0x2E4D7BD 1420.00000 -1040.00000 976.00000 1420.00000 -1088.00000 1000.00000 1420.00000 -1088.00000 976.00000
3 0x2E4D7BD 1420.00000 -1040.00000 976.00000 1420.00000 -1040.00000 1000.00000 1420.00000 -1088.00000 1000.00000
3 0x2E4D7BD 1320.00000 -1088.00000 976.00000 1420.00000 -1088.00000 1000.00000 1420.00000 -1088.00000 976.00000
3 0x2E4D7BD 1320.00000 -1088.00000 976.00000 1320.00000 -1088.00000 1000.00000 1420.00000 -1088.00000 1000.00000
3 0x2E4D7BD 1320.00000 -1278.00000 976.00000 1420.00000 -1278.00000 1000.00000 1320.00000 -1278.00000 1000.00000
3 0x2E4D7BD 1320.00000 -1278.00000 976.00000 1420.00000 -1278.00000 976.00000 1420.00000 -1278.00000 1000.00000
3 0x2E4D7BD 1320.00000 -1088.00000 976.00000 1420.00000 -1278.00000 976.00000 1320.00000 -1278.00000 976.00000
3 0x2E4D7BD 1320.00000 -1088.00000 976.00000 1420.00000 -1088.00000 976.00000 1420.00000 -1278.00000 976.00000
3 0x2E4D7BD 1320.00000 -1088.00000 1000.00000 1420.00000 -1278.00000 1000.00000 1420.00000 -1088.00000 1000.00000
3 0x2E4D7BD 1320.00000 -1088.00000 1000.00000 1320.00000 -1278.00000 1000.00000 1420.00000 -1278.00000 1000.00000
3 0x2E4D7BD 1320.00000 -1088.00000 976.00000 1320.00000 -1278.00000 1000.00000 1320.00000 -1088.00000 1000.00000
3 0x2E4D7BD 1320.00000 -1088.00000 976.00000 1320.00000 -1278.00000 976.00000 1320.00000 -1278.00000 1000.00000
3 0x2E4D7BD 1420.00000 -1088.00000 976.00000 1420.00000 -1278.00000 1000.00000 1420.00000 -1278.00000 976.00000
3 0x2E4D7BD 1420.00000 -1088.00000 976.00000 1420.00000 -1088.00000 1000.00000 1420.00000 -1278.00000 1000.00000
3 0x2E4D7BD 1320.00000 -1278.00000 976.00000 1420.00000 -1278.00000 1000.00000 1420.00000 -1278.00000 976.00000
3 0x2E4D7BD 1320.00000 -1278.00000 976.00000 1320.00000 -1278.00000 1000.00000 1420.00000 -1278.00000 1000.00000
3 0x2E4D7BD 1320.00000 -1320.00000 976.00000 1420.00000 -1320.00000 1000.00000 1320.00000 -1320.00000 1000.00000
3 0x2E4D7BD 1320.00000 -1320.00000 976.00000 1420.00000 -1320.00000 976.00000 1420.00000 -1320.00000 1000.00000
3 0x2E4D7BD 1320.00000 -1278.00000 976.00000 1420.00000 -1320.00000 976.00000 1320.00000 -1320.00000 976.00000
3 0x2E4D7BD 1320.00000 -1278.00000 976.00000 1420.00000 -1278.00000 976.00000 1420.00000 -1320.00000 976.00000
3 0x2E4D7BD 1320.00000 -1278.00000 1000.00000 1420.00000 -1320.00000 1000.00000 1420.00000 -1278.00000 1000.00000
3 0x2E4D7BD 1320.00000 -1278.00000 1000.00000 1320.00000 -1320.00000 1000.00000 1420.00000 -1320.00000 1000.00000
3 0x2E4D7BD 1320.00000 -1278.00000 976.00000 1320.00000 -1320.00000 1000.00000 1320.00000 -1278.00000 1000.00000
3 0x2E4D7BD 1320.00000 -1278.00000 976.00000 1320.00000 -1320.00000 976.00000 1320.00000 -1320.00000 1000.00000
3 0x2E4D7BD 1420.00000 -1278.00000 976.00000 1420.00000 -1320.00000 1000.00000 1420.00000 -1320.00000 976.00000
3 0x2E4D7BD 1420.00000 -1278.00000 976.00000 1420.00000 -1278.00000 1000.00000 1420.00000 -1320.00000 1000.00000
3 0x2E4D7BD 1420.00000 -1040.00000 976.00000 1540.00000 -1040.00000 1000.00000 1540.00000 -1040.00000 976.00000
3 0x2E4D7BD 1420.00000 -1040.00000 976.00000 1420.00000 -1040.00000 1000.00000 1540.00000 -1040.00000 1000.00000
3 0x2E4D7BD 1420.00000 -1088.00000 976.00000 1540.00000 -1088.00000 1000.00000 1420.00000 -1088.00000 1000.00000
3 0x2E4D7BD 1420.00000 -1088.00000 976.00000 1540.00000 -1088.00000 976.00000 1540.00000 -1088.00000 1000.00000
3 0x2E4D7BD 1420.00000 -1040.00000 976.00000 1540.00000 -1088.00000 976.00000 1420.00000 -1088.00000 976.00000
3 0x2E4D7BD 1420.00000 -1040.00000 976.00000 1540.00000 -1040.00000 976.00000 1540.00000 -1088.00000 976.00000
3 0x2E4D7BD 1420.00000 -1040.00000 1000.00000 1540.00000 -1088.00000 1000.00000 1540.00000 -1040.00000 1000.00000
3 0x2E4D7BD 1420.00000 -1040.00000 1000.00000 1420.00000 -1088.00000 1000.00000 1540.00000 -1088.00000 1000.00000
3 0x2E4D7BD 1420.00000 -1040.00000 976.00000 1420.00000 -1088.00000 1000.00000 1420.00000 -1040.00000 1000.00000
3 0x2E4D7BD 1420.00000 -1040.00000 976.00000 1420.00000 -1088.00000 976.00000 1420.00000 -1088.00000 1000.00000
3 0x2E4D7BD 1540.00000 -1040.00000 976.00000 1540.00000 -1088.00000 1000.00000 1540.00000 -1088.00000 976.00000
3 0x2E4D7BD 1540.00000 -1040.00000 976.00000 1540.00000 -1040.00000 1000.00000 1540.00000 -1088.00000 1000.00000
3 0x2E4D7BD 1420.00000 -1278.00000 976.00000 1540.00000 -1278.00000 1000.00000 1540.00000 -1278.00000 976.00000
3 0x2E4D7BD 1420.00000 -1278.00000 976.00000 1420.00000 -1278.00000 1000.00000 1540.00000 -1278.00000 1000.00000
3 0x2E4D7BD 1420.00000 -1320.00000 976.00000 1540.00000 -1320.00000 1000.00000 1420.00000 -1320.00000 1000.00000
3 0x2E4D7BD 1420.00000 -1320.00000 976.00000 1540.00000 -1320.00000 976.00000 1540.00000 -1320.00000 1000.00000
3 0x2E4D7BD 1420.00000 -1278.00000 976.00000 1540.00000 -1320.00000 976.00000 1420.00000 -1320.00000 976.00000
3 0x2E4D7BD 1420.00000 -1278.00000 976.00000 1540.00000 -1278.00000 976.00000 1540.00000 -1320.00000 976.00000
3 0x2E4D7BD 1420.00000 -1278.00000 1000.00000 1540.00000 -1320.00000 1000.00000 1540.00000 -1278.00000 1000.00000
3 0x2E4D7BD 1420.00000 -1278.00000 1000.00000 1420.00000 -1320.00000 1000.00000 1540.00000 -1320.00000 1000.00000
3 0x2E4D7BD 1420.00000 -1278.00000 976.00000 1420.00000 -1320.00000 1000.00000 1420.00000 -1278.00000 1000.00000
3 0x2E4D7BD 1420.00000 -1278.00000 976.00000 1420.00000 -1320.00000 976.00000 1420.00000 -1320.00000 1000.00000
3 0x2E4D7BD 1540.00000 -1278.00000 976.00000 1540.00000 -1320.00000 1000.00000 1540.00000 -1320.00000 976.00000
3 0x2E4D7BD 1540.00000 -1278.00000 976.00000 1540.00000 -1278.00000 1000.00000 1540.00000 -1320.00000 1000.00000
3 0x2E4D7BD 1540.00000 -1040.00000 976.00000 1660.00000 -1040.00000 1000.00000 1660.00000 -1040.00000 976.00000
3 0x2E4D7BD 1540.00000 -1040.00000 976.00000 1540.00000 -1040.00000 1000.00000 1660.00000 -1040.00000 1000.00000
3 0x2E4D7BD 1540.00000 -1088.00000 976.00000 1660.00000 -1088.00000 1000.00000 1540.00000 -1088.00000 1000.00000
3 0x2E4D7BD 1540.00000 -1088.00000 976.00000 1660.00000 -1088.00000 976.00000 1660.00000 -1088.00000 1000.00000
3 0x2E4D7BD 1540.00000 -1040.00000 976.00000 1660.00000 -1088.00000 976.00000 1540.00000 -1088.00000 976.00000
3 0x2E4D7BD 1540.00000 -1040.00000 976.00000 1660.00000 -1040.00000 976.00000 1660.00000 -1088.00000 976.00000
3 0x2E4D7BD 1540.00000 -1040.00000 1000.00000 1660.00000 -1088.00000 1000.00000 1660.00000 -1040.00000 1000.00000
3 0x2E4D7BD 1540.00000 -1040.00000 1000.00000 1540.00000 -1088.00000 1000.00000 1660.00000 -1088.00000 1000.00000
3 0x2E4D7BD 1540.00000 -1040.00000 976.00000 1540.00000 -1088.00000 1000.00000 1540.00000 -1040.00000 1000.00000
3 0x2E4D7BD 1540.00000 -1040.00000 976.00000 1540.00000 -1088.00000 976.00000 1540.00000 -1088.00000 1000.00000
3 0x2E4D7BD 1660.00000 -1040.00000 976.00000 1660.00000 -1088.00000 1000.00000 1660.00000 -1088.00000 976.00000
3 0x2E4D7BD 1660.00000 -1040.00000 976.00000 1660.00000 -1040.00000 1000.00000 1660.00000 -1088.00000 1000.00000
3 0x2E4D7BD 1540.00000 -1088.00000 976.00000 1660.00000 -1088.00000 1000.00000 1660.00000 -1088.00000 976.00000
3 0x2E4D7BD 1540.00000 -1088.00000 976.00000 1540.00000 -1088.00000 1000.00000 1660.00000 -1088.00000 1000.00000
3 0x2E4D7BD 1540.00000 -1278.00000 976.00000 1660.00000 -1278.00000 1000.00000 1540.00000 -1278.00000 1000.00000
3 0x2E4D7BD 1540.00000 -1278.00000 976.00000 1660.00000 -1278.00000 976.00000 1660.00000 -1278.00000 1000.00000
3 0x2E4D7BD 1540.00000 -1088.00000 976.00000 1660.00000 -1278.00000 976.00000 1540.00000 -1278.00000 976.00000
3 0x2E4D7BD 1540.00000 -1088.00000 976.00000 1660.00000 -1088.00000 976.00000 1660.00000 -1278.00000 976.00000
3 0x2E4D7BD 1540.00000 -1088.00000 1000.00000 1660.00000 -1278.00000 1000.00000 1660.00000 -1088.00000 1000.00000
3 0x2E4D7BD 1540.00000 -1088.00000 1000.00000 1540.00000 -1278.00000 1000.00000 1660.00000 -1278.00000 1000.00000
3 0x2E4D7BD 1540.00000 -1088.00000 976.00000 1540.00000 -1278.00000 1000.00000 1540.00000 -1088.00000 1000.00000
3 0x2E4D7BD 1540.00000 -1088.00000 976.00000 1540.00000 -1278.00000 976.00000 1540.00000 -1278.00000 1000.00000
3 0x2E4D7BD 1660.00000 -1088.00000 976.00000 1660.00000 -1278.00000 1000.00000 1660.00000 -1278.00000 976.00000
3 0x2E4D7BD 1660.00000 -1088.00000 976.00000 1660.00000 -1088.00000 1000.00000 1660.00000 -1278.00000 1000.00000
3 0x2E4D7BD 1540.00000 -1278.00000 976.00000 1660.00000 -1278.00000 1000.00000 1660.00000 -1278.00000 976.00000
3 0x2E4D7BD 1540.00000 -1278.00000 976.00000 1540.00000 -1278.00000 1000.00000 1660.00000 -1278.00000 1000.00000
3 0x2E4D7BD 1540.00000 -1320.00000 976.00000 1660.00000 -1320.00000 1000.00000 1540.00000 -1320.00000 1000.00000
3 0x2E4D7BD 1540.00000 -1320.00000 976.00000 1660.00000 -1320.00000 976.00000 1660.00000 -1320.00000 1000.00000
3 0x2E4D7BD 1540.00000 -1278.00000 976.00000 1660.00000 -1320.00000 976.00000 1540.00000 -1320.00000 976.00000
3 0x2E4D7BD 1540.00000 -1278.00000 976.00000 1660.00000 -1278.00000 976.00000 1660.00000 -1320.00000 976.00000
3 0x2E4D7BD 1540.00000 -1278.00000 1000.00000 1660.00000 -1320.00000 1000.00000 1660.00000 -1278.00000 1000.00000
3 0x2E4D7BD 1540.00000 -1278.00000 1000.00000 1540.00000 -1320.00000 1000.00000 1660.00000 -1320.00000 1000.00000
3 0x2E4D7BD 1540.00000 -1278.00000 976.00000 1540.00000 -1320.00000 1000.00000 1540.00000 -1278.00000 1000.00000
3 0x2E4D7BD 1540.00000 -1278.00000 976.00000 1540.00000 -1320.00000 976.00000 1540.00000 -1320.00000 1000.00000
3 0x2E4D7BD 1660.00000 -1278.00000 976.00000 1660.00000 -1320.00000 1000.00000 1660.00000 -1320.00000 976.00000
3 0x2E4D7BD 1660.00000 -1278.00000 976.00000 1660.00000 -1278.00000 1000.00000 1660.00000 -1320.00000 1000.00000
3 0x2E4D7BD 1660.00000 -1040.00000 976.00000 1780.00000 -1040.00000 1000.00000 1780.00000 -1040.00000 976.00000
3 0x2E4D7BD 1660.00000 -1040.00000 976.00000 1660.00000 -1040.00000 1000.00000 1780.00000 -1040.00000 1000.00000
3 0x2E4D7BD 1660.00000 -1088.00000 976.00000 1780.00000 -1088.00000 1000.00000 1660.00000 -1088.00000 1000.00000
3 0x2E4D7BD 1660.00000 -1088.00000 976.00000 1780.00000 -1088.00000 976.00000 1780.00000 -1088.00000 1000.00000
3 0x2E4D7BD 1660.00000 -1040.00000 976.00000 1780.00000 -1088.00000 976.00000 1660.00000 -1088.00000 976.00000
3 0x2E4D7BD 1660.00000 -1040.00000 976.00000 1780.00000 -1040.00000 976.00000 1780.00000 -1088.00000 976.00000
3 0x2E4D7BD 1660.00000 -1040.00000 1000.00000 1780.00000 -1088.00000 1000.00000 1780.00000 -1040.00000 1000.00000
3 0x2E4D7BD 1660.00000 -1040.00000 1000.00000 1660.00000 -1088.00000 1000.00000 1780.00000 -1088.00000 1000.00000
3 0x2E4D7BD 1660.00000 -1040.00000 976.00000 1660.00000 -1088.00000 1000.00000 1660.00000 -1040.00000 1000.00000
3 0x2E4D7BD 1660.00000 -1040.00000 976.00000 1660.00000 -1088.00000 976.00000 1660.00000 -1088.00000 1000.00000
3 0x2E4D7BD 1780.00000 -1040.00000 976.00000 1780.00000 -1088.00000 1000.00000 1780.00000 -1088.00000 976.00000
3 0x2E4D7BD 1780.00000 -1040.00000 976.00000 1780.00000 -1040.00000 1000.00000 1780.00000 -1088.00000 1000.00000
3 0x2E4D7BD 1660.00000 -1278.00000 976.00000 1780.00000 -1278.00000 1000.00000 1780.00000 -1278.00000 976.00000
3 0x2E4D7BD 1660.00000 -1278.00000 976.00000 1660.00000 -1278.00000 1000.00000 1780.00000 -1278.00000 1000.00000
3 0x2E4D7BD 1660.00000 -1320.00000 976.00000 1780.00000 -1320.00000 1000.00000 1660.00000 -1320.00000 1000.00000
3 0x2E4D7BD 1660.00000 -1320.00000 976.00000 1780.00000 -1320.00000 976.00000 1780.00000 -1320.00000 1000.00000
3 0x2E4D7BD 1660.00000 -1278.00000 976.00000 1780.00000 -1320.00000 976.00000 1660.00000 -1320.00000 976.00000
3 0x2E4D7BD 1660.00000 -1278.00000 976.00000 1780.00000 -1278.00000 976.00000 1780.00000 -1320.00000 976.00000
3 0x2E4D7BD 1660.00000 -1278.00000 1000.00000 1780.00000 -1320.00000 1000.00000 1780.00000 -1278.00000 1000.00000
3 0x2E4D7BD 1660.00000 -1278.00000 1000.00000 1660.00000 -1320.00000 1000.00000 1780.00000 -1320.00000 1000.00000
3 0x2E4D7BD 1660.00000 -1278.00000 976.00000 1660.00000 -1320.00000 1000.00000 1660.00000 -1278.00000 1000.00000
3 0x2E4D7BD 1660.00000 -1278.00000 976.00000 1660.00000 -1320.00000 976.00000 1660.00000 -1320.00000 1000.00000
3 0x2E4D7BD 1780.00000 -1278.00000 976.00000 1780.00000 -1320.00000 1000.00000 1780.00000 -1320.00000 976.00000
3 0x2E4D7BD 1780.00000 -1278.00000 976.00000 1780.00000 -1278.00000 1000.00000 1780.00000 -1320.00000 1000.00000
3 0x2E4D7BD 1780.00000 -1040.00000 976.00000 1880.00000 -1040.00000 1000.00000 1880.00000 -1040.00000 976.00000
3 0x2E4D7BD 1780.00000 -1040.00000 976.00000 1780.00000 -1040.00000 1000.00000 1880.00000 -1040.00000 1000.00000
3 0x2E4D7BD 1780.00000 -1088.00000 976.00000 1880.00000 -1088.00000 1000.00000 1780.00000 -1088.00000 1000.00000
3 0x2E4D7BD 1780.00000 -1088.00000 976.00000 1880.00000 -1088.00000 976.00000 1880.00000 -1088.00000 1000.00000
3 0x2E4D7BD 1780.00000 -1040.00000 976.00000 1880.00000 -1088.00000 976.00000 1780.00000 -1088.00000 976.00000
3 0x2E4D7BD 1780.00000 -1040.00000 976.00000 1880.00000 -1040.00000 976.00000 1880.00000 -1088.00000 976.00000
3 0x2E4D7BD 1780.00000 -1040.00000 1000.00000 1880.00000 -1088.00000 1000.00000 1880.00000 -1040.00000 1000.00000
3 0x2E4D7BD 1780.00000 -1040.00000 1000.00000 1780.00000 -1088.00000 1000.00000 1880.00000 -1088.00000 1000.00000
3 0x2E4D7BD 1780.00000 -1040.00000 976.00000 1780.00000 -1088.00000 1000.00000 1780.00000 -1040.00000 1000.00000
3 0x2E4D7BD 1780.00000 -1040.00000 976.00000 1780.00000 -1088.00000 976.00000 1780.00000 -1088.00000 1000.00000
3 0x2E4D7BD 1880.00000 -1040.00000 976.00000 1880.00000 -1088.00000 1000.00000 1880.00000 -1088.00000 976.00000
3 0x2E4D7BD 1880.00000 -1040.00000 976.00000 1880.00000 -1040.00000 1000.00000 1880.00000 -1088.00000 1000.00000
3 0x2E4D7BD 1780.00000 -1088.00000 976.00000 1880.00000 -1088.00000 1000.00000 1880.00000 -1088.00000 976.00000
3 0x2E4D7BD 1780.00000 -1088.00000 976.00000 1780.00000 -1088.00000 1000.00000 1880.00000 -1088.00000 1000.00000
3 0x2E4D7BD 1780.00000 -1278.00000 976.00000 1880.00000 -1278.00000 1000.00000 1780.00000 -1278.00000 1000.00000
3 0x2E4D7BD 1780.00000 -1278.00000 976.00000 1880.00000 -1278.00000 976.00000 1880.00000 -1278.00000 1000.00000
3 0x2E4D7BD 1780.00000 -1088.00000 976.00000 1880.00000 -1278.00000 976.00000 1780.00000 -1278.00000 976.00000
3 0x2E4D7BD 1780.00000 -1088.00000 976.00000 1880.00000 -1088.00000 976.00000 1880.00000 -1278.00000 976.00000
3 0x2E4D7BD 1780.00000 -1088.00000 1000.00000 1880.00000 -1278.00000 1000.00000 1880.00000 -1088.00000 1000.00000
3 0x2E4D7BD 1780.00000 -1088.00000 1000.00000 1780.00000 -1278.00000 1000.00000 1880.00000 -1278.00000 1000.00000
3 0x2E4D7BD 1780.00000 -1088.00000 976.00000 1780.00000 -1278.00000 1000.00000 1780.00000 -1088.00000 1000.00000
3 0x2E4D7BD 1780.00000 -1088.00000 976.00000 1780.00000 -1278.00000 976.00000 1780.00000 -1278.00000 1000.00000
3 0x2E4D7BD 1880.00000 -1088.00000 976.00000 1880.00000 -1278.00000 1000.00000 1880.00000 -1278.00000 976.00000
3 0x2E4D7BD 1880.00000 -1088.00000 976.00000 1880.00000 -1088.00000 1000.00000 1880.00000 -1278.00000 1000.00000
3 0x2E4D7BD 1780.00000 -1278.00000 976.00000 1880.00000 -1278.00000 1000.00000 1880.00000 -1278.00000 976.00000
3 0x2E4D7BD 1780.00000 -1278.00000 976.00000 1780.00000 -1278.00000 1000.00000 1880.00000 -1278.00000 1000.00000
3 0x2E4D7BD 1780.00000 -1320.00000 976.00000 1880.00000 -1320.00000 1000.00000 1780.00000 -1320.00000 1000.00000
3 0x2E4D7BD 1780.00000 -1320.00000 976.00000 1880.00000 -1320.00000 976.00000 1880.00000 -1320.00000 1000.00000
3 0x2E4D7BD 1780.00000 -1278.00000 976.00000 1880.00000 -1320.00000 976.00000 1780.00000 -1320.00000 976.00000
3 0x2E4D7BD 1780.00000 -1278.00000 976.00000 1880.00000 -1278.00000 976.00000 1880.00000 -1320.00000 976.00000
3 0x2E4D7BD 1780.00000 -1278.00000 1000.00000 1880.00000 -1320.00000 1000.00000 1880.00000 -1278.00000 1000.00000
3 0x2E4D7BD 1780.00000 -1278.00000 1000.00000 1780.00000 -1320.00000 1000.00000 1880.00000 -1320.00000 1000.00000
3 0x2E4D7BD 1780.00000 -1278.00000 976.00000 1780.00000 -1320.00000 1000.00000 1780.00000 -1278.00000 1000.00000
3 0x2E4D7BD 1780.00000 -1278.00000 976.00000 1780.00000 -1320.00000 976.00000 1780.00000 -1320.00000 1000.00000
3 0x2E4D7BD 1880.00000 -1278.00000 976.00000 1880.00000 -1320.00000 1000.00000 1880.00000 -1320.00000 976.00000
3 0x2E4D7BD 1880.00000 -1278.00000 976.00000 1880.00000 -1278.00000 1000.00000 1880.00000 -1320.00000 1000.00000
3 0x2F1E6D0 1306.00000 -1320.00000 466.00000 1894.00000 -1320.00000 1014.00000 1894.00000 -1320.00000 466.00000
3 0x2F1E6D0 1306.00000 -1320.00000 466.00000 1306.00000 -1320.00000 1014.00000 1894.00000 -1320.00000 1014.00000
3 0x2F1E6D0 1306.00000 -1335.00000 466.00000 1894.00000 -1335.00000 1014.00000 1306.00000 -1335.00000 1014.00000
3 0x2F1E6D0 1306.00000 -1335.00000 466.00000 1894.00000 -1335.00000 466.00000 1894.00000 -1335.00000 1014.00000
3 0x2F1E6D0 1306.00000 -1320.00000 466.00000 1894.00000 -1335.00000 466.00000 1306.00000 -1335.00000 466.00000
3 0x2F1E6D0 1306.00000 -1320.00000 466.00000 1894.00000 -1320.00000 466.00000 1894.00000 -1335.00000 466.00000
3 0x2F1E6D0 1306.00000 -1320.00000 1014.00000 1894.00000 -1335.00000 1014.00000 1894.00000 -1320.00000 1014.00000
3 0x2F1E6D0 1306.00000 -1320.00000 1014.00000 1306.00000 -1335.00000 1014.00000 1894.00000 -1335.00000 1014.00000
3 0x2F1E6D0 1306.00000 -1320.00000 466.00000 1306.00000 -1335.00000 1014.00000 1306.00000 -1320.00000 1014.00000
3 0x2F1E6D0 1306.00000 -1320.00000 466.00000 1306.00000 -1335.00000 466.00000 1306.00000 -1335.00000 1014.00000
3 0x2F1E6D0 1894.00000 -1320.00000 466.00000 1894.00000 -1335.00000 1014.00000 1894.00000 -1335.00000 466.00000
3 0x2F1E6D0 1894.00000 -1320.00000 466.00000 1894.00000 -1320.00000 1014.00000 1894.00000 -1335.00000 1014.00000
3 0x2F1E6D0 1340.00000 -1040.00000 1000.00000 1860.00000 -1040.00000 1060.00000 1860.00000 -1040.00000 1000.00000
3 0x2F1E6D0 1340.00000 -1040.00000 1000.00000 1340.00000 -1040.00000 1060.00000 1860.00000 -1040.00000 1060.00000
3 0x2F1E6D0 1340.00000 -1056.00000 1000.00000 1860.00000 -1056.00000 1060.00000 1340.00000 -1056.00000 1060.00000
3 0x2F1E6D0 1340.00000 -1056.00000 1000.00000 1860.00000 -1056.00000 1000.00000 1860.00000 -1056.00000 1060.00000
3 0x2F1E6D0 1340.00000 -1040.00000 1000.00000 1860.00000 -1056.00000 1000.00000 1340.00000 -1056.00000 1000.00000
3 0x2F1E6D0 1340.00000 -1040.00000 1000.00000 1860.00000 -1040.00000 1000.00000 1860.00000 -1056.00000 1000.00000
3 0x2F1E6D0 1340.00000 -1040.00000 1060.00000 1860.00000 -1056.00000 1060.00000 1860.00000 -1040.00000 1060.00000
3 0x2F1E6D0 1340.00000 -1040.00000 1060.00000 1340.00000 -1056.00000 1060.00000 1860.00000 -1056.00000 1060.00000
3 0x2F1E6D0 1340.00000 -1040.00000 1000.00000 1340.00000 -1056.00000 1060.00000 1340.00000 -1040.00000 1060.00000
3 0x2F1E6D0 1340.00000 -1040.00000 1000.00000 1340.00000 -1056.00000 1000.00000 1340.00000 -1056.00000 1060.00000
3 0x2F1E6D0 1860.00000 -1040.00000 1000.00000 1860.00000 -1056.00000 1060.00000 1860.00000 -1056.00000 1000.00000
3 0x2F1E6D0 1860.00000 -1040.00000 1000.00000 1860.00000 -1040.00000 1060.00000 1860.00000 -1056.00000 1060.00000
3 0x2B47152 1290.00000 -1335.00000 450.00000 1620.00000 -1455.00000 740.00000 1910.00000 -1335.00000 450.00000
3 0x2B47152 1290.00000 -1335.00000 450.00000 1580.00000 -1455.00000 740.00000 1620.00000 -1455.00000 740.00000
3 0x2B47152 1910.00000 -1335.00000 450.00000 1620.00000 -1455.00000 740.00000 1910.00000 -1335.00000 1030.00000
3 0x2B47152 1910.00000 -1335.00000 1030.00000 1580.00000 -1455.00000 740.00000 1290.00000 -1335.00000 1030.00000
3 0x2B47152 1910.00000 -1335.00000 1030.00000 1620.00000 -1455.00000 740.00000 1580.00000 -1455.00000 740.00000
3 0x2B47152 1290.00000 -1335.00000 1030.00000 1580.00000 -1455.00000 740.00000 1290.00000 -1335.00000 450.00000
3 0x2706C61 120.00000 -810.00000 820.00000 140.00000 -810.00000 840.00000 140.00000 -810.00000 820.00000
3 0x2706C61 120.00000 -810.00000 820.00000 120.00000 -810.00000 840.00000 140.00000 -810.00000 840.00000
3 0x2706C61 120.00000 -1010.00000 820.00000 140.00000 -1010.00000 840.00000 120.00000 -1010.00000 840.00000
3 0x2706C61 120.00000 -1010.00000 820.00000 140.00000 -1010.00000 820.00000 140.00000 -1010.00000 840.00000
3 0x2706C61 120.00000 -810.00000 820.00000 140.00000 -1010.00000 820.00000 120.00000 -1010.00000 820.00000
3 0x2706C61 120.00000 -810.00000 820.00000 140.00000 -810.00000 820.00000 140.00000 -1010.00000 820.00000
3 0x2706C61 120.00000 -810.00000 840.00000 140.00000 -1010.00000 840.00000 140.00000 -810.00000 840.00000
3 0x2706C61 120.00000 -810.00000 840.00000 120.00000 -1010.00000 840.00000 140.00000 -1010.00000 840.00000
3 0x2706C61 120.00000 -810.00000 820.00000 120.00000 -1010.00000 840.00000 120.00000 -810.00000 840.00000
3 0x2706C61 120.00000 -810.00000 820.00000 120.00000 -1010.00000 820.00000 120.00000 -1010.00000 840.00000
3 0x2706C61 140.00000 -810.00000 820.00000 140.00000 -1010.00000 840.00000 140.00000 -1010.00000 820.00000
3 0x2706C61 140.00000 -810.00000 820.00000 140.00000 -810.00000 840.00000 140.00000 -1010.00000 840.00000
3 0x2706C61 120.00000 -810.00000 1040.00000 140.00000 -810.00000 1060.00000 140.00000 -810.00000 1040.00000
3 0x2706C61 120.00000 -810.00000 1040.00000 120.00000 -810.00000 1060.00000 140.00000 -810.00000 1060.00000
3 0x2706C61 120.00000 -1010.00000 1040.00000 140.00000 -1010.00000 1060.00000 120.00000 -1010.00000 1060.00000
3 0x2706C61 120.00000 -1010.00000 1040.00000 140.00000 -1010.00000 1040.00000 140.00000 -1010.00000 1060.00000
3 0x2706C61 120.00000 -810.00000 1040.00000 140.00000 -1010.00000 1040.00000 120.00000 -1010.00000 1040.00000
3 0x2706C61 120.00000 -810.00000 1040.00000 140.00000 -810.00000 1040.00000 140.00000 -1010.00000 1040.00000
3 0x2706C61 120.00000 -810.00000 1060.00000 140.00000 -1010.00000 1060.00000 140.00000 -810.00000 1060.00000
3 0x2706C61 120.00000 -810.00000 1060.00000 120.00000 -1010.00000 1060.00000 140.00000 -1010.00000 1060.00000
3 0x2706C61 120.00000 -810.00000 1040.00000 120.00000 -1010.00000 1060.00000 120.00000 -810.00000 1060.00000
3 0x2706C61 120.00000 -810.00000 1040.00000 120.00000 -1010.00000 1040.00000 120.00000 -1010.00000 1060.00000
3 0x2706C61 140.00000 -810.00000 1040.00000 140.00000 -1010.00000 1060.00000 140.00000 -1010.00000 1040.00000
3 0x2706C61 140.00000 -810.00000 1040.00000 140.00000 -810.00000 1060.00000 140.00000 -1010.00000 1060.00000
3 0x2706C61 400.00000 -810.00000 820.00000 420.00000 -810.00000 840.00000 420.00000 -810.00000 820.00000
3 0x2706C61 400.00000 -810.00000 820.00000 400.00000 -810.00000 840.00000 420.00000 -810.00000 840.00000
3 0x2706C61 400.00000 -1010.00000 820.00000 420.00000 -1010.00000 840.00000 400.00000 -1010.00000 840.00000
3 0x2706C61 400.00000 -1010.00000 820.00000 420.00000 -1010.00000 820.00000 420.00000 -1010.00000 840.00000
3 0x2706C61 400.00000 -810.00000 820.00000 420.00000 -1010.00000 820.00000 400.00000 -1010.00000 820.00000
3 0x2706C61 400.00000 -810.00000 820.00000 420.00000 -810.00000 820.00000 420.00000 -1010.00000 820.00000
3 0x2706C61 400.00000 -810.00000 840.00000 420.00000 -1010.00000 840.00000 420.00000 -810.00000 840.00000
3 0x2706C61 400.00000 -810.00000 840.00000 400.00000 -1010.00000 840.00000 420.00000 -1010.00000 840.00000
3 0x2706C61 400.00000 -810.00000 820.00000 400.00000 -1010.00000 840.00000 400.00000 -810.00000 840.00000
3 0x2706C61 400.00000 -810.00000 820.00000 400.00000 -1010.00000 820.00000 400.00000 -1010.00000 840.00000
3 0x2706C61 420.00000 -810.00000 820.00000 420.00000 -1010.00000 840.00000 420.00000 -1010.00000 820.00000
3 0x2706C61 420.00000 -810.00000 820.00000 420.00000 -810.00000 840.00000 420.00000 -1010.00000 840.00000
3 0x2706C61 400.00000 -810.00000 1040.00000 420.00000 -810.00000 1060.00000 420.00000 -810.00000 1040.00000
3 0x2706C61 400.00000 -810.00000 1040.00000 400.00000 -810.00000 1060.00000 420.00000 -810.00000 1060.00000
3 0x2706C61 400.00000 -1010.00000 1040.00000 420.00000 -1010.00000 1060.00000 400.00000 -1010.00000 1060.00000
3 0x2706C61 400.00000 -1010.00000 1040.00000 420.00000 -1010.00000 1040.00000 420.00000 -1010.00000 1060.00000
3 0x2706C61 400.00000 -810.00000 1040.00000 420.00000 -1010.00000 1040.00000 400.00000 -1010.00000 1040.00000
3 0x2706C61 400.00000 -810.00000 1040.00000 420.00000 -810.00000 1040.00000 420.00000 -1010.00000 1040.00000
3 0x2706C61 400.00000 -810.00000 1060.00000 420.00000 -1010.00000 1060.00000 420.00000 -810.00000 1060.00000
3 0x2706C61 400.00000 -810.00000 1060.00000 400.00000 -1010.00000 1060.00000 420.00000 -1010.00000 1060.00000
3 0x2706C61 400.00000 -810.00000 1040.00000 400.00000 -1010.00000 1060.00000 400.00000 -810.00000 1060.00000
3 0x2706C61 400.00000 -810.00000 1040.00000 400.00000 -1010.00000 1040.00000 400.00000 -1010.00000 1060.00000
3 0x2706C61 420.00000 -810.00000 1040.00000 420.00000 -1010.00000 1060.00000 420.00000 -1010.00000 1040.00000
3 0x2706C61 420.00000 -810.00000 1040.00000 420.00000 -810.00000 1060.00000 420.00000 -1010.00000 1060.00000
3 0x2706C61 120.00000 -1010.00000 820.00000 420.00000 -1010.00000 840.00000 420.00000 -1010.00000 820.00000
3 0x2706C61 120.00000 -1010.00000 820.00000 120.00000 -1010.00000 840.00000 420.00000 -1010.00000 840.00000
3 0x2706C61 120.00000 -1030.00000 820.00000 420.00000 -1030.00000 840.00000 120.00000 -1030.00000 840.00000
3 0x2706C61 120.00000 -1030.00000 820.00000 420.00000 -1030.00000 820.00000 420.00000 -1030.00000 840.00000
3 0x2706C61 120.00000 -1010.00000 820.00000 420.00000 -1030.00000 820.00000 120.00000 -1030.00000 820.00000
3 0x2706C61 120.00000 -1010.00000 820.00000 420.00000 -1010.00000 820.00000 420.00000 -1030.00000 820.00000
3 0x2706C61 120.00000 -1010.00000 840.00000 420.00000 -1030.00000 840.00000 420.00000 -1010.00000 840.00000
3 0x2706C61 120.00000 -1010.00000 840.00000 120.00000 -1030.00000 840.00000 420.00000 -1030.00000 840.00000
3 0x2706C61 120.00000 -1010.00000 820.00000 120.00000 -1030.00000 840.00000 120.00000 -1010.00000 840.00000
3 0x2706C61 120.00000 -1010.00000 820.00000 120.00000 -1030.00000 820.00000 120.00000 -1030.00000 840.00000
3 0x2706C61 420.00000 -1010.00000 820.00000 420.00000 -1030.00000 840.00000 420.00000 -1030.00000 820.00000
3 0x2706C61 420.00000 -1010.00000 820.00000 420.00000 -1010.00000 840.00000 420.00000 -1030.00000 840.00000
3 0x2706C61 120.00000 -1010.00000 1040.00000 420.00000 -1010.00000 1060.00000 420.00000 -1010.00000 1040.00000
3 0x2706C61 120.00000 -1010.00000 1040.00000 120.00000 -1010.00000 1060.00000 420.00000 -1010.00000 1060.00000
3 0x2706C61 120.00000 -1030.00000 1040.00000 420.00000 -1030.00000 1060.00000 120.00000 -1030.00000 1060.00000
3 0x2706C61 120.00000 -1030.00000 1040.00000 420.00000 -1030.00000 1040.00000 420.00000 -1030.00000 1060.00000
3 0x2706C61 120.00000 -1010.00000 1040.00000 420.00000 -1030.00000 1040.00000 120.00000 -1030.00000 1040.00000
3 0x2706C61 120.00000 -1010.00000 1040.00000 420.00000 -1010.00000 1040.00000 420.00000 -1030.00000 1040.00000
3 0x2706C61 120.00000 -1010.00000 1060.00000 420.00000 -1030.00000 1060.00000 420.00000 -1010.00000 1060.00000
3 0x2706C61 120.00000 -1010.00000 1060.00000 120.00000 -1030.00000 1060.00000 420.00000 -1030.00000 1060.00000
3 0x2706C61 120.00000 -1010.00000 1040.00000 120.00000 -1030.00000 1060.00000 120.00000 -1010.00000 1060.00000
3 0x2706C61 120.00000 -1010.00000 1040.00000 120.00000 -1030.00000 1040.00000 120.00000 -1030.00000 1060.00000
3 0x2706C61 420.00000 -1010.00000 1040.00000 420.00000 -1030.00000 1060.00000 420.00000 -1030.00000 1040.00000
3 0x2706C61 420.00000 -1010.00000 1040.00000 420.00000 -1010.00000 1060.00000 420.00000 -1030.00000 1060.00000
3 0x2706C61 120.00000 -1010.00000 820.00000 140.00000 -1010.00000 1060.00000 140.00000 -1010.00000 820.00000
3 0x2706C61 120.00000 -1010.00000 820.00000 120.00000 -1010.00000 1060.00000 140.00000 -1010.00000 1060.00000
3 0x2706C61 120.00000 -1030.00000 820.00000 140.00000 -1030.00000 1060.00000 120.00000 -1030.00000 1060.00000
3 0x2706C61 120.00000 -1030.00000 820.00000 140.00000 -1030.00000 820.00000 140.00000 -1030.00000 1060.00000
3 0x2706C61 120.00000 -1010.00000 820.00000 140.00000 -1030.00000 820.00000 120.00000 -1030.00000 820.00000
3 0x2706C61 120.00000 -1010.00000 820.00000 140.00000 -1010.00000 820.00000 140.00000 -1030.00000 820.00000
3 0x2706C61 120.00000 -1010.00000 1060.00000 140.00000 -1030.00000 1060.00000 140.00000 -1010.00000 1060.00000
3 0x2706C61 120.00000 -1010.00000 1060.00000 120.00000 -1030.00000 1060.00000 140.00000 -1030.00000 1060.00000
3 0x2706C61 120.00000 -1010.00000 820.00000 120.00000 -1030.00000 1060.00000 120.00000 -1010.00000 1060.00000
3 0x2706C61 120.00000 -1010.00000 820.00000 120.00000 -1030.00000 820.00000 120.00000 -1030.00000 1060.00000
3 0x2706C61 140.00000 -1010.00000 820.00000 140.00000 -1030.00000 1060.00000 140.00000 -1030.00000 820.00000
3 0x2706C61 140.00000 -1010.00000 820.00000 140.00000 -1010.00000 1060.00000 140.00000 -1030.00000 1060.00000
3 0x2706C61 400.00000 -1010.00000 820.00000 420.00000 -1010.00000 1060.00000 420.00000 -1010.00000 820.00000
3 0x2706C61 400.00000 -1010.00000 820.00000 400.00000 -1010.00000 1060.00000 420.00000 -1010.00000 1060.00000
3 0x2706C61 400.00000 -1030.00000 820.00000 420.00000 -1030.00000 1060.00000 400.00000 -1030.00000 1060.00000
3 0x2706C61 400.00000 -1030.00000 820.00000 420.00000 -1030.00000 820.00000 420.00000 -1030.00000 1060.00000
3 0x2706C61 400.00000 -1010.00000 820.00000 420.00000 -1030.00000 820.00000 400.00000 -1030.00000 820.00000
3 0x2706C61 400.00000 -1010.00000 820.00000 420.00000 -1010.00000 820.00000 420.00000 -1030.00000 820.00000
3 0x2706C61 400.00000 -1010.00000 1060.00000 420.00000 -1030.00000 1060.00000 420.00000 -1010.00000 1060.00000
3 0x2706C61 400.00000 -1010.00000 1060.00000 400.00000 -1030.00000 1060.00000 420.00000 -1030.00000 1060.00000
3 0x2706C61 400.00000 -1010.00000 820.00000 400.00000 -1030.00000 1060.00000 400.00000 -1010.00000 1060.00000
3 0x2706C61 400.00000 -1010.00000 820.00000 400.00000 -1030.00000 820.00000 400.00000 -1030.00000 1060.00000
3 0x2706C61 420.00000 -1010.00000 820.00000 420.00000 -1030.00000 1060.00000 420.00000 -1030.00000 820.00000
3 0x2706C61 420.00000 -1010.00000 820.00000 420.00000 -1010.00000 1060.00000 420.00000 -1030.00000 1060.00000
3 0x2706C61 1020.00000 -810.00000 720.00000 1040.00000 -810.00000 740.00000 1040.00000 -810.00000 720.00000
3 0x2706C61 1020.00000 -810.00000 720.00000 1020.00000 -810.00000 740.00000 1040.00000 -810.00000 740.00000
3 0x2706C61 1020.00000 -1010.00000 720.00000 1040.00000 -1010.00000 740.00000 1020.00000 -1010.00000 740.00000
3 0x2706C61 1020.00000 -1010.00000 720.00000 1040.00000 -1010.00000 720.00000 1040.00000 -1010.00000 740.00000
3 0x2706C61 1020.00000 -810.00000 720.00000 1040.00000 -1010.00000 720.00000 1020.00000 -1010.00000 720.00000
3 0x2706C61 1020.00000 -810.00000 720.00000 1040.00000 -810.00000 720.00000 1040.00000 -1010.00000 720.00000
3 0x2706C61 1020.00000 -810.00000 740.00000 1040.00000 -1010.00000 740.00000 1040.00000 -810.00000 740.00000
3 0x2706C61 1020.00000 -810.00000 740.00000 1020.00000 -1010.00000 740.00000 1040.00000 -1010.00000 740.00000
3 0x2706C61 1020.00000 -810.00000 720.00000 1020.00000 -1010.00000 740.00000 1020.00000 -810.00000 740.00000
3 0x2706C61 1020.00000 -810.00000 720.00000 1020.00000 -1010.00000 720.00000 1020.00000 -1010.00000 740.00000
3 0x2706C61 1040.00000 -810.00000 720.00000 1040.00000 -1010.00000 740.00000 1040.00000 -1010.00000 720.00000
3 0x2706C61 1040.00000 -810.00000 720.00000 1040.00000 -810.00000 740.00000 1040.00000 -1010.00000 740.00000
3 0x2706C61 1020.00000 -810.00000 920.00000 1040.00000 -810.00000 940.00000 1040.00000 -810.00000 920.00000
3 0x2706C61 1020.00000 -810.00000 920.00000 1020.00000 -810.00000 940.00000 1040.00000 -810.00000 940.00000
3 0x2706C61 1020.00000 -1010.00000 920.00000 1040.00000 -1010.00000 940.00000 1020.00000 -1010.00000 940.00000
3 0x2706C61 1020.00000 -1010.00000 920.00000 1040.00000 -1010.00000 920.00000 1040.00000 -1010.00000 940.00000
3 0x2706C61 1020.00000 -810.00000 920.00000 1040.00000 -1010.00000 920.00000 1020.00000 -1010.00000 920.00000
3 0x2706C61 1020.00000 -810.00000 920.00000 1040.00000 -810.00000 920.00000 1040.00000 -1010.00000 920.00000
3 0x2706C61 1020.00000 -810.00000 940.00000 1040.00000 -1010.00000 940.00000 1040.00000 -810.00000 940.00000
3 0x2706C61 1020.00000 -810.00000 940.00000 1020.00000 -1010.00000 940.00000 1040.00000 -1010.00000 940.00000
3 0x2706C61 1020.00000 -810.00000 920.00000 1020.00000 -1010.00000 940.00000 1020.00000 -810.00000 940.00000
3 0x2706C61 1020.00000 -810.00000 920.00000 1020.00000 -1010.00000 920.00000 1020.00000 -1010.00000 940.00000
3 0x2706C61 1040.00000 -810.00000 920.00000 1040.00000 -1010.00000 940.00000 1040.00000 -1010.00000 920.00000
3 0x2706C61 1040.00000 -810.00000 920.00000 1040.00000 -810.00000 940.00000 1040.00000 -1010.00000 940.00000
3 0x2706C61 1260.00000 -810.00000 720.00000 1280.00000 -810.00000 740.00000 1280.00000 -810.00000 720.00000
3 0x2706C61 1260.00000 -810.00000 720.00000 1260.00000 -810.00000 740.00000 1280.00000 -810.00000 740.00000
3 0x2706C61 1260.00000 -1010.00000 720.00000 1280.00000 -1010.00000 740.00000 1260.00000 -1010.00000 740.00000
3 0x2706C61 1260.00000 -1010.00000 720.00000 1280.00000 -1010.00000 720.00000 1280.00000 -1010.00000 740.00000
3 0x2706C61 1260.00000 -810.00000 720.00000 1280.00000 -1010.00000 720.00000 1260.00000 -1010.00000 720.00000
3 0x2706C61 1260.00000 -810.00000 720.00000 1280.00000 -810.00000 720.00000 1280.00000 -1010.00000 720.00000
3 0x2706C61 1260.00000 -810.00000 740.00000 1280.00000 -1010.00000 740.00000 1280.00000 -810.00000 740.00000
3 0x2706C61 1260.00000 -810.00000 740.00000 1260.00000 -1010.00000 740.00000 1280.00000 -1010.00000 740.00000
3 0x2706C61 1260.00000 -810.00000 720.00000 1260.00000 -1010.00000 740.00000 1260.00000 -810.00000 740.00000
3 0x2706C61 1260.00000 -810.00000 720.00000 1260.00000 -1010.00000 720.00000 1260.00000 -1010.00000 740.00000
3 0x2706C61 1280.00000 -810.00000 720.00000 1280.00000 -1010.00000 740.00000 1280.00000 -1010.00000 720.00000
3 0x2706C61 1280.00000 -810.00000 720.00000 1280.00000 -810.00000 740.00000 1280.00000 -1010.00000 740.00000
3 0x2706C61 1260.00000 -810.00000 920.00000 1280.00000 -810.00000 940.00000 1280.00000 -810.00000 920.00000
3 0x2706C61 1260.00000 -810.00000 920.00000 1260.00000 -810.00000 940.00000 1280.00000 -810.00000 940.00000
3 0x2706C61 1260.00000 -1010.00000 920.00000 1280.00000 -1010.00000 940.00000 1260.00000 -1010.00000 940.00000
3 0x2706C61 1260.00000 -1010.00000 920.00000 1280.00000 -1010.00000 920.00000 1280.00000 -1010.00000 940.00000
3 0x2706C61 1260.00000 -810.00000 920.00000 1280.00000 -1010.00000 920.00000 1260.00000 -1010.00000 920.00000
3 0x2706C61 1260.00000 -810.00000 920.00000 1280.00000 -810.00000 920.00000 1280.00000 -1010.00000 920.00000
3 0x2706C61 1260.00000 -810.00000 940.00000 1280.00000 -1010.00000 940.00000 1280.00000 -810.00000 940.00000
3 0x2706C61 1260.00000 -810.00000 940.00000 1260.00000 -1010.00000 940.00000 1280.00000 -1010.00000 940.00000
3 0x2706C61 1260.00000 -810.00000 920.00000 1260.00000 -1010.00000 940.00000 1260.00000 -810.00000 940.00000
3 0x2706C61 1260.00000 -810.00000 920.00000 1260.00000 -1010.00000 920.00000 1260.00000 -1010.00000 940.00000
3 0x2706C61 1280.00000 -810.00000 920.00000 1280.00000 -1010.00000 940.00000 1280.00000 -1010.00000 920.00000
3 0x2706C61 1280.00000 -810.00000 920.00000 1280.00000 -810.00000 940.00000 1280.00000 -1010.00000 940.00000
3 0x2706C61 1020.00000 -1010.00000 720.00000 1280.00000 -1010.00000 740.00000 1280.00000 -1010.00000 720.00000
3 0x2706C61 1020.00000 -1010.00000 720.00000 1020.00000 -1010.00000 740.00000 1280.00000 -1010.00000 740.00000
3 0x2706C61 1020.00000 -1030.00000 720.00000 1280.00000 -1030.00000 740.00000 1020.00000 -1030.00000 740.00000
3 0x2706C61 1020.00000 -1030.00000 720.00000 1280.00000 -1030.00000 720.00000 1280.00000 -1030.00000 740.00000
3 0x2706C61 1020.00000 -1010.00000 720.00000 1280.00000 -1030.00000 720.00000 1020.00000 -1030.00000 720.00000
3 0x2706C61 1020.00000 -1010.00000 720.00000 1280.00000 -1010.00000 720.00000 1280.00000 -1030.00000 720.00000
3 0x2706C61 1020.00000 -1010.00000 740.00000 1280.00000 -1030.00000 740.00000 1280.00000 -1010.00000 740.00000
3 0x2706C61 1020.00000 -1010.00000 740.00000 1020.00000 -1030.00000 740.00000 1280.00000 -1030.00000 740.00000
3 0x2706C61 1020.00000 -1010.00000 720.00000 1020.00000 -1030.00000 740.00000 1020.00000 -1010.00000 740.00000
3 0x2706C61 1020.00000 -1010.00000 720.00000 1020.00000 -1030.00000 720.00000 1020.00000 -1030.00000 740.00000
3 0x2706C61 1280.00000 -1010.00000 720.00000 1280.00000 -1030.00000 740.00000 1280.00000 -1030.00000 720.00000
3 0x2706C61 1280.00000 -1010.00000 720.00000 1280.00000 -1010.00000 740.00000 1280.00000 -1030.00000 740.00000
3 0x2706C61 1020.00000 -1010.00000 920.00000 1280.00000 -1010.00000 940.00000 1280.00000 -1010.00000 920.00000
3 0x2706C61 1020.00000 -1010.00000 920.00000 1020.00000 -1010.00000 940.00000 1280.00000 -1010.00000 940.00000
3 0x2706C61 1020.00000 -1030.00000 920.00000 1280.00000 -1030.00000 940.00000 1020.00000 -1030.00000 940.00000
3 0x2706C61 1020.00000 -1030.00000 920.00000 1280.00000 -1030.00000 920.00000 1280.00000 -1030.00000 940.00000
3 0x2706C61 1020.00000 -1010.00000 920.00000 1280.00000 -1030.00000 920.00000 1020.00000 -1030.00000 920.00000
3 0x2706C61 1020.00000 -1010.00000 920.00000 1280.00000 -1010.00000 920.00000 1280.00000 -1030.00000 920.00000
3 0x2706C61 1020.00000 -1010.00000 940.00000 1280.00000 -1030.00000 940.00000 1280.00000 -1010.00000 940.00000
3 0x2706C61 1020.00000 -1010.00000 940.00000 1020.00000 -1030.00000 940.00000 1280.00000 -1030.00000 940.00000
3 0x2706C61 1020.00000 -1010.00000 920.00000 1020.00000 -1030.00000 940.00000 1020.00000 -1010.00000 940.00000
3 0x2706C61 1020.00000 -1010.00000 920.00000 1020.00000 -1030.00000 920.00000 1020.00000 -1030.00000 940.00000
3 0x2706C61 1280.00000 -1010.00000 920.00000 1280.00000 -1030.00000 940.00000 1280.00000 -1030.00000 920.00000
3 0x2706C61 1280.00000 -1010.00000 920.00000 1280.00000 -1010.00000 940.00000 1280.00000 -1030.00000 940.00000
3 0x2706C61 1020.00000 -1010.00000 720.00000 1040.00000 -1010.00000 940.00000 1040.00000 -1010.00000 720.00000
3 0x2706C61 1020.00000 -1010.00000 720.00000 1020.00000 -1010.00000 940.00000 1040.00000 -1010.00000 940.00000
3 0x2706C61 1020.00000 -1030.00000 720.00000 1040.00000 -1030.00000 940.00000 1020.00000 -1030.00000 940.00000
3 0x2706C61 1020.00000 -1030.00000 720.00000 1040.00000 -1030.00000 720.00000 1040.00000 -1030.00000 940.00000
3 0x2706C61 1020.00000 -1010.00000 720.00000 1040.00000 -1030.00000 720.00000 1020.00000 -1030.00000 720.00000
3 0x2706C61 1020.00000 -1010.00000 720.00000 1040.00000 -1010.00000 720.00000 1040.00000 -1030.00000 720.00000
3 0x2706C61 1020.00000 -1010.00000 940.00000 1040.00000 -1030.00000 940.00000 1040.00000 -1010.00000 940.00000
3 0x2706C61 1020.00000 -1010.00000 940.00000 1020.00000 -1030.00000 940.00000 1040.00000 -1030.00000 940.00000
3 0x2706C61 1020.00000 -1010.00000 720.00000 1020.00000 -1030.00000 940.00000 1020.00000 -1010.00000 940.00000
3 0x2706C61 1020.00000 -1010.00000 720.00000 1020.00000 -1030.00000 720.00000 1020.00000 -1030.00000 940.00000
3 0x2706C61 1040.00000 -1010.00000 720.00000 1040.00000 -1030.00000 940.00000 1040.00000 -1030.00000 720.00000
3 0x2706C61 1040.00000 -1010.00000 720.00000 1040.00000 -1010.00000 940.00000 1040.00000 -1030.00000 940.00000
3 0x2706C61 1260.00000 -1010.00000 720.00000 1280.00000 -1010.00000 940.00000 1280.00000 -1010.00000 720.00000
3 0x2706C61 1260.00000 -1010.00000 720.00000 1260.00000 -1010.00000 940.00000 1280.00000 -1010.00000 940.00000
3 0x2706C61 1260.00000 -1030.00000 720.00000 1280.00000 -1030.00000 940.00000 1260.00000 -1030.00000 940.00000
3 0x2706C61 1260.00000 -1030.00000 720.00000 1280.00000 -1030.00000 720.00000 1280.00000 -1030.00000 940.00000
3 0x2706C61 1260.00000 -1010.00000 720.00000 1280.00000 -1030.00000 720.00000 1260.00000 -1030.00000 720.00000
3 0x2706C61 1260.00000 -1010.00000 720.00000 1280.00000 -1010.00000 720.00000 1280.00000 -1030.00000 720.00000
3 0x2706C61 1260.00000 -1010.00000 940.00000 1280.00000 -1030.00000 940.00000 1280.00000 -1010.00000 940.00000
3 0x2706C61 1260.00000 -1010.00000 940.00000 1260.00000 -1030.00000 940.00000 1280.00000 -1030.00000 940.00000
3 0x2706C61 1260.00000 -1010.00000 720.00000 1260.00000 -1030.00000 940.00000 1260.00000 -1010.00000 940.00000
3 0x2706C61 1260.00000 -1010.00000 720.00000 1260.00000 -1030.00000 720.00000 1260.00000 -1030.00000 940.00000
3 0x2706C61 1280.00000 -1010.00000 720.00000 1280.00000 -1030.00000 940.00000 1280.00000 -1030.00000 720.00000
3 0x2706C61 1280.00000 -1010.00000 720.00000 1280.00000 -1010.00000 940.00000 1280.00000 -1030.00000 940.00000
