0 Cliffside Hotel - actual-element architectural draft
0 Name: cliffside-hotel.ldr
0 Physical build not tested.
0 Stage 1: Interlocked foundation
0 H01332 ELEMENT 6094066 MODULE foundation
1 0 160 -8 80 1 0 0 0 1 0 -0 0 1 92438.dat
0 H01333 ELEMENT 6094066 MODULE foundation
1 0 480 -8 80 1 0 0 0 1 0 -0 0 1 92438.dat
0 H01334 ELEMENT 6094066 MODULE foundation
1 0 800 -8 80 1 0 0 0 1 0 -0 0 1 92438.dat
0 H01335 ELEMENT 4210720 MODULE foundation
1 72 140 -8 220 1 0 0 0 1 0 -0 0 1 3456.dat
0 H01336 ELEMENT 4210720 MODULE foundation
1 72 420 -8 220 1 0 0 0 1 0 -0 0 1 3456.dat
0 H01337 ELEMENT 4210720 MODULE foundation
1 72 700 -8 220 1 0 0 0 1 0 -0 0 1 3456.dat
0 H01338 ELEMENT 302826 MODULE foundation
1 0 900 -8 280 0 0 1 0 1 0 -1 0 0 3028.dat
0 H01339 ELEMENT 302826 MODULE foundation
1 0 120 -8 340 1 0 0 0 1 0 -0 0 1 3028.dat
0 H01340 ELEMENT 302826 MODULE foundation
1 0 360 -8 340 1 0 0 0 1 0 -0 0 1 3028.dat
0 H01341 ELEMENT 302826 MODULE foundation
1 0 600 -8 340 1 0 0 0 1 0 -0 0 1 3028.dat
0 H01342 ELEMENT 303326 MODULE foundation
1 0 780 -8 380 0 0 1 0 1 0 -1 0 0 3033.dat
0 H01343 ELEMENT 4166619 MODULE foundation
1 0 80 -8 480 1 0 0 0 1 0 -0 0 1 41539.dat
0 H01344 ELEMENT 4210802 MODULE foundation
1 72 240 -8 480 1 0 0 0 1 0 -0 0 1 41539.dat
0 H01345 ELEMENT 4210802 MODULE foundation
1 72 400 -8 480 1 0 0 0 1 0 -0 0 1 41539.dat
0 H01346 ELEMENT 303326 MODULE foundation
1 0 580 -8 460 1 0 0 0 1 0 -0 0 1 3033.dat
0 H01347 ELEMENT 428226 MODULE foundation
1 0 700 -8 560 0 0 1 0 1 0 -1 0 0 4282.dat
0 H01348 ELEMENT 4211114 MODULE foundation
1 72 900 -8 500 0 0 1 0 1 0 -1 0 0 3033.dat
0 H01349 ELEMENT 4211114 MODULE foundation
1 72 780 -8 580 0 0 1 0 1 0 -1 0 0 3033.dat
0 H01350 ELEMENT 4211114 MODULE foundation
1 72 580 -8 580 1 0 0 0 1 0 -0 0 1 3033.dat
0 H01351 ELEMENT 4211114 MODULE foundation
1 72 100 -8 620 1 0 0 0 1 0 -0 0 1 3033.dat
0 H01352 ELEMENT 4211114 MODULE foundation
1 72 300 -8 620 1 0 0 0 1 0 -0 0 1 3033.dat
0 H01353 ELEMENT 302926 MODULE foundation
1 0 440 -8 680 0 0 1 0 1 0 -1 0 0 3029.dat
0 H01354 ELEMENT 303626 MODULE foundation
1 0 900 -8 680 0 0 1 0 1 0 -1 0 0 3036.dat
0 H01355 ELEMENT 303626 MODULE foundation
1 0 560 -8 700 1 0 0 0 1 0 -0 0 1 3036.dat
0 H01356 ELEMENT 303426 MODULE foundation
1 0 660 -8 720 0 0 1 0 1 0 -1 0 0 3034.dat
0 H01357 ELEMENT 302926 MODULE foundation
1 0 120 -8 720 1 0 0 0 1 0 -0 0 1 3029.dat
0 H01358 ELEMENT 303626 MODULE foundation
1 0 320 -8 740 1 0 0 0 1 0 -0 0 1 3036.dat
0 H01359 ELEMENT 395826 MODULE foundation
1 0 780 -8 740 1 0 0 0 1 0 -0 0 1 3958.dat
0 H01360 ELEMENT 302026 MODULE foundation
1 0 700 -8 760 0 0 1 0 1 0 -1 0 0 3020.dat
0 H01361 ELEMENT 244526 MODULE foundation
1 0 120 -8 780 1 0 0 0 1 0 -0 0 1 2445.dat
0 H01362 ELEMENT 303426 MODULE foundation
1 0 560 -8 780 1 0 0 0 1 0 -0 0 1 3034.dat
0 H01363 ELEMENT 379526 MODULE foundation
1 0 900 -8 780 1 0 0 0 1 0 -0 0 1 3795.dat
0 H01364 ELEMENT 346026 MODULE foundation
1 0 80 -16 10 1 0 0 0 1 0 -0 0 1 3460.dat
0 H01365 ELEMENT 346026 MODULE foundation
1 0 240 -16 10 1 0 0 0 1 0 -0 0 1 3460.dat
0 H01366 ELEMENT 346026 MODULE foundation
1 0 400 -16 10 1 0 0 0 1 0 -0 0 1 3460.dat
0 H01367 ELEMENT 346026 MODULE foundation
1 0 560 -16 10 1 0 0 0 1 0 -0 0 1 3460.dat
0 H01368 ELEMENT 346026 MODULE foundation
1 0 720 -16 10 1 0 0 0 1 0 -0 0 1 3460.dat
0 H01369 ELEMENT 346026 MODULE foundation
1 0 880 -16 10 1 0 0 0 1 0 -0 0 1 3460.dat
0 H01370 ELEMENT 346026 MODULE foundation
1 0 10 -16 100 0 0 1 0 1 0 -1 0 0 3460.dat
0 H01387 ELEMENT 302926 MODULE foundation
1 0 140 -16 60 1 0 0 0 1 0 -0 0 1 3029.dat
0 H01388 ELEMENT 302926 MODULE foundation
1 0 380 -16 60 1 0 0 0 1 0 -0 0 1 3029.dat
0 H01389 ELEMENT 302926 MODULE foundation
1 0 620 -16 60 1 0 0 0 1 0 -0 0 1 3029.dat
0 H01390 ELEMENT 303626 MODULE foundation
1 0 820 -16 80 1 0 0 0 1 0 -0 0 1 3036.dat
0 H01391 ELEMENT 428226 MODULE foundation
1 0 920 -16 180 0 0 1 0 1 0 -1 0 0 4282.dat
0 H01371 ELEMENT 346026 MODULE foundation
1 0 950 -16 100 0 0 1 0 1 0 -1 0 0 3460.dat
0 H01392 ELEMENT 302926 MODULE foundation
1 0 140 -16 140 1 0 0 0 1 0 -0 0 1 3029.dat
0 H01393 ELEMENT 303626 MODULE foundation
1 0 340 -16 160 1 0 0 0 1 0 -0 0 1 3036.dat
0 H01394 ELEMENT 302926 MODULE foundation
1 0 540 -16 140 1 0 0 0 1 0 -0 0 1 3029.dat
0 H01395 ELEMENT 4210706 MODULE foundation
1 72 700 -16 220 0 0 1 0 1 0 -1 0 0 3029.dat
0 H01396 ELEMENT 303626 MODULE foundation
1 0 820 -16 200 1 0 0 0 1 0 -0 0 1 3036.dat
0 H01372 ELEMENT 346026 MODULE foundation
1 0 10 -16 260 0 0 1 0 1 0 -1 0 0 3460.dat
0 H01397 ELEMENT 4210794 MODULE foundation
1 72 100 -16 240 1 0 0 0 1 0 -0 0 1 3036.dat
0 H01398 ELEMENT 4210706 MODULE foundation
1 72 220 -16 300 0 0 1 0 1 0 -1 0 0 3029.dat
0 H01399 ELEMENT 4210794 MODULE foundation
1 72 500 -16 240 1 0 0 0 1 0 -0 0 1 3036.dat
0 H01400 ELEMENT 4210706 MODULE foundation
1 72 620 -16 300 0 0 1 0 1 0 -1 0 0 3029.dat
0 H01373 ELEMENT 346026 MODULE foundation
1 0 950 -16 260 0 0 1 0 1 0 -1 0 0 3460.dat
0 H01401 ELEMENT 4210794 MODULE foundation
1 72 340 -16 280 1 0 0 0 1 0 -0 0 1 3036.dat
0 H01402 ELEMENT 4210794 MODULE foundation
1 72 820 -16 320 1 0 0 0 1 0 -0 0 1 3036.dat
0 H01403 ELEMENT 4210794 MODULE foundation
1 72 100 -16 360 1 0 0 0 1 0 -0 0 1 3036.dat
0 H01404 ELEMENT 4210794 MODULE foundation
1 72 500 -16 360 1 0 0 0 1 0 -0 0 1 3036.dat
0 H01374 ELEMENT 346026 MODULE foundation
1 0 10 -16 420 0 0 1 0 1 0 -1 0 0 3460.dat
0 H01405 ELEMENT 4210706 MODULE foundation
1 72 300 -16 460 0 0 1 0 1 0 -1 0 0 3029.dat
0 H01406 ELEMENT 303026 MODULE foundation
1 0 380 -16 440 0 0 1 0 1 0 -1 0 0 3030.dat
0 H01407 ELEMENT 303026 MODULE foundation
1 0 700 -16 440 0 0 1 0 1 0 -1 0 0 3030.dat
0 H01408 ELEMENT 428226 MODULE foundation
1 0 920 -16 500 0 0 1 0 1 0 -1 0 0 4282.dat
0 H01375 ELEMENT 346026 MODULE foundation
1 0 950 -16 420 0 0 1 0 1 0 -1 0 0 3460.dat
0 H01409 ELEMENT 4210794 MODULE foundation
1 72 820 -16 440 1 0 0 0 1 0 -0 0 1 3036.dat
0 H01410 ELEMENT 4211408 MODULE foundation
1 71 100 -16 480 1 0 0 0 1 0 -0 0 1 3036.dat
0 H01411 ELEMENT 303026 MODULE foundation
1 0 220 -16 520 0 0 1 0 1 0 -1 0 0 3030.dat
0 H01412 ELEMENT 4211408 MODULE foundation
1 71 500 -16 480 1 0 0 0 1 0 -0 0 1 3036.dat
0 H01413 ELEMENT 303026 MODULE foundation
1 0 620 -16 520 0 0 1 0 1 0 -1 0 0 3030.dat
0 H01376 ELEMENT 346026 MODULE foundation
1 0 10 -16 580 0 0 1 0 1 0 -1 0 0 3460.dat
0 H01414 ELEMENT 4211408 MODULE foundation
1 71 820 -16 560 1 0 0 0 1 0 -0 0 1 3036.dat
0 H01377 ELEMENT 346026 MODULE foundation
1 0 950 -16 580 0 0 1 0 1 0 -1 0 0 3460.dat
0 H01415 ELEMENT 4211408 MODULE foundation
1 71 100 -16 600 1 0 0 0 1 0 -0 0 1 3036.dat
0 H01416 ELEMENT 4211408 MODULE foundation
1 71 420 -16 600 1 0 0 0 1 0 -0 0 1 3036.dat
0 H01417 ELEMENT 4211122 MODULE foundation
1 72 540 -16 640 0 0 1 0 1 0 -1 0 0 3030.dat
0 H01418 ELEMENT 4211402 MODULE foundation
1 71 700 -16 640 0 0 1 0 1 0 -1 0 0 3030.dat
0 H01419 ELEMENT 4211402 MODULE foundation
1 71 300 -16 680 0 0 1 0 1 0 -1 0 0 3030.dat
0 H01420 ELEMENT 303526 MODULE foundation
1 0 220 -16 700 0 0 1 0 1 0 -1 0 0 3035.dat
0 H01421 ELEMENT 303526 MODULE foundation
1 0 620 -16 700 0 0 1 0 1 0 -1 0 0 3035.dat
0 H01422 ELEMENT 4211408 MODULE foundation
1 71 820 -16 680 1 0 0 0 1 0 -0 0 1 3036.dat
0 H01378 ELEMENT 366626 MODULE foundation
1 0 10 -16 720 0 0 1 0 1 0 -1 0 0 3666.dat
0 H01423 ELEMENT 4211408 MODULE foundation
1 71 100 -16 720 1 0 0 0 1 0 -0 0 1 3036.dat
0 H01424 ELEMENT 4211408 MODULE foundation
1 71 420 -16 720 1 0 0 0 1 0 -0 0 1 3036.dat
0 H01425 ELEMENT 379526 MODULE foundation
1 0 920 -16 720 0 0 1 0 1 0 -1 0 0 3795.dat
0 H01379 ELEMENT 366626 MODULE foundation
1 0 950 -16 720 0 0 1 0 1 0 -1 0 0 3666.dat
0 H01426 ELEMENT 302026 MODULE foundation
1 0 540 -16 760 1 0 0 0 1 0 -0 0 1 3020.dat
0 H01427 ELEMENT 244526 MODULE foundation
1 0 780 -16 760 1 0 0 0 1 0 -0 0 1 2445.dat
0 H01380 ELEMENT 346026 MODULE foundation
1 0 80 -16 790 1 0 0 0 1 0 -0 0 1 3460.dat
0 H01381 ELEMENT 346026 MODULE foundation
1 0 240 -16 790 1 0 0 0 1 0 -0 0 1 3460.dat
0 H01382 ELEMENT 346026 MODULE foundation
1 0 400 -16 790 1 0 0 0 1 0 -0 0 1 3460.dat
0 H01383 ELEMENT 4210998 MODULE foundation
1 72 560 -16 790 1 0 0 0 1 0 -0 0 1 3460.dat
0 H01384 ELEMENT 4210998 MODULE foundation
1 72 720 -16 790 1 0 0 0 1 0 -0 0 1 3460.dat
0 H01385 ELEMENT 366626 MODULE foundation
1 0 860 -16 790 1 0 0 0 1 0 -0 0 1 3666.dat
0 H01386 ELEMENT 302326 MODULE foundation
1 0 940 -16 790 1 0 0 0 1 0 -0 0 1 3023b.dat
0 STEP
0 Stage 2: Cliff supports and retaining walls
0 H00948 ELEMENT 4159774 MODULE cliff-face
1 19 120 -40 50 1 0 0 0 1 0 -0 0 1 3008.dat
0 H00949 ELEMENT 4159774 MODULE cliff-face
1 19 280 -40 50 1 0 0 0 1 0 -0 0 1 3008.dat
0 H00950 ELEMENT 4159774 MODULE cliff-face
1 19 440 -40 50 1 0 0 0 1 0 -0 0 1 3008.dat
0 H00951 ELEMENT 4159774 MODULE cliff-face
1 19 600 -40 50 1 0 0 0 1 0 -0 0 1 3008.dat
0 H00952 ELEMENT 4211392 MODULE cliff-face
1 71 760 -40 50 1 0 0 0 1 0 -0 0 1 3008.dat
0 H00953 ELEMENT 4113916 MODULE cliff-face
1 19 880 -40 50 1 0 0 0 1 0 -0 0 1 3010.dat
0 H01015 ELEMENT 4112982 MODULE cliff-face
1 19 50 -40 120 0 0 1 0 1 0 -1 0 0 3009.dat
0 H00766 ELEMENT 300326 MODULE cliff-support
1 0 80 -40 80 1 0 0 0 1 0 -0 0 1 3003.dat
0 H00794 ELEMENT 300321 MODULE cliff-support
1 4 240 -40 80 1 0 0 0 1 0 -0 0 1 3003.dat
0 H00822 ELEMENT 4211387 MODULE cliff-support
1 71 560 -40 80 1 0 0 0 1 0 -0 0 1 3003.dat
0 H00843 ELEMENT 4114306 MODULE cliff-support
1 19 720 -40 80 1 0 0 0 1 0 -0 0 1 3003.dat
0 H00864 ELEMENT 300301 MODULE cliff-support
1 15 880 -40 80 1 0 0 0 1 0 -0 0 1 3003.dat
0 H01040 ELEMENT 4112982 MODULE cliff-face
1 19 910 -40 120 0 0 1 0 1 0 -1 0 0 3009.dat
0 H01016 ELEMENT 4112982 MODULE cliff-face
1 19 50 -40 240 0 0 1 0 1 0 -1 0 0 3009.dat
0 H01041 ELEMENT 4112982 MODULE cliff-face
1 19 910 -40 240 0 0 1 0 1 0 -1 0 0 3009.dat
0 H00773 ELEMENT 300326 MODULE cliff-support
1 0 80 -40 240 1 0 0 0 1 0 -0 0 1 3003.dat
0 H00801 ELEMENT 300324 MODULE cliff-support
1 14 240 -40 240 1 0 0 0 1 0 -0 0 1 3003.dat
0 H00829 ELEMENT 4211387 MODULE cliff-support
1 71 560 -40 240 1 0 0 0 1 0 -0 0 1 3003.dat
0 H00850 ELEMENT 4114306 MODULE cliff-support
1 19 720 -40 240 1 0 0 0 1 0 -0 0 1 3003.dat
0 H00872 ELEMENT 300426 MODULE cliff-support
1 0 880 -40 230 1 0 0 0 1 0 -0 0 1 3004.dat
0 H00873 ELEMENT 300426 MODULE cliff-support
1 0 880 -40 250 1 0 0 0 1 0 -0 0 1 3004.dat
0 H01017 ELEMENT 4112982 MODULE cliff-face
1 19 50 -40 360 0 0 1 0 1 0 -1 0 0 3009.dat
0 H01042 ELEMENT 4112982 MODULE cliff-face
1 19 910 -40 360 0 0 1 0 1 0 -1 0 0 3009.dat
0 H00780 ELEMENT 300323 MODULE cliff-support
1 1 80 -40 400 1 0 0 0 1 0 -0 0 1 3003.dat
0 H00808 ELEMENT 300328 MODULE cliff-support
1 2 240 -40 400 1 0 0 0 1 0 -0 0 1 3003.dat
0 H00836 ELEMENT 4211387 MODULE cliff-support
1 71 560 -40 400 1 0 0 0 1 0 -0 0 1 3003.dat
0 H00857 ELEMENT 300301 MODULE cliff-support
1 15 720 -40 400 1 0 0 0 1 0 -0 0 1 3003.dat
0 H00884 ELEMENT 300426 MODULE cliff-support
1 0 880 -40 390 1 0 0 0 1 0 -0 0 1 3004.dat
0 H00885 ELEMENT 300426 MODULE cliff-support
1 0 880 -40 410 1 0 0 0 1 0 -0 0 1 3004.dat
0 H01018 ELEMENT 4112982 MODULE cliff-face
1 19 50 -40 480 0 0 1 0 1 0 -1 0 0 3009.dat
0 H01043 ELEMENT 4112982 MODULE cliff-face
1 19 910 -40 480 0 0 1 0 1 0 -1 0 0 3009.dat
0 H00908 ELEMENT 300423 MODULE cliff-support
1 1 580 -40 450 1 0 0 0 1 0 -0 0 1 3004.dat
0 H00928 ELEMENT 300424 MODULE cliff-support
1 14 740 -40 450 1 0 0 0 1 0 -0 0 1 3004.dat
0 H00909 ELEMENT 300421 MODULE cliff-support
1 4 580 -40 470 1 0 0 0 1 0 -0 0 1 3004.dat
0 H00929 ELEMENT 300424 MODULE cliff-support
1 14 740 -40 470 1 0 0 0 1 0 -0 0 1 3004.dat
0 H00918 ELEMENT 300421 MODULE cliff-support
1 4 580 -40 530 1 0 0 0 1 0 -0 0 1 3004.dat
0 H00938 ELEMENT 300424 MODULE cliff-support
1 14 740 -40 530 1 0 0 0 1 0 -0 0 1 3004.dat
0 H01019 ELEMENT 4109995 MODULE cliff-face
1 19 50 -40 560 0 0 1 0 1 0 -1 0 0 3004.dat
0 H00787 ELEMENT 300321 MODULE cliff-support
1 4 80 -40 560 1 0 0 0 1 0 -0 0 1 3003.dat
0 H00815 ELEMENT 4211387 MODULE cliff-support
1 71 240 -40 560 1 0 0 0 1 0 -0 0 1 3003.dat
0 H00919 ELEMENT 300421 MODULE cliff-support
1 4 580 -40 550 1 0 0 0 1 0 -0 0 1 3004.dat
0 H00939 ELEMENT 4121739 MODULE cliff-support
1 25 740 -40 550 1 0 0 0 1 0 -0 0 1 3004.dat
0 H00896 ELEMENT 300426 MODULE cliff-support
1 0 880 -40 550 1 0 0 0 1 0 -0 0 1 3004.dat
0 H01044 ELEMENT 4109995 MODULE cliff-face
1 19 910 -40 560 0 0 1 0 1 0 -1 0 0 3004.dat
0 H00897 ELEMENT 300426 MODULE cliff-support
1 0 880 -40 570 1 0 0 0 1 0 -0 0 1 3004.dat
0 H00978 ELEMENT 300801 MODULE cliff-face
1 15 120 -40 590 1 0 0 0 1 0 -0 0 1 3008.dat
0 H00979 ELEMENT 300801 MODULE cliff-face
1 15 280 -40 590 1 0 0 0 1 0 -0 0 1 3008.dat
0 H00980 ELEMENT 4113915 MODULE cliff-face
1 19 370 -40 590 1 0 0 0 1 0 -0 0 1 3005.dat
0 H00995 ELEMENT 4112982 MODULE cliff-face
1 19 560 -40 590 1 0 0 0 1 0 -0 0 1 3009.dat
0 H00996 ELEMENT 4112982 MODULE cliff-face
1 19 680 -40 590 1 0 0 0 1 0 -0 0 1 3009.dat
0 H00997 ELEMENT 4112982 MODULE cliff-face
1 19 800 -40 590 1 0 0 0 1 0 -0 0 1 3009.dat
0 H00998 ELEMENT 4162465 MODULE cliff-face
1 19 890 -40 590 1 0 0 0 1 0 -0 0 1 3622.dat
0 H00954 ELEMENT 4211392 MODULE cliff-face
1 71 120 -64 50 1 0 0 0 1 0 -0 0 1 3008.dat
0 H00955 ELEMENT 4211392 MODULE cliff-face
1 71 280 -64 50 1 0 0 0 1 0 -0 0 1 3008.dat
0 H00956 ELEMENT 4211392 MODULE cliff-face
1 71 440 -64 50 1 0 0 0 1 0 -0 0 1 3008.dat
0 H00957 ELEMENT 4211392 MODULE cliff-face
1 71 600 -64 50 1 0 0 0 1 0 -0 0 1 3008.dat
0 H00958 ELEMENT 4211392 MODULE cliff-face
1 71 760 -64 50 1 0 0 0 1 0 -0 0 1 3008.dat
0 H00959 ELEMENT 4113916 MODULE cliff-face
1 19 880 -64 50 1 0 0 0 1 0 -0 0 1 3010.dat
0 H01020 ELEMENT 4112982 MODULE cliff-face
1 19 50 -64 120 0 0 1 0 1 0 -1 0 0 3009.dat
0 H00767 ELEMENT 300326 MODULE cliff-support
1 0 80 -64 80 1 0 0 0 1 0 -0 0 1 3003.dat
0 H00795 ELEMENT 300321 MODULE cliff-support
1 4 240 -64 80 1 0 0 0 1 0 -0 0 1 3003.dat
0 H00823 ELEMENT 4211387 MODULE cliff-support
1 71 560 -64 80 1 0 0 0 1 0 -0 0 1 3003.dat
0 H00844 ELEMENT 4114306 MODULE cliff-support
1 19 720 -64 80 1 0 0 0 1 0 -0 0 1 3003.dat
0 H00865 ELEMENT 300301 MODULE cliff-support
1 15 880 -64 80 1 0 0 0 1 0 -0 0 1 3003.dat
0 H01045 ELEMENT 4112982 MODULE cliff-face
1 19 910 -64 120 0 0 1 0 1 0 -1 0 0 3009.dat
0 H01021 ELEMENT 4112982 MODULE cliff-face
1 19 50 -64 240 0 0 1 0 1 0 -1 0 0 3009.dat
0 H01046 ELEMENT 4112982 MODULE cliff-face
1 19 910 -64 240 0 0 1 0 1 0 -1 0 0 3009.dat
0 H00774 ELEMENT 300326 MODULE cliff-support
1 0 80 -64 240 1 0 0 0 1 0 -0 0 1 3003.dat
0 H00802 ELEMENT 300324 MODULE cliff-support
1 14 240 -64 240 1 0 0 0 1 0 -0 0 1 3003.dat
0 H00830 ELEMENT 4211387 MODULE cliff-support
1 71 560 -64 240 1 0 0 0 1 0 -0 0 1 3003.dat
0 H00851 ELEMENT 300301 MODULE cliff-support
1 15 720 -64 240 1 0 0 0 1 0 -0 0 1 3003.dat
0 H00874 ELEMENT 300426 MODULE cliff-support
1 0 880 -64 230 1 0 0 0 1 0 -0 0 1 3004.dat
0 H00875 ELEMENT 300426 MODULE cliff-support
1 0 880 -64 250 1 0 0 0 1 0 -0 0 1 3004.dat
0 H01022 ELEMENT 4112982 MODULE cliff-face
1 19 50 -64 360 0 0 1 0 1 0 -1 0 0 3009.dat
0 H01047 ELEMENT 4112982 MODULE cliff-face
1 19 910 -64 360 0 0 1 0 1 0 -1 0 0 3009.dat
0 H00781 ELEMENT 300323 MODULE cliff-support
1 1 80 -64 400 1 0 0 0 1 0 -0 0 1 3003.dat
0 H00809 ELEMENT 300328 MODULE cliff-support
1 2 240 -64 400 1 0 0 0 1 0 -0 0 1 3003.dat
0 H00837 ELEMENT 4114306 MODULE cliff-support
1 19 560 -64 400 1 0 0 0 1 0 -0 0 1 3003.dat
0 H00858 ELEMENT 300301 MODULE cliff-support
1 15 720 -64 400 1 0 0 0 1 0 -0 0 1 3003.dat
0 H00886 ELEMENT 300426 MODULE cliff-support
1 0 880 -64 390 1 0 0 0 1 0 -0 0 1 3004.dat
0 H00887 ELEMENT 300426 MODULE cliff-support
1 0 880 -64 410 1 0 0 0 1 0 -0 0 1 3004.dat
0 H01023 ELEMENT 4112982 MODULE cliff-face
1 19 50 -64 480 0 0 1 0 1 0 -1 0 0 3009.dat
0 H01048 ELEMENT 4112982 MODULE cliff-face
1 19 910 -64 480 0 0 1 0 1 0 -1 0 0 3009.dat
0 H00910 ELEMENT 300421 MODULE cliff-support
1 4 580 -64 450 1 0 0 0 1 0 -0 0 1 3004.dat
0 H00930 ELEMENT 300424 MODULE cliff-support
1 14 740 -64 450 1 0 0 0 1 0 -0 0 1 3004.dat
0 H00911 ELEMENT 300421 MODULE cliff-support
1 4 580 -64 470 1 0 0 0 1 0 -0 0 1 3004.dat
0 H00931 ELEMENT 300424 MODULE cliff-support
1 14 740 -64 470 1 0 0 0 1 0 -0 0 1 3004.dat
0 H00920 ELEMENT 300421 MODULE cliff-support
1 4 580 -64 530 1 0 0 0 1 0 -0 0 1 3004.dat
0 H00940 ELEMENT 4121739 MODULE cliff-support
1 25 740 -64 530 1 0 0 0 1 0 -0 0 1 3004.dat
0 H01024 ELEMENT 4109995 MODULE cliff-face
1 19 50 -64 560 0 0 1 0 1 0 -1 0 0 3004.dat
0 H00788 ELEMENT 300321 MODULE cliff-support
1 4 80 -64 560 1 0 0 0 1 0 -0 0 1 3003.dat
0 H00816 ELEMENT 4211387 MODULE cliff-support
1 71 240 -64 560 1 0 0 0 1 0 -0 0 1 3003.dat
0 H00921 ELEMENT 300424 MODULE cliff-support
1 14 580 -64 550 1 0 0 0 1 0 -0 0 1 3004.dat
0 H00941 ELEMENT 4121739 MODULE cliff-support
1 25 740 -64 550 1 0 0 0 1 0 -0 0 1 3004.dat
0 H00898 ELEMENT 300426 MODULE cliff-support
1 0 880 -64 550 1 0 0 0 1 0 -0 0 1 3004.dat
0 H01049 ELEMENT 4109995 MODULE cliff-face
1 19 910 -64 560 0 0 1 0 1 0 -1 0 0 3004.dat
0 H00899 ELEMENT 300423 MODULE cliff-support
1 1 880 -64 570 1 0 0 0 1 0 -0 0 1 3004.dat
0 H00981 ELEMENT 300801 MODULE cliff-face
1 15 120 -64 590 1 0 0 0 1 0 -0 0 1 3008.dat
0 H00982 ELEMENT 300801 MODULE cliff-face
1 15 280 -64 590 1 0 0 0 1 0 -0 0 1 3008.dat
0 H00983 ELEMENT 4113915 MODULE cliff-face
1 19 370 -64 590 1 0 0 0 1 0 -0 0 1 3005.dat
0 H00999 ELEMENT 4112982 MODULE cliff-face
1 19 560 -64 590 1 0 0 0 1 0 -0 0 1 3009.dat
0 H01000 ELEMENT 4112982 MODULE cliff-face
1 19 680 -64 590 1 0 0 0 1 0 -0 0 1 3009.dat
0 H01001 ELEMENT 4112982 MODULE cliff-face
1 19 800 -64 590 1 0 0 0 1 0 -0 0 1 3009.dat
0 H01002 ELEMENT 4162465 MODULE cliff-face
1 19 890 -64 590 1 0 0 0 1 0 -0 0 1 3622.dat
0 H00960 ELEMENT 4211392 MODULE cliff-face
1 71 120 -88 50 1 0 0 0 1 0 -0 0 1 3008.dat
0 H00961 ELEMENT 4211392 MODULE cliff-face
1 71 280 -88 50 1 0 0 0 1 0 -0 0 1 3008.dat
0 H00962 ELEMENT 4211392 MODULE cliff-face
1 71 440 -88 50 1 0 0 0 1 0 -0 0 1 3008.dat
0 H00963 ELEMENT 4211099 MODULE cliff-face
1 72 600 -88 50 1 0 0 0 1 0 -0 0 1 3008.dat
0 H00964 ELEMENT 4211099 MODULE cliff-face
1 72 760 -88 50 1 0 0 0 1 0 -0 0 1 3008.dat
0 H00965 ELEMENT 4113916 MODULE cliff-face
1 19 880 -88 50 1 0 0 0 1 0 -0 0 1 3010.dat
0 H01025 ELEMENT 4112982 MODULE cliff-face
1 19 50 -88 120 0 0 1 0 1 0 -1 0 0 3009.dat
0 H00768 ELEMENT 300326 MODULE cliff-support
1 0 80 -88 80 1 0 0 0 1 0 -0 0 1 3003.dat
0 H00796 ELEMENT 300324 MODULE cliff-support
1 14 240 -88 80 1 0 0 0 1 0 -0 0 1 3003.dat
0 H00824 ELEMENT 4211387 MODULE cliff-support
1 71 560 -88 80 1 0 0 0 1 0 -0 0 1 3003.dat
0 H00845 ELEMENT 4114306 MODULE cliff-support
1 19 720 -88 80 1 0 0 0 1 0 -0 0 1 3003.dat
0 H00866 ELEMENT 300301 MODULE cliff-support
1 15 880 -88 80 1 0 0 0 1 0 -0 0 1 3003.dat
0 H01050 ELEMENT 4112982 MODULE cliff-face
1 19 910 -88 120 0 0 1 0 1 0 -1 0 0 3009.dat
0 H01026 ELEMENT 4112982 MODULE cliff-face
1 19 50 -88 240 0 0 1 0 1 0 -1 0 0 3009.dat
0 H01051 ELEMENT 4211393 MODULE cliff-face
1 71 910 -88 240 0 0 1 0 1 0 -1 0 0 3009.dat
0 H00775 ELEMENT 300326 MODULE cliff-support
1 0 80 -88 240 1 0 0 0 1 0 -0 0 1 3003.dat
0 H00803 ELEMENT 300324 MODULE cliff-support
1 14 240 -88 240 1 0 0 0 1 0 -0 0 1 3003.dat
0 H00831 ELEMENT 4211387 MODULE cliff-support
1 71 560 -88 240 1 0 0 0 1 0 -0 0 1 3003.dat
0 H00852 ELEMENT 300301 MODULE cliff-support
1 15 720 -88 240 1 0 0 0 1 0 -0 0 1 3003.dat
0 H00876 ELEMENT 300426 MODULE cliff-support
1 0 880 -88 230 1 0 0 0 1 0 -0 0 1 3004.dat
0 H00877 ELEMENT 300426 MODULE cliff-support
1 0 880 -88 250 1 0 0 0 1 0 -0 0 1 3004.dat
0 H01027 ELEMENT 4112982 MODULE cliff-face
1 19 50 -88 360 0 0 1 0 1 0 -1 0 0 3009.dat
0 H01052 ELEMENT 4211393 MODULE cliff-face
1 71 910 -88 360 0 0 1 0 1 0 -1 0 0 3009.dat
0 H00782 ELEMENT 300323 MODULE cliff-support
1 1 80 -88 400 1 0 0 0 1 0 -0 0 1 3003.dat
0 H00810 ELEMENT 300328 MODULE cliff-support
1 2 240 -88 400 1 0 0 0 1 0 -0 0 1 3003.dat
0 H00838 ELEMENT 4114306 MODULE cliff-support
1 19 560 -88 400 1 0 0 0 1 0 -0 0 1 3003.dat
0 H00859 ELEMENT 300301 MODULE cliff-support
1 15 720 -88 400 1 0 0 0 1 0 -0 0 1 3003.dat
0 H00888 ELEMENT 300426 MODULE cliff-support
1 0 880 -88 390 1 0 0 0 1 0 -0 0 1 3004.dat
0 H00889 ELEMENT 300426 MODULE cliff-support
1 0 880 -88 410 1 0 0 0 1 0 -0 0 1 3004.dat
0 H01028 ELEMENT 4112982 MODULE cliff-face
1 19 50 -88 480 0 0 1 0 1 0 -1 0 0 3009.dat
0 H01053 ELEMENT 4211393 MODULE cliff-face
1 71 910 -88 480 0 0 1 0 1 0 -1 0 0 3009.dat
0 H00912 ELEMENT 300421 MODULE cliff-support
1 4 580 -88 450 1 0 0 0 1 0 -0 0 1 3004.dat
0 H00932 ELEMENT 300424 MODULE cliff-support
1 14 740 -88 450 1 0 0 0 1 0 -0 0 1 3004.dat
0 H00913 ELEMENT 300421 MODULE cliff-support
1 4 580 -88 470 1 0 0 0 1 0 -0 0 1 3004.dat
0 H00933 ELEMENT 300424 MODULE cliff-support
1 14 740 -88 470 1 0 0 0 1 0 -0 0 1 3004.dat
0 H00922 ELEMENT 300424 MODULE cliff-support
1 14 580 -88 530 1 0 0 0 1 0 -0 0 1 3004.dat
0 H00942 ELEMENT 4121739 MODULE cliff-support
1 25 740 -88 530 1 0 0 0 1 0 -0 0 1 3004.dat
0 H01029 ELEMENT 4109995 MODULE cliff-face
1 19 50 -88 560 0 0 1 0 1 0 -1 0 0 3004.dat
0 H00789 ELEMENT 300321 MODULE cliff-support
1 4 80 -88 560 1 0 0 0 1 0 -0 0 1 3003.dat
0 H00817 ELEMENT 4211387 MODULE cliff-support
1 71 240 -88 560 1 0 0 0 1 0 -0 0 1 3003.dat
0 H00923 ELEMENT 300424 MODULE cliff-support
1 14 580 -88 550 1 0 0 0 1 0 -0 0 1 3004.dat
0 H00943 ELEMENT 4121739 MODULE cliff-support
1 25 740 -88 550 1 0 0 0 1 0 -0 0 1 3004.dat
0 H00900 ELEMENT 300423 MODULE cliff-support
1 1 880 -88 550 1 0 0 0 1 0 -0 0 1 3004.dat
0 H01054 ELEMENT 4109995 MODULE cliff-face
1 19 910 -88 560 0 0 1 0 1 0 -1 0 0 3004.dat
0 H00901 ELEMENT 300423 MODULE cliff-support
1 1 880 -88 570 1 0 0 0 1 0 -0 0 1 3004.dat
0 H00984 ELEMENT 300801 MODULE cliff-face
1 15 120 -88 590 1 0 0 0 1 0 -0 0 1 3008.dat
0 H00985 ELEMENT 300801 MODULE cliff-face
1 15 280 -88 590 1 0 0 0 1 0 -0 0 1 3008.dat
0 H00986 ELEMENT 4113915 MODULE cliff-face
1 19 370 -88 590 1 0 0 0 1 0 -0 0 1 3005.dat
0 H01003 ELEMENT 4112982 MODULE cliff-face
1 19 560 -88 590 1 0 0 0 1 0 -0 0 1 3009.dat
0 H01004 ELEMENT 4112982 MODULE cliff-face
1 19 680 -88 590 1 0 0 0 1 0 -0 0 1 3009.dat
0 H01005 ELEMENT 4112982 MODULE cliff-face
1 19 800 -88 590 1 0 0 0 1 0 -0 0 1 3009.dat
0 H01006 ELEMENT 4162465 MODULE cliff-face
1 19 890 -88 590 1 0 0 0 1 0 -0 0 1 3622.dat
0 H00966 ELEMENT 300801 MODULE cliff-face
1 15 120 -112 50 1 0 0 0 1 0 -0 0 1 3008.dat
0 H00967 ELEMENT 300801 MODULE cliff-face
1 15 280 -112 50 1 0 0 0 1 0 -0 0 1 3008.dat
0 H00968 ELEMENT 300801 MODULE cliff-face
1 15 440 -112 50 1 0 0 0 1 0 -0 0 1 3008.dat
0 H00969 ELEMENT 300801 MODULE cliff-face
1 15 600 -112 50 1 0 0 0 1 0 -0 0 1 3008.dat
0 H00970 ELEMENT 300801 MODULE cliff-face
1 15 760 -112 50 1 0 0 0 1 0 -0 0 1 3008.dat
0 H00971 ELEMENT 4113916 MODULE cliff-face
1 19 880 -112 50 1 0 0 0 1 0 -0 0 1 3010.dat
0 H01030 ELEMENT 4112982 MODULE cliff-face
1 19 50 -112 120 0 0 1 0 1 0 -1 0 0 3009.dat
0 H00769 ELEMENT 300326 MODULE cliff-support
1 0 80 -112 80 1 0 0 0 1 0 -0 0 1 3003.dat
0 H00797 ELEMENT 300324 MODULE cliff-support
1 14 240 -112 80 1 0 0 0 1 0 -0 0 1 3003.dat
0 H00825 ELEMENT 4211387 MODULE cliff-support
1 71 560 -112 80 1 0 0 0 1 0 -0 0 1 3003.dat
0 H00846 ELEMENT 4114306 MODULE cliff-support
1 19 720 -112 80 1 0 0 0 1 0 -0 0 1 3003.dat
0 H00867 ELEMENT 300301 MODULE cliff-support
1 15 880 -112 80 1 0 0 0 1 0 -0 0 1 3003.dat
0 H01055 ELEMENT 4211393 MODULE cliff-face
1 71 910 -112 120 0 0 1 0 1 0 -1 0 0 3009.dat
0 H01031 ELEMENT 4112982 MODULE cliff-face
1 19 50 -112 240 0 0 1 0 1 0 -1 0 0 3009.dat
0 H01056 ELEMENT 4211393 MODULE cliff-face
1 71 910 -112 240 0 0 1 0 1 0 -1 0 0 3009.dat
0 H00776 ELEMENT 300326 MODULE cliff-support
1 0 80 -112 240 1 0 0 0 1 0 -0 0 1 3003.dat
0 H00804 ELEMENT 4153825 MODULE cliff-support
1 25 240 -112 240 1 0 0 0 1 0 -0 0 1 3003.dat
0 H00832 ELEMENT 4211387 MODULE cliff-support
1 71 560 -112 240 1 0 0 0 1 0 -0 0 1 3003.dat
0 H00853 ELEMENT 300301 MODULE cliff-support
1 15 720 -112 240 1 0 0 0 1 0 -0 0 1 3003.dat
0 H00878 ELEMENT 300426 MODULE cliff-support
1 0 880 -112 230 1 0 0 0 1 0 -0 0 1 3004.dat
0 H00879 ELEMENT 300426 MODULE cliff-support
1 0 880 -112 250 1 0 0 0 1 0 -0 0 1 3004.dat
0 H01032 ELEMENT 4112982 MODULE cliff-face
1 19 50 -112 360 0 0 1 0 1 0 -1 0 0 3009.dat
0 H01057 ELEMENT 4211100 MODULE cliff-face
1 72 910 -112 360 0 0 1 0 1 0 -1 0 0 3009.dat
0 H00783 ELEMENT 300323 MODULE cliff-support
1 1 80 -112 400 1 0 0 0 1 0 -0 0 1 3003.dat
0 H00811 ELEMENT 4211387 MODULE cliff-support
1 71 240 -112 400 1 0 0 0 1 0 -0 0 1 3003.dat
0 H00839 ELEMENT 4114306 MODULE cliff-support
1 19 560 -112 400 1 0 0 0 1 0 -0 0 1 3003.dat
0 H00860 ELEMENT 300301 MODULE cliff-support
1 15 720 -112 400 1 0 0 0 1 0 -0 0 1 3003.dat
0 H00890 ELEMENT 300426 MODULE cliff-support
1 0 880 -112 390 1 0 0 0 1 0 -0 0 1 3004.dat
0 H00891 ELEMENT 300426 MODULE cliff-support
1 0 880 -112 410 1 0 0 0 1 0 -0 0 1 3004.dat
0 H01033 ELEMENT 4112982 MODULE cliff-face
1 19 50 -112 480 0 0 1 0 1 0 -1 0 0 3009.dat
0 H01058 ELEMENT 4211100 MODULE cliff-face
1 72 910 -112 480 0 0 1 0 1 0 -1 0 0 3009.dat
0 H00914 ELEMENT 300421 MODULE cliff-support
1 4 580 -112 450 1 0 0 0 1 0 -0 0 1 3004.dat
0 H00934 ELEMENT 300424 MODULE cliff-support
1 14 740 -112 450 1 0 0 0 1 0 -0 0 1 3004.dat
0 H00915 ELEMENT 300421 MODULE cliff-support
1 4 580 -112 470 1 0 0 0 1 0 -0 0 1 3004.dat
0 H00935 ELEMENT 300424 MODULE cliff-support
1 14 740 -112 470 1 0 0 0 1 0 -0 0 1 3004.dat
0 H00924 ELEMENT 300424 MODULE cliff-support
1 14 580 -112 530 1 0 0 0 1 0 -0 0 1 3004.dat
0 H00944 ELEMENT 4121739 MODULE cliff-support
1 25 740 -112 530 1 0 0 0 1 0 -0 0 1 3004.dat
0 H01034 ELEMENT 4109995 MODULE cliff-face
1 19 50 -112 560 0 0 1 0 1 0 -1 0 0 3004.dat
0 H00790 ELEMENT 300321 MODULE cliff-support
1 4 80 -112 560 1 0 0 0 1 0 -0 0 1 3003.dat
0 H00818 ELEMENT 4211387 MODULE cliff-support
1 71 240 -112 560 1 0 0 0 1 0 -0 0 1 3003.dat
0 H00925 ELEMENT 300424 MODULE cliff-support
1 14 580 -112 550 1 0 0 0 1 0 -0 0 1 3004.dat
0 H00945 ELEMENT 4107736 MODULE cliff-support
1 2 740 -112 550 1 0 0 0 1 0 -0 0 1 3004.dat
0 H00902 ELEMENT 300423 MODULE cliff-support
1 1 880 -112 550 1 0 0 0 1 0 -0 0 1 3004.dat
0 H01059 ELEMENT 4109995 MODULE cliff-face
1 19 910 -112 560 0 0 1 0 1 0 -1 0 0 3004.dat
0 H00903 ELEMENT 300423 MODULE cliff-support
1 1 880 -112 570 1 0 0 0 1 0 -0 0 1 3004.dat
0 H00987 ELEMENT 4112982 MODULE cliff-face
1 19 100 -112 590 1 0 0 0 1 0 -0 0 1 3009.dat
0 H00988 ELEMENT 4112982 MODULE cliff-face
1 19 220 -112 590 1 0 0 0 1 0 -0 0 1 3009.dat
0 H00989 ELEMENT 4113916 MODULE cliff-face
1 19 320 -112 590 1 0 0 0 1 0 -0 0 1 3010.dat
0 H00990 ELEMENT 4113915 MODULE cliff-face
1 19 370 -112 590 1 0 0 0 1 0 -0 0 1 3005.dat
0 H01007 ELEMENT 4112982 MODULE cliff-face
1 19 560 -112 590 1 0 0 0 1 0 -0 0 1 3009.dat
0 H01008 ELEMENT 4112982 MODULE cliff-face
1 19 680 -112 590 1 0 0 0 1 0 -0 0 1 3009.dat
0 H01009 ELEMENT 4112982 MODULE cliff-face
1 19 800 -112 590 1 0 0 0 1 0 -0 0 1 3009.dat
0 H01010 ELEMENT 4162465 MODULE cliff-face
1 19 890 -112 590 1 0 0 0 1 0 -0 0 1 3622.dat
0 H00972 ELEMENT 300801 MODULE cliff-face
1 15 120 -136 50 1 0 0 0 1 0 -0 0 1 3008.dat
0 H00973 ELEMENT 300801 MODULE cliff-face
1 15 280 -136 50 1 0 0 0 1 0 -0 0 1 3008.dat
0 H00974 ELEMENT 300801 MODULE cliff-face
1 15 440 -136 50 1 0 0 0 1 0 -0 0 1 3008.dat
0 H00975 ELEMENT 300801 MODULE cliff-face
1 15 600 -136 50 1 0 0 0 1 0 -0 0 1 3008.dat
0 H00976 ELEMENT 300801 MODULE cliff-face
1 15 760 -136 50 1 0 0 0 1 0 -0 0 1 3008.dat
0 H00977 ELEMENT 4113916 MODULE cliff-face
1 19 880 -136 50 1 0 0 0 1 0 -0 0 1 3010.dat
0 H01035 ELEMENT 4112982 MODULE cliff-face
1 19 50 -136 120 0 0 1 0 1 0 -1 0 0 3009.dat
0 H00770 ELEMENT 300326 MODULE cliff-support
1 0 80 -136 80 1 0 0 0 1 0 -0 0 1 3003.dat
0 H00798 ELEMENT 300324 MODULE cliff-support
1 14 240 -136 80 1 0 0 0 1 0 -0 0 1 3003.dat
0 H00826 ELEMENT 4211387 MODULE cliff-support
1 71 560 -136 80 1 0 0 0 1 0 -0 0 1 3003.dat
0 H00847 ELEMENT 4114306 MODULE cliff-support
1 19 720 -136 80 1 0 0 0 1 0 -0 0 1 3003.dat
0 H00868 ELEMENT 300426 MODULE cliff-support
1 0 880 -136 70 1 0 0 0 1 0 -0 0 1 3004.dat
0 H01060 ELEMENT 4211100 MODULE cliff-face
1 72 910 -136 120 0 0 1 0 1 0 -1 0 0 3009.dat
0 H00869 ELEMENT 300426 MODULE cliff-support
1 0 880 -136 90 1 0 0 0 1 0 -0 0 1 3004.dat
0 H01036 ELEMENT 4112982 MODULE cliff-face
1 19 50 -136 240 0 0 1 0 1 0 -1 0 0 3009.dat
0 H01061 ELEMENT 4211100 MODULE cliff-face
1 72 910 -136 240 0 0 1 0 1 0 -1 0 0 3009.dat
0 H00777 ELEMENT 300326 MODULE cliff-support
1 0 80 -136 240 1 0 0 0 1 0 -0 0 1 3003.dat
0 H00805 ELEMENT 4153825 MODULE cliff-support
1 25 240 -136 240 1 0 0 0 1 0 -0 0 1 3003.dat
0 H00833 ELEMENT 4211387 MODULE cliff-support
1 71 560 -136 240 1 0 0 0 1 0 -0 0 1 3003.dat
0 H00854 ELEMENT 300301 MODULE cliff-support
1 15 720 -136 240 1 0 0 0 1 0 -0 0 1 3003.dat
0 H00880 ELEMENT 300426 MODULE cliff-support
1 0 880 -136 230 1 0 0 0 1 0 -0 0 1 3004.dat
0 H00881 ELEMENT 300426 MODULE cliff-support
1 0 880 -136 250 1 0 0 0 1 0 -0 0 1 3004.dat
0 H01037 ELEMENT 4112982 MODULE cliff-face
1 19 50 -136 360 0 0 1 0 1 0 -1 0 0 3009.dat
0 H01062 ELEMENT 4211100 MODULE cliff-face
1 72 910 -136 360 0 0 1 0 1 0 -1 0 0 3009.dat
0 H00784 ELEMENT 300321 MODULE cliff-support
1 4 80 -136 400 1 0 0 0 1 0 -0 0 1 3003.dat
0 H00812 ELEMENT 4211387 MODULE cliff-support
1 71 240 -136 400 1 0 0 0 1 0 -0 0 1 3003.dat
0 H00840 ELEMENT 4114306 MODULE cliff-support
1 19 560 -136 400 1 0 0 0 1 0 -0 0 1 3003.dat
0 H00861 ELEMENT 300301 MODULE cliff-support
1 15 720 -136 400 1 0 0 0 1 0 -0 0 1 3003.dat
0 H00892 ELEMENT 300426 MODULE cliff-support
1 0 880 -136 390 1 0 0 0 1 0 -0 0 1 3004.dat
0 H00893 ELEMENT 300426 MODULE cliff-support
1 0 880 -136 410 1 0 0 0 1 0 -0 0 1 3004.dat
0 H01038 ELEMENT 4112982 MODULE cliff-face
1 19 50 -136 480 0 0 1 0 1 0 -1 0 0 3009.dat
0 H01063 ELEMENT 4211100 MODULE cliff-face
1 72 910 -136 480 0 0 1 0 1 0 -1 0 0 3009.dat
0 H00916 ELEMENT 302221 MODULE cliff-support
1 4 580 -120 460 1 0 0 0 1 0 -0 0 1 3022.dat
0 H00936 ELEMENT 302221 MODULE cliff-support
1 4 740 -120 460 1 0 0 0 1 0 -0 0 1 3022.dat
0 H00926 ELEMENT 302221 MODULE cliff-support
1 4 580 -120 540 1 0 0 0 1 0 -0 0 1 3022.dat
0 H00946 ELEMENT 302221 MODULE cliff-support
1 4 740 -120 540 1 0 0 0 1 0 -0 0 1 3022.dat
0 H01039 ELEMENT 4109995 MODULE cliff-face
1 19 50 -136 560 0 0 1 0 1 0 -1 0 0 3004.dat
0 H00791 ELEMENT 300321 MODULE cliff-support
1 4 80 -136 560 1 0 0 0 1 0 -0 0 1 3003.dat
0 H00819 ELEMENT 4211387 MODULE cliff-support
1 71 240 -136 560 1 0 0 0 1 0 -0 0 1 3003.dat
0 H00904 ELEMENT 300423 MODULE cliff-support
1 1 880 -136 550 1 0 0 0 1 0 -0 0 1 3004.dat
0 H01064 ELEMENT 4109995 MODULE cliff-face
1 19 910 -136 560 0 0 1 0 1 0 -1 0 0 3004.dat
0 H00905 ELEMENT 300423 MODULE cliff-support
1 1 880 -136 570 1 0 0 0 1 0 -0 0 1 3004.dat
0 H00991 ELEMENT 4112982 MODULE cliff-face
1 19 100 -136 590 1 0 0 0 1 0 -0 0 1 3009.dat
0 H00992 ELEMENT 4112982 MODULE cliff-face
1 19 220 -136 590 1 0 0 0 1 0 -0 0 1 3009.dat
0 H00993 ELEMENT 4113916 MODULE cliff-face
1 19 320 -136 590 1 0 0 0 1 0 -0 0 1 3010.dat
0 H00994 ELEMENT 4113915 MODULE cliff-face
1 19 370 -136 590 1 0 0 0 1 0 -0 0 1 3005.dat
0 H01011 ELEMENT 4112982 MODULE cliff-face
1 19 560 -136 590 1 0 0 0 1 0 -0 0 1 3009.dat
0 H01012 ELEMENT 4112982 MODULE cliff-face
1 19 680 -136 590 1 0 0 0 1 0 -0 0 1 3009.dat
0 H01013 ELEMENT 4112982 MODULE cliff-face
1 19 800 -136 590 1 0 0 0 1 0 -0 0 1 3009.dat
0 H01014 ELEMENT 4162465 MODULE cliff-face
1 19 890 -136 590 1 0 0 0 1 0 -0 0 1 3622.dat
0 H00917 ELEMENT 302221 MODULE cliff-support
1 4 580 -128 460 1 0 0 0 1 0 -0 0 1 3022.dat
0 H00937 ELEMENT 302221 MODULE cliff-support
1 4 740 -128 460 1 0 0 0 1 0 -0 0 1 3022.dat
0 H00927 ELEMENT 302221 MODULE cliff-support
1 4 580 -128 540 1 0 0 0 1 0 -0 0 1 3022.dat
0 H00947 ELEMENT 302224 MODULE cliff-support
1 14 740 -128 540 1 0 0 0 1 0 -0 0 1 3022.dat
0 H01065 ELEMENT 4114324 MODULE cliff-face
1 19 120 -144 50 1 0 0 0 1 0 -0 0 1 3460.dat
0 H01066 ELEMENT 4114324 MODULE cliff-face
1 19 280 -144 50 1 0 0 0 1 0 -0 0 1 3460.dat
0 H01067 ELEMENT 4114324 MODULE cliff-face
1 19 440 -144 50 1 0 0 0 1 0 -0 0 1 3460.dat
0 H01068 ELEMENT 4114324 MODULE cliff-face
1 19 600 -144 50 1 0 0 0 1 0 -0 0 1 3460.dat
0 H01069 ELEMENT 4114324 MODULE cliff-face
1 19 760 -144 50 1 0 0 0 1 0 -0 0 1 3460.dat
0 H01070 ELEMENT 4113233 MODULE cliff-face
1 19 880 -144 50 1 0 0 0 1 0 -0 0 1 3710.dat
0 H01071 ELEMENT 4114324 MODULE cliff-face
1 19 50 -144 140 0 0 1 0 1 0 -1 0 0 3460.dat
0 H00771 ELEMENT 302226 MODULE cliff-support
1 0 80 -144 80 1 0 0 0 1 0 -0 0 1 3022.dat
0 H00799 ELEMENT 302226 MODULE cliff-support
1 0 240 -144 80 1 0 0 0 1 0 -0 0 1 3022.dat
0 H00827 ELEMENT 302226 MODULE cliff-support
1 0 560 -144 80 1 0 0 0 1 0 -0 0 1 3022.dat
0 H00848 ELEMENT 302226 MODULE cliff-support
1 0 720 -144 80 1 0 0 0 1 0 -0 0 1 3022.dat
0 H00870 ELEMENT 302223 MODULE cliff-support
1 1 880 -144 80 1 0 0 0 1 0 -0 0 1 3022.dat
0 H01072 ELEMENT 4114324 MODULE cliff-face
1 19 910 -144 140 0 0 1 0 1 0 -1 0 0 3460.dat
0 H01073 ELEMENT 4114324 MODULE cliff-face
1 19 50 -144 300 0 0 1 0 1 0 -1 0 0 3460.dat
0 H00778 ELEMENT 302226 MODULE cliff-support
1 0 80 -144 240 1 0 0 0 1 0 -0 0 1 3022.dat
0 H00806 ELEMENT 302226 MODULE cliff-support
1 0 240 -144 240 1 0 0 0 1 0 -0 0 1 3022.dat
0 H00834 ELEMENT 302226 MODULE cliff-support
1 0 560 -144 240 1 0 0 0 1 0 -0 0 1 3022.dat
0 H00855 ELEMENT 302223 MODULE cliff-support
1 1 720 -144 240 1 0 0 0 1 0 -0 0 1 3022.dat
0 H00882 ELEMENT 302223 MODULE cliff-support
1 1 880 -144 240 1 0 0 0 1 0 -0 0 1 3022.dat
0 H01074 ELEMENT 4114324 MODULE cliff-face
1 19 910 -144 300 0 0 1 0 1 0 -1 0 0 3460.dat
0 H01075 ELEMENT 4211425 MODULE cliff-face
1 71 50 -144 460 0 0 1 0 1 0 -1 0 0 3460.dat
0 H00785 ELEMENT 302226 MODULE cliff-support
1 0 80 -144 400 1 0 0 0 1 0 -0 0 1 3022.dat
0 H00813 ELEMENT 302226 MODULE cliff-support
1 0 240 -144 400 1 0 0 0 1 0 -0 0 1 3022.dat
0 H00841 ELEMENT 302226 MODULE cliff-support
1 0 560 -144 400 1 0 0 0 1 0 -0 0 1 3022.dat
0 H00862 ELEMENT 302223 MODULE cliff-support
1 1 720 -144 400 1 0 0 0 1 0 -0 0 1 3022.dat
0 H00894 ELEMENT 302221 MODULE cliff-support
1 4 880 -144 400 1 0 0 0 1 0 -0 0 1 3022.dat
0 H01076 ELEMENT 4211425 MODULE cliff-face
1 71 910 -144 460 0 0 1 0 1 0 -1 0 0 3460.dat
0 H01077 ELEMENT 4121921 MODULE cliff-face
1 19 50 -144 570 0 0 1 0 1 0 -1 0 0 3623.dat
0 H00792 ELEMENT 302226 MODULE cliff-support
1 0 80 -144 560 1 0 0 0 1 0 -0 0 1 3022.dat
0 H00820 ELEMENT 302226 MODULE cliff-support
1 0 240 -144 560 1 0 0 0 1 0 -0 0 1 3022.dat
0 H00906 ELEMENT 302221 MODULE cliff-support
1 4 880 -144 560 1 0 0 0 1 0 -0 0 1 3022.dat
0 H01078 ELEMENT 4121921 MODULE cliff-face
1 19 910 -144 570 0 0 1 0 1 0 -1 0 0 3623.dat
0 H01079 ELEMENT 4211425 MODULE cliff-face
1 71 140 -144 590 1 0 0 0 1 0 -0 0 1 3460.dat
0 H01080 ELEMENT 4211425 MODULE cliff-face
1 71 300 -144 590 1 0 0 0 1 0 -0 0 1 3460.dat
0 H01081 ELEMENT 4211425 MODULE cliff-face
1 71 580 -144 590 1 0 0 0 1 0 -0 0 1 3460.dat
0 H01082 ELEMENT 4211425 MODULE cliff-face
1 71 740 -144 590 1 0 0 0 1 0 -0 0 1 3460.dat
0 H01083 ELEMENT 4113233 MODULE cliff-face
1 19 860 -144 590 1 0 0 0 1 0 -0 0 1 3710.dat
0 H01084 ELEMENT 4211425 MODULE cliff-face
1 71 120 -152 50 1 0 0 0 1 0 -0 0 1 3460.dat
0 H01085 ELEMENT 4211425 MODULE cliff-face
1 71 280 -152 50 1 0 0 0 1 0 -0 0 1 3460.dat
0 H01086 ELEMENT 4211425 MODULE cliff-face
1 71 440 -152 50 1 0 0 0 1 0 -0 0 1 3460.dat
0 H01087 ELEMENT 4210998 MODULE cliff-face
1 72 600 -152 50 1 0 0 0 1 0 -0 0 1 3460.dat
0 H01088 ELEMENT 4210998 MODULE cliff-face
1 72 760 -152 50 1 0 0 0 1 0 -0 0 1 3460.dat
0 H01089 ELEMENT 4113233 MODULE cliff-face
1 19 880 -152 50 1 0 0 0 1 0 -0 0 1 3710.dat
0 H01090 ELEMENT 4210998 MODULE cliff-face
1 72 50 -152 140 0 0 1 0 1 0 -1 0 0 3460.dat
0 H00772 ELEMENT 302226 MODULE cliff-support
1 0 80 -152 80 1 0 0 0 1 0 -0 0 1 3022.dat
0 H00800 ELEMENT 302226 MODULE cliff-support
1 0 240 -152 80 1 0 0 0 1 0 -0 0 1 3022.dat
0 H00828 ELEMENT 302226 MODULE cliff-support
1 0 560 -152 80 1 0 0 0 1 0 -0 0 1 3022.dat
0 H00849 ELEMENT 302226 MODULE cliff-support
1 0 720 -152 80 1 0 0 0 1 0 -0 0 1 3022.dat
0 H00871 ELEMENT 302223 MODULE cliff-support
1 1 880 -152 80 1 0 0 0 1 0 -0 0 1 3022.dat
0 H01091 ELEMENT 4210998 MODULE cliff-face
1 72 910 -152 140 0 0 1 0 1 0 -1 0 0 3460.dat
0 H01092 ELEMENT 4210998 MODULE cliff-face
1 72 50 -152 300 0 0 1 0 1 0 -1 0 0 3460.dat
0 H00779 ELEMENT 302226 MODULE cliff-support
1 0 80 -152 240 1 0 0 0 1 0 -0 0 1 3022.dat
0 H00807 ELEMENT 302226 MODULE cliff-support
1 0 240 -152 240 1 0 0 0 1 0 -0 0 1 3022.dat
0 H00835 ELEMENT 302226 MODULE cliff-support
1 0 560 -152 240 1 0 0 0 1 0 -0 0 1 3022.dat
0 H00856 ELEMENT 302223 MODULE cliff-support
1 1 720 -152 240 1 0 0 0 1 0 -0 0 1 3022.dat
0 H00883 ELEMENT 302221 MODULE cliff-support
1 4 880 -152 240 1 0 0 0 1 0 -0 0 1 3022.dat
0 H01093 ELEMENT 4210998 MODULE cliff-face
1 72 910 -152 300 0 0 1 0 1 0 -1 0 0 3460.dat
0 H01094 ELEMENT 4210998 MODULE cliff-face
1 72 50 -152 460 0 0 1 0 1 0 -1 0 0 3460.dat
0 H00786 ELEMENT 302226 MODULE cliff-support
1 0 80 -152 400 1 0 0 0 1 0 -0 0 1 3022.dat
0 H00814 ELEMENT 302226 MODULE cliff-support
1 0 240 -152 400 1 0 0 0 1 0 -0 0 1 3022.dat
0 H00842 ELEMENT 302226 MODULE cliff-support
1 0 560 -152 400 1 0 0 0 1 0 -0 0 1 3022.dat
0 H00863 ELEMENT 302223 MODULE cliff-support
1 1 720 -152 400 1 0 0 0 1 0 -0 0 1 3022.dat
0 H00895 ELEMENT 302221 MODULE cliff-support
1 4 880 -152 400 1 0 0 0 1 0 -0 0 1 3022.dat
0 H01095 ELEMENT 4210998 MODULE cliff-face
1 72 910 -152 460 0 0 1 0 1 0 -1 0 0 3460.dat
0 H01096 ELEMENT 4121921 MODULE cliff-face
1 19 50 -152 570 0 0 1 0 1 0 -1 0 0 3623.dat
0 H00793 ELEMENT 302226 MODULE cliff-support
1 0 80 -152 560 1 0 0 0 1 0 -0 0 1 3022.dat
0 H00821 ELEMENT 302226 MODULE cliff-support
1 0 240 -152 560 1 0 0 0 1 0 -0 0 1 3022.dat
0 H00907 ELEMENT 302221 MODULE cliff-support
1 4 880 -152 560 1 0 0 0 1 0 -0 0 1 3022.dat
0 H01097 ELEMENT 4121921 MODULE cliff-face
1 19 910 -152 570 0 0 1 0 1 0 -1 0 0 3623.dat
0 H01098 ELEMENT 4210998 MODULE cliff-face
1 72 140 -152 590 1 0 0 0 1 0 -0 0 1 3460.dat
0 H01099 ELEMENT 4210998 MODULE cliff-face
1 72 300 -152 590 1 0 0 0 1 0 -0 0 1 3460.dat
0 H01100 ELEMENT 4210998 MODULE cliff-face
1 72 580 -152 590 1 0 0 0 1 0 -0 0 1 3460.dat
0 H01101 ELEMENT 4210998 MODULE cliff-face
1 72 740 -152 590 1 0 0 0 1 0 -0 0 1 3460.dat
0 H01102 ELEMENT 4113233 MODULE cliff-face
1 19 860 -152 590 1 0 0 0 1 0 -0 0 1 3710.dat
0 STEP
0 Stage 3: Staircase, pool structure and outcrops
0 H01981 ELEMENT 4211398 MODULE rock-outcrops
1 71 20 -24 130 1 0 0 0 1 0 -0 0 1 3023b.dat
0 H02049 ELEMENT 4159553 MODULE rock-outcrops
1 19 930 -24 130 1 0 0 0 1 0 -0 0 1 3024.dat
0 H02050 ELEMENT 4159553 MODULE rock-outcrops
1 19 950 -24 130 1 0 0 0 1 0 -0 0 1 3024.dat
0 H01982 ELEMENT 4211398 MODULE rock-outcrops
1 71 20 -24 150 1 0 0 0 1 0 -0 0 1 3023b.dat
0 H02051 ELEMENT 4159553 MODULE rock-outcrops
1 19 930 -24 150 1 0 0 0 1 0 -0 0 1 3024.dat
0 H02052 ELEMENT 4159553 MODULE rock-outcrops
1 19 950 -24 150 1 0 0 0 1 0 -0 0 1 3024.dat
0 H01980 ELEMENT 306801 MODULE rock-outcrops
1 15 20 -24 180 1 0 0 0 1 0 -0 0 1 3068b.dat
0 H02046 ELEMENT 243101 MODULE rock-outcrops
1 15 930 -24 200 0 0 1 0 1 0 -1 0 0 2431.dat
0 H02047 ELEMENT 243101 MODULE rock-outcrops
1 15 950 -24 200 0 0 1 0 1 0 -1 0 0 2431.dat
0 H02048 ELEMENT 306801 MODULE rock-outcrops
1 15 940 -24 260 1 0 0 0 1 0 -0 0 1 3068b.dat
0 H02002 ELEMENT 4211398 MODULE rock-outcrops
1 71 20 -24 290 1 0 0 0 1 0 -0 0 1 3023b.dat
0 H02092 ELEMENT 4159553 MODULE rock-outcrops
1 19 930 -24 290 1 0 0 0 1 0 -0 0 1 3024.dat
0 H02093 ELEMENT 4159553 MODULE rock-outcrops
1 19 950 -24 290 1 0 0 0 1 0 -0 0 1 3024.dat
0 H02003 ELEMENT 4211398 MODULE rock-outcrops
1 71 20 -24 310 1 0 0 0 1 0 -0 0 1 3023b.dat
0 H02094 ELEMENT 4159553 MODULE rock-outcrops
1 19 930 -24 310 1 0 0 0 1 0 -0 0 1 3024.dat
0 H02095 ELEMENT 4159553 MODULE rock-outcrops
1 19 950 -24 310 1 0 0 0 1 0 -0 0 1 3024.dat
0 H02001 ELEMENT 306801 MODULE rock-outcrops
1 15 20 -24 340 1 0 0 0 1 0 -0 0 1 3068b.dat
0 H02089 ELEMENT 243101 MODULE rock-outcrops
1 15 930 -24 360 0 0 1 0 1 0 -1 0 0 2431.dat
0 H02090 ELEMENT 243101 MODULE rock-outcrops
1 15 950 -24 360 0 0 1 0 1 0 -1 0 0 2431.dat
0 H01121 ELEMENT 4181134 MODULE staircase
1 19 440 -40 420 1 0 0 0 1 0 -0 0 1 2456.dat
0 H02091 ELEMENT 306801 MODULE rock-outcrops
1 15 940 -24 420 1 0 0 0 1 0 -0 0 1 3068b.dat
0 H02023 ELEMENT 4211063 MODULE rock-outcrops
1 72 20 -24 450 1 0 0 0 1 0 -0 0 1 3023b.dat
0 H01122 ELEMENT 4181134 MODULE staircase
1 19 440 -40 460 1 0 0 0 1 0 -0 0 1 2456.dat
0 H02135 ELEMENT 4211399 MODULE rock-outcrops
1 71 930 -24 450 1 0 0 0 1 0 -0 0 1 3024.dat
0 H02136 ELEMENT 4211399 MODULE rock-outcrops
1 71 950 -24 450 1 0 0 0 1 0 -0 0 1 3024.dat
0 H02024 ELEMENT 4211063 MODULE rock-outcrops
1 72 20 -24 470 1 0 0 0 1 0 -0 0 1 3023b.dat
0 H02137 ELEMENT 4211399 MODULE rock-outcrops
1 71 930 -24 470 1 0 0 0 1 0 -0 0 1 3024.dat
0 H02138 ELEMENT 4211399 MODULE rock-outcrops
1 71 950 -24 470 1 0 0 0 1 0 -0 0 1 3024.dat
0 H02022 ELEMENT 306801 MODULE rock-outcrops
1 15 20 -24 500 1 0 0 0 1 0 -0 0 1 3068b.dat
0 H01123 ELEMENT 4181134 MODULE staircase
1 19 440 -40 500 1 0 0 0 1 0 -0 0 1 2456.dat
0 H02132 ELEMENT 243101 MODULE rock-outcrops
1 15 930 -24 520 0 0 1 0 1 0 -1 0 0 2431.dat
0 H02133 ELEMENT 243101 MODULE rock-outcrops
1 15 950 -24 520 0 0 1 0 1 0 -1 0 0 2431.dat
0 H01124 ELEMENT 4181134 MODULE staircase
1 19 440 -40 540 1 0 0 0 1 0 -0 0 1 2456.dat
0 H01125 ELEMENT 4181134 MODULE staircase
1 19 440 -40 580 1 0 0 0 1 0 -0 0 1 2456.dat
0 H02134 ELEMENT 306801 MODULE rock-outcrops
1 15 940 -24 580 1 0 0 0 1 0 -0 0 1 3068b.dat
0 H01615 ELEMENT 4185177 MODULE rock-outcrops
1 19 20 -24 620 1 0 0 0 1 0 -0 0 1 3068b.dat
0 H01616 ELEMENT 4211363 MODULE rock-outcrops
1 71 60 -136 610 1 0 0 0 1 0 -0 0 1 2454.dat
0 H01620 ELEMENT 4211060 MODULE rock-outcrops
1 72 100 -40 620 1 0 0 0 1 0 -0 0 1 3003.dat
0 H01626 ELEMENT 4211363 MODULE rock-outcrops
1 71 140 -136 610 1 0 0 0 1 0 -0 0 1 2454.dat
0 H01633 ELEMENT 4255416 MODULE rock-outcrops
1 28 180 -40 620 1 0 0 0 1 0 -0 0 1 3003.dat
0 H01639 ELEMENT 4211362 MODULE rock-outcrops
1 71 210 -136 610 1 0 0 0 1 0 -0 0 1 2453a.dat
0 H01640 ELEMENT 4211362 MODULE rock-outcrops
1 71 230 -136 610 1 0 0 0 1 0 -0 0 1 2453a.dat
0 H01646 ELEMENT 6057517 MODULE rock-outcrops
1 19 250 -88 610 1 0 0 0 1 0 -0 0 1 14716.dat
0 H01647 ELEMENT 6057517 MODULE rock-outcrops
1 19 270 -88 610 1 0 0 0 1 0 -0 0 1 14716.dat
0 H01653 ELEMENT 6057517 MODULE rock-outcrops
1 19 290 -88 610 1 0 0 0 1 0 -0 0 1 14716.dat
0 H01654 ELEMENT 6057517 MODULE rock-outcrops
1 19 310 -88 610 1 0 0 0 1 0 -0 0 1 14716.dat
0 H01666 ELEMENT 6057517 MODULE rock-outcrops
1 19 330 -88 610 1 0 0 0 1 0 -0 0 1 14716.dat
0 H01667 ELEMENT 6057517 MODULE rock-outcrops
1 19 350 -88 610 1 0 0 0 1 0 -0 0 1 14716.dat
0 H01662 ELEMENT 243101 MODULE rock-outcrops
1 15 370 -24 640 0 0 1 0 1 0 -1 0 0 2431.dat
0 H01126 ELEMENT 4181134 MODULE staircase
1 19 440 -40 620 1 0 0 0 1 0 -0 0 1 2456.dat
0 H01673 ELEMENT 306901 MODULE rock-outcrops
1 15 510 -24 620 0 0 1 0 1 0 -1 0 0 3069b.dat
0 H01674 ELEMENT 6061702 MODULE rock-outcrops
1 71 530 -88 610 1 0 0 0 1 0 -0 0 1 14716.dat
0 H01675 ELEMENT 6061702 MODULE rock-outcrops
1 71 550 -88 610 1 0 0 0 1 0 -0 0 1 14716.dat
0 H01683 ELEMENT 6061702 MODULE rock-outcrops
1 71 570 -88 610 1 0 0 0 1 0 -0 0 1 14716.dat
0 H01684 ELEMENT 4211388 MODULE rock-outcrops
1 71 590 -40 620 0 0 1 0 1 0 -1 0 0 3004.dat
0 H01693 ELEMENT 4211388 MODULE rock-outcrops
1 71 620 -40 610 1 0 0 0 1 0 -0 0 1 3004.dat
0 H01704 ELEMENT 4211088 MODULE rock-outcrops
1 72 660 -40 610 1 0 0 0 1 0 -0 0 1 3004.dat
0 H01713 ELEMENT 4521914 MODULE rock-outcrops
1 28 700 -40 610 1 0 0 0 1 0 -0 0 1 3004.dat
0 H01730 ELEMENT 4114084 MODULE rock-outcrops
1 19 740 -24 620 1 0 0 0 1 0 -0 0 1 3022.dat
0 H01744 ELEMENT 4211397 MODULE rock-outcrops
1 71 780 -24 620 1 0 0 0 1 0 -0 0 1 3022.dat
0 H01763 ELEMENT 4211397 MODULE rock-outcrops
1 71 820 -24 620 1 0 0 0 1 0 -0 0 1 3022.dat
0 H01777 ELEMENT 4211094 MODULE rock-outcrops
1 72 860 -24 620 1 0 0 0 1 0 -0 0 1 3022.dat
0 H01801 ELEMENT 4211389 MODULE rock-outcrops
1 71 890 -40 610 1 0 0 0 1 0 -0 0 1 3005.dat
0 H01802 ELEMENT 4211389 MODULE rock-outcrops
1 71 910 -40 610 1 0 0 0 1 0 -0 0 1 3005.dat
0 H01797 ELEMENT 243101 MODULE rock-outcrops
1 15 930 -24 640 0 0 1 0 1 0 -1 0 0 2431.dat
0 H01617 ELEMENT 4211363 MODULE rock-outcrops
1 71 60 -136 630 1 0 0 0 1 0 -0 0 1 2454.dat
0 H01627 ELEMENT 4211362 MODULE rock-outcrops
1 71 130 -136 630 1 0 0 0 1 0 -0 0 1 2453a.dat
0 H01628 ELEMENT 4211362 MODULE rock-outcrops
1 71 150 -136 630 1 0 0 0 1 0 -0 0 1 2453a.dat
0 H01641 ELEMENT 6057517 MODULE rock-outcrops
1 19 210 -88 630 1 0 0 0 1 0 -0 0 1 14716.dat
0 H01642 ELEMENT 6057517 MODULE rock-outcrops
1 19 230 -88 630 1 0 0 0 1 0 -0 0 1 14716.dat
0 H01648 ELEMENT 6057517 MODULE rock-outcrops
1 19 250 -88 630 1 0 0 0 1 0 -0 0 1 14716.dat
0 H01649 ELEMENT 6057517 MODULE rock-outcrops
1 19 270 -88 630 1 0 0 0 1 0 -0 0 1 14716.dat
0 H01655 ELEMENT 6057517 MODULE rock-outcrops
1 19 290 -88 630 1 0 0 0 1 0 -0 0 1 14716.dat
0 H01656 ELEMENT 6057517 MODULE rock-outcrops
1 19 310 -88 630 1 0 0 0 1 0 -0 0 1 14716.dat
0 H01668 ELEMENT 6057517 MODULE rock-outcrops
1 19 330 -88 630 1 0 0 0 1 0 -0 0 1 14716.dat
0 H01669 ELEMENT 6057517 MODULE rock-outcrops
1 19 350 -88 630 1 0 0 0 1 0 -0 0 1 14716.dat
0 H01676 ELEMENT 6061702 MODULE rock-outcrops
1 71 530 -88 630 1 0 0 0 1 0 -0 0 1 14716.dat
0 H01677 ELEMENT 6061702 MODULE rock-outcrops
1 71 550 -88 630 1 0 0 0 1 0 -0 0 1 14716.dat
0 H01685 ELEMENT 4113915 MODULE rock-outcrops
1 19 570 -40 630 1 0 0 0 1 0 -0 0 1 3005.dat
0 H01694 ELEMENT 4211388 MODULE rock-outcrops
1 71 620 -40 630 1 0 0 0 1 0 -0 0 1 3004.dat
0 H01705 ELEMENT 4211088 MODULE rock-outcrops
1 72 660 -40 630 1 0 0 0 1 0 -0 0 1 3004.dat
0 H01714 ELEMENT 4113915 MODULE rock-outcrops
1 19 690 -40 630 1 0 0 0 1 0 -0 0 1 3005.dat
0 H01715 ELEMENT 4113915 MODULE rock-outcrops
1 19 710 -40 630 1 0 0 0 1 0 -0 0 1 3005.dat
0 H01803 ELEMENT 4211389 MODULE rock-outcrops
1 71 890 -40 630 1 0 0 0 1 0 -0 0 1 3005.dat
0 H01804 ELEMENT 4211389 MODULE rock-outcrops
1 71 910 -40 630 1 0 0 0 1 0 -0 0 1 3005.dat
0 H01619 ELEMENT 306901 MODULE rock-outcrops
1 15 100 -24 650 1 0 0 0 1 0 -0 0 1 3069b.dat
0 H01625 ELEMENT 306901 MODULE rock-outcrops
1 15 140 -24 650 1 0 0 0 1 0 -0 0 1 3069b.dat
0 H01630 ELEMENT 243101 MODULE rock-outcrops
1 15 170 -24 680 0 0 1 0 1 0 -1 0 0 2431.dat
0 H01631 ELEMENT 6131896 MODULE rock-outcrops
1 19 190 -24 670 0 0 1 0 1 0 -1 0 0 63864.dat
0 H01638 ELEMENT 306801 MODULE rock-outcrops
1 15 220 -24 660 1 0 0 0 1 0 -0 0 1 3068b.dat
0 H01868 ELEMENT 243101 MODULE rock-outcrops
1 15 270 -24 680 0 0 1 0 1 0 -1 0 0 2431.dat
0 H01869 ELEMENT 306801 MODULE rock-outcrops
1 15 300 -24 660 1 0 0 0 1 0 -0 0 1 3068b.dat
0 H01663 ELEMENT 243101 MODULE rock-outcrops
1 15 330 -24 680 0 0 1 0 1 0 -1 0 0 2431.dat
0 H01664 ELEMENT 306901 MODULE rock-outcrops
1 15 350 -24 660 0 0 1 0 1 0 -1 0 0 3069b.dat
0 H01127 ELEMENT 4181134 MODULE staircase
1 19 440 -40 660 1 0 0 0 1 0 -0 0 1 2456.dat
0 H01729 ELEMENT 307001 MODULE rock-outcrops
1 15 750 -24 650 1 0 0 0 1 0 -0 0 1 3070b.dat
0 H01743 ELEMENT 306901 MODULE rock-outcrops
1 15 780 -24 650 1 0 0 0 1 0 -0 0 1 3069b.dat
0 H01760 ELEMENT 306901 MODULE rock-outcrops
1 15 820 -24 650 1 0 0 0 1 0 -0 0 1 3069b.dat
0 H01776 ELEMENT 306801 MODULE rock-outcrops
1 15 860 -24 660 1 0 0 0 1 0 -0 0 1 3068b.dat
0 H01798 ELEMENT 243101 MODULE rock-outcrops
1 15 890 -24 680 0 0 1 0 1 0 -1 0 0 2431.dat
0 H01799 ELEMENT 306901 MODULE rock-outcrops
1 15 910 -24 660 0 0 1 0 1 0 -1 0 0 3069b.dat
0 H01834 ELEMENT 243101 MODULE rock-outcrops
1 15 120 -24 670 1 0 0 0 1 0 -0 0 1 2431.dat
0 H01934 ELEMENT 243101 MODULE rock-outcrops
1 15 780 -24 670 1 0 0 0 1 0 -0 0 1 2431.dat
0 H01761 ELEMENT 243101 MODULE rock-outcrops
1 15 830 -24 700 0 0 1 0 1 0 -1 0 0 2431.dat
0 H01819 ELEMENT 306801 MODULE rock-outcrops
1 15 20 -24 700 1 0 0 0 1 0 -0 0 1 3068b.dat
0 H01820 ELEMENT 4211389 MODULE rock-outcrops
1 71 50 -40 690 1 0 0 0 1 0 -0 0 1 3005.dat
0 H01821 ELEMENT 4211389 MODULE rock-outcrops
1 71 70 -40 690 1 0 0 0 1 0 -0 0 1 3005.dat
0 H01835 ELEMENT 306801 MODULE rock-outcrops
1 15 100 -24 700 1 0 0 0 1 0 -0 0 1 3068b.dat
0 H01837 ELEMENT 4211098 MODULE rock-outcrops
1 72 130 -40 690 1 0 0 0 1 0 -0 0 1 3005.dat
0 H01838 ELEMENT 4211098 MODULE rock-outcrops
1 72 150 -40 690 1 0 0 0 1 0 -0 0 1 3005.dat
0 H01854 ELEMENT 6001824 MODULE rock-outcrops
1 28 210 -40 690 1 0 0 0 1 0 -0 0 1 3005.dat
0 H01855 ELEMENT 6001824 MODULE rock-outcrops
1 28 230 -40 690 1 0 0 0 1 0 -0 0 1 3005.dat
0 H01871 ELEMENT 6001824 MODULE rock-outcrops
1 28 290 -40 690 1 0 0 0 1 0 -0 0 1 3005.dat
0 H01872 ELEMENT 6001824 MODULE rock-outcrops
1 28 310 -40 690 1 0 0 0 1 0 -0 0 1 3005.dat
0 H01128 ELEMENT 4211100 MODULE staircase
1 72 440 -40 690 1 0 0 0 1 0 -0 0 1 3009.dat
0 H01885 ELEMENT 306901 MODULE rock-outcrops
1 15 510 -24 700 0 0 1 0 1 0 -1 0 0 3069b.dat
0 H01887 ELEMENT 6001824 MODULE rock-outcrops
1 28 530 -40 690 1 0 0 0 1 0 -0 0 1 3005.dat
0 H01888 ELEMENT 6001824 MODULE rock-outcrops
1 28 550 -40 690 1 0 0 0 1 0 -0 0 1 3005.dat
0 H01901 ELEMENT 306801 MODULE rock-outcrops
1 15 580 -24 700 1 0 0 0 1 0 -0 0 1 3068b.dat
0 H01902 ELEMENT 6001824 MODULE rock-outcrops
1 28 610 -40 690 1 0 0 0 1 0 -0 0 1 3005.dat
0 H01903 ELEMENT 6001824 MODULE rock-outcrops
1 28 630 -40 690 1 0 0 0 1 0 -0 0 1 3005.dat
0 H01886 ELEMENT 306901 MODULE rock-outcrops
1 15 650 -24 700 0 0 1 0 1 0 -1 0 0 3069b.dat
0 H01916 ELEMENT 306901 MODULE rock-outcrops
1 15 670 -24 700 0 0 1 0 1 0 -1 0 0 3069b.dat
0 H01918 ELEMENT 6001824 MODULE rock-outcrops
1 28 690 -40 690 1 0 0 0 1 0 -0 0 1 3005.dat
0 H01919 ELEMENT 6001824 MODULE rock-outcrops
1 28 710 -40 690 1 0 0 0 1 0 -0 0 1 3005.dat
0 H01917 ELEMENT 306901 MODULE rock-outcrops
1 15 730 -24 700 0 0 1 0 1 0 -1 0 0 3069b.dat
0 H01935 ELEMENT 4558168 MODULE rock-outcrops
1 15 750 -24 710 0 0 1 0 1 0 -1 0 0 63864.dat
0 H01938 ELEMENT 4113917 MODULE rock-outcrops
1 19 780 -24 690 1 0 0 0 1 0 -0 0 1 3023b.dat
0 H01936 ELEMENT 4558168 MODULE rock-outcrops
1 15 810 -24 710 0 0 1 0 1 0 -1 0 0 63864.dat
0 H01960 ELEMENT 4113917 MODULE rock-outcrops
1 19 860 -24 690 1 0 0 0 1 0 -0 0 1 3023b.dat
0 H01822 ELEMENT 4211389 MODULE rock-outcrops
1 71 50 -40 710 1 0 0 0 1 0 -0 0 1 3005.dat
0 H01823 ELEMENT 4211389 MODULE rock-outcrops
1 71 70 -40 710 1 0 0 0 1 0 -0 0 1 3005.dat
0 H01839 ELEMENT 4211098 MODULE rock-outcrops
1 72 130 -40 710 1 0 0 0 1 0 -0 0 1 3005.dat
0 H01840 ELEMENT 4211098 MODULE rock-outcrops
1 72 150 -40 710 1 0 0 0 1 0 -0 0 1 3005.dat
0 H01851 ELEMENT 4550324 MODULE rock-outcrops
1 19 190 -24 740 0 0 1 0 1 0 -1 0 0 2431.dat
0 H01856 ELEMENT 6001824 MODULE rock-outcrops
1 28 210 -40 710 1 0 0 0 1 0 -0 0 1 3005.dat
0 H01857 ELEMENT 6001824 MODULE rock-outcrops
1 28 230 -40 710 1 0 0 0 1 0 -0 0 1 3005.dat
0 H01873 ELEMENT 6001824 MODULE rock-outcrops
1 28 290 -40 710 1 0 0 0 1 0 -0 0 1 3005.dat
0 H01874 ELEMENT 6001824 MODULE rock-outcrops
1 28 310 -40 710 1 0 0 0 1 0 -0 0 1 3005.dat
0 H01129 ELEMENT 4113993 MODULE staircase
1 19 440 -24 720 1 0 0 0 1 0 -0 0 1 3795.dat
0 H01889 ELEMENT 6001824 MODULE rock-outcrops
1 28 530 -40 710 1 0 0 0 1 0 -0 0 1 3005.dat
0 H01890 ELEMENT 6001824 MODULE rock-outcrops
1 28 550 -40 710 1 0 0 0 1 0 -0 0 1 3005.dat
0 H01904 ELEMENT 6001824 MODULE rock-outcrops
1 28 610 -40 710 1 0 0 0 1 0 -0 0 1 3005.dat
0 H01905 ELEMENT 6001824 MODULE rock-outcrops
1 28 630 -40 710 1 0 0 0 1 0 -0 0 1 3005.dat
0 H01920 ELEMENT 6001824 MODULE rock-outcrops
1 28 690 -40 710 1 0 0 0 1 0 -0 0 1 3005.dat
0 H01921 ELEMENT 6001824 MODULE rock-outcrops
1 28 710 -40 710 1 0 0 0 1 0 -0 0 1 3005.dat
0 H01939 ELEMENT 4113917 MODULE rock-outcrops
1 19 780 -24 710 1 0 0 0 1 0 -0 0 1 3023b.dat
0 H01961 ELEMENT 4113917 MODULE rock-outcrops
1 19 860 -24 710 1 0 0 0 1 0 -0 0 1 3023b.dat
0 H01836 ELEMENT 243101 MODULE rock-outcrops
1 15 120 -24 730 1 0 0 0 1 0 -0 0 1 2431.dat
0 H01632 ELEMENT 6131896 MODULE rock-outcrops
1 19 170 -24 750 0 0 1 0 1 0 -1 0 0 63864.dat
0 H01852 ELEMENT 306801 MODULE rock-outcrops
1 15 220 -24 740 1 0 0 0 1 0 -0 0 1 3068b.dat
0 H01870 ELEMENT 243101 MODULE rock-outcrops
1 15 310 -24 760 0 0 1 0 1 0 -1 0 0 2431.dat
0 H01665 ELEMENT 306901 MODULE rock-outcrops
1 15 330 -24 740 0 0 1 0 1 0 -1 0 0 3069b.dat
0 H01937 ELEMENT 306901 MODULE rock-outcrops
1 15 780 -24 730 1 0 0 0 1 0 -0 0 1 3069b.dat
0 H01958 ELEMENT 306801 MODULE rock-outcrops
1 15 860 -24 740 1 0 0 0 1 0 -0 0 1 3068b.dat
0 H01800 ELEMENT 4558168 MODULE rock-outcrops
1 15 890 -24 750 0 0 1 0 1 0 -1 0 0 63864.dat
0 H01120 ELEMENT 663601 MODULE staircase
1 15 440 -24 750 1 0 0 0 1 0 -0 0 1 6636.dat
0 H01762 ELEMENT 306901 MODULE rock-outcrops
1 15 830 -24 760 0 0 1 0 1 0 -1 0 0 3069b.dat
0 H01853 ELEMENT 306901 MODULE rock-outcrops
1 15 220 -24 770 1 0 0 0 1 0 -0 0 1 3069b.dat
0 H01959 ELEMENT 306901 MODULE rock-outcrops
1 15 860 -24 770 1 0 0 0 1 0 -0 0 1 3069b.dat
0 H01983 ELEMENT 4211398 MODULE rock-outcrops
1 71 20 -32 130 1 0 0 0 1 0 -0 0 1 3023b.dat
0 H02053 ELEMENT 4159553 MODULE rock-outcrops
1 19 930 -32 130 1 0 0 0 1 0 -0 0 1 3024.dat
0 H02054 ELEMENT 4159553 MODULE rock-outcrops
1 19 950 -32 130 1 0 0 0 1 0 -0 0 1 3024.dat
0 H01984 ELEMENT 4211398 MODULE rock-outcrops
1 71 20 -32 150 1 0 0 0 1 0 -0 0 1 3023b.dat
0 H02055 ELEMENT 4159553 MODULE rock-outcrops
1 19 930 -32 150 1 0 0 0 1 0 -0 0 1 3024.dat
0 H02056 ELEMENT 4159553 MODULE rock-outcrops
1 19 950 -32 150 1 0 0 0 1 0 -0 0 1 3024.dat
0 H02004 ELEMENT 4211398 MODULE rock-outcrops
1 71 20 -32 290 1 0 0 0 1 0 -0 0 1 3023b.dat
0 H02096 ELEMENT 4159553 MODULE rock-outcrops
1 19 930 -32 290 1 0 0 0 1 0 -0 0 1 3024.dat
0 H02097 ELEMENT 4159553 MODULE rock-outcrops
1 19 950 -32 290 1 0 0 0 1 0 -0 0 1 3024.dat
0 H02005 ELEMENT 4211398 MODULE rock-outcrops
1 71 20 -32 310 1 0 0 0 1 0 -0 0 1 3023b.dat
0 H02098 ELEMENT 4159553 MODULE rock-outcrops
1 19 930 -32 310 1 0 0 0 1 0 -0 0 1 3024.dat
0 H02099 ELEMENT 4159553 MODULE rock-outcrops
1 19 950 -32 310 1 0 0 0 1 0 -0 0 1 3024.dat
0 H02025 ELEMENT 4211063 MODULE rock-outcrops
1 72 20 -32 450 1 0 0 0 1 0 -0 0 1 3023b.dat
0 H02139 ELEMENT 4211399 MODULE rock-outcrops
1 71 930 -32 450 1 0 0 0 1 0 -0 0 1 3024.dat
0 H02140 ELEMENT 4211399 MODULE rock-outcrops
1 71 950 -32 450 1 0 0 0 1 0 -0 0 1 3024.dat
0 H02026 ELEMENT 4211063 MODULE rock-outcrops
1 72 20 -32 470 1 0 0 0 1 0 -0 0 1 3023b.dat
0 H02141 ELEMENT 4211399 MODULE rock-outcrops
1 71 930 -32 470 1 0 0 0 1 0 -0 0 1 3024.dat
0 H02142 ELEMENT 4211399 MODULE rock-outcrops
1 71 950 -32 470 1 0 0 0 1 0 -0 0 1 3024.dat
0 H01731 ELEMENT 4114084 MODULE rock-outcrops
1 19 740 -32 620 1 0 0 0 1 0 -0 0 1 3022.dat
0 H01745 ELEMENT 4211397 MODULE rock-outcrops
1 71 780 -32 620 1 0 0 0 1 0 -0 0 1 3022.dat
0 H01764 ELEMENT 4211397 MODULE rock-outcrops
1 71 820 -32 620 1 0 0 0 1 0 -0 0 1 3022.dat
0 H01778 ELEMENT 4211094 MODULE rock-outcrops
1 72 860 -32 620 1 0 0 0 1 0 -0 0 1 3022.dat
0 H01940 ELEMENT 4113917 MODULE rock-outcrops
1 19 780 -32 690 1 0 0 0 1 0 -0 0 1 3023b.dat
0 H01962 ELEMENT 4113917 MODULE rock-outcrops
1 19 860 -32 690 1 0 0 0 1 0 -0 0 1 3023b.dat
0 H01130 ELEMENT 4124067 MODULE staircase
1 19 440 -32 710 1 0 0 0 1 0 -0 0 1 3666.dat
0 H01941 ELEMENT 4113917 MODULE rock-outcrops
1 19 780 -32 710 1 0 0 0 1 0 -0 0 1 3023b.dat
0 H01963 ELEMENT 4211398 MODULE rock-outcrops
1 71 860 -32 710 1 0 0 0 1 0 -0 0 1 3023b.dat
0 H01119 ELEMENT 663601 MODULE staircase
1 15 440 -32 730 1 0 0 0 1 0 -0 0 1 6636.dat
0 H01985 ELEMENT 4211398 MODULE rock-outcrops
1 71 20 -40 130 1 0 0 0 1 0 -0 0 1 3023b.dat
0 H02057 ELEMENT 4159553 MODULE rock-outcrops
1 19 930 -40 130 1 0 0 0 1 0 -0 0 1 3024.dat
0 H02058 ELEMENT 4159553 MODULE rock-outcrops
1 19 950 -40 130 1 0 0 0 1 0 -0 0 1 3024.dat
0 H01986 ELEMENT 4211398 MODULE rock-outcrops
1 71 20 -40 150 1 0 0 0 1 0 -0 0 1 3023b.dat
0 H02059 ELEMENT 4159553 MODULE rock-outcrops
1 19 930 -40 150 1 0 0 0 1 0 -0 0 1 3024.dat
0 H02060 ELEMENT 4159553 MODULE rock-outcrops
1 19 950 -40 150 1 0 0 0 1 0 -0 0 1 3024.dat
0 H02006 ELEMENT 4211398 MODULE rock-outcrops
1 71 20 -40 290 1 0 0 0 1 0 -0 0 1 3023b.dat
0 H02100 ELEMENT 4159553 MODULE rock-outcrops
1 19 930 -40 290 1 0 0 0 1 0 -0 0 1 3024.dat
0 H02101 ELEMENT 4159553 MODULE rock-outcrops
1 19 950 -40 290 1 0 0 0 1 0 -0 0 1 3024.dat
0 H02007 ELEMENT 4211398 MODULE rock-outcrops
1 71 20 -40 310 1 0 0 0 1 0 -0 0 1 3023b.dat
0 H02102 ELEMENT 4159553 MODULE rock-outcrops
1 19 930 -40 310 1 0 0 0 1 0 -0 0 1 3024.dat
0 H02103 ELEMENT 4159553 MODULE rock-outcrops
1 19 950 -40 310 1 0 0 0 1 0 -0 0 1 3024.dat
0 H02027 ELEMENT 4211063 MODULE rock-outcrops
1 72 20 -40 450 1 0 0 0 1 0 -0 0 1 3023b.dat
0 H02143 ELEMENT 4211399 MODULE rock-outcrops
1 71 930 -40 450 1 0 0 0 1 0 -0 0 1 3024.dat
0 H02144 ELEMENT 4211399 MODULE rock-outcrops
1 71 950 -40 450 1 0 0 0 1 0 -0 0 1 3024.dat
0 H02028 ELEMENT 4211063 MODULE rock-outcrops
1 72 20 -40 470 1 0 0 0 1 0 -0 0 1 3023b.dat
0 H02145 ELEMENT 4211399 MODULE rock-outcrops
1 71 930 -40 470 1 0 0 0 1 0 -0 0 1 3024.dat
0 H02146 ELEMENT 4211399 MODULE rock-outcrops
1 71 950 -40 470 1 0 0 0 1 0 -0 0 1 3024.dat
0 H01732 ELEMENT 4114084 MODULE rock-outcrops
1 19 740 -40 620 1 0 0 0 1 0 -0 0 1 3022.dat
0 H01746 ELEMENT 4211397 MODULE rock-outcrops
1 71 780 -40 620 1 0 0 0 1 0 -0 0 1 3022.dat
0 H01765 ELEMENT 4211094 MODULE rock-outcrops
1 72 820 -40 620 1 0 0 0 1 0 -0 0 1 3022.dat
0 H01779 ELEMENT 4211094 MODULE rock-outcrops
1 72 860 -40 620 1 0 0 0 1 0 -0 0 1 3022.dat
0 H01942 ELEMENT 4113917 MODULE rock-outcrops
1 19 780 -40 690 1 0 0 0 1 0 -0 0 1 3023b.dat
0 H01964 ELEMENT 4211398 MODULE rock-outcrops
1 71 860 -40 690 1 0 0 0 1 0 -0 0 1 3023b.dat
0 H01118 ELEMENT 663601 MODULE staircase
1 15 440 -40 710 1 0 0 0 1 0 -0 0 1 6636.dat
0 H01943 ELEMENT 4113917 MODULE rock-outcrops
1 19 780 -40 710 1 0 0 0 1 0 -0 0 1 3023b.dat
0 H01965 ELEMENT 4211398 MODULE rock-outcrops
1 71 860 -40 710 1 0 0 0 1 0 -0 0 1 3023b.dat
0 H01987 ELEMENT 4211398 MODULE rock-outcrops
1 71 20 -48 130 1 0 0 0 1 0 -0 0 1 3023b.dat
0 H02061 ELEMENT 4159553 MODULE rock-outcrops
1 19 930 -48 130 1 0 0 0 1 0 -0 0 1 3024.dat
0 H02062 ELEMENT 4159553 MODULE rock-outcrops
1 19 950 -48 130 1 0 0 0 1 0 -0 0 1 3024.dat
0 H01988 ELEMENT 4211398 MODULE rock-outcrops
1 71 20 -48 150 1 0 0 0 1 0 -0 0 1 3023b.dat
0 H02063 ELEMENT 4159553 MODULE rock-outcrops
1 19 930 -48 150 1 0 0 0 1 0 -0 0 1 3024.dat
0 H02064 ELEMENT 4159553 MODULE rock-outcrops
1 19 950 -48 150 1 0 0 0 1 0 -0 0 1 3024.dat
0 H02008 ELEMENT 4211398 MODULE rock-outcrops
1 71 20 -48 290 1 0 0 0 1 0 -0 0 1 3023b.dat
0 H02104 ELEMENT 4159553 MODULE rock-outcrops
1 19 930 -48 290 1 0 0 0 1 0 -0 0 1 3024.dat
0 H02105 ELEMENT 4159553 MODULE rock-outcrops
1 19 950 -48 290 1 0 0 0 1 0 -0 0 1 3024.dat
0 H02009 ELEMENT 4211398 MODULE rock-outcrops
1 71 20 -48 310 1 0 0 0 1 0 -0 0 1 3023b.dat
0 H02106 ELEMENT 4159553 MODULE rock-outcrops
1 19 930 -48 310 1 0 0 0 1 0 -0 0 1 3024.dat
0 H02107 ELEMENT 4159553 MODULE rock-outcrops
1 19 950 -48 310 1 0 0 0 1 0 -0 0 1 3024.dat
0 H01131 ELEMENT 4181134 MODULE staircase
1 19 440 -64 420 1 0 0 0 1 0 -0 0 1 2456.dat
0 H02029 ELEMENT 4211063 MODULE rock-outcrops
1 72 20 -48 450 1 0 0 0 1 0 -0 0 1 3023b.dat
0 H01132 ELEMENT 4181134 MODULE staircase
1 19 440 -64 460 1 0 0 0 1 0 -0 0 1 2456.dat
0 H02147 ELEMENT 4211399 MODULE rock-outcrops
1 71 930 -48 450 1 0 0 0 1 0 -0 0 1 3024.dat
0 H02148 ELEMENT 4211399 MODULE rock-outcrops
1 71 950 -48 450 1 0 0 0 1 0 -0 0 1 3024.dat
0 H02030 ELEMENT 4211063 MODULE rock-outcrops
1 72 20 -48 470 1 0 0 0 1 0 -0 0 1 3023b.dat
0 H02149 ELEMENT 4211399 MODULE rock-outcrops
1 71 930 -48 470 1 0 0 0 1 0 -0 0 1 3024.dat
0 H02150 ELEMENT 4211399 MODULE rock-outcrops
1 71 950 -48 470 1 0 0 0 1 0 -0 0 1 3024.dat
0 H01133 ELEMENT 4181134 MODULE staircase
1 19 440 -64 500 1 0 0 0 1 0 -0 0 1 2456.dat
0 H01134 ELEMENT 4211795 MODULE staircase
1 71 440 -64 540 1 0 0 0 1 0 -0 0 1 2456.dat
0 H01135 ELEMENT 4211795 MODULE staircase
1 71 440 -64 580 1 0 0 0 1 0 -0 0 1 2456.dat
0 H01621 ELEMENT 4211060 MODULE rock-outcrops
1 72 100 -64 620 1 0 0 0 1 0 -0 0 1 3003.dat
0 H01634 ELEMENT 4255416 MODULE rock-outcrops
1 28 180 -64 620 1 0 0 0 1 0 -0 0 1 3003.dat
0 H01136 ELEMENT 4211795 MODULE staircase
1 71 440 -64 620 1 0 0 0 1 0 -0 0 1 2456.dat
0 H01686 ELEMENT 4211388 MODULE rock-outcrops
1 71 590 -64 620 0 0 1 0 1 0 -1 0 0 3004.dat
0 H01695 ELEMENT 4211388 MODULE rock-outcrops
1 71 620 -64 610 1 0 0 0 1 0 -0 0 1 3004.dat
0 H01706 ELEMENT 4211088 MODULE rock-outcrops
1 72 660 -64 610 1 0 0 0 1 0 -0 0 1 3004.dat
0 H01716 ELEMENT 4114084 MODULE rock-outcrops
1 19 700 -48 620 1 0 0 0 1 0 -0 0 1 3022.dat
0 H01733 ELEMENT 4114084 MODULE rock-outcrops
1 19 740 -48 620 1 0 0 0 1 0 -0 0 1 3022.dat
0 H01747 ELEMENT 4211397 MODULE rock-outcrops
1 71 780 -48 620 1 0 0 0 1 0 -0 0 1 3022.dat
0 H01766 ELEMENT 4211094 MODULE rock-outcrops
1 72 820 -48 620 1 0 0 0 1 0 -0 0 1 3022.dat
0 H01780 ELEMENT 6047415 MODULE rock-outcrops
1 28 860 -48 620 1 0 0 0 1 0 -0 0 1 3022.dat
0 H01805 ELEMENT 4211389 MODULE rock-outcrops
1 71 890 -64 610 1 0 0 0 1 0 -0 0 1 3005.dat
0 H01806 ELEMENT 4211389 MODULE rock-outcrops
1 71 910 -64 610 1 0 0 0 1 0 -0 0 1 3005.dat
0 H01687 ELEMENT 4113915 MODULE rock-outcrops
1 19 570 -64 630 1 0 0 0 1 0 -0 0 1 3005.dat
0 H01696 ELEMENT 4211388 MODULE rock-outcrops
1 71 620 -64 630 1 0 0 0 1 0 -0 0 1 3004.dat
0 H01707 ELEMENT 4211088 MODULE rock-outcrops
1 72 660 -64 630 1 0 0 0 1 0 -0 0 1 3004.dat
0 H01807 ELEMENT 4211389 MODULE rock-outcrops
1 71 890 -64 630 1 0 0 0 1 0 -0 0 1 3005.dat
0 H01808 ELEMENT 4211389 MODULE rock-outcrops
1 71 910 -64 630 1 0 0 0 1 0 -0 0 1 3005.dat
0 H01137 ELEMENT 4113993 MODULE staircase
1 19 440 -48 660 1 0 0 0 1 0 -0 0 1 3795.dat
0 H01824 ELEMENT 4211389 MODULE rock-outcrops
1 71 50 -64 690 1 0 0 0 1 0 -0 0 1 3005.dat
0 H01825 ELEMENT 4211389 MODULE rock-outcrops
1 71 70 -64 690 1 0 0 0 1 0 -0 0 1 3005.dat
0 H01841 ELEMENT 4211098 MODULE rock-outcrops
1 72 130 -64 690 1 0 0 0 1 0 -0 0 1 3005.dat
0 H01842 ELEMENT 4211098 MODULE rock-outcrops
1 72 150 -64 690 1 0 0 0 1 0 -0 0 1 3005.dat
0 H01858 ELEMENT 6001824 MODULE rock-outcrops
1 28 210 -64 690 1 0 0 0 1 0 -0 0 1 3005.dat
0 H01859 ELEMENT 6001824 MODULE rock-outcrops
1 28 230 -64 690 1 0 0 0 1 0 -0 0 1 3005.dat
0 H01875 ELEMENT 6001824 MODULE rock-outcrops
1 28 290 -64 690 1 0 0 0 1 0 -0 0 1 3005.dat
0 H01876 ELEMENT 6001824 MODULE rock-outcrops
1 28 310 -64 690 1 0 0 0 1 0 -0 0 1 3005.dat
0 H01117 ELEMENT 663601 MODULE staircase
1 15 440 -48 690 1 0 0 0 1 0 -0 0 1 6636.dat
0 H01891 ELEMENT 6001824 MODULE rock-outcrops
1 28 530 -64 690 1 0 0 0 1 0 -0 0 1 3005.dat
0 H01892 ELEMENT 6001824 MODULE rock-outcrops
1 28 550 -64 690 1 0 0 0 1 0 -0 0 1 3005.dat
0 H01906 ELEMENT 6001824 MODULE rock-outcrops
1 28 610 -64 690 1 0 0 0 1 0 -0 0 1 3005.dat
0 H01907 ELEMENT 6001824 MODULE rock-outcrops
1 28 630 -64 690 1 0 0 0 1 0 -0 0 1 3005.dat
0 H01922 ELEMENT 6001824 MODULE rock-outcrops
1 28 690 -64 690 1 0 0 0 1 0 -0 0 1 3005.dat
0 H01923 ELEMENT 6001824 MODULE rock-outcrops
1 28 710 -64 690 1 0 0 0 1 0 -0 0 1 3005.dat
0 H01944 ELEMENT 4113917 MODULE rock-outcrops
1 19 780 -48 690 1 0 0 0 1 0 -0 0 1 3023b.dat
0 H01966 ELEMENT 4211398 MODULE rock-outcrops
1 71 860 -48 690 1 0 0 0 1 0 -0 0 1 3023b.dat
0 H01826 ELEMENT 4211389 MODULE rock-outcrops
1 71 50 -64 710 1 0 0 0 1 0 -0 0 1 3005.dat
0 H01827 ELEMENT 4211389 MODULE rock-outcrops
1 71 70 -64 710 1 0 0 0 1 0 -0 0 1 3005.dat
0 H01843 ELEMENT 4211098 MODULE rock-outcrops
1 72 130 -64 710 1 0 0 0 1 0 -0 0 1 3005.dat
0 H01844 ELEMENT 6001824 MODULE rock-outcrops
1 28 150 -64 710 1 0 0 0 1 0 -0 0 1 3005.dat
0 H01860 ELEMENT 6001824 MODULE rock-outcrops
1 28 210 -64 710 1 0 0 0 1 0 -0 0 1 3005.dat
0 H01861 ELEMENT 6001824 MODULE rock-outcrops
1 28 230 -64 710 1 0 0 0 1 0 -0 0 1 3005.dat
0 H01877 ELEMENT 6001824 MODULE rock-outcrops
1 28 290 -64 710 1 0 0 0 1 0 -0 0 1 3005.dat
0 H01878 ELEMENT 6001824 MODULE rock-outcrops
1 28 310 -64 710 1 0 0 0 1 0 -0 0 1 3005.dat
0 H01893 ELEMENT 6001824 MODULE rock-outcrops
1 28 530 -64 710 1 0 0 0 1 0 -0 0 1 3005.dat
0 H01894 ELEMENT 6001824 MODULE rock-outcrops
1 28 550 -64 710 1 0 0 0 1 0 -0 0 1 3005.dat
0 H01908 ELEMENT 6001824 MODULE rock-outcrops
1 28 610 -64 710 1 0 0 0 1 0 -0 0 1 3005.dat
0 H01909 ELEMENT 6001824 MODULE rock-outcrops
1 28 630 -64 710 1 0 0 0 1 0 -0 0 1 3005.dat
0 H01924 ELEMENT 6001824 MODULE rock-outcrops
1 28 690 -64 710 1 0 0 0 1 0 -0 0 1 3005.dat
0 H01925 ELEMENT 6001824 MODULE rock-outcrops
1 28 710 -64 710 1 0 0 0 1 0 -0 0 1 3005.dat
0 H01945 ELEMENT 4113917 MODULE rock-outcrops
1 19 780 -48 710 1 0 0 0 1 0 -0 0 1 3023b.dat
0 H01967 ELEMENT 4211398 MODULE rock-outcrops
1 71 860 -48 710 1 0 0 0 1 0 -0 0 1 3023b.dat
0 H01989 ELEMENT 4211398 MODULE rock-outcrops
1 71 20 -56 130 1 0 0 0 1 0 -0 0 1 3023b.dat
0 H02065 ELEMENT 4159553 MODULE rock-outcrops
1 19 930 -56 130 1 0 0 0 1 0 -0 0 1 3024.dat
0 H02066 ELEMENT 4159553 MODULE rock-outcrops
1 19 950 -56 130 1 0 0 0 1 0 -0 0 1 3024.dat
0 H01990 ELEMENT 4211398 MODULE rock-outcrops
1 71 20 -56 150 1 0 0 0 1 0 -0 0 1 3023b.dat
0 H02067 ELEMENT 4159553 MODULE rock-outcrops
1 19 930 -56 150 1 0 0 0 1 0 -0 0 1 3024.dat
0 H02068 ELEMENT 4159553 MODULE rock-outcrops
1 19 950 -56 150 1 0 0 0 1 0 -0 0 1 3024.dat
0 H02010 ELEMENT 4211398 MODULE rock-outcrops
1 71 20 -56 290 1 0 0 0 1 0 -0 0 1 3023b.dat
0 H02108 ELEMENT 4159553 MODULE rock-outcrops
1 19 930 -56 290 1 0 0 0 1 0 -0 0 1 3024.dat
0 H02109 ELEMENT 4159553 MODULE rock-outcrops
1 19 950 -56 290 1 0 0 0 1 0 -0 0 1 3024.dat
0 H02011 ELEMENT 4211398 MODULE rock-outcrops
1 71 20 -56 310 1 0 0 0 1 0 -0 0 1 3023b.dat
0 H02110 ELEMENT 4159553 MODULE rock-outcrops
1 19 930 -56 310 1 0 0 0 1 0 -0 0 1 3024.dat
0 H02111 ELEMENT 4159553 MODULE rock-outcrops
1 19 950 -56 310 1 0 0 0 1 0 -0 0 1 3024.dat
0 H02031 ELEMENT 4211063 MODULE rock-outcrops
1 72 20 -56 450 1 0 0 0 1 0 -0 0 1 3023b.dat
0 H02151 ELEMENT 4211399 MODULE rock-outcrops
1 71 930 -56 450 1 0 0 0 1 0 -0 0 1 3024.dat
0 H02152 ELEMENT 4211399 MODULE rock-outcrops
1 71 950 -56 450 1 0 0 0 1 0 -0 0 1 3024.dat
0 H02032 ELEMENT 4528604 MODULE rock-outcrops
1 28 20 -56 470 1 0 0 0 1 0 -0 0 1 3023b.dat
0 H02153 ELEMENT 4210719 MODULE rock-outcrops
1 72 930 -56 470 1 0 0 0 1 0 -0 0 1 3024.dat
0 H02154 ELEMENT 4210719 MODULE rock-outcrops
1 72 950 -56 470 1 0 0 0 1 0 -0 0 1 3024.dat
0 H01717 ELEMENT 4114084 MODULE rock-outcrops
1 19 700 -56 620 1 0 0 0 1 0 -0 0 1 3022.dat
0 H01734 ELEMENT 4114084 MODULE rock-outcrops
1 19 740 -56 620 1 0 0 0 1 0 -0 0 1 3022.dat
0 H01748 ELEMENT 4211397 MODULE rock-outcrops
1 71 780 -56 620 1 0 0 0 1 0 -0 0 1 3022.dat
0 H01767 ELEMENT 4211094 MODULE rock-outcrops
1 72 820 -56 620 1 0 0 0 1 0 -0 0 1 3022.dat
0 H01781 ELEMENT 6047415 MODULE rock-outcrops
1 28 860 -56 620 1 0 0 0 1 0 -0 0 1 3022.dat
0 H01138 ELEMENT 4124067 MODULE staircase
1 19 440 -56 650 1 0 0 0 1 0 -0 0 1 3666.dat
0 H01116 ELEMENT 663601 MODULE staircase
1 15 440 -56 670 1 0 0 0 1 0 -0 0 1 6636.dat
0 H01946 ELEMENT 4113917 MODULE rock-outcrops
1 19 780 -56 690 1 0 0 0 1 0 -0 0 1 3023b.dat
0 H01968 ELEMENT 4211398 MODULE rock-outcrops
1 71 860 -56 690 1 0 0 0 1 0 -0 0 1 3023b.dat
0 H01947 ELEMENT 4113917 MODULE rock-outcrops
1 19 780 -56 710 1 0 0 0 1 0 -0 0 1 3023b.dat
0 H01969 ELEMENT 4211398 MODULE rock-outcrops
1 71 860 -56 710 1 0 0 0 1 0 -0 0 1 3023b.dat
0 H01991 ELEMENT 4211398 MODULE rock-outcrops
1 71 20 -64 130 1 0 0 0 1 0 -0 0 1 3023b.dat
0 H02069 ELEMENT 4159553 MODULE rock-outcrops
1 19 930 -64 130 1 0 0 0 1 0 -0 0 1 3024.dat
0 H02070 ELEMENT 4159553 MODULE rock-outcrops
1 19 950 -64 130 1 0 0 0 1 0 -0 0 1 3024.dat
0 H01992 ELEMENT 4211398 MODULE rock-outcrops
1 71 20 -64 150 1 0 0 0 1 0 -0 0 1 3023b.dat
0 H02071 ELEMENT 4159553 MODULE rock-outcrops
1 19 930 -64 150 1 0 0 0 1 0 -0 0 1 3024.dat
0 H02072 ELEMENT 4159553 MODULE rock-outcrops
1 19 950 -64 150 1 0 0 0 1 0 -0 0 1 3024.dat
0 H02012 ELEMENT 4211398 MODULE rock-outcrops
1 71 20 -64 290 1 0 0 0 1 0 -0 0 1 3023b.dat
0 H02112 ELEMENT 4159553 MODULE rock-outcrops
1 19 930 -64 290 1 0 0 0 1 0 -0 0 1 3024.dat
0 H02113 ELEMENT 4159553 MODULE rock-outcrops
1 19 950 -64 290 1 0 0 0 1 0 -0 0 1 3024.dat
0 H02013 ELEMENT 4211398 MODULE rock-outcrops
1 71 20 -64 310 1 0 0 0 1 0 -0 0 1 3023b.dat
0 H02114 ELEMENT 4159553 MODULE rock-outcrops
1 19 930 -64 310 1 0 0 0 1 0 -0 0 1 3024.dat
0 H02115 ELEMENT 4159553 MODULE rock-outcrops
1 19 950 -64 310 1 0 0 0 1 0 -0 0 1 3024.dat
0 H02033 ELEMENT 4528604 MODULE rock-outcrops
1 28 20 -64 450 1 0 0 0 1 0 -0 0 1 3023b.dat
0 H02155 ELEMENT 4210719 MODULE rock-outcrops
1 72 930 -64 450 1 0 0 0 1 0 -0 0 1 3024.dat
0 H02156 ELEMENT 4210719 MODULE rock-outcrops
1 72 950 -64 450 1 0 0 0 1 0 -0 0 1 3024.dat
0 H02034 ELEMENT 4528604 MODULE rock-outcrops
1 28 20 -64 470 1 0 0 0 1 0 -0 0 1 3023b.dat
0 H02157 ELEMENT 4210719 MODULE rock-outcrops
1 72 930 -64 470 1 0 0 0 1 0 -0 0 1 3024.dat
0 H02158 ELEMENT 4210719 MODULE rock-outcrops
1 72 950 -64 470 1 0 0 0 1 0 -0 0 1 3024.dat
0 H01718 ELEMENT 4114084 MODULE rock-outcrops
1 19 700 -64 620 1 0 0 0 1 0 -0 0 1 3022.dat
0 H01735 ELEMENT 4114084 MODULE rock-outcrops
1 19 740 -64 620 1 0 0 0 1 0 -0 0 1 3022.dat
0 H01749 ELEMENT 4211397 MODULE rock-outcrops
1 71 780 -64 620 1 0 0 0 1 0 -0 0 1 3022.dat
0 H01768 ELEMENT 4211094 MODULE rock-outcrops
1 72 820 -64 620 1 0 0 0 1 0 -0 0 1 3022.dat
0 H01782 ELEMENT 6047415 MODULE rock-outcrops
1 28 860 -64 620 1 0 0 0 1 0 -0 0 1 3022.dat
0 H01115 ELEMENT 663601 MODULE staircase
1 15 440 -64 650 1 0 0 0 1 0 -0 0 1 6636.dat
0 H01948 ELEMENT 4113917 MODULE rock-outcrops
1 19 780 -64 690 1 0 0 0 1 0 -0 0 1 3023b.dat
0 H01970 ELEMENT 4211398 MODULE rock-outcrops
1 71 860 -64 690 1 0 0 0 1 0 -0 0 1 3023b.dat
0 H01949 ELEMENT 4113917 MODULE rock-outcrops
1 19 780 -64 710 1 0 0 0 1 0 -0 0 1 3023b.dat
0 H01971 ELEMENT 4211398 MODULE rock-outcrops
1 71 860 -64 710 1 0 0 0 1 0 -0 0 1 3023b.dat
0 H01993 ELEMENT 4211398 MODULE rock-outcrops
1 71 20 -72 130 1 0 0 0 1 0 -0 0 1 3023b.dat
0 H02073 ELEMENT 4159553 MODULE rock-outcrops
1 19 930 -72 130 1 0 0 0 1 0 -0 0 1 3024.dat
0 H02074 ELEMENT 4159553 MODULE rock-outcrops
1 19 950 -72 130 1 0 0 0 1 0 -0 0 1 3024.dat
0 H01994 ELEMENT 4211398 MODULE rock-outcrops
1 71 20 -72 150 1 0 0 0 1 0 -0 0 1 3023b.dat
0 H02075 ELEMENT 4159553 MODULE rock-outcrops
1 19 930 -72 150 1 0 0 0 1 0 -0 0 1 3024.dat
0 H02076 ELEMENT 4159553 MODULE rock-outcrops
1 19 950 -72 150 1 0 0 0 1 0 -0 0 1 3024.dat
0 H02014 ELEMENT 4211398 MODULE rock-outcrops
1 71 20 -72 290 1 0 0 0 1 0 -0 0 1 3023b.dat
0 H02116 ELEMENT 4159553 MODULE rock-outcrops
1 19 930 -72 290 1 0 0 0 1 0 -0 0 1 3024.dat
0 H02117 ELEMENT 4159553 MODULE rock-outcrops
1 19 950 -72 290 1 0 0 0 1 0 -0 0 1 3024.dat
0 H02015 ELEMENT 4211063 MODULE rock-outcrops
1 72 20 -72 310 1 0 0 0 1 0 -0 0 1 3023b.dat
0 H02118 ELEMENT 4159553 MODULE rock-outcrops
1 19 930 -72 310 1 0 0 0 1 0 -0 0 1 3024.dat
0 H02119 ELEMENT 4211399 MODULE rock-outcrops
1 71 950 -72 310 1 0 0 0 1 0 -0 0 1 3024.dat
0 H01139 ELEMENT 4211795 MODULE staircase
1 71 440 -88 420 1 0 0 0 1 0 -0 0 1 2456.dat
0 H02035 ELEMENT 4528604 MODULE rock-outcrops
1 28 20 -72 450 1 0 0 0 1 0 -0 0 1 3023b.dat
0 H01140 ELEMENT 4211795 MODULE staircase
1 71 440 -88 460 1 0 0 0 1 0 -0 0 1 2456.dat
0 H02159 ELEMENT 4210719 MODULE rock-outcrops
1 72 930 -72 450 1 0 0 0 1 0 -0 0 1 3024.dat
0 H02160 ELEMENT 4210719 MODULE rock-outcrops
1 72 950 -72 450 1 0 0 0 1 0 -0 0 1 3024.dat
0 H02036 ELEMENT 4528604 MODULE rock-outcrops
1 28 20 -72 470 1 0 0 0 1 0 -0 0 1 3023b.dat
0 H02161 ELEMENT 4210719 MODULE rock-outcrops
1 72 930 -72 470 1 0 0 0 1 0 -0 0 1 3024.dat
0 H02162 ELEMENT 4210719 MODULE rock-outcrops
1 72 950 -72 470 1 0 0 0 1 0 -0 0 1 3024.dat
0 H01141 ELEMENT 4211795 MODULE staircase
1 71 440 -88 500 1 0 0 0 1 0 -0 0 1 2456.dat
0 H01142 ELEMENT 4211795 MODULE staircase
1 71 440 -88 540 1 0 0 0 1 0 -0 0 1 2456.dat
0 H01143 ELEMENT 4211100 MODULE staircase
1 72 440 -88 570 1 0 0 0 1 0 -0 0 1 3009.dat
0 H01144 ELEMENT 4113993 MODULE staircase
1 19 440 -72 600 1 0 0 0 1 0 -0 0 1 3795.dat
0 H01622 ELEMENT 4211060 MODULE rock-outcrops
1 72 100 -88 620 1 0 0 0 1 0 -0 0 1 3003.dat
0 H01635 ELEMENT 4255416 MODULE rock-outcrops
1 28 180 -88 620 1 0 0 0 1 0 -0 0 1 3003.dat
0 H01688 ELEMENT 4211388 MODULE rock-outcrops
1 71 590 -88 620 0 0 1 0 1 0 -1 0 0 3004.dat
0 H01697 ELEMENT 4211388 MODULE rock-outcrops
1 71 620 -88 610 1 0 0 0 1 0 -0 0 1 3004.dat
0 H01708 ELEMENT 4521914 MODULE rock-outcrops
1 28 660 -88 610 1 0 0 0 1 0 -0 0 1 3004.dat
0 H01719 ELEMENT 4114084 MODULE rock-outcrops
1 19 700 -72 620 1 0 0 0 1 0 -0 0 1 3022.dat
0 H01736 ELEMENT 4211397 MODULE rock-outcrops
1 71 740 -72 620 1 0 0 0 1 0 -0 0 1 3022.dat
0 H01750 ELEMENT 4211397 MODULE rock-outcrops
1 71 780 -72 620 1 0 0 0 1 0 -0 0 1 3022.dat
0 H01769 ELEMENT 4211094 MODULE rock-outcrops
1 72 820 -72 620 1 0 0 0 1 0 -0 0 1 3022.dat
0 H01783 ELEMENT 6047415 MODULE rock-outcrops
1 28 860 -72 620 1 0 0 0 1 0 -0 0 1 3022.dat
0 H01809 ELEMENT 4211389 MODULE rock-outcrops
1 71 890 -88 610 1 0 0 0 1 0 -0 0 1 3005.dat
0 H01810 ELEMENT 4211389 MODULE rock-outcrops
1 71 910 -88 610 1 0 0 0 1 0 -0 0 1 3005.dat
0 H01114 ELEMENT 663601 MODULE staircase
1 15 440 -72 630 1 0 0 0 1 0 -0 0 1 6636.dat
0 H01689 ELEMENT 4113915 MODULE rock-outcrops
1 19 570 -88 630 1 0 0 0 1 0 -0 0 1 3005.dat
0 H01698 ELEMENT 4211388 MODULE rock-outcrops
1 71 620 -88 630 1 0 0 0 1 0 -0 0 1 3004.dat
0 H01709 ELEMENT 4521914 MODULE rock-outcrops
1 28 660 -88 630 1 0 0 0 1 0 -0 0 1 3004.dat
0 H01811 ELEMENT 4211389 MODULE rock-outcrops
1 71 890 -88 630 1 0 0 0 1 0 -0 0 1 3005.dat
0 H01812 ELEMENT 4211389 MODULE rock-outcrops
1 71 910 -88 630 1 0 0 0 1 0 -0 0 1 3005.dat
0 H01828 ELEMENT 4211098 MODULE rock-outcrops
1 72 50 -88 690 1 0 0 0 1 0 -0 0 1 3005.dat
0 H01829 ELEMENT 4211098 MODULE rock-outcrops
1 72 70 -88 690 1 0 0 0 1 0 -0 0 1 3005.dat
0 H01845 ELEMENT 6001824 MODULE rock-outcrops
1 28 130 -88 690 1 0 0 0 1 0 -0 0 1 3005.dat
0 H01846 ELEMENT 6001824 MODULE rock-outcrops
1 28 150 -88 690 1 0 0 0 1 0 -0 0 1 3005.dat
0 H01862 ELEMENT 6001824 MODULE rock-outcrops
1 28 210 -88 690 1 0 0 0 1 0 -0 0 1 3005.dat
0 H01863 ELEMENT 6001824 MODULE rock-outcrops
1 28 230 -88 690 1 0 0 0 1 0 -0 0 1 3005.dat
0 H01879 ELEMENT 6001824 MODULE rock-outcrops
1 28 290 -88 690 1 0 0 0 1 0 -0 0 1 3005.dat
0 H01880 ELEMENT 6001824 MODULE rock-outcrops
1 28 310 -88 690 1 0 0 0 1 0 -0 0 1 3005.dat
0 H01895 ELEMENT 6001824 MODULE rock-outcrops
1 28 530 -88 690 1 0 0 0 1 0 -0 0 1 3005.dat
0 H01896 ELEMENT 6001824 MODULE rock-outcrops
1 28 550 -88 690 1 0 0 0 1 0 -0 0 1 3005.dat
0 H01910 ELEMENT 6001824 MODULE rock-outcrops
1 28 610 -88 690 1 0 0 0 1 0 -0 0 1 3005.dat
0 H01911 ELEMENT 6001824 MODULE rock-outcrops
1 28 630 -88 690 1 0 0 0 1 0 -0 0 1 3005.dat
0 H01926 ELEMENT 4113917 MODULE rock-outcrops
1 19 700 -72 690 1 0 0 0 1 0 -0 0 1 3023b.dat
0 H01950 ELEMENT 4113917 MODULE rock-outcrops
1 19 780 -72 690 1 0 0 0 1 0 -0 0 1 3023b.dat
0 H01972 ELEMENT 4211398 MODULE rock-outcrops
1 71 860 -72 690 1 0 0 0 1 0 -0 0 1 3023b.dat
0 H01830 ELEMENT 4211098 MODULE rock-outcrops
1 72 50 -88 710 1 0 0 0 1 0 -0 0 1 3005.dat
0 H01831 ELEMENT 4211098 MODULE rock-outcrops
1 72 70 -88 710 1 0 0 0 1 0 -0 0 1 3005.dat
0 H01847 ELEMENT 6001824 MODULE rock-outcrops
1 28 130 -88 710 1 0 0 0 1 0 -0 0 1 3005.dat
0 H01848 ELEMENT 6001824 MODULE rock-outcrops
1 28 150 -88 710 1 0 0 0 1 0 -0 0 1 3005.dat
0 H01864 ELEMENT 6001824 MODULE rock-outcrops
1 28 210 -88 710 1 0 0 0 1 0 -0 0 1 3005.dat
0 H01865 ELEMENT 6001824 MODULE rock-outcrops
1 28 230 -88 710 1 0 0 0 1 0 -0 0 1 3005.dat
0 H01881 ELEMENT 6001824 MODULE rock-outcrops
1 28 290 -88 710 1 0 0 0 1 0 -0 0 1 3005.dat
0 H01882 ELEMENT 6001824 MODULE rock-outcrops
1 28 310 -88 710 1 0 0 0 1 0 -0 0 1 3005.dat
0 H01897 ELEMENT 6001824 MODULE rock-outcrops
1 28 530 -88 710 1 0 0 0 1 0 -0 0 1 3005.dat
0 H01898 ELEMENT 6001824 MODULE rock-outcrops
1 28 550 -88 710 1 0 0 0 1 0 -0 0 1 3005.dat
0 H01912 ELEMENT 6001824 MODULE rock-outcrops
1 28 610 -88 710 1 0 0 0 1 0 -0 0 1 3005.dat
0 H01913 ELEMENT 6001824 MODULE rock-outcrops
1 28 630 -88 710 1 0 0 0 1 0 -0 0 1 3005.dat
0 H01927 ELEMENT 4113917 MODULE rock-outcrops
1 19 700 -72 710 1 0 0 0 1 0 -0 0 1 3023b.dat
0 H01951 ELEMENT 4113917 MODULE rock-outcrops
1 19 780 -72 710 1 0 0 0 1 0 -0 0 1 3023b.dat
0 H01973 ELEMENT 4211398 MODULE rock-outcrops
1 71 860 -72 710 1 0 0 0 1 0 -0 0 1 3023b.dat
0 H01995 ELEMENT 4211398 MODULE rock-outcrops
1 71 20 -80 130 1 0 0 0 1 0 -0 0 1 3023b.dat
0 H02077 ELEMENT 4159553 MODULE rock-outcrops
1 19 930 -80 130 1 0 0 0 1 0 -0 0 1 3024.dat
0 H02078 ELEMENT 4159553 MODULE rock-outcrops
1 19 950 -80 130 1 0 0 0 1 0 -0 0 1 3024.dat
0 H01996 ELEMENT 4211398 MODULE rock-outcrops
1 71 20 -80 150 1 0 0 0 1 0 -0 0 1 3023b.dat
0 H02079 ELEMENT 4159553 MODULE rock-outcrops
1 19 930 -80 150 1 0 0 0 1 0 -0 0 1 3024.dat
0 H02080 ELEMENT 4159553 MODULE rock-outcrops
1 19 950 -80 150 1 0 0 0 1 0 -0 0 1 3024.dat
0 H02016 ELEMENT 4211063 MODULE rock-outcrops
1 72 20 -80 290 1 0 0 0 1 0 -0 0 1 3023b.dat
0 H02120 ELEMENT 4211399 MODULE rock-outcrops
1 71 930 -80 290 1 0 0 0 1 0 -0 0 1 3024.dat
0 H02121 ELEMENT 4211399 MODULE rock-outcrops
1 71 950 -80 290 1 0 0 0 1 0 -0 0 1 3024.dat
0 H02017 ELEMENT 4211063 MODULE rock-outcrops
1 72 20 -80 310 1 0 0 0 1 0 -0 0 1 3023b.dat
0 H02122 ELEMENT 4211399 MODULE rock-outcrops
1 71 930 -80 310 1 0 0 0 1 0 -0 0 1 3024.dat
0 H02123 ELEMENT 4211399 MODULE rock-outcrops
1 71 950 -80 310 1 0 0 0 1 0 -0 0 1 3024.dat
0 H02037 ELEMENT 4528604 MODULE rock-outcrops
1 28 20 -80 450 1 0 0 0 1 0 -0 0 1 3023b.dat
0 H02163 ELEMENT 4210719 MODULE rock-outcrops
1 72 930 -80 450 1 0 0 0 1 0 -0 0 1 3024.dat
0 H02164 ELEMENT 4210719 MODULE rock-outcrops
1 72 950 -80 450 1 0 0 0 1 0 -0 0 1 3024.dat
0 H02038 ELEMENT 4528604 MODULE rock-outcrops
1 28 20 -80 470 1 0 0 0 1 0 -0 0 1 3023b.dat
0 H02165 ELEMENT 4210719 MODULE rock-outcrops
1 72 930 -80 470 1 0 0 0 1 0 -0 0 1 3024.dat
0 H02166 ELEMENT 4210719 MODULE rock-outcrops
1 72 950 -80 470 1 0 0 0 1 0 -0 0 1 3024.dat
0 H01145 ELEMENT 4124067 MODULE staircase
1 19 440 -80 590 1 0 0 0 1 0 -0 0 1 3666.dat
0 H01113 ELEMENT 663601 MODULE staircase
1 15 440 -80 610 1 0 0 0 1 0 -0 0 1 6636.dat
0 H01720 ELEMENT 4114084 MODULE rock-outcrops
1 19 700 -80 620 1 0 0 0 1 0 -0 0 1 3022.dat
0 H01737 ELEMENT 4211397 MODULE rock-outcrops
1 71 740 -80 620 1 0 0 0 1 0 -0 0 1 3022.dat
0 H01751 ELEMENT 4211397 MODULE rock-outcrops
1 71 780 -80 620 1 0 0 0 1 0 -0 0 1 3022.dat
0 H01770 ELEMENT 4211094 MODULE rock-outcrops
1 72 820 -80 620 1 0 0 0 1 0 -0 0 1 3022.dat
0 H01784 ELEMENT 6047415 MODULE rock-outcrops
1 28 860 -80 620 1 0 0 0 1 0 -0 0 1 3022.dat
0 H01928 ELEMENT 4113917 MODULE rock-outcrops
1 19 700 -80 690 1 0 0 0 1 0 -0 0 1 3023b.dat
0 H01952 ELEMENT 4113917 MODULE rock-outcrops
1 19 780 -80 690 1 0 0 0 1 0 -0 0 1 3023b.dat
0 H01974 ELEMENT 4211398 MODULE rock-outcrops
1 71 860 -80 690 1 0 0 0 1 0 -0 0 1 3023b.dat
0 H01929 ELEMENT 4113917 MODULE rock-outcrops
1 19 700 -80 710 1 0 0 0 1 0 -0 0 1 3023b.dat
0 H01953 ELEMENT 4113917 MODULE rock-outcrops
1 19 780 -80 710 1 0 0 0 1 0 -0 0 1 3023b.dat
0 H01975 ELEMENT 4211398 MODULE rock-outcrops
1 71 860 -80 710 1 0 0 0 1 0 -0 0 1 3023b.dat
0 H01997 ELEMENT 4211398 MODULE rock-outcrops
1 71 20 -88 130 1 0 0 0 1 0 -0 0 1 3023b.dat
0 H02081 ELEMENT 4159553 MODULE rock-outcrops
1 19 930 -88 130 1 0 0 0 1 0 -0 0 1 3024.dat
0 H02082 ELEMENT 4159553 MODULE rock-outcrops
1 19 950 -88 130 1 0 0 0 1 0 -0 0 1 3024.dat
0 H01998 ELEMENT 4211398 MODULE rock-outcrops
1 71 20 -88 150 1 0 0 0 1 0 -0 0 1 3023b.dat
0 H02083 ELEMENT 4159553 MODULE rock-outcrops
1 19 930 -88 150 1 0 0 0 1 0 -0 0 1 3024.dat
0 H02084 ELEMENT 4159553 MODULE rock-outcrops
1 19 950 -88 150 1 0 0 0 1 0 -0 0 1 3024.dat
0 H02018 ELEMENT 4211063 MODULE rock-outcrops
1 72 20 -88 290 1 0 0 0 1 0 -0 0 1 3023b.dat
0 H02124 ELEMENT 4211399 MODULE rock-outcrops
1 71 930 -88 290 1 0 0 0 1 0 -0 0 1 3024.dat
0 H02125 ELEMENT 4211399 MODULE rock-outcrops
1 71 950 -88 290 1 0 0 0 1 0 -0 0 1 3024.dat
0 H02019 ELEMENT 4211063 MODULE rock-outcrops
1 72 20 -88 310 1 0 0 0 1 0 -0 0 1 3023b.dat
0 H02126 ELEMENT 4211399 MODULE rock-outcrops
1 71 930 -88 310 1 0 0 0 1 0 -0 0 1 3024.dat
0 H02127 ELEMENT 4211399 MODULE rock-outcrops
1 71 950 -88 310 1 0 0 0 1 0 -0 0 1 3024.dat
0 H02039 ELEMENT 4528604 MODULE rock-outcrops
1 28 20 -88 450 1 0 0 0 1 0 -0 0 1 3023b.dat
0 H02167 ELEMENT 4210719 MODULE rock-outcrops
1 72 930 -88 450 1 0 0 0 1 0 -0 0 1 3024.dat
0 H02168 ELEMENT 4210719 MODULE rock-outcrops
1 72 950 -88 450 1 0 0 0 1 0 -0 0 1 3024.dat
0 H02040 ELEMENT 4159553 MODULE rock-outcrops
1 19 10 -88 470 1 0 0 0 1 0 -0 0 1 3024.dat
0 H02041 ELEMENT 4159553 MODULE rock-outcrops
1 19 30 -88 470 1 0 0 0 1 0 -0 0 1 3024.dat
0 H02169 ELEMENT 4210719 MODULE rock-outcrops
1 72 930 -88 470 1 0 0 0 1 0 -0 0 1 3024.dat
0 H02170 ELEMENT 4210719 MODULE rock-outcrops
1 72 950 -88 470 1 0 0 0 1 0 -0 0 1 3024.dat
0 H01112 ELEMENT 663601 MODULE staircase
1 15 440 -88 590 1 0 0 0 1 0 -0 0 1 6636.dat
0 H01721 ELEMENT 4114084 MODULE rock-outcrops
1 19 700 -88 620 1 0 0 0 1 0 -0 0 1 3022.dat
0 H01738 ELEMENT 4211397 MODULE rock-outcrops
1 71 740 -88 620 1 0 0 0 1 0 -0 0 1 3022.dat
0 H01752 ELEMENT 4211397 MODULE rock-outcrops
1 71 780 -88 620 1 0 0 0 1 0 -0 0 1 3022.dat
0 H01771 ELEMENT 4211094 MODULE rock-outcrops
1 72 820 -88 620 1 0 0 0 1 0 -0 0 1 3022.dat
0 H01785 ELEMENT 4113915 MODULE rock-outcrops
1 19 850 -104 610 1 0 0 0 1 0 -0 0 1 3005.dat
0 H01786 ELEMENT 4113915 MODULE rock-outcrops
1 19 870 -104 610 1 0 0 0 1 0 -0 0 1 3005.dat
0 H01787 ELEMENT 4113915 MODULE rock-outcrops
1 19 850 -104 630 1 0 0 0 1 0 -0 0 1 3005.dat
0 H01788 ELEMENT 4113915 MODULE rock-outcrops
1 19 870 -104 630 1 0 0 0 1 0 -0 0 1 3005.dat
0 H01930 ELEMENT 4113917 MODULE rock-outcrops
1 19 700 -88 690 1 0 0 0 1 0 -0 0 1 3023b.dat
0 H01954 ELEMENT 4113917 MODULE rock-outcrops
1 19 780 -88 690 1 0 0 0 1 0 -0 0 1 3023b.dat
0 H01976 ELEMENT 4211398 MODULE rock-outcrops
1 71 860 -88 690 1 0 0 0 1 0 -0 0 1 3023b.dat
0 H01931 ELEMENT 4113917 MODULE rock-outcrops
1 19 700 -88 710 1 0 0 0 1 0 -0 0 1 3023b.dat
0 H01955 ELEMENT 4113917 MODULE rock-outcrops
1 19 780 -88 710 1 0 0 0 1 0 -0 0 1 3023b.dat
0 H01977 ELEMENT 4211398 MODULE rock-outcrops
1 71 860 -88 710 1 0 0 0 1 0 -0 0 1 3023b.dat
0 H01999 ELEMENT 4211398 MODULE rock-outcrops
1 71 20 -96 130 1 0 0 0 1 0 -0 0 1 3023b.dat
0 H02085 ELEMENT 4159553 MODULE rock-outcrops
1 19 930 -96 130 1 0 0 0 1 0 -0 0 1 3024.dat
0 H02086 ELEMENT 4159553 MODULE rock-outcrops
1 19 950 -96 130 1 0 0 0 1 0 -0 0 1 3024.dat
0 H02000 ELEMENT 4211398 MODULE rock-outcrops
1 71 20 -96 150 1 0 0 0 1 0 -0 0 1 3023b.dat
0 H02087 ELEMENT 4159553 MODULE rock-outcrops
1 19 930 -96 150 1 0 0 0 1 0 -0 0 1 3024.dat
0 H02088 ELEMENT 4159553 MODULE rock-outcrops
1 19 950 -96 150 1 0 0 0 1 0 -0 0 1 3024.dat
0 H02020 ELEMENT 4211063 MODULE rock-outcrops
1 72 20 -96 290 1 0 0 0 1 0 -0 0 1 3023b.dat
0 H02128 ELEMENT 4211399 MODULE rock-outcrops
1 71 930 -96 290 1 0 0 0 1 0 -0 0 1 3024.dat
0 H02129 ELEMENT 4211399 MODULE rock-outcrops
1 71 950 -96 290 1 0 0 0 1 0 -0 0 1 3024.dat
0 H02021 ELEMENT 4211063 MODULE rock-outcrops
1 72 20 -96 310 1 0 0 0 1 0 -0 0 1 3023b.dat
0 H02130 ELEMENT 4211399 MODULE rock-outcrops
1 71 930 -96 310 1 0 0 0 1 0 -0 0 1 3024.dat
0 H02131 ELEMENT 4211399 MODULE rock-outcrops
1 71 950 -96 310 1 0 0 0 1 0 -0 0 1 3024.dat
0 H01146 ELEMENT 4211795 MODULE staircase
1 71 440 -112 420 1 0 0 0 1 0 -0 0 1 2456.dat
0 H02042 ELEMENT 4159553 MODULE rock-outcrops
1 19 10 -96 450 1 0 0 0 1 0 -0 0 1 3024.dat
0 H02043 ELEMENT 4159553 MODULE rock-outcrops
1 19 30 -96 450 1 0 0 0 1 0 -0 0 1 3024.dat
0 H01147 ELEMENT 4211795 MODULE staircase
1 71 440 -112 460 1 0 0 0 1 0 -0 0 1 2456.dat
0 H02171 ELEMENT 4549436 MODULE rock-outcrops
1 28 930 -96 450 1 0 0 0 1 0 -0 0 1 3024.dat
0 H02172 ELEMENT 4549436 MODULE rock-outcrops
1 28 950 -96 450 1 0 0 0 1 0 -0 0 1 3024.dat
0 H02044 ELEMENT 4159553 MODULE rock-outcrops
1 19 10 -96 470 1 0 0 0 1 0 -0 0 1 3024.dat
0 H02045 ELEMENT 4159553 MODULE rock-outcrops
1 19 30 -96 470 1 0 0 0 1 0 -0 0 1 3024.dat
0 H02173 ELEMENT 4549436 MODULE rock-outcrops
1 28 930 -96 470 1 0 0 0 1 0 -0 0 1 3024.dat
0 H02174 ELEMENT 4549436 MODULE rock-outcrops
1 28 950 -96 470 1 0 0 0 1 0 -0 0 1 3024.dat
0 H01148 ELEMENT 4211795 MODULE staircase
1 71 440 -112 500 1 0 0 0 1 0 -0 0 1 2456.dat
0 H01149 ELEMENT 4113993 MODULE staircase
1 19 440 -96 540 1 0 0 0 1 0 -0 0 1 3795.dat
0 H01111 ELEMENT 663601 MODULE staircase
1 15 440 -96 570 1 0 0 0 1 0 -0 0 1 6636.dat
0 H01623 ELEMENT 4255416 MODULE rock-outcrops
1 28 100 -112 620 1 0 0 0 1 0 -0 0 1 3003.dat
0 H01636 ELEMENT 4255416 MODULE rock-outcrops
1 28 180 -112 620 1 0 0 0 1 0 -0 0 1 3003.dat
0 H01650 ELEMENT 4211388 MODULE rock-outcrops
1 71 260 -112 610 1 0 0 0 1 0 -0 0 1 3004.dat
0 H01657 ELEMENT 4211388 MODULE rock-outcrops
1 71 300 -112 610 1 0 0 0 1 0 -0 0 1 3004.dat
0 H01670 ELEMENT 4211388 MODULE rock-outcrops
1 71 340 -112 610 1 0 0 0 1 0 -0 0 1 3004.dat
0 H01678 ELEMENT 4211388 MODULE rock-outcrops
1 71 540 -112 610 1 0 0 0 1 0 -0 0 1 3004.dat
0 H01690 ELEMENT 4211388 MODULE rock-outcrops
1 71 580 -112 610 1 0 0 0 1 0 -0 0 1 3004.dat
0 H01699 ELEMENT 4211088 MODULE rock-outcrops
1 72 620 -112 610 1 0 0 0 1 0 -0 0 1 3004.dat
0 H01710 ELEMENT 4521914 MODULE rock-outcrops
1 28 660 -112 610 1 0 0 0 1 0 -0 0 1 3004.dat
0 H01722 ELEMENT 4114084 MODULE rock-outcrops
1 19 700 -96 620 1 0 0 0 1 0 -0 0 1 3022.dat
0 H01739 ELEMENT 4211397 MODULE rock-outcrops
1 71 740 -96 620 1 0 0 0 1 0 -0 0 1 3022.dat
0 H01753 ELEMENT 4211397 MODULE rock-outcrops
1 71 780 -96 620 1 0 0 0 1 0 -0 0 1 3022.dat
0 H01772 ELEMENT 4211094 MODULE rock-outcrops
1 72 820 -96 620 1 0 0 0 1 0 -0 0 1 3022.dat
0 H01813 ELEMENT 4211389 MODULE rock-outcrops
1 71 890 -112 610 1 0 0 0 1 0 -0 0 1 3005.dat
0 H01814 ELEMENT 4211389 MODULE rock-outcrops
1 71 910 -112 610 1 0 0 0 1 0 -0 0 1 3005.dat
0 H01643 ELEMENT 4211388 MODULE rock-outcrops
1 71 220 -112 630 1 0 0 0 1 0 -0 0 1 3004.dat
0 H01651 ELEMENT 4211388 MODULE rock-outcrops
1 71 260 -112 630 1 0 0 0 1 0 -0 0 1 3004.dat
0 H01658 ELEMENT 4211388 MODULE rock-outcrops
1 71 300 -112 630 1 0 0 0 1 0 -0 0 1 3004.dat
0 H01671 ELEMENT 4211388 MODULE rock-outcrops
1 71 340 -112 630 1 0 0 0 1 0 -0 0 1 3004.dat
0 H01679 ELEMENT 4211388 MODULE rock-outcrops
1 71 540 -112 630 1 0 0 0 1 0 -0 0 1 3004.dat
0 H01691 ELEMENT 4211388 MODULE rock-outcrops
1 71 580 -112 630 1 0 0 0 1 0 -0 0 1 3004.dat
0 H01700 ELEMENT 4211088 MODULE rock-outcrops
1 72 620 -112 630 1 0 0 0 1 0 -0 0 1 3004.dat
0 H01711 ELEMENT 4521914 MODULE rock-outcrops
1 28 660 -112 630 1 0 0 0 1 0 -0 0 1 3004.dat
0 H01815 ELEMENT 4211389 MODULE rock-outcrops
1 71 890 -112 630 1 0 0 0 1 0 -0 0 1 3005.dat
0 H01816 ELEMENT 4211389 MODULE rock-outcrops
1 71 910 -112 630 1 0 0 0 1 0 -0 0 1 3005.dat
0 H01832 ELEMENT 4113917 MODULE rock-outcrops
1 19 60 -96 690 1 0 0 0 1 0 -0 0 1 3023b.dat
0 H01849 ELEMENT 4113917 MODULE rock-outcrops
1 19 140 -96 690 1 0 0 0 1 0 -0 0 1 3023b.dat
0 H01866 ELEMENT 4113917 MODULE rock-outcrops
1 19 220 -96 690 1 0 0 0 1 0 -0 0 1 3023b.dat
0 H01883 ELEMENT 4113917 MODULE rock-outcrops
1 19 300 -96 690 1 0 0 0 1 0 -0 0 1 3023b.dat
0 H01899 ELEMENT 4113917 MODULE rock-outcrops
1 19 540 -96 690 1 0 0 0 1 0 -0 0 1 3023b.dat
0 H01914 ELEMENT 4113917 MODULE rock-outcrops
1 19 620 -96 690 1 0 0 0 1 0 -0 0 1 3023b.dat
0 H01932 ELEMENT 4113917 MODULE rock-outcrops
1 19 700 -96 690 1 0 0 0 1 0 -0 0 1 3023b.dat
0 H01956 ELEMENT 4113917 MODULE rock-outcrops
1 19 780 -96 690 1 0 0 0 1 0 -0 0 1 3023b.dat
0 H01978 ELEMENT 4211398 MODULE rock-outcrops
1 71 860 -96 690 1 0 0 0 1 0 -0 0 1 3023b.dat
0 H01833 ELEMENT 4113917 MODULE rock-outcrops
1 19 60 -96 710 1 0 0 0 1 0 -0 0 1 3023b.dat
0 H01850 ELEMENT 4113917 MODULE rock-outcrops
1 19 140 -96 710 1 0 0 0 1 0 -0 0 1 3023b.dat
0 H01867 ELEMENT 4113917 MODULE rock-outcrops
1 19 220 -96 710 1 0 0 0 1 0 -0 0 1 3023b.dat
0 H01884 ELEMENT 4113917 MODULE rock-outcrops
1 19 300 -96 710 1 0 0 0 1 0 -0 0 1 3023b.dat
0 H01900 ELEMENT 4113917 MODULE rock-outcrops
1 19 540 -96 710 1 0 0 0 1 0 -0 0 1 3023b.dat
0 H01915 ELEMENT 4113917 MODULE rock-outcrops
1 19 620 -96 710 1 0 0 0 1 0 -0 0 1 3023b.dat
0 H01933 ELEMENT 4113917 MODULE rock-outcrops
1 19 700 -96 710 1 0 0 0 1 0 -0 0 1 3023b.dat
0 H01957 ELEMENT 4113917 MODULE rock-outcrops
1 19 780 -96 710 1 0 0 0 1 0 -0 0 1 3023b.dat
0 H01979 ELEMENT 4211398 MODULE rock-outcrops
1 71 860 -96 710 1 0 0 0 1 0 -0 0 1 3023b.dat
0 H01150 ELEMENT 4124067 MODULE staircase
1 19 440 -104 530 1 0 0 0 1 0 -0 0 1 3666.dat
0 H01110 ELEMENT 663601 MODULE staircase
1 15 440 -104 550 1 0 0 0 1 0 -0 0 1 6636.dat
0 H01723 ELEMENT 4114084 MODULE rock-outcrops
1 19 700 -104 620 1 0 0 0 1 0 -0 0 1 3022.dat
0 H01740 ELEMENT 4211397 MODULE rock-outcrops
1 71 740 -104 620 1 0 0 0 1 0 -0 0 1 3022.dat
0 H01754 ELEMENT 4211397 MODULE rock-outcrops
1 71 780 -104 620 1 0 0 0 1 0 -0 0 1 3022.dat
0 H01773 ELEMENT 4211094 MODULE rock-outcrops
1 72 820 -104 620 1 0 0 0 1 0 -0 0 1 3022.dat
0 H01109 ELEMENT 663601 MODULE staircase
1 15 440 -112 530 1 0 0 0 1 0 -0 0 1 6636.dat
0 H01724 ELEMENT 4114084 MODULE rock-outcrops
1 19 700 -112 620 1 0 0 0 1 0 -0 0 1 3022.dat
0 H01741 ELEMENT 4211397 MODULE rock-outcrops
1 71 740 -112 620 1 0 0 0 1 0 -0 0 1 3022.dat
0 H01755 ELEMENT 4211397 MODULE rock-outcrops
1 71 780 -112 620 1 0 0 0 1 0 -0 0 1 3022.dat
0 H01774 ELEMENT 4211094 MODULE rock-outcrops
1 72 820 -112 620 1 0 0 0 1 0 -0 0 1 3022.dat
0 H01789 ELEMENT 4113915 MODULE rock-outcrops
1 19 850 -128 610 1 0 0 0 1 0 -0 0 1 3005.dat
0 H01790 ELEMENT 4113915 MODULE rock-outcrops
1 19 870 -128 610 1 0 0 0 1 0 -0 0 1 3005.dat
0 H01791 ELEMENT 4113915 MODULE rock-outcrops
1 19 850 -128 630 1 0 0 0 1 0 -0 0 1 3005.dat
0 H01792 ELEMENT 4211389 MODULE rock-outcrops
1 71 870 -128 630 1 0 0 0 1 0 -0 0 1 3005.dat
0 H01151 ELEMENT 4211795 MODULE staircase
1 71 440 -136 420 1 0 0 0 1 0 -0 0 1 2456.dat
0 H01152 ELEMENT 4211100 MODULE staircase
1 72 440 -136 450 1 0 0 0 1 0 -0 0 1 3009.dat
0 H01153 ELEMENT 4113993 MODULE staircase
1 19 440 -120 480 1 0 0 0 1 0 -0 0 1 3795.dat
0 H01108 ELEMENT 663601 MODULE staircase
1 15 440 -120 510 1 0 0 0 1 0 -0 0 1 6636.dat
0 H01624 ELEMENT 4114322 MODULE rock-outcrops
1 19 100 -136 610 -1 0 0 0 1 0 -0 0 -1 3039.dat
0 H01637 ELEMENT 4211410 MODULE rock-outcrops
1 71 180 -136 610 -1 0 0 0 1 0 -0 0 -1 3039.dat
0 H01652 ELEMENT 4211410 MODULE rock-outcrops
1 71 260 -136 610 -1 0 0 0 1 0 -0 0 -1 3039.dat
0 H01659 ELEMENT 4211388 MODULE rock-outcrops
1 71 300 -136 610 1 0 0 0 1 0 -0 0 1 3004.dat
0 H01672 ELEMENT 4211054 MODULE rock-outcrops
1 72 340 -136 610 -1 0 0 0 1 0 -0 0 -1 3039.dat
0 H01680 ELEMENT 4211388 MODULE rock-outcrops
1 71 540 -136 610 1 0 0 0 1 0 -0 0 1 3004.dat
0 H01692 ELEMENT 4211054 MODULE rock-outcrops
1 72 580 -136 610 -1 0 0 0 1 0 -0 0 -1 3039.dat
0 H01701 ELEMENT 4211088 MODULE rock-outcrops
1 72 620 -136 610 1 0 0 0 1 0 -0 0 1 3004.dat
0 H01712 ELEMENT 6184880 MODULE rock-outcrops
1 28 660 -136 610 -1 0 0 0 1 0 -0 0 -1 3039.dat
0 H01725 ELEMENT 4114084 MODULE rock-outcrops
1 19 700 -120 620 1 0 0 0 1 0 -0 0 1 3022.dat
0 H01742 ELEMENT 4211397 MODULE rock-outcrops
1 71 740 -120 620 1 0 0 0 1 0 -0 0 1 3022.dat
0 H01756 ELEMENT 4211397 MODULE rock-outcrops
1 71 780 -120 620 1 0 0 0 1 0 -0 0 1 3022.dat
0 H01775 ELEMENT 4211094 MODULE rock-outcrops
1 72 820 -120 620 1 0 0 0 1 0 -0 0 1 3022.dat
0 H01817 ELEMENT 4113917 MODULE rock-outcrops
1 19 900 -120 610 1 0 0 0 1 0 -0 0 1 3023b.dat
0 H01644 ELEMENT 4211388 MODULE rock-outcrops
1 71 220 -136 630 1 0 0 0 1 0 -0 0 1 3004.dat
0 H01660 ELEMENT 4211388 MODULE rock-outcrops
1 71 300 -136 630 1 0 0 0 1 0 -0 0 1 3004.dat
0 H01681 ELEMENT 4211388 MODULE rock-outcrops
1 71 540 -136 630 1 0 0 0 1 0 -0 0 1 3004.dat
0 H01702 ELEMENT 4211088 MODULE rock-outcrops
1 72 620 -136 630 1 0 0 0 1 0 -0 0 1 3004.dat
0 H01818 ELEMENT 4113917 MODULE rock-outcrops
1 19 900 -120 630 1 0 0 0 1 0 -0 0 1 3023b.dat
0 H01154 ELEMENT 4124067 MODULE staircase
1 19 440 -128 470 1 0 0 0 1 0 -0 0 1 3666.dat
0 H01107 ELEMENT 663601 MODULE staircase
1 15 440 -128 490 1 0 0 0 1 0 -0 0 1 6636.dat
0 H01726 ELEMENT 4114084 MODULE rock-outcrops
1 19 700 -128 620 1 0 0 0 1 0 -0 0 1 3022.dat
0 H01757 ELEMENT 4211397 MODULE rock-outcrops
1 71 780 -128 620 1 0 0 0 1 0 -0 0 1 3022.dat
0 H00744 ELEMENT 4528341 MODULE pool
1 15 660 -136 500 1 0 0 0 1 0 -0 0 1 3033.dat
0 H01106 ELEMENT 663601 MODULE staircase
1 15 440 -136 470 1 0 0 0 1 0 -0 0 1 6636.dat
0 H01727 ELEMENT 4114084 MODULE rock-outcrops
1 19 700 -136 620 1 0 0 0 1 0 -0 0 1 3022.dat
0 H01758 ELEMENT 4211397 MODULE rock-outcrops
1 71 780 -136 620 1 0 0 0 1 0 -0 0 1 3022.dat
0 H01793 ELEMENT 4113917 MODULE rock-outcrops
1 19 860 -136 610 1 0 0 0 1 0 -0 0 1 3023b.dat
0 H01794 ELEMENT 4113917 MODULE rock-outcrops
1 19 860 -136 630 1 0 0 0 1 0 -0 0 1 3023b.dat
0 H01155 ELEMENT 4113993 MODULE staircase
1 19 440 -144 420 1 0 0 0 1 0 -0 0 1 3795.dat
0 H01105 ELEMENT 663601 MODULE staircase
1 15 440 -144 450 1 0 0 0 1 0 -0 0 1 6636.dat
0 H01618 ELEMENT 4114322 MODULE rock-outcrops
1 19 60 -160 610 -1 0 0 0 1 0 -0 0 -1 3039.dat
0 H01629 ELEMENT 4211410 MODULE rock-outcrops
1 71 140 -160 610 -1 0 0 0 1 0 -0 0 -1 3039.dat
0 H01645 ELEMENT 4211410 MODULE rock-outcrops
1 71 220 -160 610 -1 0 0 0 1 0 -0 0 -1 3039.dat
0 H01661 ELEMENT 4211410 MODULE rock-outcrops
1 71 300 -160 610 -1 0 0 0 1 0 -0 0 -1 3039.dat
0 H01682 ELEMENT 4211054 MODULE rock-outcrops
1 72 540 -160 610 -1 0 0 0 1 0 -0 0 -1 3039.dat
0 H01703 ELEMENT 4211054 MODULE rock-outcrops
1 72 620 -160 610 -1 0 0 0 1 0 -0 0 -1 3039.dat
0 H01728 ELEMENT 4114084 MODULE rock-outcrops
1 19 700 -144 620 1 0 0 0 1 0 -0 0 1 3022.dat
0 H01759 ELEMENT 4211397 MODULE rock-outcrops
1 71 780 -144 620 1 0 0 0 1 0 -0 0 1 3022.dat
0 H01795 ELEMENT 4113917 MODULE rock-outcrops
1 19 860 -144 610 1 0 0 0 1 0 -0 0 1 3023b.dat
0 H01796 ELEMENT 4113917 MODULE rock-outcrops
1 19 860 -144 630 1 0 0 0 1 0 -0 0 1 3023b.dat
0 H01156 ELEMENT 4124067 MODULE staircase
1 19 440 -152 410 1 0 0 0 1 0 -0 0 1 3666.dat
0 H01104 ELEMENT 663601 MODULE staircase
1 15 440 -152 430 1 0 0 0 1 0 -0 0 1 6636.dat
0 H01103 ELEMENT 663601 MODULE staircase
1 15 440 -160 410 1 0 0 0 1 0 -0 0 1 6636.dat
0 STEP
0 Stage 4: Raised terrace deck
0 H00724 ELEMENT 4609726 MODULE terrace
1 19 200 -160 120 1 0 0 0 1 0 -0 0 1 92438.dat
0 H00725 ELEMENT 4609726 MODULE terrace
1 19 520 -160 120 1 0 0 0 1 0 -0 0 1 92438.dat
0 H00726 ELEMENT 4609726 MODULE terrace
1 19 760 -160 200 0 0 1 0 1 0 -1 0 0 92438.dat
0 H00727 ELEMENT 4211401 MODULE terrace
1 71 880 -160 160 0 0 1 0 1 0 -1 0 0 3029.dat
0 H00728 ELEMENT 4609726 MODULE terrace
1 19 200 -160 280 1 0 0 0 1 0 -0 0 1 92438.dat
0 H00729 ELEMENT 4609726 MODULE terrace
1 19 520 -160 280 1 0 0 0 1 0 -0 0 1 92438.dat
0 H00730 ELEMENT 4211401 MODULE terrace
1 71 880 -160 400 0 0 1 0 1 0 -1 0 0 3029.dat
0 H00731 ELEMENT 4609726 MODULE terrace
1 19 200 -160 440 1 0 0 0 1 0 -0 0 1 92438.dat
0 H00732 ELEMENT 6030980 MODULE terrace
1 19 520 -160 380 1 0 0 0 1 0 -0 0 1 4282.dat
0 H00733 ELEMENT 4509897 MODULE terrace
1 19 760 -160 400 1 0 0 0 1 0 -0 0 1 3035.dat
0 H00734 ELEMENT 4143409 MODULE terrace
1 19 370 -160 500 0 0 1 0 1 0 -1 0 0 4477.dat
0 H00735 ELEMENT 4249019 MODULE terrace
1 19 520 -160 500 0 0 1 0 1 0 -1 0 0 3832.dat
0 H00736 ELEMENT 4113993 MODULE terrace
1 19 600 -160 420 1 0 0 0 1 0 -0 0 1 3795.dat
0 H00737 ELEMENT 4113917 MODULE terrace
1 19 670 -160 420 0 0 1 0 1 0 -1 0 0 3023b.dat
0 H00738 ELEMENT 4114324 MODULE terrace
1 19 550 -160 520 0 0 1 0 1 0 -1 0 0 3460.dat
0 H00739 ELEMENT 4509897 MODULE terrace
1 19 800 -160 520 0 0 1 0 1 0 -1 0 0 3035.dat
0 H00740 ELEMENT 4211401 MODULE terrace
1 71 160 -160 560 1 0 0 0 1 0 -0 0 1 3029.dat
0 H00741 ELEMENT 4243824 MODULE terrace
1 19 320 -160 560 1 0 0 0 1 0 -0 0 1 3031.dat
0 H00742 ELEMENT 4243824 MODULE terrace
1 19 880 -160 560 1 0 0 0 1 0 -0 0 1 3031.dat
0 H00743 ELEMENT 4249019 MODULE terrace
1 19 660 -160 580 1 0 0 0 1 0 -0 0 1 3832.dat
0 STEP
0 Stage 5: Terrace paving, pool water and furniture
0 H01428 ELEMENT 4211481 MODULE waterfront
1 71 80 -24 10 1 0 0 0 1 0 -0 0 1 4162.dat
0 H01429 ELEMENT 4211481 MODULE waterfront
1 71 240 -24 10 1 0 0 0 1 0 -0 0 1 4162.dat
0 H01430 ELEMENT 4560183 MODULE waterfront
1 71 360 -24 20 1 0 0 0 1 0 -0 0 1 87079.dat
0 H01431 ELEMENT 4211481 MODULE waterfront
1 71 480 -24 10 1 0 0 0 1 0 -0 0 1 4162.dat
0 H01432 ELEMENT 4560183 MODULE waterfront
1 71 600 -24 20 1 0 0 0 1 0 -0 0 1 87079.dat
0 H01433 ELEMENT 4211481 MODULE waterfront
1 71 720 -24 10 1 0 0 0 1 0 -0 0 1 4162.dat
0 H01434 ELEMENT 4560183 MODULE waterfront
1 71 840 -24 20 1 0 0 0 1 0 -0 0 1 87079.dat
0 H01435 ELEMENT 4560183 MODULE waterfront
1 71 920 -24 20 1 0 0 0 1 0 -0 0 1 87079.dat
0 H01436 ELEMENT 4211481 MODULE waterfront
1 71 80 -24 30 1 0 0 0 1 0 -0 0 1 4162.dat
0 H01437 ELEMENT 4211481 MODULE waterfront
1 71 240 -24 30 1 0 0 0 1 0 -0 0 1 4162.dat
0 H01438 ELEMENT 4211481 MODULE waterfront
1 71 480 -24 30 1 0 0 0 1 0 -0 0 1 4162.dat
0 H01439 ELEMENT 4211481 MODULE waterfront
1 71 720 -24 30 1 0 0 0 1 0 -0 0 1 4162.dat
0 H01440 ELEMENT 4560183 MODULE waterfront
1 71 20 -24 80 0 0 1 0 1 0 -1 0 0 87079.dat
0 H01441 ELEMENT 4560183 MODULE waterfront
1 71 940 -24 80 0 0 1 0 1 0 -1 0 0 87079.dat
0 H01442 ELEMENT 4560183 MODULE waterfront
1 71 20 -24 240 0 0 1 0 1 0 -1 0 0 87079.dat
0 H01443 ELEMENT 4560183 MODULE waterfront
1 71 20 -24 400 0 0 1 0 1 0 -1 0 0 87079.dat
0 H01444 ELEMENT 4560183 MODULE waterfront
1 71 20 -24 560 0 0 1 0 1 0 -1 0 0 87079.dat
0 H01445 ELEMENT 4211481 MODULE waterfront
1 71 950 -24 680 0 0 1 0 1 0 -1 0 0 4162.dat
0 H01446 ELEMENT 4560184 MODULE waterfront
1 72 40 -24 660 1 0 0 0 1 0 -0 0 1 87079.dat
0 H01447 ELEMENT 4211008 MODULE waterfront
1 72 250 -24 720 0 0 1 0 1 0 -1 0 0 4162.dat
0 H01448 ELEMENT 4560184 MODULE waterfront
1 72 540 -24 660 1 0 0 0 1 0 -0 0 1 87079.dat
0 H01449 ELEMENT 4211008 MODULE waterfront
1 72 660 -24 650 1 0 0 0 1 0 -0 0 1 4162.dat
0 H01450 ELEMENT 4211008 MODULE waterfront
1 72 660 -24 670 1 0 0 0 1 0 -0 0 1 4162.dat
0 H01451 ELEMENT 4560184 MODULE waterfront
1 72 360 -24 720 0 0 1 0 1 0 -1 0 0 87079.dat
0 H01452 ELEMENT 4560182 MODULE waterfront
1 0 920 -24 720 0 0 1 0 1 0 -1 0 0 87079.dat
0 H01453 ELEMENT 4560182 MODULE waterfront
1 0 40 -24 740 1 0 0 0 1 0 -0 0 1 87079.dat
0 H01454 ELEMENT 4560182 MODULE waterfront
1 0 280 -24 760 0 0 1 0 1 0 -1 0 0 87079.dat
0 H01455 ELEMENT 416201 MODULE waterfront
1 15 580 -24 730 1 0 0 0 1 0 -0 0 1 4162.dat
0 H01456 ELEMENT 4560182 MODULE waterfront
1 0 700 -24 740 1 0 0 0 1 0 -0 0 1 87079.dat
0 H01457 ELEMENT 4560182 MODULE waterfront
1 0 120 -24 760 1 0 0 0 1 0 -0 0 1 87079.dat
0 H01458 ELEMENT 416226 MODULE waterfront
1 0 580 -24 750 1 0 0 0 1 0 -0 0 1 4162.dat
0 H01459 ELEMENT 4560182 MODULE waterfront
1 0 780 -24 760 1 0 0 0 1 0 -0 0 1 87079.dat
0 H01460 ELEMENT 4560182 MODULE waterfront
1 0 40 -24 780 1 0 0 0 1 0 -0 0 1 87079.dat
0 H01461 ELEMENT 416226 MODULE waterfront
1 0 400 -24 770 1 0 0 0 1 0 -0 0 1 4162.dat
0 H01462 ELEMENT 416226 MODULE waterfront
1 0 560 -24 770 1 0 0 0 1 0 -0 0 1 4162.dat
0 H01463 ELEMENT 4560182 MODULE waterfront
1 0 680 -24 780 1 0 0 0 1 0 -0 0 1 87079.dat
0 H01464 ELEMENT 4211414 MODULE waterfront
1 71 730 -24 780 0 0 1 0 1 0 -1 0 0 3069b.dat
0 H01465 ELEMENT 4211413 MODULE waterfront
1 71 920 -24 780 1 0 0 0 1 0 -0 0 1 3068b.dat
0 H01466 ELEMENT 4211414 MODULE waterfront
1 71 950 -24 780 0 0 1 0 1 0 -1 0 0 3069b.dat
0 H01467 ELEMENT 416226 MODULE waterfront
1 0 160 -24 790 1 0 0 0 1 0 -0 0 1 4162.dat
0 H01468 ELEMENT 416226 MODULE waterfront
1 0 400 -24 790 1 0 0 0 1 0 -0 0 1 4162.dat
0 H01469 ELEMENT 416226 MODULE waterfront
1 0 560 -24 790 1 0 0 0 1 0 -0 0 1 4162.dat
0 H01470 ELEMENT 416226 MODULE waterfront
1 0 820 -24 790 1 0 0 0 1 0 -0 0 1 4162.dat
0 H00745 ELEMENT 6510178 MODULE pool
1 43 600 -144 450 1 0 0 0 1 0 -0 0 1 2431.dat
0 H00746 ELEMENT 6510178 MODULE pool
1 43 680 -144 450 1 0 0 0 1 0 -0 0 1 2431.dat
0 H00747 ELEMENT 6510178 MODULE pool
1 43 730 -144 480 0 0 1 0 1 0 -1 0 0 2431.dat
0 H00748 ELEMENT 6510178 MODULE pool
1 43 750 -144 480 0 0 1 0 1 0 -1 0 0 2431.dat
0 H00749 ELEMENT 6510182 MODULE pool
1 47 600 -144 470 1 0 0 0 1 0 -0 0 1 2431.dat
0 H00750 ELEMENT 6510182 MODULE pool
1 47 680 -144 470 1 0 0 0 1 0 -0 0 1 2431.dat
0 H00751 ELEMENT 6510182 MODULE pool
1 47 600 -144 490 1 0 0 0 1 0 -0 0 1 2431.dat
0 H00752 ELEMENT 6468267 MODULE pool
1 212 680 -144 490 1 0 0 0 1 0 -0 0 1 2431.dat
0 H00753 ELEMENT 6468267 MODULE pool
1 212 600 -144 510 1 0 0 0 1 0 -0 0 1 2431.dat
0 H00754 ELEMENT 6468267 MODULE pool
1 212 680 -144 510 1 0 0 0 1 0 -0 0 1 2431.dat
0 H00755 ELEMENT 6468267 MODULE pool
1 212 600 -144 530 1 0 0 0 1 0 -0 0 1 2431.dat
0 H00756 ELEMENT 6468267 MODULE pool
1 212 680 -144 530 1 0 0 0 1 0 -0 0 1 2431.dat
0 H00757 ELEMENT 6162894 MODULE pool
1 212 740 -144 540 1 0 0 0 1 0 -0 0 1 3068b.dat
0 H00758 ELEMENT 6468267 MODULE pool
1 212 600 -144 550 1 0 0 0 1 0 -0 0 1 2431.dat
0 H00759 ELEMENT 6292786 MODULE pool
1 3 680 -144 550 1 0 0 0 1 0 -0 0 1 2431.dat
0 H01157 ELEMENT 6122047 MODULE courtyard
1 19 80 -168 60 1 0 0 0 1 0 -0 0 1 87079.dat
0 H01158 ELEMENT 6122047 MODULE courtyard
1 19 160 -168 60 1 0 0 0 1 0 -0 0 1 87079.dat
0 H01159 ELEMENT 6122047 MODULE courtyard
1 19 240 -168 60 1 0 0 0 1 0 -0 0 1 87079.dat
0 H01160 ELEMENT 6122047 MODULE courtyard
1 19 320 -168 60 1 0 0 0 1 0 -0 0 1 87079.dat
0 H01161 ELEMENT 4544139 MODULE courtyard
1 19 440 -168 50 1 0 0 0 1 0 -0 0 1 4162.dat
0 H01162 ELEMENT 6122047 MODULE courtyard
1 19 560 -168 60 1 0 0 0 1 0 -0 0 1 87079.dat
0 H01163 ELEMENT 4544139 MODULE courtyard
1 19 680 -168 50 1 0 0 0 1 0 -0 0 1 4162.dat
0 H01164 ELEMENT 6122047 MODULE courtyard
1 19 800 -168 60 1 0 0 0 1 0 -0 0 1 87079.dat
0 H01165 ELEMENT 6122047 MODULE courtyard
1 19 880 -168 60 1 0 0 0 1 0 -0 0 1 87079.dat
0 H01166 ELEMENT 4544139 MODULE courtyard
1 19 440 -168 70 1 0 0 0 1 0 -0 0 1 4162.dat
0 H01167 ELEMENT 4157277 MODULE courtyard
1 19 660 -168 70 1 0 0 0 1 0 -0 0 1 6636.dat
0 H01168 ELEMENT 4185177 MODULE courtyard
1 19 740 -168 80 1 0 0 0 1 0 -0 0 1 3068b.dat
0 H01169 ELEMENT 4157277 MODULE courtyard
1 19 50 -168 140 0 0 1 0 1 0 -1 0 0 6636.dat
0 H01170 ELEMENT 4157277 MODULE courtyard
1 19 70 -168 140 0 0 1 0 1 0 -1 0 0 6636.dat
0 H01171 ELEMENT 4185177 MODULE courtyard
1 19 660 -168 100 1 0 0 0 1 0 -0 0 1 3068b.dat
0 H01172 ELEMENT 4185177 MODULE courtyard
1 19 700 -168 100 1 0 0 0 1 0 -0 0 1 3068b.dat
0 H01173 ELEMENT 4157277 MODULE courtyard
1 19 820 -168 90 1 0 0 0 1 0 -0 0 1 6636.dat
0 H01174 ELEMENT 4157277 MODULE courtyard
1 19 890 -168 140 0 0 1 0 1 0 -1 0 0 6636.dat
0 H01175 ELEMENT 4157277 MODULE courtyard
1 19 910 -168 140 0 0 1 0 1 0 -1 0 0 6636.dat
0 H01176 ELEMENT 4550324 MODULE courtyard
1 19 760 -168 110 1 0 0 0 1 0 -0 0 1 2431.dat
0 H01177 ELEMENT 4185177 MODULE courtyard
1 19 820 -168 120 1 0 0 0 1 0 -0 0 1 3068b.dat
0 H01178 ELEMENT 4185177 MODULE courtyard
1 19 860 -168 120 1 0 0 0 1 0 -0 0 1 3068b.dat
0 H01179 ELEMENT 4550324 MODULE courtyard
1 19 680 -168 130 1 0 0 0 1 0 -0 0 1 2431.dat
0 H01180 ELEMENT 4550324 MODULE courtyard
1 19 760 -168 130 1 0 0 0 1 0 -0 0 1 2431.dat
0 H01181 ELEMENT 4550324 MODULE courtyard
1 19 680 -168 150 1 0 0 0 1 0 -0 0 1 2431.dat
0 H01182 ELEMENT 4550324 MODULE courtyard
1 19 760 -168 150 1 0 0 0 1 0 -0 0 1 2431.dat
0 H01183 ELEMENT 4550324 MODULE courtyard
1 19 840 -168 150 1 0 0 0 1 0 -0 0 1 2431.dat
0 H01184 ELEMENT 4185177 MODULE courtyard
1 19 60 -168 220 1 0 0 0 1 0 -0 0 1 3068b.dat
0 H01185 ELEMENT 4185177 MODULE courtyard
1 19 900 -168 220 1 0 0 0 1 0 -0 0 1 3068b.dat
0 H01186 ELEMENT 4185177 MODULE courtyard
1 19 60 -168 260 1 0 0 0 1 0 -0 0 1 3068b.dat
0 H01187 ELEMENT 4550324 MODULE courtyard
1 19 480 -168 250 1 0 0 0 1 0 -0 0 1 2431.dat
0 H01188 ELEMENT 4185177 MODULE courtyard
1 19 540 -168 260 1 0 0 0 1 0 -0 0 1 3068b.dat
0 H01189 ELEMENT 4185177 MODULE courtyard
1 19 900 -168 260 1 0 0 0 1 0 -0 0 1 3068b.dat
0 H01190 ELEMENT 4550324 MODULE courtyard
1 19 480 -168 270 1 0 0 0 1 0 -0 0 1 2431.dat
0 H01191 ELEMENT 4185177 MODULE courtyard
1 19 580 -168 280 1 0 0 0 1 0 -0 0 1 3068b.dat
0 H01192 ELEMENT 4550324 MODULE courtyard
1 19 610 -168 300 0 0 1 0 1 0 -1 0 0 2431.dat
0 H01193 ELEMENT 4550324 MODULE courtyard
1 19 630 -168 300 0 0 1 0 1 0 -1 0 0 2431.dat
0 H01194 ELEMENT 4185177 MODULE courtyard
1 19 60 -168 300 1 0 0 0 1 0 -0 0 1 3068b.dat
0 H01195 ELEMENT 4185177 MODULE courtyard
1 19 420 -168 300 1 0 0 0 1 0 -0 0 1 3068b.dat
0 H01196 ELEMENT 4550324 MODULE courtyard
1 19 480 -168 290 1 0 0 0 1 0 -0 0 1 2431.dat
0 H01197 ELEMENT 4185177 MODULE courtyard
1 19 540 -168 300 1 0 0 0 1 0 -0 0 1 3068b.dat
0 H01198 ELEMENT 4550324 MODULE courtyard
1 19 890 -168 320 0 0 1 0 1 0 -1 0 0 2431.dat
0 H01199 ELEMENT 4550324 MODULE courtyard
1 19 910 -168 320 0 0 1 0 1 0 -1 0 0 2431.dat
0 H01200 ELEMENT 4185177 MODULE courtyard
1 19 460 -168 320 1 0 0 0 1 0 -0 0 1 3068b.dat
0 H01201 ELEMENT 4185177 MODULE courtyard
1 19 500 -168 320 1 0 0 0 1 0 -0 0 1 3068b.dat
0 H01202 ELEMENT 4550324 MODULE courtyard
1 19 570 -168 340 0 0 1 0 1 0 -1 0 0 2431.dat
0 H01203 ELEMENT 6131896 MODULE courtyard
1 19 590 -168 330 0 0 1 0 1 0 -1 0 0 63864.dat
0 H01204 ELEMENT 6131896 MODULE courtyard
1 19 130 -168 330 1 0 0 0 1 0 -0 0 1 63864.dat
0 H01205 ELEMENT 6131896 MODULE courtyard
1 19 190 -168 330 1 0 0 0 1 0 -0 0 1 63864.dat
0 H01206 ELEMENT 6131896 MODULE courtyard
1 19 310 -168 330 1 0 0 0 1 0 -0 0 1 63864.dat
0 H01207 ELEMENT 6131896 MODULE courtyard
1 19 410 -168 350 0 0 1 0 1 0 -1 0 0 63864.dat
0 H01208 ELEMENT 6131896 MODULE courtyard
1 19 430 -168 350 0 0 1 0 1 0 -1 0 0 63864.dat
0 H01209 ELEMENT 4114026 MODULE courtyard
1 19 540 -168 330 1 0 0 0 1 0 -0 0 1 3069b.dat
0 H01210 ELEMENT 6131896 MODULE courtyard
1 19 70 -168 350 1 0 0 0 1 0 -0 0 1 63864.dat
0 H01211 ELEMENT 4114026 MODULE courtyard
1 19 120 -168 350 1 0 0 0 1 0 -0 0 1 3069b.dat
0 H01212 ELEMENT 4114026 MODULE courtyard
1 19 160 -168 350 1 0 0 0 1 0 -0 0 1 3069b.dat
0 H01213 ELEMENT 4114026 MODULE courtyard
1 19 200 -168 350 1 0 0 0 1 0 -0 0 1 3069b.dat
0 H01214 ELEMENT 4114026 MODULE courtyard
1 19 240 -168 350 1 0 0 0 1 0 -0 0 1 3069b.dat
0 H01215 ELEMENT 4114026 MODULE courtyard
1 19 280 -168 350 1 0 0 0 1 0 -0 0 1 3069b.dat
0 H01216 ELEMENT 4114026 MODULE courtyard
1 19 320 -168 350 1 0 0 0 1 0 -0 0 1 3069b.dat
0 H01217 ELEMENT 4114026 MODULE courtyard
1 19 360 -168 350 1 0 0 0 1 0 -0 0 1 3069b.dat
0 H01218 ELEMENT 4114026 MODULE courtyard
1 19 390 -168 360 0 0 1 0 1 0 -1 0 0 3069b.dat
0 H01219 ELEMENT 4114026 MODULE courtyard
1 19 460 -168 350 1 0 0 0 1 0 -0 0 1 3069b.dat
0 H01220 ELEMENT 4114026 MODULE courtyard
1 19 490 -168 360 0 0 1 0 1 0 -1 0 0 3069b.dat
0 H01317 ELEMENT 300401 MODULE courtyard-details
1 15 520 -184 350 1 0 0 0 1 0 -0 0 1 3004.dat
0 H01221 ELEMENT 4114026 MODULE courtyard
1 19 550 -168 360 0 0 1 0 1 0 -1 0 0 3069b.dat
0 H01222 ELEMENT 4114026 MODULE courtyard
1 19 620 -168 350 1 0 0 0 1 0 -0 0 1 3069b.dat
0 H01223 ELEMENT 4114026 MODULE courtyard
1 19 60 -168 370 1 0 0 0 1 0 -0 0 1 3069b.dat
0 H01224 ELEMENT 4114026 MODULE courtyard
1 19 100 -168 370 1 0 0 0 1 0 -0 0 1 3069b.dat
0 H01225 ELEMENT 4114026 MODULE courtyard
1 19 140 -168 370 1 0 0 0 1 0 -0 0 1 3069b.dat
0 H01226 ELEMENT 4114026 MODULE courtyard
1 19 180 -168 370 1 0 0 0 1 0 -0 0 1 3069b.dat
0 H01227 ELEMENT 4114026 MODULE courtyard
1 19 220 -168 370 1 0 0 0 1 0 -0 0 1 3069b.dat
0 H01228 ELEMENT 4114026 MODULE courtyard
1 19 260 -168 370 1 0 0 0 1 0 -0 0 1 3069b.dat
0 H01229 ELEMENT 4114026 MODULE courtyard
1 19 300 -168 370 1 0 0 0 1 0 -0 0 1 3069b.dat
0 H01230 ELEMENT 4114026 MODULE courtyard
1 19 340 -168 370 1 0 0 0 1 0 -0 0 1 3069b.dat
0 H01231 ELEMENT 4114026 MODULE courtyard
1 19 370 -168 380 0 0 1 0 1 0 -1 0 0 3069b.dat
0 H01232 ELEMENT 4114026 MODULE courtyard
1 19 460 -168 370 1 0 0 0 1 0 -0 0 1 3069b.dat
0 H01318 ELEMENT 4211388 MODULE courtyard-details
1 71 520 -184 370 1 0 0 0 1 0 -0 0 1 3004.dat
0 H01233 ELEMENT 4114026 MODULE courtyard
1 19 600 -168 370 1 0 0 0 1 0 -0 0 1 3069b.dat
0 H01234 ELEMENT 4114026 MODULE courtyard
1 19 630 -168 380 0 0 1 0 1 0 -1 0 0 3069b.dat
0 H01235 ELEMENT 4114026 MODULE courtyard
1 19 900 -168 370 1 0 0 0 1 0 -0 0 1 3069b.dat
0 H01236 ELEMENT 4114026 MODULE courtyard
1 19 60 -168 390 1 0 0 0 1 0 -0 0 1 3069b.dat
0 H01237 ELEMENT 4114026 MODULE courtyard
1 19 100 -168 390 1 0 0 0 1 0 -0 0 1 3069b.dat
0 H01238 ELEMENT 4114026 MODULE courtyard
1 19 140 -168 390 1 0 0 0 1 0 -0 0 1 3069b.dat
0 H01239 ELEMENT 4114026 MODULE courtyard
1 19 180 -168 390 1 0 0 0 1 0 -0 0 1 3069b.dat
0 H01240 ELEMENT 4114026 MODULE courtyard
1 19 220 -168 390 1 0 0 0 1 0 -0 0 1 3069b.dat
0 H01241 ELEMENT 4114026 MODULE courtyard
1 19 260 -168 390 1 0 0 0 1 0 -0 0 1 3069b.dat
0 H01242 ELEMENT 4114026 MODULE courtyard
1 19 300 -168 390 1 0 0 0 1 0 -0 0 1 3069b.dat
0 H01243 ELEMENT 4114026 MODULE courtyard
1 19 340 -168 390 1 0 0 0 1 0 -0 0 1 3069b.dat
0 H01244 ELEMENT 4114026 MODULE courtyard
1 19 400 -168 390 1 0 0 0 1 0 -0 0 1 3069b.dat
0 H01245 ELEMENT 4114026 MODULE courtyard
1 19 440 -168 390 1 0 0 0 1 0 -0 0 1 3069b.dat
0 H01246 ELEMENT 4114026 MODULE courtyard
1 19 480 -168 390 1 0 0 0 1 0 -0 0 1 3069b.dat
0 H01247 ELEMENT 4114026 MODULE courtyard
1 19 520 -168 390 1 0 0 0 1 0 -0 0 1 3069b.dat
0 H01248 ELEMENT 4114026 MODULE courtyard
1 19 560 -168 390 1 0 0 0 1 0 -0 0 1 3069b.dat
0 H01249 ELEMENT 4114026 MODULE courtyard
1 19 600 -168 390 1 0 0 0 1 0 -0 0 1 3069b.dat
0 H01250 ELEMENT 4114026 MODULE courtyard
1 19 900 -168 390 1 0 0 0 1 0 -0 0 1 3069b.dat
0 H01251 ELEMENT 4114026 MODULE courtyard
1 19 60 -168 410 1 0 0 0 1 0 -0 0 1 3069b.dat
0 H01252 ELEMENT 4114026 MODULE courtyard
1 19 90 -168 420 0 0 1 0 1 0 -1 0 0 3069b.dat
0 H01302 ELEMENT 300401 MODULE courtyard-details
1 15 120 -184 410 1 0 0 0 1 0 -0 0 1 3004.dat
0 H01253 ELEMENT 4125253 MODULE courtyard
1 19 150 -168 410 1 0 0 0 1 0 -0 0 1 3070b.dat
0 H01254 ELEMENT 4125253 MODULE courtyard
1 19 170 -168 410 1 0 0 0 1 0 -0 0 1 3070b.dat
0 H01255 ELEMENT 4125253 MODULE courtyard
1 19 190 -168 410 1 0 0 0 1 0 -0 0 1 3070b.dat
0 H01256 ELEMENT 4125253 MODULE courtyard
1 19 210 -168 410 1 0 0 0 1 0 -0 0 1 3070b.dat
0 H01305 ELEMENT 300401 MODULE courtyard-details
1 15 240 -184 410 1 0 0 0 1 0 -0 0 1 3004.dat
0 H01257 ELEMENT 4125253 MODULE courtyard
1 19 270 -168 410 1 0 0 0 1 0 -0 0 1 3070b.dat
0 H01258 ELEMENT 4125253 MODULE courtyard
1 19 290 -168 410 1 0 0 0 1 0 -0 0 1 3070b.dat
0 H01259 ELEMENT 4125253 MODULE courtyard
1 19 310 -168 410 1 0 0 0 1 0 -0 0 1 3070b.dat
0 H01260 ELEMENT 4125253 MODULE courtyard
1 19 330 -168 410 1 0 0 0 1 0 -0 0 1 3070b.dat
0 H01261 ELEMENT 4125253 MODULE courtyard
1 19 350 -168 410 1 0 0 0 1 0 -0 0 1 3070b.dat
0 H01262 ELEMENT 4125253 MODULE courtyard
1 19 370 -168 410 1 0 0 0 1 0 -0 0 1 3070b.dat
0 H01263 ELEMENT 4125253 MODULE courtyard
1 19 510 -168 410 1 0 0 0 1 0 -0 0 1 3070b.dat
0 H01264 ELEMENT 4125253 MODULE courtyard
1 19 530 -168 410 1 0 0 0 1 0 -0 0 1 3070b.dat
0 H01265 ELEMENT 4125253 MODULE courtyard
1 19 550 -168 410 1 0 0 0 1 0 -0 0 1 3070b.dat
0 H01266 ELEMENT 4125253 MODULE courtyard
1 19 570 -168 410 1 0 0 0 1 0 -0 0 1 3070b.dat
0 H01267 ELEMENT 4125253 MODULE courtyard
1 19 590 -168 410 1 0 0 0 1 0 -0 0 1 3070b.dat
0 H01268 ELEMENT 416201 MODULE courtyard
1 15 50 -168 500 0 0 1 0 1 0 -1 0 0 4162.dat
0 H01269 ELEMENT 4558168 MODULE courtyard
1 15 70 -168 450 0 0 1 0 1 0 -1 0 0 63864.dat
0 H01303 ELEMENT 300401 MODULE courtyard-details
1 15 120 -184 430 1 0 0 0 1 0 -0 0 1 3004.dat
0 H01270 ELEMENT 416201 MODULE courtyard
1 15 150 -168 500 0 0 1 0 1 0 -1 0 0 4162.dat
0 H01271 ELEMENT 416201 MODULE courtyard
1 15 170 -168 500 0 0 1 0 1 0 -1 0 0 4162.dat
0 H01272 ELEMENT 416201 MODULE courtyard
1 15 190 -168 500 0 0 1 0 1 0 -1 0 0 4162.dat
0 H01273 ELEMENT 416201 MODULE courtyard
1 15 210 -168 500 0 0 1 0 1 0 -1 0 0 4162.dat
0 H01306 ELEMENT 300401 MODULE courtyard-details
1 15 240 -184 430 1 0 0 0 1 0 -0 0 1 3004.dat
0 H01274 ELEMENT 4560178 MODULE courtyard
1 15 300 -168 440 1 0 0 0 1 0 -0 0 1 87079.dat
0 H01275 ELEMENT 416201 MODULE courtyard
1 15 350 -168 500 0 0 1 0 1 0 -1 0 0 4162.dat
0 H01276 ELEMENT 416201 MODULE courtyard
1 15 370 -168 500 0 0 1 0 1 0 -1 0 0 4162.dat
0 H01277 ELEMENT 4560178 MODULE courtyard
1 15 520 -168 460 0 0 1 0 1 0 -1 0 0 87079.dat
0 H00760 ELEMENT 663601 MODULE pool
1 15 600 -168 430 1 0 0 0 1 0 -0 0 1 6636.dat
0 H00761 ELEMENT 663601 MODULE pool
1 15 720 -168 430 1 0 0 0 1 0 -0 0 1 6636.dat
0 H01278 ELEMENT 4560178 MODULE courtyard
1 15 820 -168 440 1 0 0 0 1 0 -0 0 1 87079.dat
0 H01279 ELEMENT 306801 MODULE courtyard
1 15 880 -168 440 1 0 0 0 1 0 -0 0 1 3068b.dat
0 H01280 ELEMENT 416201 MODULE courtyard
1 15 910 -168 500 0 0 1 0 1 0 -1 0 0 4162.dat
0 H01281 ELEMENT 306801 MODULE courtyard
1 15 100 -168 460 1 0 0 0 1 0 -0 0 1 3068b.dat
0 H01282 ELEMENT 416201 MODULE courtyard
1 15 130 -168 520 0 0 1 0 1 0 -1 0 0 4162.dat
0 H01283 ELEMENT 4560178 MODULE courtyard
1 15 240 -168 480 0 0 1 0 1 0 -1 0 0 87079.dat
0 H00762 ELEMENT 663601 MODULE pool
1 15 550 -168 500 0 0 1 0 1 0 -1 0 0 6636.dat
0 H00763 ELEMENT 663601 MODULE pool
1 15 770 -168 500 0 0 1 0 1 0 -1 0 0 6636.dat
0 H01284 ELEMENT 4560178 MODULE courtyard
1 15 300 -168 480 1 0 0 0 1 0 -0 0 1 87079.dat
0 H01308 ELEMENT 4114319 MODULE courtyard-details
1 19 800 -184 500 0 0 1 0 1 0 -1 0 0 3001.dat
0 H01285 ELEMENT 663601 MODULE courtyard
1 15 830 -168 520 0 0 1 0 1 0 -1 0 0 6636.dat
0 H01315 ELEMENT 4114319 MODULE courtyard-details
1 19 860 -184 500 0 0 1 0 1 0 -1 0 0 3001.dat
0 H01286 ELEMENT 663601 MODULE courtyard
1 15 890 -168 520 0 0 1 0 1 0 -1 0 0 6636.dat
0 H01313 ELEMENT 4114319 MODULE courtyard-details
1 19 80 -184 520 0 0 1 0 1 0 -1 0 0 3001.dat
0 H01287 ELEMENT 663601 MODULE courtyard
1 15 110 -168 540 0 0 1 0 1 0 -1 0 0 6636.dat
0 H01288 ELEMENT 4560178 MODULE courtyard
1 15 300 -168 520 1 0 0 0 1 0 -0 0 1 87079.dat
0 H01289 ELEMENT 4560178 MODULE courtyard
1 15 520 -168 540 0 0 1 0 1 0 -1 0 0 87079.dat
0 H01290 ELEMENT 4560178 MODULE courtyard
1 15 240 -168 560 0 0 1 0 1 0 -1 0 0 87079.dat
0 H01291 ELEMENT 243101 MODULE courtyard
1 15 300 -168 550 1 0 0 0 1 0 -0 0 1 2431.dat
0 H01310 ELEMENT 300401 MODULE courtyard-details
1 15 800 -184 550 1 0 0 0 1 0 -0 0 1 3004.dat
0 H01292 ELEMENT 306801 MODULE courtyard
1 15 860 -168 560 1 0 0 0 1 0 -0 0 1 3068b.dat
0 H01293 ELEMENT 306801 MODULE courtyard
1 15 80 -168 580 1 0 0 0 1 0 -0 0 1 3068b.dat
0 H01294 ELEMENT 243101 MODULE courtyard
1 15 300 -168 570 1 0 0 0 1 0 -0 0 1 2431.dat
0 H00764 ELEMENT 663601 MODULE pool
1 15 600 -168 570 1 0 0 0 1 0 -0 0 1 6636.dat
0 H00765 ELEMENT 663601 MODULE pool
1 15 720 -168 570 1 0 0 0 1 0 -0 0 1 6636.dat
0 H01311 ELEMENT 300401 MODULE courtyard-details
1 15 800 -184 570 1 0 0 0 1 0 -0 0 1 3004.dat
0 H01295 ELEMENT 307001 MODULE courtyard
1 15 50 -168 590 1 0 0 0 1 0 -0 0 1 3070b.dat
0 H01296 ELEMENT 243101 MODULE courtyard
1 15 180 -168 590 1 0 0 0 1 0 -0 0 1 2431.dat
0 H01297 ELEMENT 663601 MODULE courtyard
1 15 320 -168 590 1 0 0 0 1 0 -0 0 1 6636.dat
0 H01298 ELEMENT 416201 MODULE courtyard
1 15 580 -168 590 1 0 0 0 1 0 -0 0 1 4162.dat
0 H01299 ELEMENT 416201 MODULE courtyard
1 15 740 -168 590 1 0 0 0 1 0 -0 0 1 4162.dat
0 H01300 ELEMENT 243101 MODULE courtyard
1 15 860 -168 590 1 0 0 0 1 0 -0 0 1 2431.dat
0 H01301 ELEMENT 307001 MODULE courtyard
1 15 910 -168 590 1 0 0 0 1 0 -0 0 1 3070b.dat
0 H01319 ELEMENT 4216695 MODULE courtyard-details
1 70 520 -192 360 1 0 0 0 1 0 -0 0 1 3022.dat
0 H01304 ELEMENT 4216695 MODULE courtyard-details
1 70 120 -192 420 1 0 0 0 1 0 -0 0 1 3022.dat
0 H01307 ELEMENT 4216695 MODULE courtyard-details
1 70 240 -192 420 1 0 0 0 1 0 -0 0 1 3022.dat
0 H01309 ELEMENT 4211186 MODULE courtyard-details
1 70 800 -192 500 0 0 1 0 1 0 -1 0 0 3020.dat
0 H01316 ELEMENT 4211186 MODULE courtyard-details
1 70 860 -192 500 0 0 1 0 1 0 -1 0 0 3020.dat
0 H01314 ELEMENT 4211186 MODULE courtyard-details
1 70 80 -192 520 0 0 1 0 1 0 -1 0 0 3020.dat
0 H01312 ELEMENT 4216695 MODULE courtyard-details
1 70 800 -192 560 1 0 0 0 1 0 -0 0 1 3022.dat
0 STEP
0 Stage 10: Ground floor architecture
0 H00251 ELEMENT 6511024 MODULE main-building
1 47 240 -323.5 95 1 0 0 0 1 0 -0 0 1 42509.dat
0 H00264 ELEMENT 6514142 MODULE main-building
1 47 94 -248 200 0 0 1 0 1 0 -1 0 0 86210.dat
0 H00266 ELEMENT 6514142 MODULE main-building
1 47 94 -320 200 0 0 1 0 1 0 -1 0 0 86210.dat
0 H00422 ELEMENT 6514119 MODULE guest-wing
1 47 728 -328 395 1 0 0 0 1 0 -0 0 1 60616a.dat
0 H00441 ELEMENT 6511024 MODULE guest-wing
1 47 760 -323.5 175 1 0 0 0 1 0 -0 0 1 42509.dat
0 H00463 ELEMENT 6514119 MODULE guest-wing
1 47 875 -328 312 0 0 1 0 1 0 -1 0 0 60616a.dat
0 H00553 ELEMENT 6514119 MODULE pavilion
1 47 488 -328 235 1 0 0 0 1 0 -0 0 1 60616a.dat
0 H00555 ELEMENT 6514119 MODULE pavilion
1 47 488 -328 95 1 0 0 0 1 0 -0 0 1 60616a.dat
0 H01542 ELEMENT 243126 MODULE architectural-trim
1 0 90 -236 348 0 0 1 -1 0 0 0 -1 0 2431.dat
0 H01556 ELEMENT 243126 MODULE architectural-trim
1 0 250 -236 348 0 0 1 -1 0 0 0 -1 0 2431.dat
0 H01569 ELEMENT 243126 MODULE architectural-trim
1 0 390 -236 348 0 0 1 -1 0 0 0 -1 0 2431.dat
0 H01588 ELEMENT 243126 MODULE architectural-trim
1 0 650 -236 428 0 0 1 -1 0 0 0 -1 0 2431.dat
0 H01599 ELEMENT 243126 MODULE architectural-trim
1 0 870 -236 428 0 0 1 -1 0 0 0 -1 0 2431.dat
0 H01609 ELEMENT 243126 MODULE architectural-trim
1 0 410 -236 268 0 0 1 -1 0 0 0 -1 0 2431.dat
0 H01614 ELEMENT 243126 MODULE architectural-trim
1 0 630 -236 268 0 0 1 -1 0 0 0 -1 0 2431.dat
0 H00252 ELEMENT 4295313 MODULE main-building
1 19 240 -184 90 1 0 0 0 1 0 -0 0 1 2465.dat
0 H00569 ELEMENT 6075179 MODULE pavilion
1 19 520 -184 90 1 0 0 0 1 0 -0 0 1 6112.dat
0 H00267 ELEMENT 4166138 MODULE main-building
1 19 90 -184 200 0 0 1 0 1 0 -1 0 0 6111.dat
0 H00274 ELEMENT 4512688 MODULE main-building
1 19 390 -280 160 0 0 1 0 1 0 -1 0 0 59349.dat
0 H00574 ELEMENT 4504228 MODULE pavilion
1 15 410 -280 160 0 0 1 0 1 0 -1 0 0 59349.dat
0 H00580 ELEMENT 416201 MODULE pavilion
1 15 500 -168 110 1 0 0 0 1 0 -0 0 1 4162.dat
0 H00581 ELEMENT 4560178 MODULE pavilion
1 15 600 -168 140 0 0 1 0 1 0 -1 0 0 87079.dat
0 H00577 ELEMENT 4504228 MODULE pavilion
1 15 630 -280 160 0 0 1 0 1 0 -1 0 0 59349.dat
0 H00582 ELEMENT 416201 MODULE pavilion
1 15 500 -168 130 1 0 0 0 1 0 -0 0 1 4162.dat
0 H00442 ELEMENT 6075179 MODULE guest-wing
1 19 760 -184 170 1 0 0 0 1 0 -0 0 1 6112.dat
0 H00583 ELEMENT 416201 MODULE pavilion
1 15 500 -168 190 1 0 0 0 1 0 -0 0 1 4162.dat
0 H00584 ELEMENT 4185177 MODULE pavilion
1 19 600 -168 200 1 0 0 0 1 0 -0 0 1 3068b.dat
0 H00457 ELEMENT 4504228 MODULE guest-wing
1 15 650 -280 240 0 0 1 0 1 0 -1 0 0 59349.dat
0 H00464 ELEMENT 611101 MODULE guest-wing
1 15 870 -184 280 0 0 1 0 1 0 -1 0 0 6111.dat
0 H00585 ELEMENT 416201 MODULE pavilion
1 15 500 -168 210 1 0 0 0 1 0 -0 0 1 4162.dat
0 H00275 ELEMENT 6146877 MODULE main-building
1 19 390 -232 260 0 0 1 0 1 0 -1 0 0 60581.dat
0 H00556 ELEMENT 6075179 MODULE pavilion
1 19 520 -184 230 1 0 0 0 1 0 -0 0 1 6112.dat
0 H01606 ELEMENT 6055541 MODULE architectural-trim
1 15 410 -232 250 1 0 0 0 1 0 -0 0 1 14716.dat
0 H01604 ELEMENT 306901 MODULE architectural-trim
1 15 430 -168 260 0 0 1 0 1 0 -1 0 0 3069b.dat
0 H01610 ELEMENT 6131896 MODULE architectural-trim
1 19 590 -168 250 1 0 0 0 1 0 -0 0 1 63864.dat
0 H01611 ELEMENT 6057517 MODULE architectural-trim
1 19 630 -232 250 1 0 0 0 1 0 -0 0 1 14716.dat
0 H01605 ELEMENT 307001 MODULE architectural-trim
1 15 410 -168 270 1 0 0 0 1 0 -0 0 1 3070b.dat
0 H00241 ELEMENT 4112980 MODULE main-building
1 19 90 -280 310 1 0 0 0 1 0 -0 0 1 2453a.dat
0 H00235 ELEMENT 6249033 MODULE main-building
1 15 160 -328 310 1 0 0 0 1 0 -0 0 1 40066.dat
0 H00242 ELEMENT 4114064 MODULE main-building
1 19 240 -280 310 1 0 0 0 1 0 -0 0 1 2454.dat
0 H00236 ELEMENT 6249033 MODULE main-building
1 15 320 -328 310 1 0 0 0 1 0 -0 0 1 40066.dat
0 H00243 ELEMENT 4112980 MODULE main-building
1 19 390 -280 310 1 0 0 0 1 0 -0 0 1 2453a.dat
0 H00458 ELEMENT 6146877 MODULE guest-wing
1 19 650 -232 340 0 0 1 0 1 0 -1 0 0 60581.dat
0 H01538 ELEMENT 306901 MODULE architectural-trim
1 15 60 -168 330 1 0 0 0 1 0 -0 0 1 3069b.dat
0 H01539 ELEMENT 6055541 MODULE architectural-trim
1 15 90 -232 330 1 0 0 0 1 0 -0 0 1 14716.dat
0 H01551 ELEMENT 307001 MODULE architectural-trim
1 15 230 -168 330 1 0 0 0 1 0 -0 0 1 3070b.dat
0 H01553 ELEMENT 6055541 MODULE architectural-trim
1 15 250 -232 330 1 0 0 0 1 0 -0 0 1 14716.dat
0 H01552 ELEMENT 307001 MODULE architectural-trim
1 15 270 -168 330 1 0 0 0 1 0 -0 0 1 3070b.dat
0 H01565 ELEMENT 306901 MODULE architectural-trim
1 15 360 -168 330 1 0 0 0 1 0 -0 0 1 3069b.dat
0 H01566 ELEMENT 6055541 MODULE architectural-trim
1 15 390 -232 330 1 0 0 0 1 0 -0 0 1 14716.dat
0 H00423 ELEMENT 6075179 MODULE guest-wing
1 19 760 -184 390 1 0 0 0 1 0 -0 0 1 6112.dat
0 H01582 ELEMENT 306901 MODULE architectural-trim
1 15 620 -168 410 1 0 0 0 1 0 -0 0 1 3069b.dat
0 H01585 ELEMENT 6055541 MODULE architectural-trim
1 15 650 -232 410 1 0 0 0 1 0 -0 0 1 14716.dat
0 H01583 ELEMENT 243101 MODULE architectural-trim
1 15 700 -168 410 1 0 0 0 1 0 -0 0 1 2431.dat
0 H01584 ELEMENT 307001 MODULE architectural-trim
1 15 750 -168 410 1 0 0 0 1 0 -0 0 1 3070b.dat
0 H01593 ELEMENT 243101 MODULE architectural-trim
1 15 800 -168 410 1 0 0 0 1 0 -0 0 1 2431.dat
0 H01594 ELEMENT 307001 MODULE architectural-trim
1 15 850 -168 410 1 0 0 0 1 0 -0 0 1 3070b.dat
0 H01596 ELEMENT 6055541 MODULE architectural-trim
1 15 870 -232 410 1 0 0 0 1 0 -0 0 1 14716.dat
0 H01595 ELEMENT 306901 MODULE architectural-trim
1 15 900 -168 410 1 0 0 0 1 0 -0 0 1 3069b.dat
0 H00253 ELEMENT 245401 MODULE main-building
1 15 100 -304 90 1 0 0 0 1 0 -0 0 1 2454.dat
0 H00254 ELEMENT 245301 MODULE main-building
1 15 130 -304 90 1 0 0 0 1 0 -0 0 1 2453a.dat
0 H00255 ELEMENT 245401 MODULE main-building
1 15 160 -304 90 1 0 0 0 1 0 -0 0 1 2454.dat
0 H00250 ELEMENT 6256127 MODULE main-building
1 15 240 -328 90 1 0 0 0 1 0 -0 0 1 42205.dat
0 H00256 ELEMENT 245401 MODULE main-building
1 15 320 -304 90 1 0 0 0 1 0 -0 0 1 2454.dat
0 H00257 ELEMENT 245301 MODULE main-building
1 15 350 -304 90 1 0 0 0 1 0 -0 0 1 2453a.dat
0 H00258 ELEMENT 245401 MODULE main-building
1 15 380 -304 90 1 0 0 0 1 0 -0 0 1 2454.dat
0 H00570 ELEMENT 4558208 MODULE pavilion
1 15 440 -256 90 1 0 0 0 1 0 -0 0 1 60581.dat
0 H00554 ELEMENT 6262945 MODULE pavilion
1 15 520 -328 90 1 0 0 0 1 0 -0 0 1 60596.dat
0 H00571 ELEMENT 4558208 MODULE pavilion
1 15 600 -256 90 1 0 0 0 1 0 -0 0 1 60581.dat
0 H00268 ELEMENT 245301 MODULE main-building
1 15 90 -304 110 0 0 1 0 1 0 -1 0 0 2453a.dat
0 H00269 ELEMENT 245401 MODULE main-building
1 15 90 -304 140 0 0 1 0 1 0 -1 0 0 2454.dat
0 H00263 ELEMENT 4530590 MODULE main-building
1 15 90 -256 200 0 0 1 0 1 0 -1 0 0 60594.dat
0 H00443 ELEMENT 4112980 MODULE guest-wing
1 19 650 -304 170 1 0 0 0 1 0 -0 0 1 2453a.dat
0 H00444 ELEMENT 300401 MODULE guest-wing
1 15 680 -208 170 1 0 0 0 1 0 -0 0 1 3004.dat
0 H00440 ELEMENT 6256127 MODULE guest-wing
1 15 760 -328 170 1 0 0 0 1 0 -0 0 1 42205.dat
0 H00445 ELEMENT 4112980 MODULE guest-wing
1 19 830 -304 170 1 0 0 0 1 0 -0 0 1 2453a.dat
0 H00446 ELEMENT 300401 MODULE guest-wing
1 15 860 -208 170 1 0 0 0 1 0 -0 0 1 3004.dat
0 H00465 ELEMENT 4112980 MODULE guest-wing
1 19 870 -304 190 0 0 1 0 1 0 -1 0 0 2453a.dat
0 H00466 ELEMENT 300401 MODULE guest-wing
1 15 870 -208 220 0 0 1 0 1 0 -1 0 0 3004.dat
0 H00557 ELEMENT 301001 MODULE pavilion
1 15 440 -208 230 1 0 0 0 1 0 -0 0 1 3010.dat
0 H00552 ELEMENT 6262945 MODULE pavilion
1 15 520 -328 230 1 0 0 0 1 0 -0 0 1 60596.dat
0 H00558 ELEMENT 301001 MODULE pavilion
1 15 600 -208 230 1 0 0 0 1 0 -0 0 1 3010.dat
0 H00270 ELEMENT 245301 MODULE main-building
1 15 90 -304 250 0 0 1 0 1 0 -1 0 0 2453a.dat
0 H00462 ELEMENT 6262945 MODULE guest-wing
1 15 870 -328 280 0 0 1 0 1 0 -1 0 0 60596.dat
0 H00271 ELEMENT 245401 MODULE main-building
1 15 90 -304 280 0 0 1 0 1 0 -1 0 0 2454.dat
0 H00467 ELEMENT 4112980 MODULE guest-wing
1 19 870 -304 330 0 0 1 0 1 0 -1 0 0 2453a.dat
0 H00468 ELEMENT 300401 MODULE guest-wing
1 15 870 -208 360 0 0 1 0 1 0 -1 0 0 3004.dat
0 H00424 ELEMENT 245301 MODULE guest-wing
1 15 650 -304 390 1 0 0 0 1 0 -0 0 1 2453a.dat
0 H00425 ELEMENT 245301 MODULE guest-wing
1 15 670 -304 390 1 0 0 0 1 0 -0 0 1 2453a.dat
0 H00426 ELEMENT 300401 MODULE guest-wing
1 15 700 -208 390 1 0 0 0 1 0 -0 0 1 3004.dat
0 H00421 ELEMENT 6262945 MODULE guest-wing
1 15 760 -328 390 1 0 0 0 1 0 -0 0 1 60596.dat
0 H00427 ELEMENT 245301 MODULE guest-wing
1 15 810 -304 390 1 0 0 0 1 0 -0 0 1 2453a.dat
0 H00428 ELEMENT 245301 MODULE guest-wing
1 15 830 -304 390 1 0 0 0 1 0 -0 0 1 2453a.dat
0 H00429 ELEMENT 300401 MODULE guest-wing
1 15 860 -208 390 1 0 0 0 1 0 -0 0 1 3004.dat
0 H00447 ELEMENT 300401 MODULE guest-wing
1 15 680 -232 170 1 0 0 0 1 0 -0 0 1 3004.dat
0 H00448 ELEMENT 300401 MODULE guest-wing
1 15 860 -232 170 1 0 0 0 1 0 -0 0 1 3004.dat
0 H00469 ELEMENT 300401 MODULE guest-wing
1 15 870 -232 220 0 0 1 0 1 0 -1 0 0 3004.dat
0 H00559 ELEMENT 301001 MODULE pavilion
1 15 440 -232 230 1 0 0 0 1 0 -0 0 1 3010.dat
0 H00560 ELEMENT 301001 MODULE pavilion
1 15 600 -232 230 1 0 0 0 1 0 -0 0 1 3010.dat
0 H00470 ELEMENT 300401 MODULE guest-wing
1 15 870 -232 360 0 0 1 0 1 0 -1 0 0 3004.dat
0 H00430 ELEMENT 300401 MODULE guest-wing
1 15 700 -232 390 1 0 0 0 1 0 -0 0 1 3004.dat
0 H00431 ELEMENT 300401 MODULE guest-wing
1 15 860 -232 390 1 0 0 0 1 0 -0 0 1 3004.dat
0 H00449 ELEMENT 300401 MODULE guest-wing
1 15 680 -256 170 1 0 0 0 1 0 -0 0 1 3004.dat
0 H00450 ELEMENT 300401 MODULE guest-wing
1 15 860 -256 170 1 0 0 0 1 0 -0 0 1 3004.dat
0 H00471 ELEMENT 300401 MODULE guest-wing
1 15 870 -256 220 0 0 1 0 1 0 -1 0 0 3004.dat
0 H00276 ELEMENT 4558208 MODULE main-building
1 15 390 -304 260 0 0 1 0 1 0 -1 0 0 60581.dat
0 H00561 ELEMENT 301001 MODULE pavilion
1 15 440 -256 230 1 0 0 0 1 0 -0 0 1 3010.dat
0 H00562 ELEMENT 301001 MODULE pavilion
1 15 600 -256 230 1 0 0 0 1 0 -0 0 1 3010.dat
0 H01608 ELEMENT 4558952 MODULE architectural-trim
1 15 410 -256 250 -1 0 0 0 1 0 -0 0 -1 87087.dat
0 H01613 ELEMENT 4579260 MODULE architectural-trim
1 19 630 -256 250 -1 0 0 0 1 0 -0 0 -1 87087.dat
0 H00459 ELEMENT 4558208 MODULE guest-wing
1 15 650 -304 340 0 0 1 0 1 0 -1 0 0 60581.dat
0 H01541 ELEMENT 4558952 MODULE architectural-trim
1 15 90 -256 330 -1 0 0 0 1 0 -0 0 -1 87087.dat
0 H01555 ELEMENT 4558952 MODULE architectural-trim
1 15 250 -256 330 -1 0 0 0 1 0 -0 0 -1 87087.dat
0 H01568 ELEMENT 4558952 MODULE architectural-trim
1 15 390 -256 330 -1 0 0 0 1 0 -0 0 -1 87087.dat
0 H00472 ELEMENT 300401 MODULE guest-wing
1 15 870 -256 360 0 0 1 0 1 0 -1 0 0 3004.dat
0 H00432 ELEMENT 300401 MODULE guest-wing
1 15 700 -256 390 1 0 0 0 1 0 -0 0 1 3004.dat
0 H00433 ELEMENT 300401 MODULE guest-wing
1 15 860 -256 390 1 0 0 0 1 0 -0 0 1 3004.dat
0 H01587 ELEMENT 4558952 MODULE architectural-trim
1 15 650 -256 410 -1 0 0 0 1 0 -0 0 -1 87087.dat
0 H01598 ELEMENT 4558952 MODULE architectural-trim
1 15 870 -256 410 -1 0 0 0 1 0 -0 0 -1 87087.dat
0 H00572 ELEMENT 4558208 MODULE pavilion
1 15 440 -328 90 1 0 0 0 1 0 -0 0 1 60581.dat
0 H00573 ELEMENT 4558208 MODULE pavilion
1 15 600 -328 90 1 0 0 0 1 0 -0 0 1 60581.dat
0 H00265 ELEMENT 4530590 MODULE main-building
1 15 90 -328 200 0 0 1 0 1 0 -1 0 0 60594.dat
0 H00451 ELEMENT 300401 MODULE guest-wing
1 15 680 -280 170 1 0 0 0 1 0 -0 0 1 3004.dat
0 H00452 ELEMENT 300401 MODULE guest-wing
1 15 860 -280 170 1 0 0 0 1 0 -0 0 1 3004.dat
0 H00473 ELEMENT 300401 MODULE guest-wing
1 15 870 -280 220 0 0 1 0 1 0 -1 0 0 3004.dat
0 H00563 ELEMENT 301001 MODULE pavilion
1 15 440 -280 230 1 0 0 0 1 0 -0 0 1 3010.dat
0 H00564 ELEMENT 301001 MODULE pavilion
1 15 600 -280 230 1 0 0 0 1 0 -0 0 1 3010.dat
0 H01607 ELEMENT 6057517 MODULE architectural-trim
1 19 410 -328 250 1 0 0 0 1 0 -0 0 1 14716.dat
0 H01612 ELEMENT 6057517 MODULE architectural-trim
1 19 630 -328 250 1 0 0 0 1 0 -0 0 1 14716.dat
0 H01540 ELEMENT 6055541 MODULE architectural-trim
1 15 90 -328 330 1 0 0 0 1 0 -0 0 1 14716.dat
0 H01554 ELEMENT 6055541 MODULE architectural-trim
1 15 250 -328 330 1 0 0 0 1 0 -0 0 1 14716.dat
0 H01567 ELEMENT 6055541 MODULE architectural-trim
1 15 390 -328 330 1 0 0 0 1 0 -0 0 1 14716.dat
0 H00474 ELEMENT 300401 MODULE guest-wing
1 15 870 -280 360 0 0 1 0 1 0 -1 0 0 3004.dat
0 H00434 ELEMENT 300401 MODULE guest-wing
1 15 700 -280 390 1 0 0 0 1 0 -0 0 1 3004.dat
0 H00435 ELEMENT 300401 MODULE guest-wing
1 15 860 -280 390 1 0 0 0 1 0 -0 0 1 3004.dat
0 H01586 ELEMENT 6055541 MODULE architectural-trim
1 15 650 -328 410 1 0 0 0 1 0 -0 0 1 14716.dat
0 H01597 ELEMENT 6055541 MODULE architectural-trim
1 15 870 -328 410 1 0 0 0 1 0 -0 0 1 14716.dat
0 H00277 ELEMENT 300901 MODULE main-building
1 15 390 -304 160 0 0 1 0 1 0 -1 0 0 3009.dat
0 H00575 ELEMENT 300901 MODULE pavilion
1 15 410 -304 160 0 0 1 0 1 0 -1 0 0 3009.dat
0 H00578 ELEMENT 300901 MODULE pavilion
1 15 630 -304 160 0 0 1 0 1 0 -1 0 0 3009.dat
0 H00453 ELEMENT 300401 MODULE guest-wing
1 15 680 -304 170 1 0 0 0 1 0 -0 0 1 3004.dat
0 H00454 ELEMENT 300401 MODULE guest-wing
1 15 860 -304 170 1 0 0 0 1 0 -0 0 1 3004.dat
0 H00460 ELEMENT 300901 MODULE guest-wing
1 15 650 -304 240 0 0 1 0 1 0 -1 0 0 3009.dat
0 H00475 ELEMENT 300401 MODULE guest-wing
1 15 870 -304 220 0 0 1 0 1 0 -1 0 0 3004.dat
0 H00565 ELEMENT 301001 MODULE pavilion
1 15 440 -304 230 1 0 0 0 1 0 -0 0 1 3010.dat
0 H00566 ELEMENT 301001 MODULE pavilion
1 15 600 -304 230 1 0 0 0 1 0 -0 0 1 3010.dat
0 H00244 ELEMENT 300501 MODULE main-building
1 15 90 -304 310 1 0 0 0 1 0 -0 0 1 3005.dat
0 H00245 ELEMENT 300401 MODULE main-building
1 15 240 -304 310 1 0 0 0 1 0 -0 0 1 3004.dat
0 H00246 ELEMENT 300501 MODULE main-building
1 15 390 -304 310 1 0 0 0 1 0 -0 0 1 3005.dat
0 H00476 ELEMENT 300401 MODULE guest-wing
1 15 870 -304 360 0 0 1 0 1 0 -1 0 0 3004.dat
0 H00436 ELEMENT 300401 MODULE guest-wing
1 15 700 -304 390 1 0 0 0 1 0 -0 0 1 3004.dat
0 H00437 ELEMENT 300401 MODULE guest-wing
1 15 860 -304 390 1 0 0 0 1 0 -0 0 1 3004.dat
0 H00259 ELEMENT 362201 MODULE main-building
1 15 110 -328 90 1 0 0 0 1 0 -0 0 1 3622.dat
0 H00260 ELEMENT 300401 MODULE main-building
1 15 160 -328 90 1 0 0 0 1 0 -0 0 1 3004.dat
0 H00261 ELEMENT 362201 MODULE main-building
1 15 330 -328 90 1 0 0 0 1 0 -0 0 1 3622.dat
0 H00262 ELEMENT 300401 MODULE main-building
1 15 380 -328 90 1 0 0 0 1 0 -0 0 1 3004.dat
0 H00272 ELEMENT 362201 MODULE main-building
1 15 90 -328 130 0 0 1 0 1 0 -1 0 0 3622.dat
0 H00278 ELEMENT 611101 MODULE main-building
1 15 390 -328 200 0 0 1 0 1 0 -1 0 0 6111.dat
0 H00576 ELEMENT 300901 MODULE pavilion
1 15 410 -328 160 0 0 1 0 1 0 -1 0 0 3009.dat
0 H00579 ELEMENT 300901 MODULE pavilion
1 15 630 -328 160 0 0 1 0 1 0 -1 0 0 3009.dat
0 H00455 ELEMENT 362201 MODULE guest-wing
1 15 670 -328 170 1 0 0 0 1 0 -0 0 1 3622.dat
0 H00456 ELEMENT 362201 MODULE guest-wing
1 15 850 -328 170 1 0 0 0 1 0 -0 0 1 3622.dat
0 H00461 ELEMENT 611101 MODULE guest-wing
1 15 650 -328 280 0 0 1 0 1 0 -1 0 0 6111.dat
0 H00477 ELEMENT 362201 MODULE guest-wing
1 15 870 -328 210 0 0 1 0 1 0 -1 0 0 3622.dat
0 H00567 ELEMENT 301001 MODULE pavilion
1 15 440 -328 230 1 0 0 0 1 0 -0 0 1 3010.dat
0 H00568 ELEMENT 301001 MODULE pavilion
1 15 600 -328 230 1 0 0 0 1 0 -0 0 1 3010.dat
0 H00273 ELEMENT 362201 MODULE main-building
1 15 90 -328 270 0 0 1 0 1 0 -1 0 0 3622.dat
0 H00247 ELEMENT 300501 MODULE main-building
1 15 90 -328 310 1 0 0 0 1 0 -0 0 1 3005.dat
0 H00237 ELEMENT 300501 MODULE main-building
1 15 110 -328 310 1 0 0 0 1 0 -0 0 1 3005.dat
0 H00238 ELEMENT 300501 MODULE main-building
1 15 210 -328 310 1 0 0 0 1 0 -0 0 1 3005.dat
0 H00248 ELEMENT 300401 MODULE main-building
1 15 240 -328 310 1 0 0 0 1 0 -0 0 1 3004.dat
0 H00239 ELEMENT 300501 MODULE main-building
1 15 270 -328 310 1 0 0 0 1 0 -0 0 1 3005.dat
0 H00240 ELEMENT 300501 MODULE main-building
1 15 370 -328 310 1 0 0 0 1 0 -0 0 1 3005.dat
0 H00249 ELEMENT 300501 MODULE main-building
1 15 390 -328 310 1 0 0 0 1 0 -0 0 1 3005.dat
0 H00478 ELEMENT 362201 MODULE guest-wing
1 15 870 -328 350 0 0 1 0 1 0 -1 0 0 3622.dat
0 H00438 ELEMENT 301001 MODULE guest-wing
1 15 680 -328 390 1 0 0 0 1 0 -0 0 1 3010.dat
0 H00439 ELEMENT 301001 MODULE guest-wing
1 15 840 -328 390 1 0 0 0 1 0 -0 0 1 3010.dat
0 STEP
0 Stage 11: Ground floor interiors
0 H00279 ELEMENT 6122047 MODULE main-building-interior
1 19 140 -168 120 1 0 0 0 1 0 -0 0 1 87079.dat
0 H00280 ELEMENT 6122047 MODULE main-building-interior
1 19 220 -168 120 1 0 0 0 1 0 -0 0 1 87079.dat
0 H00281 ELEMENT 6122047 MODULE main-building-interior
1 19 300 -168 120 1 0 0 0 1 0 -0 0 1 87079.dat
0 H00282 ELEMENT 6122047 MODULE main-building-interior
1 19 360 -168 140 0 0 1 0 1 0 -1 0 0 87079.dat
0 H00691 ELEMENT 4185177 MODULE furnishings
1 19 120 -168 160 1 0 0 0 1 0 -0 0 1 3068b.dat
0 H00693 ELEMENT 4114319 MODULE furnishings
1 19 180 -184 160 1 0 0 0 1 0 -0 0 1 3001.dat
0 H00694 ELEMENT 4114319 MODULE furnishings
1 19 260 -184 160 1 0 0 0 1 0 -0 0 1 3001.dat
0 H00692 ELEMENT 4185177 MODULE furnishings
1 19 320 -168 160 1 0 0 0 1 0 -0 0 1 3068b.dat
0 H00711 ELEMENT 4185177 MODULE furnishings
1 19 440 -168 160 1 0 0 0 1 0 -0 0 1 3068b.dat
0 H00712 ELEMENT 4185177 MODULE furnishings
1 19 480 -168 160 1 0 0 0 1 0 -0 0 1 3068b.dat
0 H00713 ELEMENT 4114026 MODULE furnishings
1 19 510 -168 160 0 0 1 0 1 0 -1 0 0 3069b.dat
0 H00715 ELEMENT 300301 MODULE furnishings
1 15 540 -184 160 1 0 0 0 1 0 -0 0 1 3003.dat
0 H00714 ELEMENT 4114026 MODULE furnishings
1 19 570 -168 160 0 0 1 0 1 0 -1 0 0 3069b.dat
0 H00283 ELEMENT 6122047 MODULE main-building-interior
1 19 140 -168 200 1 0 0 0 1 0 -0 0 1 87079.dat
0 H00284 ELEMENT 6122047 MODULE main-building-interior
1 19 220 -168 200 1 0 0 0 1 0 -0 0 1 87079.dat
0 H00285 ELEMENT 6122047 MODULE main-building-interior
1 19 300 -168 200 1 0 0 0 1 0 -0 0 1 87079.dat
0 H00286 ELEMENT 6122047 MODULE main-building-interior
1 19 360 -168 220 0 0 1 0 1 0 -1 0 0 87079.dat
0 H00479 ELEMENT 416201 MODULE guest-wing-interior
1 15 740 -168 190 1 0 0 0 1 0 -0 0 1 4162.dat
0 H00480 ELEMENT 416201 MODULE guest-wing-interior
1 15 830 -168 260 0 0 1 0 1 0 -1 0 0 4162.dat
0 H00481 ELEMENT 416201 MODULE guest-wing-interior
1 15 850 -168 260 0 0 1 0 1 0 -1 0 0 4162.dat
0 H00482 ELEMENT 416201 MODULE guest-wing-interior
1 15 740 -168 210 1 0 0 0 1 0 -0 0 1 4162.dat
0 H00287 ELEMENT 6122047 MODULE main-building-interior
1 19 140 -168 240 1 0 0 0 1 0 -0 0 1 87079.dat
0 H00288 ELEMENT 6122047 MODULE main-building-interior
1 19 220 -168 240 1 0 0 0 1 0 -0 0 1 87079.dat
0 H00289 ELEMENT 6122047 MODULE main-building-interior
1 19 300 -168 240 1 0 0 0 1 0 -0 0 1 87079.dat
0 H00483 ELEMENT 4560178 MODULE guest-wing-interior
1 15 700 -168 240 1 0 0 0 1 0 -0 0 1 87079.dat
0 H00701 ELEMENT 6131896 MODULE furnishings
1 19 750 -168 250 0 0 1 0 1 0 -1 0 0 63864.dat
0 H00484 ELEMENT 4560178 MODULE guest-wing-interior
1 15 780 -168 260 0 0 1 0 1 0 -1 0 0 87079.dat
0 H00485 ELEMENT 416201 MODULE guest-wing-interior
1 15 810 -168 300 0 0 1 0 1 0 -1 0 0 4162.dat
0 H00290 ELEMENT 4544139 MODULE main-building-interior
1 19 180 -168 270 1 0 0 0 1 0 -0 0 1 4162.dat
0 H00291 ELEMENT 6122047 MODULE main-building-interior
1 19 300 -168 280 1 0 0 0 1 0 -0 0 1 87079.dat
0 H00292 ELEMENT 4185177 MODULE main-building-interior
1 19 360 -168 280 1 0 0 0 1 0 -0 0 1 3068b.dat
0 H00702 ELEMENT 4185177 MODULE furnishings
1 19 680 -168 280 1 0 0 0 1 0 -0 0 1 3068b.dat
0 H00703 ELEMENT 4550324 MODULE furnishings
1 19 710 -168 300 0 0 1 0 1 0 -1 0 0 2431.dat
0 H00704 ELEMENT 4125253 MODULE furnishings
1 19 730 -168 270 1 0 0 0 1 0 -0 0 1 3070b.dat
0 H00293 ELEMENT 4544139 MODULE main-building-interior
1 19 180 -168 290 1 0 0 0 1 0 -0 0 1 4162.dat
0 H00708 ELEMENT 300301 MODULE furnishings
1 15 740 -184 300 1 0 0 0 1 0 -0 0 1 3003.dat
0 H00705 ELEMENT 4185177 MODULE furnishings
1 19 680 -168 320 1 0 0 0 1 0 -0 0 1 3068b.dat
0 H00486 ELEMENT 4560178 MODULE guest-wing-interior
1 15 780 -168 340 0 0 1 0 1 0 -1 0 0 87079.dat
0 H00706 ELEMENT 4114026 MODULE furnishings
1 19 740 -168 330 1 0 0 0 1 0 -0 0 1 3069b.dat
0 H00487 ELEMENT 4560178 MODULE guest-wing-interior
1 15 700 -168 360 1 0 0 0 1 0 -0 0 1 87079.dat
0 H00707 ELEMENT 4114026 MODULE furnishings
1 19 750 -168 360 0 0 1 0 1 0 -1 0 0 3069b.dat
0 H00488 ELEMENT 4185177 MODULE guest-wing-interior
1 19 840 -168 360 1 0 0 0 1 0 -0 0 1 3068b.dat
0 H00695 ELEMENT 4114319 MODULE furnishings
1 19 180 -208 160 1 0 0 0 1 0 -0 0 1 3001.dat
0 H00696 ELEMENT 4114319 MODULE furnishings
1 19 260 -208 160 1 0 0 0 1 0 -0 0 1 3001.dat
0 H00716 ELEMENT 4216695 MODULE furnishings
1 70 540 -192 160 1 0 0 0 1 0 -0 0 1 3022.dat
0 H00709 ELEMENT 4216695 MODULE furnishings
1 70 740 -192 300 1 0 0 0 1 0 -0 0 1 3022.dat
0 H00717 ELEMENT 4659665 MODULE furnishings
1 15 550 -216 170 1 0 0 0 1 0 -0 0 1 3899.dat
0 H00710 ELEMENT 4659665 MODULE furnishings
1 15 750 -216 310 1 0 0 0 1 0 -0 0 1 3899.dat
0 H00697 ELEMENT 4211186 MODULE furnishings
1 70 180 -216 160 1 0 0 0 1 0 -0 0 1 3020.dat
0 H00698 ELEMENT 4211186 MODULE furnishings
1 70 260 -216 160 1 0 0 0 1 0 -0 0 1 3020.dat
0 H00699 ELEMENT 4560182 MODULE furnishings
1 0 180 -224 160 1 0 0 0 1 0 -0 0 1 87079.dat
0 H00700 ELEMENT 4560182 MODULE furnishings
1 0 260 -224 160 1 0 0 0 1 0 -0 0 1 87079.dat
0 STEP
0 Stage 12: First floor decks and cornices
0 H02175 ELEMENT 379501 MODULE architectural-trim
1 15 180 -328 340 1 0 0 0 1 0 -0 0 1 3795.dat
0 H01471 ELEMENT 244501 MODULE architectural-trim
1 15 180 -336 80 1 0 0 0 1 0 -0 0 1 2445.dat
0 H01472 ELEMENT 244501 MODULE architectural-trim
1 15 320 -336 180 0 0 1 0 1 0 -1 0 0 2445.dat
0 H01473 ELEMENT 244501 MODULE architectural-trim
1 15 360 -336 180 0 0 1 0 1 0 -1 0 0 2445.dat
0 H01474 ELEMENT 4514842 MODULE architectural-trim
1 15 390 -336 180 0 0 1 0 1 0 -1 0 0 60479.dat
0 H01530 ELEMENT 6093864 MODULE architectural-trim
1 19 540 -336 80 1 0 0 0 1 0 -0 0 1 2445.dat
0 H01531 ELEMENT 346001 MODULE architectural-trim
1 15 410 -336 160 0 0 1 0 1 0 -1 0 0 3460.dat
0 H01475 ELEMENT 244501 MODULE architectural-trim
1 15 180 -336 120 1 0 0 0 1 0 -0 0 1 2445.dat
0 H01532 ELEMENT 6093864 MODULE architectural-trim
1 19 540 -336 120 1 0 0 0 1 0 -0 0 1 2445.dat
0 H01476 ELEMENT 244501 MODULE architectural-trim
1 15 180 -336 160 1 0 0 0 1 0 -0 0 1 2445.dat
0 H01533 ELEMENT 4211404 MODULE architectural-trim
1 71 480 -336 180 1 0 0 0 1 0 -0 0 1 3032.dat
0 H01534 ELEMENT 4211404 MODULE architectural-trim
1 71 580 -336 200 0 0 1 0 1 0 -1 0 0 3032.dat
0 H01535 ELEMENT 371001 MODULE architectural-trim
1 15 630 -336 180 0 0 1 0 1 0 -1 0 0 3710.dat
0 H01513 ELEMENT 303201 MODULE architectural-trim
1 15 700 -336 180 1 0 0 0 1 0 -0 0 1 3032.dat
0 H01514 ELEMENT 244501 MODULE architectural-trim
1 15 780 -336 260 0 0 1 0 1 0 -1 0 0 2445.dat
0 H01515 ELEMENT 303201 MODULE architectural-trim
1 15 840 -336 200 0 0 1 0 1 0 -1 0 0 3032.dat
0 H01477 ELEMENT 244501 MODULE architectural-trim
1 15 180 -336 200 1 0 0 0 1 0 -0 0 1 2445.dat
0 H01478 ELEMENT 244501 MODULE architectural-trim
1 15 180 -336 240 1 0 0 0 1 0 -0 0 1 2445.dat
0 H01536 ELEMENT 379501 MODULE architectural-trim
1 15 480 -336 240 1 0 0 0 1 0 -0 0 1 3795.dat
0 H01537 ELEMENT 302401 MODULE architectural-trim
1 15 630 -336 230 1 0 0 0 1 0 -0 0 1 3024.dat
0 H01516 ELEMENT 303201 MODULE architectural-trim
1 15 700 -336 260 1 0 0 0 1 0 -0 0 1 3032.dat
0 H01479 ELEMENT 371001 MODULE architectural-trim
1 15 410 -336 280 0 0 1 0 1 0 -1 0 0 3710.dat
0 H01517 ELEMENT 346001 MODULE architectural-trim
1 15 630 -336 320 0 0 1 0 1 0 -1 0 0 3460.dat
0 H01480 ELEMENT 244501 MODULE architectural-trim
1 15 180 -336 280 1 0 0 0 1 0 -0 0 1 2445.dat
0 H01518 ELEMENT 303201 MODULE architectural-trim
1 15 840 -336 320 0 0 1 0 1 0 -1 0 0 3032.dat
0 H01481 ELEMENT 244501 MODULE architectural-trim
1 15 180 -336 320 1 0 0 0 1 0 -0 0 1 2445.dat
0 H01482 ELEMENT 4243812 MODULE architectural-trim
1 15 340 -336 340 1 0 0 0 1 0 -0 0 1 3031.dat
0 H01483 ELEMENT 371001 MODULE architectural-trim
1 15 390 -336 340 0 0 1 0 1 0 -1 0 0 3710.dat
0 H01519 ELEMENT 303201 MODULE architectural-trim
1 15 700 -336 340 1 0 0 0 1 0 -0 0 1 3032.dat
0 H01484 ELEMENT 379501 MODULE architectural-trim
1 15 180 -336 360 1 0 0 0 1 0 -0 0 1 3795.dat
0 H01485 ELEMENT 302301 MODULE architectural-trim
1 15 290 -336 360 0 0 1 0 1 0 -1 0 0 3023b.dat
0 H01520 ELEMENT 244501 MODULE architectural-trim
1 15 760 -336 400 1 0 0 0 1 0 -0 0 1 2445.dat
0 STEP
0 Stage 20: First floor architecture and balconies
0 H00295 ELEMENT 6514119 MODULE main-building
1 47 128 -504 315 1 0 0 0 1 0 -0 0 1 60616a.dat
0 H00297 ELEMENT 6514119 MODULE main-building
1 47 288 -504 315 1 0 0 0 1 0 -0 0 1 60616a.dat
0 H00307 ELEMENT 6511024 MODULE main-building
1 47 240 -499.5 95 1 0 0 0 1 0 -0 0 1 42509.dat
0 H00320 ELEMENT 6514142 MODULE main-building
1 47 94 -424 200 0 0 1 0 1 0 -1 0 0 86210.dat
0 H00322 ELEMENT 6514142 MODULE main-building
1 47 94 -496 200 0 0 1 0 1 0 -1 0 0 86210.dat
0 H00490 ELEMENT 6514119 MODULE guest-wing
1 47 728 -504 395 1 0 0 0 1 0 -0 0 1 60616a.dat
0 H00505 ELEMENT 6511024 MODULE guest-wing
1 47 760 -499.5 175 1 0 0 0 1 0 -0 0 1 42509.dat
0 H00526 ELEMENT 6514119 MODULE guest-wing
1 47 875 -504 312 0 0 1 0 1 0 -1 0 0 60616a.dat
0 H01546 ELEMENT 243126 MODULE architectural-trim
1 0 90 -412 348 0 0 1 -1 0 0 0 -1 0 2431.dat
0 H01560 ELEMENT 243126 MODULE architectural-trim
1 0 250 -412 348 0 0 1 -1 0 0 0 -1 0 2431.dat
0 H01575 ELEMENT 243126 MODULE architectural-trim
1 0 390 -412 348 0 0 1 -1 0 0 0 -1 0 2431.dat
0 H01592 ELEMENT 243126 MODULE architectural-trim
1 0 650 -412 428 0 0 1 -1 0 0 0 -1 0 2431.dat
0 H01603 ELEMENT 243126 MODULE architectural-trim
1 0 870 -412 428 0 0 1 -1 0 0 0 -1 0 2431.dat
0 H00308 ELEMENT 246501 MODULE main-building
1 15 240 -360 90 1 0 0 0 1 0 -0 0 1 2465.dat
0 H00323 ELEMENT 4166138 MODULE main-building
1 19 90 -360 200 0 0 1 0 1 0 -1 0 0 6111.dat
0 H00330 ELEMENT 4512688 MODULE main-building
1 19 390 -456 160 0 0 1 0 1 0 -1 0 0 59349.dat
0 H00506 ELEMENT 6075179 MODULE guest-wing
1 19 760 -360 170 1 0 0 0 1 0 -0 0 1 6112.dat
0 H00519 ELEMENT 4504228 MODULE guest-wing
1 15 650 -456 240 0 0 1 0 1 0 -1 0 0 59349.dat
0 H00527 ELEMENT 4159774 MODULE guest-wing
1 19 870 -360 260 0 0 1 0 1 0 -1 0 0 3008.dat
0 H00331 ELEMENT 6146877 MODULE main-building
1 19 390 -408 260 0 0 1 0 1 0 -1 0 0 60581.dat
0 H00298 ELEMENT 246501 MODULE main-building
1 15 240 -360 310 1 0 0 0 1 0 -0 0 1 2465.dat
0 H00520 ELEMENT 6146877 MODULE guest-wing
1 19 650 -408 340 0 0 1 0 1 0 -1 0 0 60581.dat
0 H01543 ELEMENT 6055541 MODULE architectural-trim
1 15 90 -408 330 1 0 0 0 1 0 -0 0 1 14716.dat
0 H00592 ELEMENT 4157277 MODULE balconies
1 19 180 -344 330 1 0 0 0 1 0 -0 0 1 6636.dat
0 H01557 ELEMENT 6055541 MODULE architectural-trim
1 15 250 -408 330 1 0 0 0 1 0 -0 0 1 14716.dat
0 H01570 ELEMENT 243101 MODULE architectural-trim
1 15 320 -344 330 1 0 0 0 1 0 -0 0 1 2431.dat
0 H01571 ELEMENT 307001 MODULE architectural-trim
1 15 370 -344 330 1 0 0 0 1 0 -0 0 1 3070b.dat
0 H01572 ELEMENT 6055541 MODULE architectural-trim
1 15 390 -408 330 1 0 0 0 1 0 -0 0 1 14716.dat
0 H00593 ELEMENT 4157277 MODULE balconies
1 19 180 -344 350 1 0 0 0 1 0 -0 0 1 6636.dat
0 H00600 ELEMENT 4157277 MODULE balconies
1 19 340 -344 350 1 0 0 0 1 0 -0 0 1 6636.dat
0 H00528 ELEMENT 4109995 MODULE guest-wing
1 19 870 -360 360 0 0 1 0 1 0 -1 0 0 3004.dat
0 H00586 ELEMENT 4211412 MODULE balconies
1 71 130 -360 370 1 0 0 0 1 0 -0 0 1 3062b.dat
0 H00590 ELEMENT 6047813 MODULE balconies
1 15 180 -384 370 1 0 0 0 1 0 -0 0 1 15332.dat
0 H00588 ELEMENT 4211412 MODULE balconies
1 71 230 -360 370 1 0 0 0 1 0 -0 0 1 3062b.dat
0 H00594 ELEMENT 4211412 MODULE balconies
1 71 290 -360 370 1 0 0 0 1 0 -0 0 1 3062b.dat
0 H00598 ELEMENT 6047813 MODULE balconies
1 15 340 -384 370 1 0 0 0 1 0 -0 0 1 15332.dat
0 H00596 ELEMENT 4211412 MODULE balconies
1 71 390 -360 370 1 0 0 0 1 0 -0 0 1 3062b.dat
0 H00491 ELEMENT 6075179 MODULE guest-wing
1 19 760 -360 390 1 0 0 0 1 0 -0 0 1 6112.dat
0 H01589 ELEMENT 6055541 MODULE architectural-trim
1 15 650 -408 410 1 0 0 0 1 0 -0 0 1 14716.dat
0 H01600 ELEMENT 6055541 MODULE architectural-trim
1 15 870 -408 410 1 0 0 0 1 0 -0 0 1 14716.dat
0 H00309 ELEMENT 245401 MODULE main-building
1 15 100 -480 90 1 0 0 0 1 0 -0 0 1 2454.dat
0 H00310 ELEMENT 245301 MODULE main-building
1 15 130 -480 90 1 0 0 0 1 0 -0 0 1 2453a.dat
0 H00311 ELEMENT 4114064 MODULE main-building
1 19 160 -480 90 1 0 0 0 1 0 -0 0 1 2454.dat
0 H00306 ELEMENT 6256127 MODULE main-building
1 15 240 -504 90 1 0 0 0 1 0 -0 0 1 42205.dat
0 H00312 ELEMENT 4114064 MODULE main-building
1 19 320 -480 90 1 0 0 0 1 0 -0 0 1 2454.dat
0 H00313 ELEMENT 245301 MODULE main-building
1 15 350 -480 90 1 0 0 0 1 0 -0 0 1 2453a.dat
0 H00314 ELEMENT 4114064 MODULE main-building
1 19 380 -480 90 1 0 0 0 1 0 -0 0 1 2454.dat
0 H00324 ELEMENT 245301 MODULE main-building
1 15 90 -480 110 0 0 1 0 1 0 -1 0 0 2453a.dat
0 H00325 ELEMENT 4114064 MODULE main-building
1 19 90 -480 140 0 0 1 0 1 0 -1 0 0 2454.dat
0 H00319 ELEMENT 4530590 MODULE main-building
1 15 90 -432 200 0 0 1 0 1 0 -1 0 0 60594.dat
0 H00507 ELEMENT 362201 MODULE guest-wing
1 15 670 -384 170 1 0 0 0 1 0 -0 0 1 3622.dat
0 H00504 ELEMENT 6256127 MODULE guest-wing
1 15 760 -504 170 1 0 0 0 1 0 -0 0 1 42205.dat
0 H00508 ELEMENT 362201 MODULE guest-wing
1 15 850 -384 170 1 0 0 0 1 0 -0 0 1 3622.dat
0 H00529 ELEMENT 362201 MODULE guest-wing
1 15 870 -384 210 0 0 1 0 1 0 -1 0 0 3622.dat
0 H00326 ELEMENT 245301 MODULE main-building
1 15 90 -480 250 0 0 1 0 1 0 -1 0 0 2453a.dat
0 H00525 ELEMENT 6262945 MODULE guest-wing
1 15 870 -504 280 0 0 1 0 1 0 -1 0 0 60596.dat
0 H00327 ELEMENT 4114064 MODULE main-building
1 19 90 -480 280 0 0 1 0 1 0 -1 0 0 2454.dat
0 H00299 ELEMENT 245401 MODULE main-building
1 15 100 -480 310 1 0 0 0 1 0 -0 0 1 2454.dat
0 H00294 ELEMENT 6262945 MODULE main-building
1 15 160 -504 310 1 0 0 0 1 0 -0 0 1 60596.dat
0 H00300 ELEMENT 245401 MODULE main-building
1 15 220 -480 310 1 0 0 0 1 0 -0 0 1 2454.dat
0 H00301 ELEMENT 245401 MODULE main-building
1 15 260 -480 310 1 0 0 0 1 0 -0 0 1 2454.dat
0 H00296 ELEMENT 6262945 MODULE main-building
1 15 320 -504 310 1 0 0 0 1 0 -0 0 1 60596.dat
0 H00302 ELEMENT 245401 MODULE main-building
1 15 380 -480 310 1 0 0 0 1 0 -0 0 1 2454.dat
0 H00530 ELEMENT 362201 MODULE guest-wing
1 15 870 -384 350 0 0 1 0 1 0 -1 0 0 3622.dat
0 H00587 ELEMENT 306201 MODULE balconies
1 15 130 -384 370 1 0 0 0 1 0 -0 0 1 3062b.dat
0 H00589 ELEMENT 306201 MODULE balconies
1 15 230 -384 370 1 0 0 0 1 0 -0 0 1 3062b.dat
0 H00595 ELEMENT 306201 MODULE balconies
1 15 290 -384 370 1 0 0 0 1 0 -0 0 1 3062b.dat
0 H00597 ELEMENT 306201 MODULE balconies
1 15 390 -384 370 1 0 0 0 1 0 -0 0 1 3062b.dat
0 H00492 ELEMENT 301001 MODULE guest-wing
1 15 680 -384 390 1 0 0 0 1 0 -0 0 1 3010.dat
0 H00489 ELEMENT 6262945 MODULE guest-wing
1 15 760 -504 390 1 0 0 0 1 0 -0 0 1 60596.dat
0 H00493 ELEMENT 301001 MODULE guest-wing
1 15 840 -384 390 1 0 0 0 1 0 -0 0 1 3010.dat
0 H00509 ELEMENT 362201 MODULE guest-wing
1 15 670 -408 170 1 0 0 0 1 0 -0 0 1 3622.dat
0 H00510 ELEMENT 362201 MODULE guest-wing
1 15 850 -408 170 1 0 0 0 1 0 -0 0 1 3622.dat
0 H00531 ELEMENT 362201 MODULE guest-wing
1 15 870 -408 210 0 0 1 0 1 0 -1 0 0 3622.dat
0 H00532 ELEMENT 6055541 MODULE guest-wing
1 15 870 -456 330 0 0 1 0 1 0 -1 0 0 14716.dat
0 H00533 ELEMENT 300401 MODULE guest-wing
1 15 870 -408 360 0 0 1 0 1 0 -1 0 0 3004.dat
0 H00591 ELEMENT 663601 MODULE balconies
1 15 180 -392 370 1 0 0 0 1 0 -0 0 1 6636.dat
0 H00599 ELEMENT 663601 MODULE balconies
1 15 340 -392 370 1 0 0 0 1 0 -0 0 1 6636.dat
0 H00494 ELEMENT 301001 MODULE guest-wing
1 15 680 -408 390 1 0 0 0 1 0 -0 0 1 3010.dat
0 H00495 ELEMENT 301001 MODULE guest-wing
1 15 840 -408 390 1 0 0 0 1 0 -0 0 1 3010.dat
0 H00511 ELEMENT 362201 MODULE guest-wing
1 15 670 -432 170 1 0 0 0 1 0 -0 0 1 3622.dat
0 H00512 ELEMENT 362201 MODULE guest-wing
1 15 850 -432 170 1 0 0 0 1 0 -0 0 1 3622.dat
0 H00534 ELEMENT 6055541 MODULE guest-wing
1 15 870 -480 190 0 0 1 0 1 0 -1 0 0 14716.dat
0 H00535 ELEMENT 300401 MODULE guest-wing
1 15 870 -432 220 0 0 1 0 1 0 -1 0 0 3004.dat
0 H00332 ELEMENT 4558208 MODULE main-building
1 15 390 -480 260 0 0 1 0 1 0 -1 0 0 60581.dat
0 H00521 ELEMENT 4558208 MODULE guest-wing
1 15 650 -480 340 0 0 1 0 1 0 -1 0 0 60581.dat
0 H01545 ELEMENT 4558952 MODULE architectural-trim
1 15 90 -432 330 -1 0 0 0 1 0 -0 0 -1 87087.dat
0 H01559 ELEMENT 4558952 MODULE architectural-trim
1 15 250 -432 330 -1 0 0 0 1 0 -0 0 -1 87087.dat
0 H01574 ELEMENT 4558952 MODULE architectural-trim
1 15 390 -432 330 -1 0 0 0 1 0 -0 0 -1 87087.dat
0 H00536 ELEMENT 300401 MODULE guest-wing
1 15 870 -432 360 0 0 1 0 1 0 -1 0 0 3004.dat
0 H00496 ELEMENT 301001 MODULE guest-wing
1 15 680 -432 390 1 0 0 0 1 0 -0 0 1 3010.dat
0 H00497 ELEMENT 301001 MODULE guest-wing
1 15 840 -432 390 1 0 0 0 1 0 -0 0 1 3010.dat
0 H01591 ELEMENT 4558952 MODULE architectural-trim
1 15 650 -432 410 -1 0 0 0 1 0 -0 0 -1 87087.dat
0 H01602 ELEMENT 4558952 MODULE architectural-trim
1 15 870 -432 410 -1 0 0 0 1 0 -0 0 -1 87087.dat
0 H00321 ELEMENT 4530590 MODULE main-building
1 15 90 -504 200 0 0 1 0 1 0 -1 0 0 60594.dat
0 H00513 ELEMENT 362201 MODULE guest-wing
1 15 670 -456 170 1 0 0 0 1 0 -0 0 1 3622.dat
0 H00514 ELEMENT 362201 MODULE guest-wing
1 15 850 -456 170 1 0 0 0 1 0 -0 0 1 3622.dat
0 H00537 ELEMENT 300401 MODULE guest-wing
1 15 870 -456 220 0 0 1 0 1 0 -1 0 0 3004.dat
0 H01544 ELEMENT 6055541 MODULE architectural-trim
1 15 90 -504 330 1 0 0 0 1 0 -0 0 1 14716.dat
0 H01558 ELEMENT 6055541 MODULE architectural-trim
1 15 250 -504 330 1 0 0 0 1 0 -0 0 1 14716.dat
0 H01573 ELEMENT 6055541 MODULE architectural-trim
1 15 390 -504 330 1 0 0 0 1 0 -0 0 1 14716.dat
0 H00538 ELEMENT 300401 MODULE guest-wing
1 15 870 -456 360 0 0 1 0 1 0 -1 0 0 3004.dat
0 H00498 ELEMENT 301001 MODULE guest-wing
1 15 680 -456 390 1 0 0 0 1 0 -0 0 1 3010.dat
0 H00499 ELEMENT 301001 MODULE guest-wing
1 15 840 -456 390 1 0 0 0 1 0 -0 0 1 3010.dat
0 H01590 ELEMENT 6055541 MODULE architectural-trim
1 15 650 -504 410 1 0 0 0 1 0 -0 0 1 14716.dat
0 H01601 ELEMENT 6055541 MODULE architectural-trim
1 15 870 -504 410 1 0 0 0 1 0 -0 0 1 14716.dat
0 H00333 ELEMENT 300901 MODULE main-building
1 15 390 -480 160 0 0 1 0 1 0 -1 0 0 3009.dat
0 H00515 ELEMENT 362201 MODULE guest-wing
1 15 670 -480 170 1 0 0 0 1 0 -0 0 1 3622.dat
0 H00516 ELEMENT 362201 MODULE guest-wing
1 15 850 -480 170 1 0 0 0 1 0 -0 0 1 3622.dat
0 H00522 ELEMENT 300901 MODULE guest-wing
1 15 650 -480 240 0 0 1 0 1 0 -1 0 0 3009.dat
0 H00539 ELEMENT 300401 MODULE guest-wing
1 15 870 -480 220 0 0 1 0 1 0 -1 0 0 3004.dat
0 H00540 ELEMENT 4162465 MODULE guest-wing
1 19 870 -480 350 0 0 1 0 1 0 -1 0 0 3622.dat
0 H00500 ELEMENT 301001 MODULE guest-wing
1 15 680 -480 390 1 0 0 0 1 0 -0 0 1 3010.dat
0 H00501 ELEMENT 301001 MODULE guest-wing
1 15 840 -480 390 1 0 0 0 1 0 -0 0 1 3010.dat
0 H00315 ELEMENT 362201 MODULE main-building
1 15 110 -504 90 1 0 0 0 1 0 -0 0 1 3622.dat
0 H00316 ELEMENT 300401 MODULE main-building
1 15 160 -504 90 1 0 0 0 1 0 -0 0 1 3004.dat
0 H00317 ELEMENT 362201 MODULE main-building
1 15 330 -504 90 1 0 0 0 1 0 -0 0 1 3622.dat
0 H00318 ELEMENT 300401 MODULE main-building
1 15 380 -504 90 1 0 0 0 1 0 -0 0 1 3004.dat
0 H00328 ELEMENT 362201 MODULE main-building
1 15 90 -504 130 0 0 1 0 1 0 -1 0 0 3622.dat
0 H00334 ELEMENT 611101 MODULE main-building
1 15 390 -504 200 0 0 1 0 1 0 -1 0 0 6111.dat
0 H00517 ELEMENT 362201 MODULE guest-wing
1 15 670 -504 170 1 0 0 0 1 0 -0 0 1 3622.dat
0 H00518 ELEMENT 362201 MODULE guest-wing
1 15 850 -504 170 1 0 0 0 1 0 -0 0 1 3622.dat
0 H00523 ELEMENT 300801 MODULE guest-wing
1 15 650 -504 260 0 0 1 0 1 0 -1 0 0 3008.dat
0 H00541 ELEMENT 4162465 MODULE guest-wing
1 19 870 -504 210 0 0 1 0 1 0 -1 0 0 3622.dat
0 H00329 ELEMENT 362201 MODULE main-building
1 15 90 -504 270 0 0 1 0 1 0 -1 0 0 3622.dat
0 H00303 ELEMENT 300401 MODULE main-building
1 15 100 -504 310 1 0 0 0 1 0 -0 0 1 3004.dat
0 H00304 ELEMENT 301001 MODULE main-building
1 15 240 -504 310 1 0 0 0 1 0 -0 0 1 3010.dat
0 H00305 ELEMENT 300401 MODULE main-building
1 15 380 -504 310 1 0 0 0 1 0 -0 0 1 3004.dat
0 H00542 ELEMENT 4162465 MODULE guest-wing
1 19 870 -504 350 0 0 1 0 1 0 -1 0 0 3622.dat
0 H00524 ELEMENT 300401 MODULE guest-wing
1 15 650 -504 360 0 0 1 0 1 0 -1 0 0 3004.dat
0 H00502 ELEMENT 301001 MODULE guest-wing
1 15 680 -504 390 1 0 0 0 1 0 -0 0 1 3010.dat
0 H00503 ELEMENT 301001 MODULE guest-wing
1 15 840 -504 390 1 0 0 0 1 0 -0 0 1 3010.dat
0 STEP
0 Stage 21: First floor interiors
0 H00335 ELEMENT 6122047 MODULE main-building-interior
1 19 140 -344 120 1 0 0 0 1 0 -0 0 1 87079.dat
0 H00336 ELEMENT 4544139 MODULE main-building-interior
1 19 260 -344 110 1 0 0 0 1 0 -0 0 1 4162.dat
0 H00337 ELEMENT 6122047 MODULE main-building-interior
1 19 360 -344 140 0 0 1 0 1 0 -1 0 0 87079.dat
0 H00338 ELEMENT 4544139 MODULE main-building-interior
1 19 260 -344 130 1 0 0 0 1 0 -0 0 1 4162.dat
0 H00616 ELEMENT 4185177 MODULE furnishings
1 19 120 -344 160 1 0 0 0 1 0 -0 0 1 3068b.dat
0 H00623 ELEMENT 4211201 MODULE furnishings
1 70 160 -360 180 0 0 1 0 1 0 -1 0 0 3001.dat
0 H00624 ELEMENT 4211225 MODULE furnishings
1 70 190 -360 180 0 0 1 0 1 0 -1 0 0 3010.dat
0 H00617 ELEMENT 4185177 MODULE furnishings
1 19 220 -344 160 1 0 0 0 1 0 -0 0 1 3068b.dat
0 H00633 ELEMENT 4114026 MODULE furnishings
1 19 260 -344 150 1 0 0 0 1 0 -0 0 1 3069b.dat
0 H00636 ELEMENT 4211201 MODULE furnishings
1 70 300 -360 180 0 0 1 0 1 0 -1 0 0 3001.dat
0 H00637 ELEMENT 4211225 MODULE furnishings
1 70 330 -360 180 0 0 1 0 1 0 -1 0 0 3010.dat
0 H00618 ELEMENT 4550324 MODULE furnishings
1 19 250 -344 200 0 0 1 0 1 0 -1 0 0 2431.dat
0 H00634 ELEMENT 4550324 MODULE furnishings
1 19 270 -344 200 0 0 1 0 1 0 -1 0 0 2431.dat
0 H00619 ELEMENT 4185177 MODULE furnishings
1 19 120 -344 200 1 0 0 0 1 0 -0 0 1 3068b.dat
0 H00620 ELEMENT 4185177 MODULE furnishings
1 19 220 -344 200 1 0 0 0 1 0 -0 0 1 3068b.dat
0 H00339 ELEMENT 6122047 MODULE main-building-interior
1 19 360 -344 220 0 0 1 0 1 0 -1 0 0 87079.dat
0 H00543 ELEMENT 416201 MODULE guest-wing-interior
1 15 740 -344 190 1 0 0 0 1 0 -0 0 1 4162.dat
0 H00544 ELEMENT 416201 MODULE guest-wing-interior
1 15 830 -344 260 0 0 1 0 1 0 -1 0 0 4162.dat
0 H00545 ELEMENT 416201 MODULE guest-wing-interior
1 15 850 -344 260 0 0 1 0 1 0 -1 0 0 4162.dat
0 H00546 ELEMENT 416201 MODULE guest-wing-interior
1 15 740 -344 210 1 0 0 0 1 0 -0 0 1 4162.dat
0 H00621 ELEMENT 4114026 MODULE furnishings
1 19 120 -344 230 1 0 0 0 1 0 -0 0 1 3069b.dat
0 H00625 ELEMENT 4211220 MODULE furnishings
1 70 170 -360 230 1 0 0 0 1 0 -0 0 1 3622.dat
0 H00622 ELEMENT 4114026 MODULE furnishings
1 19 220 -344 230 1 0 0 0 1 0 -0 0 1 3069b.dat
0 H00638 ELEMENT 4211220 MODULE furnishings
1 70 310 -360 230 1 0 0 0 1 0 -0 0 1 3622.dat
0 H00676 ELEMENT 4185177 MODULE furnishings
1 19 680 -344 240 1 0 0 0 1 0 -0 0 1 3068b.dat
0 H00681 ELEMENT 4211201 MODULE furnishings
1 70 720 -360 260 0 0 1 0 1 0 -1 0 0 3001.dat
0 H00682 ELEMENT 4211225 MODULE furnishings
1 70 750 -360 260 0 0 1 0 1 0 -1 0 0 3010.dat
0 H00547 ELEMENT 4560178 MODULE guest-wing-interior
1 15 780 -344 260 0 0 1 0 1 0 -1 0 0 87079.dat
0 H00548 ELEMENT 416201 MODULE guest-wing-interior
1 15 810 -344 300 0 0 1 0 1 0 -1 0 0 4162.dat
0 H00340 ELEMENT 4544139 MODULE main-building-interior
1 19 180 -344 250 1 0 0 0 1 0 -0 0 1 4162.dat
0 H00635 ELEMENT 4550324 MODULE furnishings
1 19 300 -344 250 1 0 0 0 1 0 -0 0 1 2431.dat
0 H00341 ELEMENT 416201 MODULE main-building-interior
1 15 180 -344 270 1 0 0 0 1 0 -0 0 1 4162.dat
0 H00342 ELEMENT 4560178 MODULE main-building-interior
1 15 300 -344 280 1 0 0 0 1 0 -0 0 1 87079.dat
0 H00343 ELEMENT 4185177 MODULE main-building-interior
1 19 360 -344 280 1 0 0 0 1 0 -0 0 1 3068b.dat
0 H00677 ELEMENT 4185177 MODULE furnishings
1 19 680 -344 280 1 0 0 0 1 0 -0 0 1 3068b.dat
0 H00344 ELEMENT 416201 MODULE main-building-interior
1 15 180 -344 290 1 0 0 0 1 0 -0 0 1 4162.dat
0 H00678 ELEMENT 4185177 MODULE furnishings
1 19 680 -344 320 1 0 0 0 1 0 -0 0 1 3068b.dat
0 H00683 ELEMENT 4211220 MODULE furnishings
1 70 730 -360 310 1 0 0 0 1 0 -0 0 1 3622.dat
0 H00549 ELEMENT 4560178 MODULE guest-wing-interior
1 15 780 -344 340 0 0 1 0 1 0 -1 0 0 87079.dat
0 H00679 ELEMENT 6131896 MODULE furnishings
1 19 730 -344 330 1 0 0 0 1 0 -0 0 1 63864.dat
0 H00550 ELEMENT 4560178 MODULE guest-wing-interior
1 15 700 -344 360 1 0 0 0 1 0 -0 0 1 87079.dat
0 H00680 ELEMENT 4114026 MODULE furnishings
1 19 750 -344 360 0 0 1 0 1 0 -1 0 0 3069b.dat
0 H00551 ELEMENT 4185177 MODULE guest-wing-interior
1 19 840 -344 360 1 0 0 0 1 0 -0 0 1 3068b.dat
0 H00626 ELEMENT 302001 MODULE furnishings
1 15 160 -368 180 0 0 1 0 1 0 -1 0 0 3020.dat
0 H00627 ELEMENT 371001 MODULE furnishings
1 15 190 -368 180 0 0 1 0 1 0 -1 0 0 3710.dat
0 H00639 ELEMENT 302001 MODULE furnishings
1 15 300 -368 180 0 0 1 0 1 0 -1 0 0 3020.dat
0 H00640 ELEMENT 371001 MODULE furnishings
1 15 330 -368 180 0 0 1 0 1 0 -1 0 0 3710.dat
0 H00628 ELEMENT 362301 MODULE furnishings
1 15 170 -368 230 1 0 0 0 1 0 -0 0 1 3623.dat
0 H00641 ELEMENT 362301 MODULE furnishings
1 15 310 -368 230 1 0 0 0 1 0 -0 0 1 3623.dat
0 H00684 ELEMENT 302001 MODULE furnishings
1 15 720 -368 260 0 0 1 0 1 0 -1 0 0 3020.dat
0 H00685 ELEMENT 371001 MODULE furnishings
1 15 750 -368 260 0 0 1 0 1 0 -1 0 0 3710.dat
0 H00686 ELEMENT 362301 MODULE furnishings
1 15 730 -368 310 1 0 0 0 1 0 -0 0 1 3623.dat
0 H00629 ELEMENT 4558168 MODULE furnishings
1 15 170 -376 150 1 0 0 0 1 0 -0 0 1 63864.dat
0 H00642 ELEMENT 4558168 MODULE furnishings
1 15 310 -376 150 1 0 0 0 1 0 -0 0 1 63864.dat
0 H00630 ELEMENT 243123 MODULE furnishings
1 1 150 -376 200 0 0 1 0 1 0 -1 0 0 2431.dat
0 H00631 ELEMENT 243123 MODULE furnishings
1 1 170 -376 200 0 0 1 0 1 0 -1 0 0 2431.dat
0 H00632 ELEMENT 243123 MODULE furnishings
1 1 190 -376 200 0 0 1 0 1 0 -1 0 0 2431.dat
0 H00643 ELEMENT 243123 MODULE furnishings
1 1 290 -376 200 0 0 1 0 1 0 -1 0 0 2431.dat
0 H00644 ELEMENT 243123 MODULE furnishings
1 1 310 -376 200 0 0 1 0 1 0 -1 0 0 2431.dat
0 H00645 ELEMENT 243123 MODULE furnishings
1 1 330 -376 200 0 0 1 0 1 0 -1 0 0 2431.dat
0 H00687 ELEMENT 4558168 MODULE furnishings
1 15 730 -376 230 1 0 0 0 1 0 -0 0 1 63864.dat
0 H00688 ELEMENT 243128 MODULE furnishings
1 2 710 -376 280 0 0 1 0 1 0 -1 0 0 2431.dat
0 H00689 ELEMENT 4107762 MODULE furnishings
1 2 740 -376 260 1 0 0 0 1 0 -0 0 1 3068b.dat
0 H00690 ELEMENT 4528778 MODULE furnishings
1 288 740 -376 300 1 0 0 0 1 0 -0 0 1 3068b.dat
0 STEP
0 Stage 22: Second floor decks and cornices
0 H02176 ELEMENT 302001 MODULE architectural-trim
1 15 780 -504 240 0 0 1 0 1 0 -1 0 0 3020.dat
0 H01486 ELEMENT 244501 MODULE architectural-trim
1 15 180 -512 80 1 0 0 0 1 0 -0 0 1 2445.dat
0 H01487 ELEMENT 244501 MODULE architectural-trim
1 15 320 -512 180 0 0 1 0 1 0 -1 0 0 2445.dat
0 H01488 ELEMENT 244501 MODULE architectural-trim
1 15 360 -512 180 0 0 1 0 1 0 -1 0 0 2445.dat
0 H01489 ELEMENT 244501 MODULE architectural-trim
1 15 400 -512 180 0 0 1 0 1 0 -1 0 0 2445.dat
0 H01490 ELEMENT 244501 MODULE architectural-trim
1 15 180 -512 120 1 0 0 0 1 0 -0 0 1 2445.dat
0 H01491 ELEMENT 303201 MODULE architectural-trim
1 15 120 -512 180 1 0 0 0 1 0 -0 0 1 3032.dat
0 H01492 ELEMENT 244501 MODULE architectural-trim
1 15 200 -512 260 0 0 1 0 1 0 -1 0 0 2445.dat
0 H01493 ELEMENT 303201 MODULE architectural-trim
1 15 260 -512 200 0 0 1 0 1 0 -1 0 0 3032.dat
0 H01521 ELEMENT 244501 MODULE architectural-trim
1 15 740 -512 160 1 0 0 0 1 0 -0 0 1 2445.dat
0 H01522 ELEMENT 244501 MODULE architectural-trim
1 15 880 -512 260 0 0 1 0 1 0 -1 0 0 2445.dat
0 H01523 ELEMENT 4114001 MODULE architectural-trim
1 19 680 -512 220 1 0 0 0 1 0 -0 0 1 3032.dat
0 H01524 ELEMENT 6093864 MODULE architectural-trim
1 19 760 -512 300 0 0 1 0 1 0 -1 0 0 2445.dat
0 H01525 ELEMENT 4114001 MODULE architectural-trim
1 19 820 -512 240 0 0 1 0 1 0 -1 0 0 3032.dat
0 H01494 ELEMENT 303201 MODULE architectural-trim
1 15 120 -512 260 1 0 0 0 1 0 -0 0 1 3032.dat
0 H01495 ELEMENT 4243812 MODULE architectural-trim
1 15 260 -512 300 1 0 0 0 1 0 -0 0 1 3031.dat
0 H01526 ELEMENT 4114001 MODULE architectural-trim
1 19 680 -512 300 1 0 0 0 1 0 -0 0 1 3032.dat
0 H01496 ELEMENT 379501 MODULE architectural-trim
1 15 120 -512 320 1 0 0 0 1 0 -0 0 1 3795.dat
0 H01497 ELEMENT 4243812 MODULE architectural-trim
1 15 340 -512 340 1 0 0 0 1 0 -0 0 1 3031.dat
0 H01498 ELEMENT 371001 MODULE architectural-trim
1 15 390 -512 340 0 0 1 0 1 0 -1 0 0 3710.dat
0 H01527 ELEMENT 4114001 MODULE architectural-trim
1 19 820 -512 360 0 0 1 0 1 0 -1 0 0 3032.dat
0 H01499 ELEMENT 302101 MODULE architectural-trim
1 15 150 -512 360 1 0 0 0 1 0 -0 0 1 3021.dat
0 H01500 ELEMENT 302301 MODULE architectural-trim
1 15 230 -512 360 0 0 1 0 1 0 -1 0 0 3023b.dat
0 H01501 ELEMENT 302301 MODULE architectural-trim
1 15 290 -512 360 0 0 1 0 1 0 -1 0 0 3023b.dat
0 H01528 ELEMENT 4114001 MODULE architectural-trim
1 19 680 -512 380 1 0 0 0 1 0 -0 0 1 3032.dat
0 H01529 ELEMENT 302201 MODULE architectural-trim
1 15 880 -512 400 1 0 0 0 1 0 -0 0 1 3022.dat
0 STEP
0 Stage 30: Second floor architecture and balconies
0 H00346 ELEMENT 6514119 MODULE main-building
1 47 128 -680 315 1 0 0 0 1 0 -0 0 1 60616a.dat
0 H00348 ELEMENT 6514119 MODULE main-building
1 47 288 -680 315 1 0 0 0 1 0 -0 0 1 60616a.dat
0 H00371 ELEMENT 6511024 MODULE main-building
1 47 240 -675.5 95 1 0 0 0 1 0 -0 0 1 42509.dat
0 H00386 ELEMENT 6514142 MODULE main-building
1 47 94 -600 200 0 0 1 0 1 0 -1 0 0 86210.dat
0 H00388 ELEMENT 6514142 MODULE main-building
1 47 94 -672 200 0 0 1 0 1 0 -1 0 0 86210.dat
0 H00399 ELEMENT 6514142 MODULE main-building
1 47 394 -600 200 0 0 1 0 1 0 -1 0 0 86210.dat
0 H00401 ELEMENT 6514142 MODULE main-building
1 47 394 -672 200 0 0 1 0 1 0 -1 0 0 86210.dat
0 H01550 ELEMENT 243126 MODULE architectural-trim
1 0 90 -588 348 0 0 1 -1 0 0 0 -1 0 2431.dat
0 H01564 ELEMENT 243126 MODULE architectural-trim
1 0 250 -588 348 0 0 1 -1 0 0 0 -1 0 2431.dat
0 H01581 ELEMENT 243126 MODULE architectural-trim
1 0 390 -588 348 0 0 1 -1 0 0 0 -1 0 2431.dat
0 H00372 ELEMENT 246501 MODULE main-building
1 15 240 -536 90 1 0 0 0 1 0 -0 0 1 2465.dat
0 H00389 ELEMENT 611101 MODULE main-building
1 15 90 -536 200 0 0 1 0 1 0 -1 0 0 6111.dat
0 H00402 ELEMENT 611101 MODULE main-building
1 15 390 -536 200 0 0 1 0 1 0 -1 0 0 6111.dat
0 H00349 ELEMENT 246501 MODULE main-building
1 15 240 -536 310 1 0 0 0 1 0 -0 0 1 2465.dat
0 H01547 ELEMENT 6055541 MODULE architectural-trim
1 15 90 -584 330 1 0 0 0 1 0 -0 0 1 14716.dat
0 H00607 ELEMENT 4157277 MODULE balconies
1 19 180 -520 330 1 0 0 0 1 0 -0 0 1 6636.dat
0 H01561 ELEMENT 6055541 MODULE architectural-trim
1 15 250 -584 330 1 0 0 0 1 0 -0 0 1 14716.dat
0 H01576 ELEMENT 243101 MODULE architectural-trim
1 15 320 -520 330 1 0 0 0 1 0 -0 0 1 2431.dat
0 H01577 ELEMENT 307001 MODULE architectural-trim
1 15 370 -520 330 1 0 0 0 1 0 -0 0 1 3070b.dat
0 H01578 ELEMENT 6055541 MODULE architectural-trim
1 15 390 -584 330 1 0 0 0 1 0 -0 0 1 14716.dat
0 H00608 ELEMENT 4157277 MODULE balconies
1 19 180 -520 350 1 0 0 0 1 0 -0 0 1 6636.dat
0 H00615 ELEMENT 4157277 MODULE balconies
1 19 340 -520 350 1 0 0 0 1 0 -0 0 1 6636.dat
0 H00601 ELEMENT 4211412 MODULE balconies
1 71 130 -536 370 1 0 0 0 1 0 -0 0 1 3062b.dat
0 H00605 ELEMENT 6047813 MODULE balconies
1 15 180 -560 370 1 0 0 0 1 0 -0 0 1 15332.dat
0 H00603 ELEMENT 4211412 MODULE balconies
1 71 230 -536 370 1 0 0 0 1 0 -0 0 1 3062b.dat
0 H00609 ELEMENT 4211412 MODULE balconies
1 71 290 -536 370 1 0 0 0 1 0 -0 0 1 3062b.dat
0 H00613 ELEMENT 6047813 MODULE balconies
1 15 340 -560 370 1 0 0 0 1 0 -0 0 1 15332.dat
0 H00611 ELEMENT 4211412 MODULE balconies
1 71 390 -536 370 1 0 0 0 1 0 -0 0 1 3062b.dat
0 H00373 ELEMENT 4585448 MODULE main-building
1 15 100 -608 90 1 0 0 0 1 0 -0 0 1 87544.dat
0 H00374 ELEMENT 245301 MODULE main-building
1 15 130 -656 90 1 0 0 0 1 0 -0 0 1 2453a.dat
0 H00375 ELEMENT 4585448 MODULE main-building
1 15 160 -608 90 1 0 0 0 1 0 -0 0 1 87544.dat
0 H00370 ELEMENT 6256127 MODULE main-building
1 15 240 -680 90 1 0 0 0 1 0 -0 0 1 42205.dat
0 H00376 ELEMENT 4585448 MODULE main-building
1 15 320 -608 90 1 0 0 0 1 0 -0 0 1 87544.dat
0 H00377 ELEMENT 245301 MODULE main-building
1 15 350 -656 90 1 0 0 0 1 0 -0 0 1 2453a.dat
0 H00378 ELEMENT 4585448 MODULE main-building
1 15 380 -608 90 1 0 0 0 1 0 -0 0 1 87544.dat
0 H00390 ELEMENT 245301 MODULE main-building
1 15 90 -656 110 0 0 1 0 1 0 -1 0 0 2453a.dat
0 H00403 ELEMENT 245301 MODULE main-building
1 15 390 -656 110 0 0 1 0 1 0 -1 0 0 2453a.dat
0 H00391 ELEMENT 6300317 MODULE main-building
1 19 90 -608 140 0 0 1 0 1 0 -1 0 0 87544.dat
0 H00404 ELEMENT 6300317 MODULE main-building
1 19 390 -608 140 0 0 1 0 1 0 -1 0 0 87544.dat
0 H00385 ELEMENT 4530590 MODULE main-building
1 15 90 -608 200 0 0 1 0 1 0 -1 0 0 60594.dat
0 H00398 ELEMENT 4530590 MODULE main-building
1 15 390 -608 200 0 0 1 0 1 0 -1 0 0 60594.dat
0 H00392 ELEMENT 245301 MODULE main-building
1 15 90 -656 250 0 0 1 0 1 0 -1 0 0 2453a.dat
0 H00405 ELEMENT 245301 MODULE main-building
1 15 390 -656 250 0 0 1 0 1 0 -1 0 0 2453a.dat
0 H00393 ELEMENT 6300317 MODULE main-building
1 19 90 -608 280 0 0 1 0 1 0 -1 0 0 87544.dat
0 H00406 ELEMENT 6300317 MODULE main-building
1 19 390 -608 280 0 0 1 0 1 0 -1 0 0 87544.dat
0 H00350 ELEMENT 300401 MODULE main-building
1 15 100 -560 310 1 0 0 0 1 0 -0 0 1 3004.dat
0 H00345 ELEMENT 6262945 MODULE main-building
1 15 160 -680 310 1 0 0 0 1 0 -0 0 1 60596.dat
0 H00351 ELEMENT 245301 MODULE main-building
1 15 210 -656 310 1 0 0 0 1 0 -0 0 1 2453a.dat
0 H00352 ELEMENT 245301 MODULE main-building
1 15 230 -656 310 1 0 0 0 1 0 -0 0 1 2453a.dat
0 H00353 ELEMENT 300401 MODULE main-building
1 15 260 -560 310 1 0 0 0 1 0 -0 0 1 3004.dat
0 H00347 ELEMENT 6262945 MODULE main-building
1 15 320 -680 310 1 0 0 0 1 0 -0 0 1 60596.dat
0 H00354 ELEMENT 300401 MODULE main-building
1 15 380 -560 310 1 0 0 0 1 0 -0 0 1 3004.dat
0 H00602 ELEMENT 306201 MODULE balconies
1 15 130 -560 370 1 0 0 0 1 0 -0 0 1 3062b.dat
0 H00604 ELEMENT 306201 MODULE balconies
1 15 230 -560 370 1 0 0 0 1 0 -0 0 1 3062b.dat
0 H00610 ELEMENT 306201 MODULE balconies
1 15 290 -560 370 1 0 0 0 1 0 -0 0 1 3062b.dat
0 H00612 ELEMENT 306201 MODULE balconies
1 15 390 -560 370 1 0 0 0 1 0 -0 0 1 3062b.dat
0 H00355 ELEMENT 300401 MODULE main-building
1 15 100 -584 310 1 0 0 0 1 0 -0 0 1 3004.dat
0 H00356 ELEMENT 300401 MODULE main-building
1 15 260 -584 310 1 0 0 0 1 0 -0 0 1 3004.dat
0 H00357 ELEMENT 300401 MODULE main-building
1 15 380 -584 310 1 0 0 0 1 0 -0 0 1 3004.dat
0 H00606 ELEMENT 663601 MODULE balconies
1 15 180 -568 370 1 0 0 0 1 0 -0 0 1 6636.dat
0 H00614 ELEMENT 663601 MODULE balconies
1 15 340 -568 370 1 0 0 0 1 0 -0 0 1 6636.dat
0 H00358 ELEMENT 300401 MODULE main-building
1 15 100 -608 310 1 0 0 0 1 0 -0 0 1 3004.dat
0 H00359 ELEMENT 300401 MODULE main-building
1 15 260 -608 310 1 0 0 0 1 0 -0 0 1 3004.dat
0 H00360 ELEMENT 300401 MODULE main-building
1 15 380 -608 310 1 0 0 0 1 0 -0 0 1 3004.dat
0 H01549 ELEMENT 4558952 MODULE architectural-trim
1 15 90 -608 330 -1 0 0 0 1 0 -0 0 -1 87087.dat
0 H01563 ELEMENT 4558952 MODULE architectural-trim
1 15 250 -608 330 -1 0 0 0 1 0 -0 0 -1 87087.dat
0 H01580 ELEMENT 4558952 MODULE architectural-trim
1 15 390 -608 330 -1 0 0 0 1 0 -0 0 -1 87087.dat
0 H00379 ELEMENT 4585448 MODULE main-building
1 15 100 -680 90 1 0 0 0 1 0 -0 0 1 87544.dat
0 H00380 ELEMENT 6300317 MODULE main-building
1 19 160 -680 90 1 0 0 0 1 0 -0 0 1 87544.dat
0 H00381 ELEMENT 6300317 MODULE main-building
1 19 320 -680 90 1 0 0 0 1 0 -0 0 1 87544.dat
0 H00382 ELEMENT 6300317 MODULE main-building
1 19 380 -680 90 1 0 0 0 1 0 -0 0 1 87544.dat
0 H00394 ELEMENT 6300317 MODULE main-building
1 19 90 -680 140 0 0 1 0 1 0 -1 0 0 87544.dat
0 H00407 ELEMENT 300401 MODULE main-building
1 15 390 -632 140 0 0 1 0 1 0 -1 0 0 3004.dat
0 H00387 ELEMENT 4530590 MODULE main-building
1 15 90 -680 200 0 0 1 0 1 0 -1 0 0 60594.dat
0 H00400 ELEMENT 4530590 MODULE main-building
1 15 390 -680 200 0 0 1 0 1 0 -1 0 0 60594.dat
0 H00395 ELEMENT 6300317 MODULE main-building
1 19 90 -680 280 0 0 1 0 1 0 -1 0 0 87544.dat
0 H00408 ELEMENT 300401 MODULE main-building
1 15 390 -632 280 0 0 1 0 1 0 -1 0 0 3004.dat
0 H00361 ELEMENT 300401 MODULE main-building
1 15 100 -632 310 1 0 0 0 1 0 -0 0 1 3004.dat
0 H00362 ELEMENT 300401 MODULE main-building
1 15 260 -632 310 1 0 0 0 1 0 -0 0 1 3004.dat
0 H00363 ELEMENT 300401 MODULE main-building
1 15 380 -632 310 1 0 0 0 1 0 -0 0 1 3004.dat
0 H01548 ELEMENT 6055541 MODULE architectural-trim
1 15 90 -680 330 1 0 0 0 1 0 -0 0 1 14716.dat
0 H01562 ELEMENT 6055541 MODULE architectural-trim
1 15 250 -680 330 1 0 0 0 1 0 -0 0 1 14716.dat
0 H01579 ELEMENT 6055541 MODULE architectural-trim
1 15 390 -680 330 1 0 0 0 1 0 -0 0 1 14716.dat
0 H00409 ELEMENT 300401 MODULE main-building
1 15 390 -656 140 0 0 1 0 1 0 -1 0 0 3004.dat
0 H00410 ELEMENT 300401 MODULE main-building
1 15 390 -656 280 0 0 1 0 1 0 -1 0 0 3004.dat
0 H00364 ELEMENT 300401 MODULE main-building
1 15 100 -656 310 1 0 0 0 1 0 -0 0 1 3004.dat
0 H00365 ELEMENT 300401 MODULE main-building
1 15 260 -656 310 1 0 0 0 1 0 -0 0 1 3004.dat
0 H00366 ELEMENT 300401 MODULE main-building
1 15 380 -656 310 1 0 0 0 1 0 -0 0 1 3004.dat
0 H00383 ELEMENT 300501 MODULE main-building
1 15 130 -680 90 1 0 0 0 1 0 -0 0 1 3005.dat
0 H00384 ELEMENT 300501 MODULE main-building
1 15 350 -680 90 1 0 0 0 1 0 -0 0 1 3005.dat
0 H00396 ELEMENT 300501 MODULE main-building
1 15 90 -680 110 0 0 1 0 1 0 -1 0 0 3005.dat
0 H00411 ELEMENT 362201 MODULE main-building
1 15 390 -680 130 0 0 1 0 1 0 -1 0 0 3622.dat
0 H00397 ELEMENT 300501 MODULE main-building
1 15 90 -680 250 0 0 1 0 1 0 -1 0 0 3005.dat
0 H00412 ELEMENT 362201 MODULE main-building
1 15 390 -680 270 0 0 1 0 1 0 -1 0 0 3622.dat
0 H00367 ELEMENT 300401 MODULE main-building
1 15 100 -680 310 1 0 0 0 1 0 -0 0 1 3004.dat
0 H00368 ELEMENT 301001 MODULE main-building
1 15 240 -680 310 1 0 0 0 1 0 -0 0 1 3010.dat
0 H00369 ELEMENT 300401 MODULE main-building
1 15 380 -680 310 1 0 0 0 1 0 -0 0 1 3004.dat
0 STEP
0 Stage 31: Second floor interiors
0 H00413 ELEMENT 416201 MODULE main-building-interior
1 15 180 -520 110 1 0 0 0 1 0 -0 0 1 4162.dat
0 H00414 ELEMENT 416201 MODULE main-building-interior
1 15 270 -520 180 0 0 1 0 1 0 -1 0 0 4162.dat
0 H00663 ELEMENT 4185177 MODULE furnishings
1 19 300 -520 120 1 0 0 0 1 0 -0 0 1 3068b.dat
0 H00664 ELEMENT 4114026 MODULE furnishings
1 19 330 -520 120 0 0 1 0 1 0 -1 0 0 3069b.dat
0 H00415 ELEMENT 416201 MODULE main-building-interior
1 15 350 -520 180 0 0 1 0 1 0 -1 0 0 4162.dat
0 H00416 ELEMENT 416201 MODULE main-building-interior
1 15 370 -520 180 0 0 1 0 1 0 -1 0 0 4162.dat
0 H00417 ELEMENT 416201 MODULE main-building-interior
1 15 180 -520 130 1 0 0 0 1 0 -0 0 1 4162.dat
0 H00646 ELEMENT 4185177 MODULE furnishings
1 19 120 -520 160 1 0 0 0 1 0 -0 0 1 3068b.dat
0 H00653 ELEMENT 4211201 MODULE furnishings
1 70 160 -536 180 0 0 1 0 1 0 -1 0 0 3001.dat
0 H00654 ELEMENT 4211225 MODULE furnishings
1 70 190 -536 180 0 0 1 0 1 0 -1 0 0 3010.dat
0 H00647 ELEMENT 4185177 MODULE furnishings
1 19 220 -520 160 1 0 0 0 1 0 -0 0 1 3068b.dat
0 H00648 ELEMENT 4550324 MODULE furnishings
1 19 250 -520 180 0 0 1 0 1 0 -1 0 0 2431.dat
0 H00666 ELEMENT 4211201 MODULE furnishings
1 70 300 -536 180 0 0 1 0 1 0 -1 0 0 3001.dat
0 H00667 ELEMENT 4211225 MODULE furnishings
1 70 330 -536 180 0 0 1 0 1 0 -1 0 0 3010.dat
0 H00649 ELEMENT 4185177 MODULE furnishings
1 19 120 -520 200 1 0 0 0 1 0 -0 0 1 3068b.dat
0 H00650 ELEMENT 4185177 MODULE furnishings
1 19 220 -520 200 1 0 0 0 1 0 -0 0 1 3068b.dat
0 H00651 ELEMENT 4114026 MODULE furnishings
1 19 120 -520 230 1 0 0 0 1 0 -0 0 1 3069b.dat
0 H00655 ELEMENT 4211220 MODULE furnishings
1 70 170 -536 230 1 0 0 0 1 0 -0 0 1 3622.dat
0 H00652 ELEMENT 6131896 MODULE furnishings
1 19 230 -520 230 1 0 0 0 1 0 -0 0 1 63864.dat
0 H00668 ELEMENT 4211220 MODULE furnishings
1 70 310 -536 230 1 0 0 0 1 0 -0 0 1 3622.dat
0 H00718 ELEMENT 4185177 MODULE furnishings
1 19 120 -520 260 1 0 0 0 1 0 -0 0 1 3068b.dat
0 H00719 ELEMENT 4185177 MODULE furnishings
1 19 160 -520 260 1 0 0 0 1 0 -0 0 1 3068b.dat
0 H00721 ELEMENT 300301 MODULE furnishings
1 15 200 -536 260 1 0 0 0 1 0 -0 0 1 3003.dat
0 H00720 ELEMENT 4185177 MODULE furnishings
1 19 240 -520 260 1 0 0 0 1 0 -0 0 1 3068b.dat
0 H00665 ELEMENT 6131896 MODULE furnishings
1 19 310 -520 250 1 0 0 0 1 0 -0 0 1 63864.dat
0 H00418 ELEMENT 4560178 MODULE main-building-interior
1 15 300 -520 280 1 0 0 0 1 0 -0 0 1 87079.dat
0 H00419 ELEMENT 4185177 MODULE main-building-interior
1 19 360 -520 280 1 0 0 0 1 0 -0 0 1 3068b.dat
0 H00420 ELEMENT 416201 MODULE main-building-interior
1 15 180 -520 290 1 0 0 0 1 0 -0 0 1 4162.dat
0 H00656 ELEMENT 302001 MODULE furnishings
1 15 160 -544 180 0 0 1 0 1 0 -1 0 0 3020.dat
0 H00657 ELEMENT 371001 MODULE furnishings
1 15 190 -544 180 0 0 1 0 1 0 -1 0 0 3710.dat
0 H00669 ELEMENT 302001 MODULE furnishings
1 15 300 -544 180 0 0 1 0 1 0 -1 0 0 3020.dat
0 H00670 ELEMENT 371001 MODULE furnishings
1 15 330 -544 180 0 0 1 0 1 0 -1 0 0 3710.dat
0 H00658 ELEMENT 362301 MODULE furnishings
1 15 170 -544 230 1 0 0 0 1 0 -0 0 1 3623.dat
0 H00671 ELEMENT 362301 MODULE furnishings
1 15 310 -544 230 1 0 0 0 1 0 -0 0 1 3623.dat
0 H00722 ELEMENT 4216695 MODULE furnishings
1 70 200 -544 260 1 0 0 0 1 0 -0 0 1 3022.dat
0 H00659 ELEMENT 4558168 MODULE furnishings
1 15 170 -552 150 1 0 0 0 1 0 -0 0 1 63864.dat
0 H00672 ELEMENT 4558168 MODULE furnishings
1 15 310 -552 150 1 0 0 0 1 0 -0 0 1 63864.dat
0 H00660 ELEMENT 306823 MODULE furnishings
1 1 160 -552 180 1 0 0 0 1 0 -0 0 1 3068b.dat
0 H00661 ELEMENT 243123 MODULE furnishings
1 1 190 -552 200 0 0 1 0 1 0 -1 0 0 2431.dat
0 H00673 ELEMENT 306823 MODULE furnishings
1 1 300 -552 180 1 0 0 0 1 0 -0 0 1 3068b.dat
0 H00674 ELEMENT 243128 MODULE furnishings
1 2 330 -552 200 0 0 1 0 1 0 -1 0 0 2431.dat
0 H00662 ELEMENT 306823 MODULE furnishings
1 1 160 -552 220 1 0 0 0 1 0 -0 0 1 3068b.dat
0 H00675 ELEMENT 4107762 MODULE furnishings
1 2 300 -552 220 1 0 0 0 1 0 -0 0 1 3068b.dat
0 H00723 ELEMENT 4659665 MODULE furnishings
1 15 210 -568 270 1 0 0 0 1 0 -0 0 1 3899.dat
0 STEP
0 Stage 32: Main building roof deck
0 H01502 ELEMENT 244501 MODULE architectural-trim
1 15 180 -688 80 1 0 0 0 1 0 -0 0 1 2445.dat
0 H01503 ELEMENT 244501 MODULE architectural-trim
1 15 320 -688 180 0 0 1 0 1 0 -1 0 0 2445.dat
0 H01504 ELEMENT 303201 MODULE architectural-trim
1 15 380 -688 120 0 0 1 0 1 0 -1 0 0 3032.dat
0 H01505 ELEMENT 244501 MODULE architectural-trim
1 15 180 -688 120 1 0 0 0 1 0 -0 0 1 2445.dat
0 H01506 ELEMENT 303201 MODULE architectural-trim
1 15 120 -688 180 1 0 0 0 1 0 -0 0 1 3032.dat
0 H01507 ELEMENT 303201 MODULE architectural-trim
1 15 240 -688 180 1 0 0 0 1 0 -0 0 1 3032.dat
0 H01508 ELEMENT 303201 MODULE architectural-trim
1 15 380 -688 240 0 0 1 0 1 0 -1 0 0 3032.dat
0 H01509 ELEMENT 244501 MODULE architectural-trim
1 15 180 -688 240 1 0 0 0 1 0 -0 0 1 2445.dat
0 H01510 ELEMENT 244501 MODULE architectural-trim
1 15 180 -688 280 1 0 0 0 1 0 -0 0 1 2445.dat
0 H01511 ELEMENT 244501 MODULE architectural-trim
1 15 180 -688 320 1 0 0 0 1 0 -0 0 1 2445.dat
0 H01512 ELEMENT 379501 MODULE architectural-trim
1 15 360 -688 320 1 0 0 0 1 0 -0 0 1 3795.dat
0 STEP
0 Stage 40: Pavilion roof assembly
0 H00179 ELEMENT 300801 MODULE pavilion-roof
1 15 410 -360 160 0 0 1 0 1 0 -1 0 0 3008.dat
0 H00185 ELEMENT 300801 MODULE pavilion-roof
1 15 630 -360 160 0 0 1 0 1 0 -1 0 0 3008.dat
0 H00191 ELEMENT 300301 MODULE pavilion-roof
1 15 520 -360 160 1 0 0 0 1 0 -0 0 1 3003.dat
0 H00180 ELEMENT 366601 MODULE pavilion-roof
1 15 410 -368 160 0 0 1 0 1 0 -1 0 0 3666.dat
0 H00186 ELEMENT 366601 MODULE pavilion-roof
1 15 630 -368 160 0 0 1 0 1 0 -1 0 0 3666.dat
0 H00192 ELEMENT 300301 MODULE pavilion-roof
1 15 520 -384 160 1 0 0 0 1 0 -0 0 1 3003.dat
0 H00181 ELEMENT 371001 MODULE pavilion-roof
1 15 410 -376 160 0 0 1 0 1 0 -1 0 0 3710.dat
0 H00187 ELEMENT 371001 MODULE pavilion-roof
1 15 630 -376 160 0 0 1 0 1 0 -1 0 0 3710.dat
0 H00182 ELEMENT 371001 MODULE pavilion-roof
1 15 410 -384 160 0 0 1 0 1 0 -1 0 0 3710.dat
0 H00188 ELEMENT 371001 MODULE pavilion-roof
1 15 630 -384 160 0 0 1 0 1 0 -1 0 0 3710.dat
0 H00183 ELEMENT 302301 MODULE pavilion-roof
1 15 410 -392 160 0 0 1 0 1 0 -1 0 0 3023b.dat
0 H00193 ELEMENT 302201 MODULE pavilion-roof
1 15 520 -392 160 1 0 0 0 1 0 -0 0 1 3022.dat
0 H00189 ELEMENT 302301 MODULE pavilion-roof
1 15 630 -392 160 0 0 1 0 1 0 -1 0 0 3023b.dat
0 H00184 ELEMENT 302301 MODULE pavilion-roof
1 15 410 -400 160 0 0 1 0 1 0 -1 0 0 3023b.dat
0 H00194 ELEMENT 302201 MODULE pavilion-roof
1 15 520 -400 160 1 0 0 0 1 0 -0 0 1 3022.dat
0 H00190 ELEMENT 302301 MODULE pavilion-roof
1 15 630 -400 160 0 0 1 0 1 0 -1 0 0 3023b.dat
0 H00195 ELEMENT 244526 MODULE pavilion-roof
1 0 520 -408 160 1 0 0 0 1 0 -0 0 1 2445.dat
0 H00196 ELEMENT 4225201 MODULE pavilion-roof
1 0 440 -416 150 1 0 0 0 1 0 -0 0 1 48336.dat
0 H00197 ELEMENT 4225201 MODULE pavilion-roof
1 0 560 -416 150 1 0 0 0 1 0 -0 0 1 48336.dat
0 H00198 ELEMENT 4225201 MODULE pavilion-roof
1 0 480 -416 170 -1 0 0 0 1 0 -0 0 -1 48336.dat
0 H00199 ELEMENT 6236915 MODULE pavilion-roof
1 70 600 -416 170 -1 0 0 0 1 0 -0 0 -1 48336.dat
0 H00200 ELEMENT 244526 MODULE pavilion-roof
1 0 520 -424 160 1 0 0 0 1 0 -0 0 1 2445.dat
0 H00201 ELEMENT 244526 MODULE pavilion-roof
1 0 520 -432 160 1 0 0 0 1 0 -0 0 1 2445.dat
0 H00202 ELEMENT 6447571 MODULE pavilion-roof
1 308 480 -440 160 1 0 0 0 1 0 -0 0 1 3035.dat
0 H00203 ELEMENT 4243838 MODULE pavilion-roof
1 70 600 -440 160 1 0 0 0 1 0 -0 0 1 3031.dat
0 H00205 ELEMENT 6310268 MODULE pavilion-roof
1 0 560 -405.73205 111.67949 -1 0 0 0 0.8660254 0.5 0 0.5 -0.8660254 60470b.dat
0 H00204 ELEMENT 6310268 MODULE pavilion-roof
1 0 440 -405.73205 111.67949 -1 0 0 0 0.8660254 0.5 0 0.5 -0.8660254 60470b.dat
0 H00206 ELEMENT 302126 MODULE pavilion-roof
1 0 600 -385.73205 77.038476 0 0 -1 -0.5 0.8660254 0 0.8660254 0.5 0 3021.dat
0 H00207 ELEMENT 302126 MODULE pavilion-roof
1 0 480 -385.73205 77.038476 0 0 -1 -0.5 0.8660254 0 0.8660254 0.5 0 3021.dat
0 H00208 ELEMENT 302126 MODULE pavilion-roof
1 0 430 -380.73205 68.378222 -1 0 0 0 0.8660254 0.5 0 0.5 -0.8660254 3021.dat
0 H00209 ELEMENT 6447571 MODULE pavilion-roof
1 308 560 -397.66025 81.69873 -1 0 0 0 0.8660254 0.5 0 0.5 -0.8660254 3035.dat
0 H00210 ELEMENT 4243838 MODULE pavilion-roof
1 70 440 -397.66025 81.69873 -1 0 0 0 0.8660254 0.5 0 0.5 -0.8660254 3031.dat
0 H00211 ELEMENT 6295366 MODULE pavilion-roof
1 308 580 -419.58846 103.67949 -1 0 0 0 0.8660254 0.5 0 0.5 -0.8660254 6636.dat
0 H00212 ELEMENT 6295366 MODULE pavilion-roof
1 308 460 -419.58846 103.67949 -1 0 0 0 0.8660254 0.5 0 0.5 -0.8660254 6636.dat
0 H00213 ELEMENT 6295366 MODULE pavilion-roof
1 308 580 -409.58846 86.358984 -1 0 0 0 0.8660254 0.5 0 0.5 -0.8660254 6636.dat
0 H00214 ELEMENT 6295366 MODULE pavilion-roof
1 308 460 -409.58846 86.358984 -1 0 0 0 0.8660254 0.5 0 0.5 -0.8660254 6636.dat
0 H00215 ELEMENT 6295366 MODULE pavilion-roof
1 308 580 -399.58846 69.038476 -1 0 0 0 0.8660254 0.5 0 0.5 -0.8660254 6636.dat
0 H00216 ELEMENT 6295366 MODULE pavilion-roof
1 308 460 -399.58846 69.038476 -1 0 0 0 0.8660254 0.5 0 0.5 -0.8660254 6636.dat
0 H00217 ELEMENT 6295366 MODULE pavilion-roof
1 308 580 -389.58846 51.717968 -1 0 0 0 0.8660254 0.5 0 0.5 -0.8660254 6636.dat
0 H00218 ELEMENT 6295366 MODULE pavilion-roof
1 308 460 -389.58846 51.717968 -1 0 0 0 0.8660254 0.5 0 0.5 -0.8660254 6636.dat
0 H00219 ELEMENT 6310268 MODULE pavilion-roof
1 0 480 -405.73205 208.32051 1 0 0 0 0.8660254 0.5 0 -0.5 0.8660254 60470b.dat
0 H00220 ELEMENT 6310268 MODULE pavilion-roof
1 0 600 -405.73205 208.32051 1 0 0 0 0.8660254 0.5 0 -0.5 0.8660254 60470b.dat
0 H00221 ELEMENT 302126 MODULE pavilion-roof
1 0 440 -385.73205 242.96152 0 0 1 -0.5 0.8660254 0 -0.8660254 -0.5 0 3021.dat
0 H00222 ELEMENT 302126 MODULE pavilion-roof
1 0 560 -385.73205 242.96152 0 0 1 -0.5 0.8660254 0 -0.8660254 -0.5 0 3021.dat
0 H00223 ELEMENT 302126 MODULE pavilion-roof
1 0 610 -380.73205 251.62178 1 0 0 0 0.8660254 0.5 0 -0.5 0.8660254 3021.dat
0 H00224 ELEMENT 6447571 MODULE pavilion-roof
1 308 480 -397.66025 238.30127 1 0 0 0 0.8660254 0.5 0 -0.5 0.8660254 3035.dat
0 H00225 ELEMENT 6226792 MODULE pavilion-roof
1 308 600 -407.66025 220.98076 1 0 0 0 0.8660254 0.5 0 -0.5 0.8660254 3020.dat
0 H00226 ELEMENT 6226792 MODULE pavilion-roof
1 308 600 -387.66025 255.62178 1 0 0 0 0.8660254 0.5 0 -0.5 0.8660254 3020.dat
0 H00227 ELEMENT 6295366 MODULE pavilion-roof
1 308 460 -419.58846 216.32051 1 0 0 0 0.8660254 0.5 0 -0.5 0.8660254 6636.dat
0 H00228 ELEMENT 6295366 MODULE pavilion-roof
1 308 580 -419.58846 216.32051 1 0 0 0 0.8660254 0.5 0 -0.5 0.8660254 6636.dat
0 H00229 ELEMENT 6295366 MODULE pavilion-roof
1 308 460 -409.58846 233.64102 1 0 0 0 0.8660254 0.5 0 -0.5 0.8660254 6636.dat
0 H00230 ELEMENT 6295366 MODULE pavilion-roof
1 308 580 -409.58846 233.64102 1 0 0 0 0.8660254 0.5 0 -0.5 0.8660254 6636.dat
0 H00231 ELEMENT 6295366 MODULE pavilion-roof
1 308 460 -399.58846 250.96152 1 0 0 0 0.8660254 0.5 0 -0.5 0.8660254 6636.dat
0 H00232 ELEMENT 4211204 MODULE pavilion-roof
1 70 580 -399.58846 250.96152 1 0 0 0 0.8660254 0.5 0 -0.5 0.8660254 6636.dat
0 H00233 ELEMENT 4211204 MODULE pavilion-roof
1 70 460 -389.58846 268.28203 1 0 0 0 0.8660254 0.5 0 -0.5 0.8660254 6636.dat
0 H00234 ELEMENT 4211204 MODULE pavilion-roof
1 70 580 -389.58846 268.28203 1 0 0 0 0.8660254 0.5 0 -0.5 0.8660254 6636.dat
0 STEP
0 Stage 41: Guest wing roof assembly
0 H00094 ELEMENT 346001 MODULE guest-roof
1 15 650 -520 240 0 0 1 0 1 0 -1 0 0 3460.dat
0 H00110 ELEMENT 346001 MODULE guest-roof
1 15 870 -520 240 0 0 1 0 1 0 -1 0 0 3460.dat
0 H00126 ELEMENT 300301 MODULE guest-roof
1 15 760 -536 280 1 0 0 0 1 0 -0 0 1 3003.dat
0 H00095 ELEMENT 300401 MODULE guest-roof
1 15 650 -536 340 0 0 1 0 1 0 -1 0 0 3004.dat
0 H00111 ELEMENT 300401 MODULE guest-roof
1 15 870 -536 340 0 0 1 0 1 0 -1 0 0 3004.dat
0 H00096 ELEMENT 302301 MODULE guest-roof
1 15 650 -520 380 0 0 1 0 1 0 -1 0 0 3023b.dat
0 H00112 ELEMENT 302301 MODULE guest-roof
1 15 870 -520 380 0 0 1 0 1 0 -1 0 0 3023b.dat
0 H00097 ELEMENT 366601 MODULE guest-roof
1 15 650 -528 240 0 0 1 0 1 0 -1 0 0 3666.dat
0 H00113 ELEMENT 366601 MODULE guest-roof
1 15 870 -528 240 0 0 1 0 1 0 -1 0 0 3666.dat
0 H00098 ELEMENT 300501 MODULE guest-roof
1 15 650 -544 310 1 0 0 0 1 0 -0 0 1 3005.dat
0 H00114 ELEMENT 300501 MODULE guest-roof
1 15 870 -544 310 1 0 0 0 1 0 -0 0 1 3005.dat
0 H00099 ELEMENT 302401 MODULE guest-roof
1 15 650 -528 370 1 0 0 0 1 0 -0 0 1 3024.dat
0 H00115 ELEMENT 302401 MODULE guest-roof
1 15 870 -528 370 1 0 0 0 1 0 -0 0 1 3024.dat
0 H00100 ELEMENT 371001 MODULE guest-roof
1 15 650 -536 240 0 0 1 0 1 0 -1 0 0 3710.dat
0 H00116 ELEMENT 371001 MODULE guest-roof
1 15 870 -536 240 0 0 1 0 1 0 -1 0 0 3710.dat
0 H00101 ELEMENT 300501 MODULE guest-roof
1 15 650 -552 290 1 0 0 0 1 0 -0 0 1 3005.dat
0 H00117 ELEMENT 300501 MODULE guest-roof
1 15 870 -552 290 1 0 0 0 1 0 -0 0 1 3005.dat
0 H00102 ELEMENT 371001 MODULE guest-roof
1 15 650 -544 240 0 0 1 0 1 0 -1 0 0 3710.dat
0 H00118 ELEMENT 371001 MODULE guest-roof
1 15 870 -544 240 0 0 1 0 1 0 -1 0 0 3710.dat
0 H00127 ELEMENT 300301 MODULE guest-roof
1 15 760 -560 280 1 0 0 0 1 0 -0 0 1 3003.dat
0 H00103 ELEMENT 302301 MODULE guest-roof
1 15 650 -544 340 0 0 1 0 1 0 -1 0 0 3023b.dat
0 H00119 ELEMENT 302301 MODULE guest-roof
1 15 870 -544 340 0 0 1 0 1 0 -1 0 0 3023b.dat
0 H00104 ELEMENT 362301 MODULE guest-roof
1 15 650 -552 250 0 0 1 0 1 0 -1 0 0 3623.dat
0 H00120 ELEMENT 362301 MODULE guest-roof
1 15 870 -552 250 0 0 1 0 1 0 -1 0 0 3623.dat
0 H00105 ELEMENT 300501 MODULE guest-roof
1 15 650 -568 310 1 0 0 0 1 0 -0 0 1 3005.dat
0 H00121 ELEMENT 300501 MODULE guest-roof
1 15 870 -568 310 1 0 0 0 1 0 -0 0 1 3005.dat
0 H00106 ELEMENT 302401 MODULE guest-roof
1 15 650 -552 330 1 0 0 0 1 0 -0 0 1 3024.dat
0 H00122 ELEMENT 302401 MODULE guest-roof
1 15 870 -552 330 1 0 0 0 1 0 -0 0 1 3024.dat
0 H00107 ELEMENT 362301 MODULE guest-roof
1 15 650 -560 270 0 0 1 0 1 0 -1 0 0 3623.dat
0 H00123 ELEMENT 362301 MODULE guest-roof
1 15 870 -560 270 0 0 1 0 1 0 -1 0 0 3623.dat
0 H00108 ELEMENT 362301 MODULE guest-roof
1 15 650 -568 270 0 0 1 0 1 0 -1 0 0 3623.dat
0 H00124 ELEMENT 362301 MODULE guest-roof
1 15 870 -568 270 0 0 1 0 1 0 -1 0 0 3623.dat
0 H00128 ELEMENT 302201 MODULE guest-roof
1 15 760 -568 280 1 0 0 0 1 0 -0 0 1 3022.dat
0 H00109 ELEMENT 302301 MODULE guest-roof
1 15 650 -576 280 0 0 1 0 1 0 -1 0 0 3023b.dat
0 H00129 ELEMENT 302201 MODULE guest-roof
1 15 760 -576 280 1 0 0 0 1 0 -0 0 1 3022.dat
0 H00125 ELEMENT 302301 MODULE guest-roof
1 15 870 -576 280 0 0 1 0 1 0 -1 0 0 3023b.dat
0 H00130 ELEMENT 244526 MODULE guest-roof
1 0 760 -584 280 1 0 0 0 1 0 -0 0 1 2445.dat
0 H00131 ELEMENT 4225201 MODULE guest-roof
1 0 680 -592 270 1 0 0 0 1 0 -0 0 1 48336.dat
0 H00132 ELEMENT 4225201 MODULE guest-roof
1 0 800 -592 270 1 0 0 0 1 0 -0 0 1 48336.dat
0 H00133 ELEMENT 4225201 MODULE guest-roof
1 0 720 -592 290 -1 0 0 0 1 0 -0 0 -1 48336.dat
0 H00134 ELEMENT 4225201 MODULE guest-roof
1 0 840 -592 290 -1 0 0 0 1 0 -0 0 -1 48336.dat
0 H00135 ELEMENT 244526 MODULE guest-roof
1 0 760 -600 280 1 0 0 0 1 0 -0 0 1 2445.dat
0 H00136 ELEMENT 244526 MODULE guest-roof
1 0 760 -608 280 1 0 0 0 1 0 -0 0 1 2445.dat
0 H00137 ELEMENT 4225715 MODULE guest-roof
1 70 740 -616 280 1 0 0 0 1 0 -0 0 1 3030.dat
0 H00138 ELEMENT 6226792 MODULE guest-roof
1 308 860 -616 280 0 0 1 0 1 0 -1 0 0 3020.dat
0 H00140 ELEMENT 6310268 MODULE guest-roof
1 0 800 -581.73205 231.67949 -1 0 0 0 0.8660254 0.5 0 0.5 -0.8660254 60470b.dat
0 H00139 ELEMENT 6310268 MODULE guest-roof
1 0 680 -581.73205 231.67949 -1 0 0 0 0.8660254 0.5 0 0.5 -0.8660254 60470b.dat
0 H00141 ELEMENT 302026 MODULE guest-roof
1 0 840 -556.73205 188.37822 0 0 -1 -0.5 0.8660254 0 0.8660254 0.5 0 3020.dat
0 H00143 ELEMENT 302026 MODULE guest-roof
1 0 720 -556.73205 188.37822 0 0 -1 -0.5 0.8660254 0 0.8660254 0.5 0 3020.dat
0 H00142 ELEMENT 302326 MODULE guest-roof
1 0 840 -531.73205 145.07695 -1 0 0 0 0.8660254 0.5 0 0.5 -0.8660254 3023b.dat
0 H00144 ELEMENT 302326 MODULE guest-roof
1 0 720 -531.73205 145.07695 -1 0 0 0 0.8660254 0.5 0 0.5 -0.8660254 3023b.dat
0 H00145 ELEMENT 6447571 MODULE guest-roof
1 308 800 -573.66025 201.69873 -1 0 0 0 0.8660254 0.5 0 0.5 -0.8660254 3035.dat
0 H00146 ELEMENT 4271874 MODULE guest-roof
1 70 680 -563.66025 184.37822 0 0 -1 -0.5 0.8660254 0 0.8660254 0.5 0 3032.dat
0 H00147 ELEMENT 4211211 MODULE guest-roof
1 70 800 -543.66025 149.73721 -1 0 0 0 0.8660254 0.5 0 0.5 -0.8660254 3034.dat
0 H00148 ELEMENT 4585337 MODULE guest-roof
1 70 800 -595.58846 223.67949 -1 0 0 0 0.8660254 0.5 0 0.5 -0.8660254 4162.dat
0 H00149 ELEMENT 4579690 MODULE guest-roof
1 70 680 -590.58846 215.01924 -1 0 0 0 0.8660254 0.5 0 0.5 -0.8660254 87079.dat
0 H00150 ELEMENT 4585337 MODULE guest-roof
1 70 800 -585.58846 206.35898 -1 0 0 0 0.8660254 0.5 0 0.5 -0.8660254 4162.dat
0 H00151 ELEMENT 4585337 MODULE guest-roof
1 70 800 -575.58846 189.03848 -1 0 0 0 0.8660254 0.5 0 0.5 -0.8660254 4162.dat
0 H00152 ELEMENT 4579690 MODULE guest-roof
1 70 680 -570.58846 180.37822 -1 0 0 0 0.8660254 0.5 0 0.5 -0.8660254 87079.dat
0 H00153 ELEMENT 4585337 MODULE guest-roof
1 70 800 -565.58846 171.71797 -1 0 0 0 0.8660254 0.5 0 0.5 -0.8660254 4162.dat
0 H00154 ELEMENT 4585337 MODULE guest-roof
1 70 800 -555.58846 154.39746 -1 0 0 0 0.8660254 0.5 0 0.5 -0.8660254 4162.dat
0 H00155 ELEMENT 4579690 MODULE guest-roof
1 70 680 -550.58846 145.73721 -1 0 0 0 0.8660254 0.5 0 0.5 -0.8660254 87079.dat
0 H00156 ELEMENT 4585337 MODULE guest-roof
1 70 800 -545.58846 137.07695 -1 0 0 0 0.8660254 0.5 0 0.5 -0.8660254 4162.dat
0 H00157 ELEMENT 6310268 MODULE guest-roof
1 0 720 -581.73205 328.32051 1 0 0 0 0.8660254 0.5 0 -0.5 0.8660254 60470b.dat
0 H00158 ELEMENT 6310268 MODULE guest-roof
1 0 840 -581.73205 328.32051 1 0 0 0 0.8660254 0.5 0 -0.5 0.8660254 60470b.dat
0 H00159 ELEMENT 302026 MODULE guest-roof
1 0 680 -556.73205 371.62178 0 0 1 -0.5 0.8660254 0 -0.8660254 -0.5 0 3020.dat
0 H00161 ELEMENT 302026 MODULE guest-roof
1 0 800 -556.73205 371.62178 0 0 1 -0.5 0.8660254 0 -0.8660254 -0.5 0 3020.dat
0 H00160 ELEMENT 302326 MODULE guest-roof
1 0 680 -531.73205 414.92305 1 0 0 0 0.8660254 0.5 0 -0.5 0.8660254 3023b.dat
0 H00162 ELEMENT 302326 MODULE guest-roof
1 0 800 -531.73205 414.92305 1 0 0 0 0.8660254 0.5 0 -0.5 0.8660254 3023b.dat
0 H00163 ELEMENT 6447571 MODULE guest-roof
1 308 720 -573.66025 358.30127 1 0 0 0 0.8660254 0.5 0 -0.5 0.8660254 3035.dat
0 H00164 ELEMENT 4271874 MODULE guest-roof
1 70 840 -563.66025 375.62178 0 0 1 -0.5 0.8660254 0 -0.8660254 -0.5 0 3032.dat
0 H00165 ELEMENT 4211211 MODULE guest-roof
1 70 720 -543.66025 410.26279 1 0 0 0 0.8660254 0.5 0 -0.5 0.8660254 3034.dat
0 H00166 ELEMENT 4579690 MODULE guest-roof
1 70 680 -590.58846 344.98076 1 0 0 0 0.8660254 0.5 0 -0.5 0.8660254 87079.dat
0 H00167 ELEMENT 4585337 MODULE guest-roof
1 70 800 -595.58846 336.32051 1 0 0 0 0.8660254 0.5 0 -0.5 0.8660254 4162.dat
0 H00168 ELEMENT 6295366 MODULE guest-roof
1 308 780 -585.58846 353.64102 1 0 0 0 0.8660254 0.5 0 -0.5 0.8660254 6636.dat
0 H00169 ELEMENT 6313874 MODULE guest-roof
1 308 850 -570.58846 379.62178 0 0 1 -0.5 0.8660254 0 -0.8660254 -0.5 0 2431.dat
0 H00170 ELEMENT 6313874 MODULE guest-roof
1 308 870 -570.58846 379.62178 0 0 1 -0.5 0.8660254 0 -0.8660254 -0.5 0 2431.dat
0 H00171 ELEMENT 6295366 MODULE guest-roof
1 308 700 -575.58846 370.96152 1 0 0 0 0.8660254 0.5 0 -0.5 0.8660254 6636.dat
0 H00172 ELEMENT 6313874 MODULE guest-roof
1 308 800 -575.58846 370.96152 1 0 0 0 0.8660254 0.5 0 -0.5 0.8660254 2431.dat
0 H00173 ELEMENT 6295366 MODULE guest-roof
1 308 700 -565.58846 388.28203 1 0 0 0 0.8660254 0.5 0 -0.5 0.8660254 6636.dat
0 H00174 ELEMENT 6313874 MODULE guest-roof
1 308 800 -565.58846 388.28203 1 0 0 0 0.8660254 0.5 0 -0.5 0.8660254 2431.dat
0 H00175 ELEMENT 6295366 MODULE guest-roof
1 308 700 -555.58846 405.60254 1 0 0 0 0.8660254 0.5 0 -0.5 0.8660254 6636.dat
0 H00176 ELEMENT 4211194 MODULE guest-roof
1 70 800 -555.58846 405.60254 1 0 0 0 0.8660254 0.5 0 -0.5 0.8660254 2431.dat
0 H00177 ELEMENT 6295366 MODULE guest-roof
1 308 700 -545.58846 422.92305 1 0 0 0 0.8660254 0.5 0 -0.5 0.8660254 6636.dat
0 H00178 ELEMENT 6295366 MODULE guest-roof
1 308 820 -545.58846 422.92305 1 0 0 0 0.8660254 0.5 0 -0.5 0.8660254 6636.dat
0 STEP
0 Stage 42: Main roof assembly
0 H00001 ELEMENT 346001 MODULE main-roof
1 15 90 -696 160 0 0 1 0 1 0 -1 0 0 3460.dat
0 H00017 ELEMENT 346001 MODULE main-roof
1 15 390 -696 160 0 0 1 0 1 0 -1 0 0 3460.dat
0 H00033 ELEMENT 300301 MODULE main-roof
1 15 240 -712 200 1 0 0 0 1 0 -0 0 1 3003.dat
0 H00002 ELEMENT 300401 MODULE main-roof
1 15 90 -712 260 0 0 1 0 1 0 -1 0 0 3004.dat
0 H00018 ELEMENT 300401 MODULE main-roof
1 15 390 -712 260 0 0 1 0 1 0 -1 0 0 3004.dat
0 H00003 ELEMENT 302301 MODULE main-roof
1 15 90 -696 300 0 0 1 0 1 0 -1 0 0 3023b.dat
0 H00019 ELEMENT 302301 MODULE main-roof
1 15 390 -696 300 0 0 1 0 1 0 -1 0 0 3023b.dat
0 H00004 ELEMENT 366601 MODULE main-roof
1 15 90 -704 160 0 0 1 0 1 0 -1 0 0 3666.dat
0 H00020 ELEMENT 366601 MODULE main-roof
1 15 390 -704 160 0 0 1 0 1 0 -1 0 0 3666.dat
0 H00005 ELEMENT 300501 MODULE main-roof
1 15 90 -720 230 1 0 0 0 1 0 -0 0 1 3005.dat
0 H00021 ELEMENT 300501 MODULE main-roof
1 15 390 -720 230 1 0 0 0 1 0 -0 0 1 3005.dat
0 H00006 ELEMENT 302401 MODULE main-roof
1 15 90 -704 290 1 0 0 0 1 0 -0 0 1 3024.dat
0 H00022 ELEMENT 302401 MODULE main-roof
1 15 390 -704 290 1 0 0 0 1 0 -0 0 1 3024.dat
0 H00007 ELEMENT 371001 MODULE main-roof
1 15 90 -712 160 0 0 1 0 1 0 -1 0 0 3710.dat
0 H00023 ELEMENT 371001 MODULE main-roof
1 15 390 -712 160 0 0 1 0 1 0 -1 0 0 3710.dat
0 H00008 ELEMENT 300501 MODULE main-roof
1 15 90 -728 210 1 0 0 0 1 0 -0 0 1 3005.dat
0 H00024 ELEMENT 300501 MODULE main-roof
1 15 390 -728 210 1 0 0 0 1 0 -0 0 1 3005.dat
0 H00009 ELEMENT 371001 MODULE main-roof
1 15 90 -720 160 0 0 1 0 1 0 -1 0 0 3710.dat
0 H00025 ELEMENT 371001 MODULE main-roof
1 15 390 -720 160 0 0 1 0 1 0 -1 0 0 3710.dat
0 H00034 ELEMENT 300301 MODULE main-roof
1 15 240 -736 200 1 0 0 0 1 0 -0 0 1 3003.dat
0 H00010 ELEMENT 302301 MODULE main-roof
1 15 90 -720 260 0 0 1 0 1 0 -1 0 0 3023b.dat
0 H00026 ELEMENT 302301 MODULE main-roof
1 15 390 -720 260 0 0 1 0 1 0 -1 0 0 3023b.dat
0 H00011 ELEMENT 362301 MODULE main-roof
1 15 90 -728 170 0 0 1 0 1 0 -1 0 0 3623.dat
0 H00027 ELEMENT 362301 MODULE main-roof
1 15 390 -728 170 0 0 1 0 1 0 -1 0 0 3623.dat
0 H00012 ELEMENT 300501 MODULE main-roof
1 15 90 -744 230 1 0 0 0 1 0 -0 0 1 3005.dat
0 H00028 ELEMENT 300501 MODULE main-roof
1 15 390 -744 230 1 0 0 0 1 0 -0 0 1 3005.dat
0 H00013 ELEMENT 302401 MODULE main-roof
1 15 90 -728 250 1 0 0 0 1 0 -0 0 1 3024.dat
0 H00029 ELEMENT 302401 MODULE main-roof
1 15 390 -728 250 1 0 0 0 1 0 -0 0 1 3024.dat
0 H00014 ELEMENT 362301 MODULE main-roof
1 15 90 -736 190 0 0 1 0 1 0 -1 0 0 3623.dat
0 H00030 ELEMENT 362301 MODULE main-roof
1 15 390 -736 190 0 0 1 0 1 0 -1 0 0 3623.dat
0 H00015 ELEMENT 362301 MODULE main-roof
1 15 90 -744 190 0 0 1 0 1 0 -1 0 0 3623.dat
0 H00031 ELEMENT 362301 MODULE main-roof
1 15 390 -744 190 0 0 1 0 1 0 -1 0 0 3623.dat
0 H00035 ELEMENT 302201 MODULE main-roof
1 15 240 -744 200 1 0 0 0 1 0 -0 0 1 3022.dat
0 H00016 ELEMENT 302301 MODULE main-roof
1 15 90 -752 200 0 0 1 0 1 0 -1 0 0 3023b.dat
0 H00036 ELEMENT 302201 MODULE main-roof
1 15 240 -752 200 1 0 0 0 1 0 -0 0 1 3022.dat
0 H00032 ELEMENT 302301 MODULE main-roof
1 15 390 -752 200 0 0 1 0 1 0 -1 0 0 3023b.dat
0 H00037 ELEMENT 428226 MODULE main-roof
1 0 240 -760 200 1 0 0 0 1 0 -0 0 1 4282.dat
0 H00038 ELEMENT 4225201 MODULE main-roof
1 0 140 -768 190 1 0 0 0 1 0 -0 0 1 48336.dat
0 H00039 ELEMENT 4225201 MODULE main-roof
1 0 300 -768 190 1 0 0 0 1 0 -0 0 1 48336.dat
0 H00040 ELEMENT 4225201 MODULE main-roof
1 0 180 -768 210 -1 0 0 0 1 0 -0 0 -1 48336.dat
0 H00041 ELEMENT 4225201 MODULE main-roof
1 0 340 -768 210 -1 0 0 0 1 0 -0 0 -1 48336.dat
0 H00042 ELEMENT 428226 MODULE main-roof
1 0 240 -776 200 1 0 0 0 1 0 -0 0 1 4282.dat
0 H00043 ELEMENT 428226 MODULE main-roof
1 0 240 -784 200 1 0 0 0 1 0 -0 0 1 4282.dat
0 H00044 ELEMENT 6065139 MODULE main-roof
1 70 200 -792 200 1 0 0 0 1 0 -0 0 1 3029.dat
0 H00045 ELEMENT 4243838 MODULE main-roof
1 70 360 -792 200 1 0 0 0 1 0 -0 0 1 3031.dat
0 H00047 ELEMENT 6310268 MODULE main-roof
1 0 300 -757.73205 151.67949 -1 0 0 0 0.8660254 0.5 0 0.5 -0.8660254 60470b.dat
0 H00046 ELEMENT 6310268 MODULE main-roof
1 0 140 -757.73205 151.67949 -1 0 0 0 0.8660254 0.5 0 0.5 -0.8660254 60470b.dat
0 H00048 ELEMENT 302026 MODULE main-roof
1 0 360 -732.73205 108.37822 0 0 -1 -0.5 0.8660254 0 0.8660254 0.5 0 3020.dat
0 H00050 ELEMENT 302026 MODULE main-roof
1 0 240 -732.73205 108.37822 0 0 -1 -0.5 0.8660254 0 0.8660254 0.5 0 3020.dat
0 H00052 ELEMENT 302026 MODULE main-roof
1 0 120 -732.73205 108.37822 0 0 -1 -0.5 0.8660254 0 0.8660254 0.5 0 3020.dat
0 H00049 ELEMENT 302326 MODULE main-roof
1 0 360 -707.73205 65.076952 -1 0 0 0 0.8660254 0.5 0 0.5 -0.8660254 3023b.dat
0 H00051 ELEMENT 302326 MODULE main-roof
1 0 240 -707.73205 65.076952 -1 0 0 0 0.8660254 0.5 0 0.5 -0.8660254 3023b.dat
0 H00053 ELEMENT 302326 MODULE main-roof
1 0 120 -707.73205 65.076952 -1 0 0 0 0.8660254 0.5 0 0.5 -0.8660254 3023b.dat
0 H00054 ELEMENT 6447571 MODULE main-roof
1 308 320 -749.66025 121.69873 -1 0 0 0 0.8660254 0.5 0 0.5 -0.8660254 3035.dat
0 H00055 ELEMENT 6447571 MODULE main-roof
1 308 160 -749.66025 121.69873 -1 0 0 0 0.8660254 0.5 0 0.5 -0.8660254 3035.dat
0 H00056 ELEMENT 4211214 MODULE main-roof
1 70 300 -719.66025 69.737206 -1 0 0 0 0.8660254 0.5 0 0.5 -0.8660254 3832.dat
0 H00057 ELEMENT 4518687 MODULE main-roof
1 308 140 -719.66025 69.737206 -1 0 0 0 0.8660254 0.5 0 0.5 -0.8660254 3795.dat
0 H00058 ELEMENT 6447565 MODULE main-roof
1 308 320 -771.58846 143.67949 -1 0 0 0 0.8660254 0.5 0 0.5 -0.8660254 4162.dat
0 H00059 ELEMENT 6447565 MODULE main-roof
1 308 160 -771.58846 143.67949 -1 0 0 0 0.8660254 0.5 0 0.5 -0.8660254 4162.dat
0 H00060 ELEMENT 6447565 MODULE main-roof
1 308 320 -761.58846 126.35898 -1 0 0 0 0.8660254 0.5 0 0.5 -0.8660254 4162.dat
0 H00061 ELEMENT 6447565 MODULE main-roof
1 308 160 -761.58846 126.35898 -1 0 0 0 0.8660254 0.5 0 0.5 -0.8660254 4162.dat
0 H00062 ELEMENT 6447565 MODULE main-roof
1 308 320 -751.58846 109.03848 -1 0 0 0 0.8660254 0.5 0 0.5 -0.8660254 4162.dat
0 H00063 ELEMENT 6447565 MODULE main-roof
1 308 160 -751.58846 109.03848 -1 0 0 0 0.8660254 0.5 0 0.5 -0.8660254 4162.dat
0 H00064 ELEMENT 6447565 MODULE main-roof
1 308 320 -741.58846 91.717968 -1 0 0 0 0.8660254 0.5 0 0.5 -0.8660254 4162.dat
0 H00065 ELEMENT 6447565 MODULE main-roof
1 308 160 -741.58846 91.717968 -1 0 0 0 0.8660254 0.5 0 0.5 -0.8660254 4162.dat
0 H00066 ELEMENT 6447565 MODULE main-roof
1 308 320 -731.58846 74.39746 -1 0 0 0 0.8660254 0.5 0 0.5 -0.8660254 4162.dat
0 H00067 ELEMENT 6447565 MODULE main-roof
1 308 160 -731.58846 74.39746 -1 0 0 0 0.8660254 0.5 0 0.5 -0.8660254 4162.dat
0 H00068 ELEMENT 6447565 MODULE main-roof
1 308 320 -721.58846 57.076952 -1 0 0 0 0.8660254 0.5 0 0.5 -0.8660254 4162.dat
0 H00069 ELEMENT 6447565 MODULE main-roof
1 308 160 -721.58846 57.076952 -1 0 0 0 0.8660254 0.5 0 0.5 -0.8660254 4162.dat
0 H00070 ELEMENT 6310268 MODULE main-roof
1 0 180 -757.73205 248.32051 1 0 0 0 0.8660254 0.5 0 -0.5 0.8660254 60470b.dat
0 H00071 ELEMENT 6310268 MODULE main-roof
1 0 340 -757.73205 248.32051 1 0 0 0 0.8660254 0.5 0 -0.5 0.8660254 60470b.dat
0 H00072 ELEMENT 302026 MODULE main-roof
1 0 120 -732.73205 291.62178 0 0 1 -0.5 0.8660254 0 -0.8660254 -0.5 0 3020.dat
0 H00074 ELEMENT 302026 MODULE main-roof
1 0 240 -732.73205 291.62178 0 0 1 -0.5 0.8660254 0 -0.8660254 -0.5 0 3020.dat
0 H00076 ELEMENT 302026 MODULE main-roof
1 0 360 -732.73205 291.62178 0 0 1 -0.5 0.8660254 0 -0.8660254 -0.5 0 3020.dat
0 H00073 ELEMENT 302326 MODULE main-roof
1 0 120 -707.73205 334.92305 1 0 0 0 0.8660254 0.5 0 -0.5 0.8660254 3023b.dat
0 H00075 ELEMENT 302326 MODULE main-roof
1 0 240 -707.73205 334.92305 1 0 0 0 0.8660254 0.5 0 -0.5 0.8660254 3023b.dat
0 H00077 ELEMENT 302326 MODULE main-roof
1 0 360 -707.73205 334.92305 1 0 0 0 0.8660254 0.5 0 -0.5 0.8660254 3023b.dat
0 H00078 ELEMENT 6447571 MODULE main-roof
1 308 160 -749.66025 278.30127 1 0 0 0 0.8660254 0.5 0 -0.5 0.8660254 3035.dat
0 H00079 ELEMENT 6447571 MODULE main-roof
1 308 320 -749.66025 278.30127 1 0 0 0 0.8660254 0.5 0 -0.5 0.8660254 3035.dat
0 H00080 ELEMENT 4211214 MODULE main-roof
1 70 180 -719.66025 330.26279 1 0 0 0 0.8660254 0.5 0 -0.5 0.8660254 3832.dat
0 H00081 ELEMENT 4211247 MODULE main-roof
1 70 340 -719.66025 330.26279 1 0 0 0 0.8660254 0.5 0 -0.5 0.8660254 3795.dat
0 H00082 ELEMENT 6447565 MODULE main-roof
1 308 160 -771.58846 256.32051 1 0 0 0 0.8660254 0.5 0 -0.5 0.8660254 4162.dat
0 H00083 ELEMENT 6447565 MODULE main-roof
1 308 320 -771.58846 256.32051 1 0 0 0 0.8660254 0.5 0 -0.5 0.8660254 4162.dat
0 H00084 ELEMENT 6447565 MODULE main-roof
1 308 160 -761.58846 273.64102 1 0 0 0 0.8660254 0.5 0 -0.5 0.8660254 4162.dat
0 H00085 ELEMENT 6447565 MODULE main-roof
1 308 320 -761.58846 273.64102 1 0 0 0 0.8660254 0.5 0 -0.5 0.8660254 4162.dat
0 H00086 ELEMENT 6447565 MODULE main-roof
1 308 160 -751.58846 290.96152 1 0 0 0 0.8660254 0.5 0 -0.5 0.8660254 4162.dat
0 H00087 ELEMENT 6447565 MODULE main-roof
1 308 320 -751.58846 290.96152 1 0 0 0 0.8660254 0.5 0 -0.5 0.8660254 4162.dat
0 H00088 ELEMENT 4585337 MODULE main-roof
1 70 160 -741.58846 308.28203 1 0 0 0 0.8660254 0.5 0 -0.5 0.8660254 4162.dat
0 H00089 ELEMENT 4585337 MODULE main-roof
1 70 320 -741.58846 308.28203 1 0 0 0 0.8660254 0.5 0 -0.5 0.8660254 4162.dat
0 H00090 ELEMENT 4585337 MODULE main-roof
1 70 160 -731.58846 325.60254 1 0 0 0 0.8660254 0.5 0 -0.5 0.8660254 4162.dat
0 H00091 ELEMENT 4585337 MODULE main-roof
1 70 320 -731.58846 325.60254 1 0 0 0 0.8660254 0.5 0 -0.5 0.8660254 4162.dat
0 H00092 ELEMENT 4585337 MODULE main-roof
1 70 160 -721.58846 342.92305 1 0 0 0 0.8660254 0.5 0 -0.5 0.8660254 4162.dat
0 H00093 ELEMENT 4585337 MODULE main-roof
1 70 320 -721.58846 342.92305 1 0 0 0 0.8660254 0.5 0 -0.5 0.8660254 4162.dat
0 STEP
0 Stage 50: Flowering planters
0 H02183 ELEMENT 6229130 MODULE planting
1 2 510 -200 350 1 0 0 0 1 0 -0 0 1 32607.dat
0 H02185 ELEMENT 6400754 MODULE planting
1 288 530 -200 370 -1 0 0 0 1 0 -0 0 -1 32607.dat
0 H02177 ELEMENT 6229130 MODULE planting
1 2 110 -200 410 1 0 0 0 1 0 -0 0 1 32607.dat
0 H02180 ELEMENT 6229130 MODULE planting
1 2 230 -200 410 1 0 0 0 1 0 -0 0 1 32607.dat
0 H02179 ELEMENT 6400754 MODULE planting
1 288 130 -200 430 -1 0 0 0 1 0 -0 0 -1 32607.dat
0 H02182 ELEMENT 6400754 MODULE planting
1 288 250 -200 430 -1 0 0 0 1 0 -0 0 -1 32607.dat
0 H01328 ELEMENT 6182261 MODULE planting
1 10 790 -200 470 1 0 0 0 1 0 -0 0 1 32607.dat
0 H01324 ELEMENT 6229130 MODULE planting
1 2 850 -200 470 1 0 0 0 1 0 -0 0 1 32607.dat
0 H01320 ELEMENT 6229130 MODULE planting
1 2 70 -200 490 1 0 0 0 1 0 -0 0 1 32607.dat
0 H01330 ELEMENT 6182261 MODULE planting
1 10 790 -200 510 1 0 0 0 1 0 -0 0 1 32607.dat
0 H01326 ELEMENT 6229130 MODULE planting
1 2 850 -200 510 1 0 0 0 1 0 -0 0 1 32607.dat
0 H01322 ELEMENT 6229130 MODULE planting
1 2 70 -200 530 1 0 0 0 1 0 -0 0 1 32607.dat
0 H02186 ELEMENT 6229130 MODULE planting
1 2 790 -200 550 1 0 0 0 1 0 -0 0 1 32607.dat
0 H02188 ELEMENT 6400754 MODULE planting
1 288 810 -200 570 -1 0 0 0 1 0 -0 0 -1 32607.dat
0 H02184 ELEMENT 6212501 MODULE planting
1 29 510 -208 350 1 0 0 0 1 0 -0 0 1 24866.dat
0 H02178 ELEMENT 6212501 MODULE planting
1 29 110 -208 410 1 0 0 0 1 0 -0 0 1 24866.dat
0 H02181 ELEMENT 6212501 MODULE planting
1 29 230 -208 410 1 0 0 0 1 0 -0 0 1 24866.dat
0 H01329 ELEMENT 6206149 MODULE planting
1 15 790 -208 470 1 0 0 0 1 0 -0 0 1 24866.dat
0 H01325 ELEMENT 6212501 MODULE planting
1 29 850 -208 470 1 0 0 0 1 0 -0 0 1 24866.dat
0 H01321 ELEMENT 6212501 MODULE planting
1 29 70 -208 490 1 0 0 0 1 0 -0 0 1 24866.dat
0 H01331 ELEMENT 6206149 MODULE planting
1 15 790 -208 510 1 0 0 0 1 0 -0 0 1 24866.dat
0 H01327 ELEMENT 6212501 MODULE planting
1 29 850 -208 510 1 0 0 0 1 0 -0 0 1 24866.dat
0 H01323 ELEMENT 6212501 MODULE planting
1 29 70 -208 530 1 0 0 0 1 0 -0 0 1 24866.dat
0 H02187 ELEMENT 6212501 MODULE planting
1 29 790 -208 550 1 0 0 0 1 0 -0 0 1 24866.dat
