part_number,color,part_name
4570877,Dark Orange,PLATE 1X2
4211398,Medium Stone Grey,PLATE 1X2
6514001,Transparent,PLATE 1X2
6058221,Dark Brown,PLATE 1X2
6362254,Light Royal Blue,PLATE 1X2
302326,Black,PLATE 1X2
6369188,Light Nougat,PLATE 1X2
4211063,Dark Stone Grey,PLATE 1X2
302301,White,PLATE 1X2
4655080,Sand Green,PLATE 1X2
302321,Bright Red,PLATE 1X2
6057387,Bright Purple,PLATE 1X2
4113917,Brick Yellow,PLATE 1X2
302323,Bright Blue,PLATE 1X2
4539097,New Dark Red,PLATE 1X2
302328,Dark Green,PLATE 1X2
4528981,Earth Blue,PLATE 1X2
302324,Bright Yellow,PLATE 1X2
4528604,Sand Yellow,PLATE 1X2
4211150,Reddish Brown,PLATE 1X2
6424046,Spring Yellowish Green,PLATE 1X2
4654128,Light Purple,PLATE 1X2
6240222,Not Found,PLATE 1X2
6013102,Earth Green,PLATE 1X2
6514007,Tr. Light Blue,PLATE 1X2
4164037,Bright Yellowish Green,PLATE 1X2
6213777,Bright Bluish Green,PLATE 1X2
6218360,Medium Nougat,PLATE 1X2
6343326,Bright Green,PLATE 1X2
6028736,Flame Yellowish Orange,PLATE 1X2
6097419,Medium Azur,PLATE 1X2
6146701,Aqua,PLATE 1X2
6099190,Lavender,PLATE 1X2
4653988,Dark Azur,PLATE 1X2
6240204,Not Found,PLATE 1X2
6514011,Tr. Bright Green,PLATE 1X2
6514003,Tr. Red,PLATE 1X2
6514005,Tr. Bright Orange,PLATE 1X2
6514008,Tr.medium Reddish Violet,PLATE 1X2
6201647,Cool Yellow,PLATE 1X2
6605532,Blue Violet,PLATE 1X2
6240215,Not Found,PLATE 1X2
6514004,Tr. Blue,PLATE 1X2
4179825,Not Found,PLATE 1X2
6258094,Vibrant Coral,PLATE 1X2
4177932,Bright Orange,PLATE 1X2
6382324,Vibrant Yellow,PLATE 1X2
4619512,Medium Lavender,PLATE 1X2
6240211,Not Found,PLATE 1X2
6240217,Not Found,PLATE 1X2
4655695,Medium Lilac,PLATE 1X2
6466720,Reddish Orange,PLATE 1X2
6514002,Tr. Yellow,PLATE 1X2
6514009,Tr.bright Bluish Violet,PLATE 1X2
6218047,Not Found,PLATE 1X2
6103415,Bright Reddish Violet,PLATE 1X2
6331687,White Glow,PLATE 1X2
6240212,Not Found,PLATE 1X2
6240224,Not Found,PLATE 1X2
6198156,Sand Blue,PLATE 1X2
4535928,Dark Orange,PLATE 2X4
4114309,Brick Yellow,PLATE 2X4
4537936,Bright Yellowish Green,PLATE 2X4
4211186,Reddish Brown,PLATE 2X4
6132418,Light Royal Blue,PLATE 2X4
302021,Bright Red,PLATE 2X4
6249817,Sand Green,PLATE 2X4
302001,White,PLATE 2X4
6305455,Vibrant Coral,PLATE 2X4
4655256,Medium Azur,PLATE 2X4
302026,Black,PLATE 2X4
6097511,Flame Yellowish Orange,PLATE 2X4
4211395,Medium Stone Grey,PLATE 2X4
4667595,Earth Blue,PLATE 2X4
6572930,Spring Yellowish Green,PLATE 2X4
302028,Dark Green,PLATE 2X4
4267874,Sand Yellow,PLATE 2X4
4586057,Earth Green,PLATE 2X4
6226792,Dark Brown,PLATE 2X4
4211065,Dark Stone Grey,PLATE 2X4
6056263,Bright Purple,PLATE 2X4
4539071,New Dark Red,PLATE 2X4
302024,Bright Yellow,PLATE 2X4
302023,Bright Blue,PLATE 2X4
4158355,Bright Orange,PLATE 2X4
6138662,Aqua,PLATE 2X4
6204535,Light Purple,PLATE 2X4
6546189,Tr. Bright Orange,PLATE 2X4
6030277,Medium Lilac,PLATE 2X4
6093494,Medium Nougat,PLATE 2X4
6099355,Lavender,PLATE 2X4
6210675,Dark Azur,PLATE 2X4
6338181,Bright Bluish Green,PLATE 2X4
4619516,Medium Lavender,PLATE 2X4
6388037,Vibrant Yellow,PLATE 2X4
6141590,Bright Green,PLATE 2X4
6037658,Bright Reddish Violet,PLATE 2X4
6296524,Cool Yellow,PLATE 2X4
4614158,Dark Orange,FLAT TILE 1X2
4496699,Sand Yellow,FLAT TILE 1X2
6097861,Light Royal Blue,FLAT TILE 1X2
306921,Bright Red,FLAT TILE 1X2
4211414,Medium Stone Grey,FLAT TILE 1X2
4616578,Sand Green,FLAT TILE 1X2
4211052,Dark Stone Grey,FLAT TILE 1X2
4622062,Flame Yellowish Orange,FLAT TILE 1X2
4649741,Medium Azur,FLAT TILE 1X2
4528488,Earth Blue,FLAT TILE 1X2
4539090,New Dark Red,FLAT TILE 1X2
306923,Bright Blue,FLAT TILE 1X2
306901,White,FLAT TILE 1X2
4114026,Brick Yellow,FLAT TILE 1X2
4211151,Reddish Brown,FLAT TILE 1X2
6566886,Spring Yellowish Green,FLAT TILE 1X2
6251295,Not Found,FLAT TILE 1X2
6514224,Tr. Light Blue,FLAT TILE 1X2
306928,Dark Green,FLAT TILE 1X2
306926,Black,FLAT TILE 1X2
4613192,Medium Lilac,FLAT TILE 1X2
6021997,Medium Nougat,FLAT TILE 1X2
6056381,Bright Purple,FLAT TILE 1X2
6213779,Bright Bluish Green,FLAT TILE 1X2
6133247,Aqua,FLAT TILE 1X2
306924,Bright Yellow,FLAT TILE 1X2
4580010,Light Purple,FLAT TILE 1X2
6514223,Transparent,FLAT TILE 1X2
6345796,Lavender,FLAT TILE 1X2
6061201,Cool Yellow,FLAT TILE 1X2
6258566,Vibrant Coral,FLAT TILE 1X2
4168345,Medium Blue,FLAT TILE 1X2
4500125,Bright Yellowish Green,FLAT TILE 1X2
6152645,Medium Lavender,FLAT TILE 1X2
6514220,Tr. Red,FLAT TILE 1X2
4188771,Bright Orange,FLAT TILE 1X2
4566688,Dark Brown,FLAT TILE 1X2
6151659,Dark Azur,FLAT TILE 1X2
6195258,Bright Green,FLAT TILE 1X2
6251294,Not Found,FLAT TILE 1X2
6392235,Vibrant Yellow,FLAT TILE 1X2
6469086,Reddish Orange,FLAT TILE 1X2
4611415,Bright Reddish Violet,FLAT TILE 1X2
6514226,Tr.bright Bluish Violet,FLAT TILE 1X2
6142505,Sand Blue,FLAT TILE 1X2
6326011,Earth Green,FLAT TILE 1X2
6330199,Light Nougat,FLAT TILE 1X2
6514219,Tr. Blue,FLAT TILE 1X2
6251289,Not Found,FLAT TILE 1X2
6251291,Not Found,FLAT TILE 1X2
6251290,Not Found,FLAT TILE 1X2
6514225,Not Found,FLAT TILE 1X2
6514221,Tr. Yellow,FLAT TILE 1X2
4211001,Dark Stone Grey,PLATE 1X4
6248756,Cool Yellow,PLATE 1X4
6361988,Light Royal Blue,PLATE 1X4
371024,Bright Yellow,PLATE 1X4
371001,White,PLATE 1X4
371026,Black,PLATE 1X4
6440965,Light Nougat,PLATE 1X4
371021,Bright Red,PLATE 1X4
4211190,Reddish Brown,PLATE 1X4
371023,Bright Blue,PLATE 1X4
6252667,Dark Brown,PLATE 1X4
6100234,Sand Green,PLATE 1X4
4211445,Medium Stone Grey,PLATE 1X4
4502089,Earth Blue,PLATE 1X4
6567020,Not Found,PLATE 1X4
6133728,Dark Azur,PLATE 1X4
4113233,Brick Yellow,PLATE 1X4
6186030,Olive Green,PLATE 1X4
4626904,Sand Yellow,PLATE 1X4
371028,Dark Green,PLATE 1X4
6167700,Medium Nougat,PLATE 1X4
6141592,Aqua,PLATE 1X4
6395814,Bright Green,PLATE 1X4
6002148,Light Purple,PLATE 1X4
6167464,Medium Lilac,PLATE 1X4
6350418,Bright Bluish Green,PLATE 1X4
6258095,Vibrant Coral,PLATE 1X4
4187743,Bright Yellowish Green,PLATE 1X4
6070757,Medium Azur,PLATE 1X4
4118782,Bright Orange,PLATE 1X4
4619524,Medium Lavender,PLATE 1X4
6380691,Vibrant Yellow,PLATE 1X4
6020073,Flame Yellowish Orange,PLATE 1X4
6074892,Dark Orange,PLATE 1X4
6469089,Reddish Orange,PLATE 1X4
6161222,Bright Purple,PLATE 1X4
6020923,Earth Green,PLATE 1X4
4539061,New Dark Red,PLATE 1X4
302224,Bright Yellow,PLATE 2X2
302228,Dark Green,PLATE 2X2
302221,Bright Red,PLATE 2X2
4537937,Bright Yellowish Green,PLATE 2X2
6316265,Cool Yellow,PLATE 2X2
6099373,Light Royal Blue,PLATE 2X2
302201,White,PLATE 2X2
6186823,Sand Green,PLATE 2X2
4114084,Brick Yellow,PLATE 2X2
302226,Black,PLATE 2X2
4211397,Medium Stone Grey,PLATE 2X2
4216695,Reddish Brown,PLATE 2X2
4625032,Medium Azur,PLATE 2X2
4585479,New Dark Red,PLATE 2X2
6037890,Earth Blue,PLATE 2X2
6096589,Light Purple,PLATE 2X2
4211094,Dark Stone Grey,PLATE 2X2
6047415,Sand Yellow,PLATE 2X2
6357612,Bright Green,PLATE 2X2
6347982,Warm Gold,PLATE 2X2
6206809,Dark Azur,PLATE 2X2
4159007,Bright Orange,PLATE 2X2
6056383,Medium Nougat,PLATE 2X2
4653540,Medium Blue,PLATE 2X2
6249390,Bright Bluish Green,PLATE 2X2
6003033,Flame Yellowish Orange,PLATE 2X2
6047422,Medium Lilac,PLATE 2X2
6494115,Dark Brown,PLATE 2X2
302223,Bright Blue,PLATE 2X2
4615606,Dark Orange,PLATE 2X2
6485862,Medium Lavender,PLATE 2X2
6062089,Sand Blue,PLATE 2X2
6397157,Earth Green,"FLAT TILE 1X1, ROUND"
6514202,Earth Green,"FLAT TILE 1X1, ROUND"
6284586,Reddish Brown,"FLAT TILE 1X1, ROUND"
6284587,Light Purple,"FLAT TILE 1X1, ROUND"
6284577,Bright Yellow,"FLAT TILE 1X1, ROUND"
6322819,Medium Azur,"FLAT TILE 1X1, ROUND"
6284070,Black,"FLAT TILE 1X1, ROUND"
6311436,Vibrant Coral,"FLAT TILE 1X1, ROUND"
6284582,Bright Orange,"FLAT TILE 1X1, ROUND"
6514191,Transparent,"FLAT TILE 1X1, ROUND"
6284071,Medium Stone Grey,"FLAT TILE 1X1, ROUND"
6284574,Bright Red,"FLAT TILE 1X1, ROUND"
6284595,Olive Green,"FLAT TILE 1X1, ROUND"
6284573,Brick Yellow,"FLAT TILE 1X1, ROUND"
6284572,White,"FLAT TILE 1X1, ROUND"
6284589,Medium Nougat,"FLAT TILE 1X1, ROUND"
6514192,Tr. Light Blue,"FLAT TILE 1X1, ROUND"
6274747,Not Found,"FLAT TILE 1X1, ROUND"
6514196,Tr.medium Reddish Violet,"FLAT TILE 1X1, ROUND"
6258607,Tr. Red,"FLAT TILE 1X1, ROUND"
6274745,Not Found,"FLAT TILE 1X1, ROUND"
6273627,Not Found,"FLAT TILE 1X1, ROUND"
6514194,Tr. Green,"FLAT TILE 1X1, ROUND"
6514197,Tr. Bright Orange,"FLAT TILE 1X1, ROUND"
6274742,Tr. Green,"FLAT TILE 1X1, ROUND"
6514190,Tr. Blue,"FLAT TILE 1X1, ROUND"
6514189,Tr. Red,"FLAT TILE 1X1, ROUND"
6311437,Bright Bluish Green,"FLAT TILE 1X1, ROUND"
6322841,Sand Yellow,"FLAT TILE 1X1, ROUND"
6284598,Spring Yellowish Green,"FLAT TILE 1X1, ROUND"
6284583,Bright Yellowish Green,"FLAT TILE 1X1, ROUND"
6353793,Bright Green,"FLAT TILE 1X1, ROUND"
6322818,Aqua,"FLAT TILE 1X1, ROUND"
6376825,Vibrant Yellow,"FLAT TILE 1X1, ROUND"
6322820,Lavender,"FLAT TILE 1X1, ROUND"
6322822,Flame Yellowish Orange,"FLAT TILE 1X1, ROUND"
6343806,Cool Yellow,"FLAT TILE 1X1, ROUND"
6274738,Transparent,"FLAT TILE 1X1, ROUND"
6274739,Tr. Light Blue,"FLAT TILE 1X1, ROUND"
6284596,Dark Stone Grey,"FLAT TILE 1X1, ROUND"
6514193,Tr. Yellow,"FLAT TILE 1X1, ROUND"
6274740,Tr. Yellow,"FLAT TILE 1X1, ROUND"
6322821,Bright Purple,"FLAT TILE 1X1, ROUND"
6322824,Dark Azur,"FLAT TILE 1X1, ROUND"
6325432,Not Found,"FLAT TILE 1X1, ROUND"
6514201,Tr.bright Bluish Violet,"FLAT TILE 1X1, ROUND"
6274748,Not Found,"FLAT TILE 1X1, ROUND"
6514198,Tr. Bright Green,"FLAT TILE 1X1, ROUND"
6514199,Tr. Light Blue W/ Opalescence,"FLAT TILE 1X1, ROUND"
6299900,Not Found,"FLAT TILE 1X1, ROUND"
6322813,Dark Brown,"FLAT TILE 1X1, ROUND"
6322840,Dark Orange,"FLAT TILE 1X1, ROUND"
6284575,Bright Blue,"FLAT TILE 1X1, ROUND"
6343472,Nougat,"FLAT TILE 1X1, ROUND"
6315196,Light Nougat,"FLAT TILE 1X1, ROUND"
6476247,Not Found,"FLAT TILE 1X1, ROUND"
4211056,Dark Stone Grey,PLATE 1X6
366601,White,PLATE 1X6
366628,Dark Green,PLATE 1X6
6099187,Sand Green,PLATE 1X6
6295464,Medium Nougat,PLATE 1X6
4221590,Reddish Brown,PLATE 1X6
4211438,Medium Stone Grey,PLATE 1X6
366624,Bright Yellow,PLATE 1X6
4539062,New Dark Red,PLATE 1X6
4508313,Earth Blue,PLATE 1X6
366621,Bright Red,PLATE 1X6
6020074,Flame Yellowish Orange,PLATE 1X6
4124067,Brick Yellow,PLATE 1X6
366623,Bright Blue,PLATE 1X6
4245566,Earth Green,PLATE 1X6
6015424,Sand Yellow,PLATE 1X6
366626,Black,PLATE 1X6
6223039,Dark Brown,PLATE 1X6
6278089,Not Found,PLATE 1X6
4173332,Bright Orange,PLATE 1X6
6097094,Bright Purple,PLATE 1X6
4529160,Bright Yellowish Green,PLATE 1X6
6291782,Bright Bluish Green,PLATE 1X6
6146702,Aqua,PLATE 1X6
6058222,Light Purple,PLATE 1X6
4655691,Medium Lilac,PLATE 1X6
6361985,Light Royal Blue,PLATE 1X6
4625036,Medium Azur,PLATE 1X6
6211356,Cool Yellow,PLATE 1X6
6204071,Lavender,PLATE 1X6
6151657,Dark Azur,PLATE 1X6
6422379,Not Found,PLATE 1X6
4649745,Medium Lavender,PLATE 1X6
6469087,Reddish Orange,PLATE 1X6
6253418,Dark Orange,PLATE 1X6
6525159,Vibrant Yellow,PLATE 1X6
4211149,Reddish Brown,BRICK 1X2
6022083,Cool Yellow,BRICK 1X2
6369189,Light Nougat,BRICK 1X2
4616581,Sand Green,BRICK 1X2
6258572,Vibrant Coral,BRICK 1X2
4164022,Bright Yellowish Green,BRICK 1X2
300401,White,BRICK 1X2
6382972,Vibrant Yellow,BRICK 1X2
300426,Black,BRICK 1X2
300421,Bright Red,BRICK 1X2
6092674,Medium Azur,BRICK 1X2
4211388,Medium Stone Grey,BRICK 1X2
6003003,Flame Yellowish Orange,BRICK 1X2
4621545,Bright Purple,BRICK 1X2
4109995,Brick Yellow,BRICK 1X2
300424,Bright Yellow,BRICK 1X2
4107736,Dark Green,BRICK 1X2
300423,Bright Blue,BRICK 1X2
4249891,Earth Blue,BRICK 1X2
4539102,New Dark Red,BRICK 1X2
6104578,Spring Yellowish Green,BRICK 1X2
4521914,Sand Yellow,BRICK 1X2
6004943,Dark Azur,BRICK 1X2
4579659,Dark Orange,BRICK 1X2
6022032,Aqua,BRICK 1X2
6217659,Bright Bluish Green,BRICK 1X2
4211088,Dark Stone Grey,BRICK 1X2
4569382,Medium Nougat,BRICK 1X2
6099352,Lavender,BRICK 1X2
4517993,Light Purple,BRICK 1X2
6100322,Light Royal Blue,BRICK 1X2
4121739,Bright Orange,BRICK 1X2
4623598,Medium Lavender,BRICK 1X2
6104154,Medium Lilac,BRICK 1X2
4245570,Earth Green,BRICK 1X2
4647553,Bright Green,BRICK 1X2
6583488,Warm Pink,BRICK 1X2
6510182,Transparent,FLAT TILE 1X4
6468267,Light Royal Blue,FLAT TILE 1X4
6289722,Cool Yellow,FLAT TILE 1X4
6192923,Sand Green,FLAT TILE 1X4
4550324,Brick Yellow,FLAT TILE 1X4
6424071,Light Nougat,FLAT TILE 1X4
243128,Dark Green,FLAT TILE 1X4
6072668,Flame Yellowish Orange,FLAT TILE 1X4
4624705,Medium Azur,FLAT TILE 1X4
4211356,Medium Stone Grey,FLAT TILE 1X4
4211053,Dark Stone Grey,FLAT TILE 1X4
243126,Black,FLAT TILE 1X4
243101,White,FLAT TILE 1X4
6175927,Sand Yellow,FLAT TILE 1X4
4539060,New Dark Red,FLAT TILE 1X4
6538511,Spring Yellowish Green,FLAT TILE 1X4
4621552,Light Purple,FLAT TILE 1X4
6252049,Not Found,FLAT TILE 1X4
6510178,Tr. Light Blue,FLAT TILE 1X4
4211194,Reddish Brown,FLAT TILE 1X4
6313874,Dark Brown,FLAT TILE 1X4
4164021,Bright Yellowish Green,FLAT TILE 1X4
6205089,Dark Azur,FLAT TILE 1X4
4160593,Bright Orange,FLAT TILE 1X4
6147732,Bright Purple,FLAT TILE 1X4
243124,Bright Yellow,FLAT TILE 1X4
243121,Bright Red,FLAT TILE 1X4
6252050,Tr. Blue,FLAT TILE 1X4
6103985,Earth Blue,FLAT TILE 1X4
6510179,Tr. Blue,FLAT TILE 1X4
6102537,Aqua,FLAT TILE 1X4
6102998,Medium Nougat,FLAT TILE 1X4
6195267,Bright Green,FLAT TILE 1X4
6292786,Bright Bluish Green,FLAT TILE 1X4
6258570,Vibrant Coral,FLAT TILE 1X4
6389817,Vibrant Yellow,FLAT TILE 1X4
6101169,Lavender,FLAT TILE 1X4
6467809,Reddish Orange,FLAT TILE 1X4
4543949,Earth Green,FLAT TILE 1X4
243123,Bright Blue,FLAT TILE 1X4
6390369,Not Found,FLAT TILE 1X4
6510187,Tr. Bright Orange,FLAT TILE 1X4
4210719,Dark Stone Grey,PLATE 1X1
6184484,Light Royal Blue,PLATE 1X1
6357797,Light Nougat,PLATE 1X1
4221744,Reddish Brown,PLATE 1X1
4211399,Medium Stone Grey,PLATE 1X1
6099189,Sand Green,PLATE 1X1
302401,White,PLATE 1X1
6513962,Transparent,PLATE 1X1
6258091,Vibrant Coral,PLATE 1X1
6058014,Cool Yellow,PLATE 1X1
6217797,Bright Purple,PLATE 1X1
4539114,New Dark Red,PLATE 1X1
302426,Black,PLATE 1X1
6513961,Tr. Bright Orange,PLATE 1X1
4184108,Earth Blue,PLATE 1X1
6566896,Spring Yellowish Green,PLATE 1X1
4159553,Brick Yellow,PLATE 1X1
6513964,Tr. Light Blue,PLATE 1X1
6252043,Not Found,PLATE 1X1
302421,Bright Red,PLATE 1X1
6231376,Medium Lilac,PLATE 1X1
4549436,Sand Yellow,PLATE 1X1
6194729,Dark Brown,PLATE 1X1
6401817,Bright Green,PLATE 1X1
6215606,Medium Nougat,PLATE 1X1
6073040,Not Found,PLATE 1X1
302424,Bright Yellow,PLATE 1X1
6213778,Bright Bluish Green,PLATE 1X1
4524929,Bright Orange,PLATE 1X1
6058016,Aqua,PLATE 1X1
6097493,Medium Azur,PLATE 1X1
6099363,Lavender,PLATE 1X1
6151664,Dark Azur,PLATE 1X1
302423,Bright Blue,PLATE 1X1
6031883,Light Purple,PLATE 1X1
6252041,Not Found,PLATE 1X1
6055169,Earth Green,PLATE 1X1
302428,Dark Green,PLATE 1X1
4621557,Bright Yellowish Green,PLATE 1X1
6252042,Not Found,PLATE 1X1
6513963,Tr. Red,PLATE 1X1
6252045,Not Found,PLATE 1X1
4619521,Medium Lavender,PLATE 1X1
6513966,Tr. Yellow,PLATE 1X1
6469084,Reddish Orange,PLATE 1X1
6069887,Warm Gold,PLATE 1X1
6186012,Dark Orange,PLATE 1X1
6096942,Bright Reddish Violet,PLATE 1X1
6252040,Not Found,PLATE 1X1
6252044,Not Found,PLATE 1X1
6465247,Not Found,PLATE 1X1
6175294,Cool Yellow,PLATE 2X6
4211452,Medium Stone Grey,PLATE 2X6
6313600,Medium Nougat,PLATE 2X6
4211247,Reddish Brown,PLATE 2X6
379524,Bright Yellow,PLATE 2X6
6399741,Bright Green,PLATE 2X6
379521,Bright Red,PLATE 2X6
379501,White,PLATE 2X6
379523,Bright Blue,PLATE 2X6
4211002,Dark Stone Grey,PLATE 2X6
379526,Black,PLATE 2X6
4625633,Light Purple,PLATE 2X6
6259794,Bright Bluish Green,PLATE 2X6
4113993,Brick Yellow,PLATE 2X6
4640891,Dark Azur,PLATE 2X6
4550329,Sand Yellow,PLATE 2X6
4121741,Bright Orange,PLATE 2X6
6219673,Dark Orange,PLATE 2X6
4618986,New Dark Red,PLATE 2X6
6132422,Light Royal Blue,PLATE 2X6
379528,Dark Green,PLATE 2X6
6334047,Lavender,PLATE 2X6
4625027,Medium Lavender,PLATE 2X6
6289701,Bright Purple,PLATE 2X6
6186656,Bright Reddish Violet,PLATE 2X6
6391549,Vibrant Yellow,PLATE 2X6
4621548,Bright Yellowish Green,PLATE 2X6
6097509,Flame Yellowish Orange,PLATE 2X6
4518687,Dark Brown,PLATE 2X6
6253283,Earth Green,PLATE 2X6
6146926,Medium Azur,PLATE 2X6
6097420,Earth Blue,PLATE 2X6
6194726,Sand Green,PLATE 2X6
4211225,Reddish Brown,BRICK 1X4
301026,Black,BRICK 1X4
6422918,Vibrant Coral,BRICK 1X4
4234716,Bright Yellowish Green,BRICK 1X4
301001,White,BRICK 1X4
6036238,Medium Azur,BRICK 1X4
6003004,Flame Yellowish Orange,BRICK 1X4
4211394,Medium Stone Grey,BRICK 1X4
4621542,Bright Purple,BRICK 1X4
4113916,Brick Yellow,BRICK 1X4
4211103,Dark Stone Grey,BRICK 1X4
4245571,Earth Green,BRICK 1X4
4264569,Earth Blue,BRICK 1X4
6001822,Sand Yellow,BRICK 1X4
4118827,Bright Orange,BRICK 1X4
301021,Bright Red,BRICK 1X4
301024,Bright Yellow,BRICK 1X4
6217660,Bright Bluish Green,BRICK 1X4
6218162,Aqua,BRICK 1X4
6223183,Medium Nougat,BRICK 1X4
6213272,Dark Azur,BRICK 1X4
4518890,Light Purple,BRICK 1X4
6287903,Light Royal Blue,BRICK 1X4
6097867,Lavender,BRICK 1X4
6036232,Cool Yellow,BRICK 1X4
4112838,Dark Green,BRICK 1X4
301023,Bright Blue,BRICK 1X4
6378419,Light Nougat,BRICK 1X4
6310856,Bright Green,BRICK 1X4
6223040,Dark Orange,BRICK 1X4
6107188,Medium Lavender,BRICK 1X4
6382110,Not Found,BRICK 1X4
6056373,Not Found,BRICK 1X4
6052777,New Dark Red,BRICK 1X4
6381736,Not Found,BRICK 1X4
6185995,Medium Lilac,BRICK 1X4
4211189,Reddish Brown,PLATE 2X3
302101,White,PLATE 2X3
4118790,Brick Yellow,PLATE 2X3
6357789,Not Found,PLATE 2X3
4211043,Dark Stone Grey,PLATE 2X3
6344844,Medium Lavender,PLATE 2X3
6264030,New Dark Red,PLATE 2X3
302126,Black,PLATE 2X3
4530028,Earth Blue,PLATE 2X3
6035540,Sand Yellow,PLATE 2X3
6359717,Dark Orange,PLATE 2X3
302121,Bright Red,PLATE 2X3
6249417,Bright Bluish Green,PLATE 2X3
4211396,Medium Stone Grey,PLATE 2X3
6334099,Medium Nougat,PLATE 2X3
6426724,Aqua,PLATE 2X3
6144149,Dark Azur,PLATE 2X3
6097503,Flame Yellowish Orange,PLATE 2X3
4125278,Bright Orange,PLATE 2X3
6013530,Bright Yellowish Green,PLATE 2X3
302128,Dark Green,PLATE 2X3
302124,Bright Yellow,PLATE 2X3
4619513,Medium Azur,PLATE 2X3
302123,Bright Blue,PLATE 2X3
4225142,Medium Lilac,PLATE 2X3
4650244,Earth Green,PLATE 2X3
6251297,Bright Reddish Violet,PLATE 2X3
6102999,Light Purple,PLATE 2X3
6361991,Light Royal Blue,PLATE 2X3
6184348,Sand Green,PLATE 2X3
6264062,Bright Yellowish Green,"PLATE 1X2, ROUNDED, NO. 1"
6303004,Sand Green,"PLATE 1X2, ROUNDED, NO. 1"
6210271,Dark Green,"PLATE 1X2, ROUNDED, NO. 1"
6210269,Bright Red,"PLATE 1X2, ROUNDED, NO. 1"
6296501,Cool Yellow,"PLATE 1X2, ROUNDED, NO. 1"
6210272,White,"PLATE 1X2, ROUNDED, NO. 1"
6210270,Black,"PLATE 1X2, ROUNDED, NO. 1"
6248944,Reddish Brown,"PLATE 1X2, ROUNDED, NO. 1"
6271374,Bright Purple,"PLATE 1X2, ROUNDED, NO. 1"
6231386,Sand Yellow,"PLATE 1X2, ROUNDED, NO. 1"
6221607,Dark Stone Grey,"PLATE 1X2, ROUNDED, NO. 1"
6248890,Medium Stone Grey,"PLATE 1X2, ROUNDED, NO. 1"
6517675,Medium Nougat,"PLATE 1X2, ROUNDED, NO. 1"
6212758,Brick Yellow,"PLATE 1X2, ROUNDED, NO. 1"
6369194,Dark Orange,"PLATE 1X2, ROUNDED, NO. 1"
6315482,Bright Blue,"PLATE 1X2, ROUNDED, NO. 1"
6248971,Bright Yellow,"PLATE 1X2, ROUNDED, NO. 1"
6236571,Earth Blue,"PLATE 1X2, ROUNDED, NO. 1"
6396673,Medium Azur,"PLATE 1X2, ROUNDED, NO. 1"
6587779,Lavender,"PLATE 1X2, ROUNDED, NO. 1"
6482693,Bright Bluish Green,"PLATE 1X2, ROUNDED, NO. 1"
6536987,Bright Green,"PLATE 1X2, ROUNDED, NO. 1"
6212040,New Dark Red,"PLATE 1X2, ROUNDED, NO. 1"
6210674,Cool Yellow,FLAT TILE 2X4
6164288,Sand Yellow,FLAT TILE 2X4
6016488,Olive Green,FLAT TILE 2X4
4560178,White,FLAT TILE 2X4
4569836,Earth Blue,FLAT TILE 2X4
4560184,Dark Stone Grey,FLAT TILE 2X4
4579690,Reddish Brown,FLAT TILE 2X4
4560183,Medium Stone Grey,FLAT TILE 2X4
4560182,Black,FLAT TILE 2X4
6106713,Light Purple,FLAT TILE 2X4
6212989,Bright Yellowish Green,FLAT TILE 2X4
6122047,Brick Yellow,FLAT TILE 2X4
4633693,Sand Green,FLAT TILE 2X4
6440430,Earth Green,FLAT TILE 2X4
6223065,Bright Bluish Green,FLAT TILE 2X4
4560180,Bright Blue,FLAT TILE 2X4
4560179,Bright Red,FLAT TILE 2X4
4648853,Bright Orange,FLAT TILE 2X4
6372257,Light Royal Blue,FLAT TILE 2X4
4560181,Bright Yellow,FLAT TILE 2X4
4651898,Bright Reddish Violet,FLAT TILE 2X4
6218359,Medium Nougat,FLAT TILE 2X4
6242256,Aqua,FLAT TILE 2X4
4566179,Dark Green,FLAT TILE 2X4
6097042,Medium Azur,FLAT TILE 2X4
6432185,Not Found,FLAT TILE 2X4
4621543,Flame Yellowish Orange,FLAT TILE 2X4
4651902,Medium Lavender,FLAT TILE 2X4
6282120,Bright Green,FLAT TILE 2X4
6186003,New Dark Red,FLAT TILE 2X4
6167472,Medium Lilac,FLAT TILE 2X4
6124349,Sand Blue,FLAT TILE 2X4
6480361,Light Nougat,FLAT TILE 2X2
306821,Bright Red,FLAT TILE 2X2
4507045,Sand Yellow,FLAT TILE 2X2
306801,White,FLAT TILE 2X2
6273853,Bright Bluish Green,FLAT TILE 2X2
306826,Black,FLAT TILE 2X2
6020147,Flame Yellowish Orange,FLAT TILE 2X2
4185177,Brick Yellow,FLAT TILE 2X2
4211413,Medium Stone Grey,FLAT TILE 2X2
4518611,Bright Yellowish Green,FLAT TILE 2X2
6133896,Sand Green,FLAT TILE 2X2
4211055,Dark Stone Grey,FLAT TILE 2X2
4271949,Reddish Brown,FLAT TILE 2X2
6205087,Dark Azur,FLAT TILE 2X2
6192270,Aqua,FLAT TILE 2X2
306824,Bright Yellow,FLAT TILE 2X2
4615728,Light Purple,FLAT TILE 2X2
6286832,Cool Yellow,FLAT TILE 2X2
4528357,Medium Blue,FLAT TILE 2X2
4528778,Earth Green,FLAT TILE 2X2
4107762,Dark Green,FLAT TILE 2X2
6060857,Medium Azur,FLAT TILE 2X2
6173813,Medium Lavender,FLAT TILE 2X2
6102990,Medium Nougat,FLAT TILE 2X2
4205004,Earth Blue,FLAT TILE 2X2
4542142,Bright Orange,FLAT TILE 2X2
6186423,Dark Orange,FLAT TILE 2X2
6294513,Bright Green,FLAT TILE 2X2
306823,Bright Blue,FLAT TILE 2X2
6162894,Light Royal Blue,FLAT TILE 2X2
6380131,Vibrant Yellow,FLAT TILE 2X2
6514207,Transparent,BRICK 1X1
4211242,Reddish Brown,BRICK 1X1
4211098,Dark Stone Grey,BRICK 1X1
6369191,Not Found,BRICK 1X1
4521948,Sand Green,BRICK 1X1
300501,White,BRICK 1X1
4220634,Bright Yellowish Green,BRICK 1X1
4619652,Medium Azur,BRICK 1X1
300521,Bright Red,BRICK 1X1
4492224,Bright Purple,BRICK 1X1
6061685,Flame Yellowish Orange,BRICK 1X1
4211389,Medium Stone Grey,BRICK 1X1
4113915,Brick Yellow,BRICK 1X1
4255413,Earth Blue,BRICK 1X1
300528,Dark Green,BRICK 1X1
6001824,Sand Yellow,BRICK 1X1
6226437,Dark Brown,BRICK 1X1
300526,Black,BRICK 1X1
6213776,Bright Bluish Green,BRICK 1X1
6057986,Medium Nougat,BRICK 1X1
6236576,Aqua,BRICK 1X1
300524,Bright Yellow,BRICK 1X1
4286050,Light Purple,BRICK 1X1
6285271,Light Royal Blue,BRICK 1X1
6514213,Tr. Yellow,BRICK 1X1
6220959,Not Found,BRICK 1X1
6254484,Dark Orange,BRICK 1X1
4173805,Bright Orange,BRICK 1X1
6022084,Cool Yellow,BRICK 1X1
6097053,Lavender,BRICK 1X1
6225538,Dark Azur,BRICK 1X1
6277483,Not Found,BRICK 1X1
6240551,Not Found,BRICK 1X1
6240550,Tr. Bright Orange,BRICK 1X1
6514209,Tr. Bright Orange,BRICK 1X1
300523,Bright Blue,BRICK 1X1
6240553,Tr.medium Reddish Violet,BRICK 1X1
6514211,Tr.medium Reddish Violet,BRICK 1X1
6253761,Not Found,BRICK 1X1
6514212,Not Found,BRICK 1X1
4521915,Earth Green,BRICK 1X1
6514210,Tr. Light Blue,BRICK 1X1
6422915,Vibrant Coral,BRICK 1X1
4651903,Medium Lavender,BRICK 1X1
6584821,Warm Pink,BRICK 1X1
6022035,Bright Reddish Violet,BRICK 1X1
6084028,Medium Lilac,BRICK 1X1
4541376,New Dark Red,BRICK 1X1
307001,White,FLAT TILE 1X1
6480394,Light Nougat,FLAT TILE 1X1
4558593,Dark Green,FLAT TILE 1X1
307021,Bright Red,FLAT TILE 1X1
4210848,Dark Stone Grey,FLAT TILE 1X1
307026,Black,FLAT TILE 1X1
6581817,Tr. Red,FLAT TILE 1X1
4125253,Brick Yellow,FLAT TILE 1X1
4631385,Earth Blue,FLAT TILE 1X1
4211288,Reddish Brown,FLAT TILE 1X1
4206330,Bright Blue,FLAT TILE 1X1
4211415,Medium Stone Grey,FLAT TILE 1X1
6055172,Sand Yellow,FLAT TILE 1X1
6223913,Not Found,FLAT TILE 1X1
6254256,Not Found,FLAT TILE 1X1
6099364,Bright Reddish Violet,FLAT TILE 1X1
6133726,Bright Purple,FLAT TILE 1X1
6177146,Medium Nougat,FLAT TILE 1X1
6055171,Earth Green,FLAT TILE 1X1
6514261,Tr. Light Blue,FLAT TILE 1X1
4550169,New Dark Red,FLAT TILE 1X1
4537251,Bright Yellowish Green,FLAT TILE 1X1
6475042,Reddish Orange,FLAT TILE 1X1
6581822,Transparent,FLAT TILE 1X1
4558595,Bright Orange,FLAT TILE 1X1
6167457,Medium Lilac,FLAT TILE 1X1
6213782,Bright Bluish Green,FLAT TILE 1X1
6275877,Cool Yellow,FLAT TILE 1X1
4655243,Medium Azur,FLAT TILE 1X1
6172375,Bright Green,FLAT TILE 1X1
6065504,Flame Yellowish Orange,FLAT TILE 1X1
307024,Bright Yellow,FLAT TILE 1X1
6151658,Dark Azur,FLAT TILE 1X1
6251846,Aqua,FLAT TILE 1X1
6581818,Tr. Green,FLAT TILE 1X1
6304896,Not Found,FLAT TILE 1X1
6275876,Vibrant Coral,FLAT TILE 1X1
6376232,Vibrant Yellow,FLAT TILE 1X1
6251940,Light Purple,FLAT TILE 1X1
6211403,Lavender,FLAT TILE 1X1
6254248,Tr. Red,FLAT TILE 1X1
6316569,Light Royal Blue,FLAT TILE 1X1
6138232,Sand Blue,FLAT TILE 1X1
6097301,Medium Lavender,FLAT TILE 1X1
6143431,Dark Orange,FLAT TILE 1X1
6584825,Warm Pink,FLAT TILE 1X1
6254254,Transparent,FLAT TILE 1X1
6104344,Dark Orange,PLATE W. BOW 2X2X2/3
6222189,Bright Purple,PLATE W. BOW 2X2X2/3
6047220,White,PLATE W. BOW 2X2X2/3
6107758,New Dark Red,PLATE W. BOW 2X2X2/3
6116786,Bright Blue,PLATE W. BOW 2X2X2/3
6116259,Dark Green,PLATE W. BOW 2X2X2/3
6138661,Bright Yellowish Green,PLATE W. BOW 2X2X2/3
6298471,Dark Azur,PLATE W. BOW 2X2X2/3
6046924,Brick Yellow,PLATE W. BOW 2X2X2/3
6102357,Medium Stone Grey,PLATE W. BOW 2X2X2/3
6105976,Bright Red,PLATE W. BOW 2X2X2/3
6079007,Bright Yellow,PLATE W. BOW 2X2X2/3
6071261,Dark Stone Grey,PLATE W. BOW 2X2X2/3
6312473,Medium Nougat,PLATE W. BOW 2X2X2/3
6210729,Aqua,PLATE W. BOW 2X2X2/3
6053077,Black,PLATE W. BOW 2X2X2/3
6112964,Lavender,PLATE W. BOW 2X2X2/3
6061569,Earth Blue,PLATE W. BOW 2X2X2/3
6067913,Not Found,PLATE W. BOW 2X2X2/3
6119126,Medium Azur,PLATE W. BOW 2X2X2/3
6139090,Medium Lavender,PLATE W. BOW 2X2X2/3
6223665,Bright Bluish Green,PLATE W. BOW 2X2X2/3
6138513,Bright Green,PLATE W. BOW 2X2X2/3
6099730,Flame Yellowish Orange,PLATE W. BOW 2X2X2/3
6372227,Light Royal Blue,PLATE W. BOW 2X2X2/3
6230082,Light Purple,PLATE W. BOW 2X2X2/3
6182217,Medium Lilac,PLATE W. BOW 2X2X2/3
6585179,Bright Reddish Violet,PLATE W. BOW 2X2X2/3
6380125,Vibrant Yellow,PLATE W. BOW 2X2X2/3
6146858,Reddish Brown,PLATE W. BOW 2X2X2/3
4211183,Reddish Brown,ROUND BRICK 1X1
6401707,Bright Green,ROUND BRICK 1X1
6514239,Transparent W/ Opalescence,ROUND BRICK 1X1
306226,Black,ROUND BRICK 1X1
306201,White,ROUND BRICK 1X1
306224,Bright Yellow,ROUND BRICK 1X1
6238674,Tr. Yellow,ROUND BRICK 1X1
4211412,Medium Stone Grey,ROUND BRICK 1X1
6514236,Tr. Yellow,ROUND BRICK 1X1
4212454,Bright Yellowish Green,ROUND BRICK 1X1
6514232,Transparent,ROUND BRICK 1X1
6215387,Light Royal Blue,ROUND BRICK 1X1
4117070,Brick Yellow,ROUND BRICK 1X1
6514234,Tr. Green,ROUND BRICK 1X1
6514238,Tr. Light Blue,ROUND BRICK 1X1
6238677,Not Found,ROUND BRICK 1X1
6022105,Dark Brown,ROUND BRICK 1X1
6172869,Bright Reddish Violet,ROUND BRICK 1X1
4620909,Medium Azur,ROUND BRICK 1X1
4177741,Earth Blue,ROUND BRICK 1X1
6223655,Not Found,ROUND BRICK 1X1
306223,Bright Blue,ROUND BRICK 1X1
4211090,Dark Stone Grey,ROUND BRICK 1X1
6209673,Lavender,ROUND BRICK 1X1
306221,Bright Red,ROUND BRICK 1X1
6060800,Warm Gold,ROUND BRICK 1X1
6335549,Aqua,ROUND BRICK 1X1
6325955,Bright Bluish Green,ROUND BRICK 1X1
6220715,Bright Orange,ROUND BRICK 1X1
6514240,Tr. Bright Violet W/ Opalescence,ROUND BRICK 1X1
6464814,Tr. Bright Violet W/ Opalescence,ROUND BRICK 1X1
6514235,Tr. Red,ROUND BRICK 1X1
6238673,Tr. Red,ROUND BRICK 1X1
6514241,Tr. Medium Violet W/ Opalescence,ROUND BRICK 1X1
6473803,Tr. Medium Violet W/ Opalescence,ROUND BRICK 1X1
306228,Dark Green,ROUND BRICK 1X1
6514233,Tr. Blue,ROUND BRICK 1X1
6074890,Dark Orange,ROUND BRICK 1X1
6070302,Bright Purple,ROUND BRICK 1X1
4539099,New Dark Red,ROUND BRICK 1X1
6584823,Warm Pink,ROUND BRICK 1X1
6546466,Light Nougat,ROUND BRICK 1X1
6238044,Tr. Blue,ROUND BRICK 1X1
6056291,Bright Yellowish Green,PLATE 2X2 W 1 KNOB
4565394,Reddish Brown,PLATE 2X2 W 1 KNOB
6126090,Medium Azur,PLATE 2X2 W 1 KNOB
6126075,Sand Yellow,PLATE 2X2 W 1 KNOB
4565387,Brick Yellow,PLATE 2X2 W 1 KNOB
6126046,White,PLATE 2X2 W 1 KNOB
6102994,Medium Nougat,PLATE 2X2 W 1 KNOB
6126082,Medium Stone Grey,PLATE 2X2 W 1 KNOB
6126083,Dark Stone Grey,PLATE 2X2 W 1 KNOB
6499361,Transparent,PLATE 2X2 W 1 KNOB
4613761,New Dark Red,PLATE 2X2 W 1 KNOB
6663108,Black,PLATE 2X2 W 1 KNOB
4565323,Black,PLATE 2X2 W 1 KNOB
6251842,Light Purple,PLATE 2X2 W 1 KNOB
6540465,Light Royal Blue,PLATE 2X2 W 1 KNOB
6290269,Bright Bluish Green,PLATE 2X2 W 1 KNOB
6126050,Bright Yellow,PLATE 2X2 W 1 KNOB
6029163,Dark Azur,PLATE 2X2 W 1 KNOB
6499141,Tr. Light Blue,PLATE 2X2 W 1 KNOB
6389692,Dark Green,PLATE 2X2 W 1 KNOB
6287638,Vibrant Coral,PLATE 2X2 W 1 KNOB
6389695,Bright Green,PLATE 2X2 W 1 KNOB
6186383,Warm Gold,PLATE 2X2 W 1 KNOB
6126049,Bright Blue,PLATE 2X2 W 1 KNOB
6446090,Not Found,PLATE 2X2 W 1 KNOB
6250075,Bright Reddish Violet,PLATE 2X2 W 1 KNOB
6177195,Medium Lavender,PLATE 2X2 W 1 KNOB
6375350,Cool Yellow,PLATE 2X2 W 1 KNOB
6193972,Flame Yellowish Orange,PLATE 2X2 W 1 KNOB
6057880,Sand Blue,PLATE 2X2 W 1 KNOB
6315197,Dark Orange,PLATE 2X2 W 1 KNOB
6126063,Bright Orange,PLATE 2X2 W 1 KNOB
6389696,Earth Blue,PLATE 2X2 W 1 KNOB
6134285,Bright Purple,PLATE 2X2 W 1 KNOB
6186827,Earth Green,PLATE 2X2 W 1 KNOB
6186826,Sand Green,PLATE 2X2 W 1 KNOB
6092591,Sand Yellow,"PLATE 1X2, W/ 1 KNOB"
6092572,Dark Stone Grey,"PLATE 1X2, W/ 1 KNOB"
6092594,Warm Gold,"PLATE 1X2, W/ 1 KNOB"
6329282,Light Nougat,"PLATE 1X2, W/ 1 KNOB"
6092583,Bright Yellow,"PLATE 1X2, W/ 1 KNOB"
6122504,Flame Yellowish Orange,"PLATE 1X2, W/ 1 KNOB"
6292154,Medium Nougat,"PLATE 1X2, W/ 1 KNOB"
6092590,Reddish Brown,"PLATE 1X2, W/ 1 KNOB"
6092565,Bright Red,"PLATE 1X2, W/ 1 KNOB"
6092585,Black,"PLATE 1X2, W/ 1 KNOB"
6051511,White,"PLATE 1X2, W/ 1 KNOB"
6404033,Dark Brown,"PLATE 1X2, W/ 1 KNOB"
6092602,Dark Orange,"PLATE 1X2, W/ 1 KNOB"
6092587,Brick Yellow,"PLATE 1X2, W/ 1 KNOB"
6184432,Sand Green,"PLATE 1X2, W/ 1 KNOB"
6314378,Bright Green,"PLATE 1X2, W/ 1 KNOB"
6092586,Dark Green,"PLATE 1X2, W/ 1 KNOB"
6092599,Bright Orange,"PLATE 1X2, W/ 1 KNOB"
6092592,Bright Yellowish Green,"PLATE 1X2, W/ 1 KNOB"
6092588,Earth Blue,"PLATE 1X2, W/ 1 KNOB"
6097303,Not Found,"PLATE 1X2, W/ 1 KNOB"
6092601,Medium Blue,"PLATE 1X2, W/ 1 KNOB"
6151671,Dark Azur,"PLATE 1X2, W/ 1 KNOB"
6210399,Bright Bluish Green,"PLATE 1X2, W/ 1 KNOB"
6331949,Medium Azur,"PLATE 1X2, W/ 1 KNOB"
6092582,Bright Blue,"PLATE 1X2, W/ 1 KNOB"
6217794,Bright Purple,"PLATE 1X2, W/ 1 KNOB"
6195266,Cool Yellow,"PLATE 1X2, W/ 1 KNOB"
6264994,Light Purple,"PLATE 1X2, W/ 1 KNOB"
6092604,Medium Lilac,"PLATE 1X2, W/ 1 KNOB"
6132424,Light Royal Blue,"PLATE 1X2, W/ 1 KNOB"
6389819,Vibrant Yellow,"PLATE 1X2, W/ 1 KNOB"
6092597,New Dark Red,"PLATE 1X2, W/ 1 KNOB"
362301,White,PLATE 1X3
4211152,Reddish Brown,PLATE 1X3
362326,Black,PLATE 1X3
6501239,Light Nougat,PLATE 1X3
4211133,Dark Stone Grey,PLATE 1X3
4121921,Brick Yellow,PLATE 1X3
6546186,Bright Bluish Green,PLATE 1X3
4107758,Dark Green,PLATE 1X3
362321,Bright Red,PLATE 1X3
6069257,Sand Green,PLATE 1X3
4177735,Earth Blue,PLATE 1X3
6132768,Sand Yellow,PLATE 1X3
4211429,Medium Stone Grey,PLATE 1X3
6147047,Bright Orange,PLATE 1X3
6518013,Dark Brown,PLATE 1X3
6462578,Bright Green,PLATE 1X3
362324,Bright Yellow,PLATE 1X3
6325961,Aqua,PLATE 1X3
6153538,Dark Azur,PLATE 1X3
4210210,Bright Yellowish Green,PLATE 1X3
6073042,Flame Yellowish Orange,PLATE 1X3
362323,Bright Blue,PLATE 1X3
6022048,Bright Reddish Violet,PLATE 1X3
6296492,Cool Yellow,PLATE 1X3
6035470,Medium Lilac,PLATE 1X3
6186007,Dark Orange,PLATE 1X3
6013975,Earth Green,PLATE 1X3
6544043,Medium Lavender,PLATE 1X3
6404150,Bright Purple,PLATE 1X3
6372138,Light Royal Blue,PLATE 1X3
6142245,Sand Blue,PLATE 1X3
6119107,Medium Azur,PLATE 1X3
6278088,Not Found,PLATE 1X3
6102995,Medium Nougat,FLAT TILE 1X6
663626,Black,FLAT TILE 1X6
4252437,Earth Blue,FLAT TILE 1X6
663601,White,FLAT TILE 1X6
4118785,Bright Blue,FLAT TILE 1X6
4211204,Reddish Brown,FLAT TILE 1X6
4210651,Dark Stone Grey,FLAT TILE 1X6
4211549,Medium Stone Grey,FLAT TILE 1X6
4157277,Brick Yellow,FLAT TILE 1X6
4507047,Sand Yellow,FLAT TILE 1X6
6295366,Dark Brown,FLAT TILE 1X6
6164336,Dark Azur,FLAT TILE 1X6
663624,Bright Yellow,FLAT TILE 1X6
4650690,Bright Orange,FLAT TILE 1X6
4649764,Bright Purple,FLAT TILE 1X6
6167465,Bright Yellowish Green,FLAT TILE 1X6
4113858,Bright Red,FLAT TILE 1X6
6185309,Medium Azur,FLAT TILE 1X6
6264986,Bright Bluish Green,FLAT TILE 1X6
6425367,Vibrant Coral,FLAT TILE 1X6
6381739,Vibrant Yellow,FLAT TILE 1X6
6403189,Not Found,FLAT TILE 1X6
6365966,Flame Yellowish Orange,FLAT TILE 1X6
6517909,Light Nougat,FLAT TILE 1X6
4650865,New Dark Red,FLAT TILE 1X6
6035336,Dark Green,FLAT TILE 1X6
6359696,Dark Orange,FLAT TILE 1X6
6587516,Warm Pink,FLAT TILE 1X6
6102821,Bright Reddish Violet,FLAT TILE 1X6
6262030,Sand Blue,FLAT TILE 1X6
6216880,Not Found,FLAT TILE 1X6
6448317,New Dark Red,PLATE 2X2 ROUND
4140562,Brick Yellow,PLATE 2X2 ROUND
6314224,Bright Yellowish Green,PLATE 2X2 ROUND
6138624,Bright Green,PLATE 2X2 ROUND
6223237,Sand Green,PLATE 2X2 ROUND
403224,Bright Yellow,PLATE 2X2 ROUND
4623298,Dark Brown,PLATE 2X2 ROUND
403223,Bright Blue,PLATE 2X2 ROUND
403221,Bright Red,PLATE 2X2 ROUND
403201,White,PLATE 2X2 ROUND
4211042,Dark Stone Grey,PLATE 2X2 ROUND
403226,Black,PLATE 2X2 ROUND
4211475,Medium Stone Grey,PLATE 2X2 ROUND
403228,Dark Green,PLATE 2X2 ROUND
6498749,Light Purple,PLATE 2X2 ROUND
4616027,Dark Orange,PLATE 2X2 ROUND
4211159,Reddish Brown,PLATE 2X2 ROUND
6385485,Flame Yellowish Orange,PLATE 2X2 ROUND
6109752,Medium Azur,PLATE 2X2 ROUND
6326495,Bright Purple,PLATE 2X2 ROUND
6030521,Bright Orange,PLATE 2X2 ROUND
6383134,Light Royal Blue,PLATE 2X2 ROUND
6167643,Medium Nougat,PLATE 2X2 ROUND
6226919,Dark Azur,PLATE 2X2 ROUND
6210400,Bright Bluish Green,PLATE 2X2 ROUND
6035029,Earth Green,PLATE 2X2 ROUND
6030534,Not Found,PLATE 2X2 ROUND
6384589,Light Nougat,PLATE 2X2 ROUND
4211211,Reddish Brown,PLATE 2X8
303426,Black,PLATE 2X8
303401,White,PLATE 2X8
6251299,Bright Reddish Violet,PLATE 2X8
6253666,Medium Azur,PLATE 2X8
4246957,Sand Yellow,PLATE 2X8
4210997,Dark Stone Grey,PLATE 2X8
303428,Dark Green,PLATE 2X8
4113988,Brick Yellow,PLATE 2X8
303424,Bright Yellow,PLATE 2X8
4211406,Medium Stone Grey,PLATE 2X8
303421,Bright Red,PLATE 2X8
303423,Bright Blue,PLATE 2X8
6252555,Light Purple,PLATE 2X8
6226644,Medium Nougat,PLATE 2X8
6399478,Bright Green,PLATE 2X8
6257063,Bright Bluish Green,PLATE 2X8
6216890,Dark Azur,PLATE 2X8
6133817,Flame Yellowish Orange,PLATE 2X8
6330087,Not Found,PLATE 2X8
6440107,Bright Yellowish Green,PLATE 2X8
6586073,Bright Orange,PLATE 2X8
6152321,New Dark Red,PLATE 2X8
6102360,Reddish Brown,PLATE ROUND W. 1 KNOB
6132767,Sand Yellow,PLATE ROUND W. 1 KNOB
6132541,Bright Red,PLATE ROUND W. 1 KNOB
6223598,Lavender,PLATE ROUND W. 1 KNOB
6183782,Medium Stone Grey,PLATE ROUND W. 1 KNOB
6223767,Bright Purple,PLATE ROUND W. 1 KNOB
6380676,Bright Green,PLATE ROUND W. 1 KNOB
6093053,White,PLATE ROUND W. 1 KNOB
6136419,Medium Azur,PLATE ROUND W. 1 KNOB
6299764,Bright Yellow,PLATE ROUND W. 1 KNOB
6195325,Black,PLATE ROUND W. 1 KNOB
6115080,Dark Stone Grey,PLATE ROUND W. 1 KNOB
6512536,Earth Green,PLATE ROUND W. 1 KNOB
6133933,Flame Yellowish Orange,PLATE ROUND W. 1 KNOB
6109909,Bright Orange,PLATE ROUND W. 1 KNOB
6393567,Aqua,PLATE ROUND W. 1 KNOB
6194417,Bright Blue,PLATE ROUND W. 1 KNOB
6593602,Blue Violet,PLATE ROUND W. 1 KNOB
6261501,Medium Lilac,PLATE ROUND W. 1 KNOB
6055225,Earth Green,PLATE W. BOW 1X2X2/3
6047276,Black,PLATE W. BOW 1X2X2/3
6356566,Medium Nougat,PLATE W. BOW 1X2X2/3
6196591,Sand Green,PLATE W. BOW 1X2X2/3
6069984,Reddish Brown,PLATE W. BOW 1X2X2/3
6034044,White,PLATE W. BOW 1X2X2/3
6047426,Dark Green,PLATE W. BOW 1X2X2/3
6031787,Olive Green,PLATE W. BOW 1X2X2/3
6099728,Flame Yellowish Orange,PLATE W. BOW 1X2X2/3
6046922,Brick Yellow,PLATE W. BOW 1X2X2/3
6029946,Bright Red,PLATE W. BOW 1X2X2/3
6028813,Medium Stone Grey,PLATE W. BOW 1X2X2/3
6029947,Bright Yellow,PLATE W. BOW 1X2X2/3
6357796,Light Nougat,PLATE W. BOW 1X2X2/3
6136331,Medium Lavender,PLATE W. BOW 1X2X2/3
6071246,Medium Azur,PLATE W. BOW 1X2X2/3
6029948,Dark Stone Grey,PLATE W. BOW 1X2X2/3
6070763,Bright Reddish Violet,PLATE W. BOW 1X2X2/3
6141593,Aqua,PLATE W. BOW 1X2X2/3
6137300,Dark Azur,PLATE W. BOW 1X2X2/3
6443844,Light Purple,PLATE W. BOW 1X2X2/3
6055065,Bright Blue,PLATE W. BOW 1X2X2/3
6069006,Bright Yellowish Green,PLATE W. BOW 1X2X2/3
6097647,Lavender,PLATE W. BOW 1X2X2/3
6094143,Earth Blue,PLATE W. BOW 1X2X2/3
6046943,Dark Brown,PLATE W. BOW 1X2X2/3
6147726,Cool Yellow,PLATE W. BOW 1X2X2/3
6258075,Vibrant Coral,PLATE W. BOW 1X2X2/3
6378287,Vibrant Yellow,PLATE W. BOW 1X2X2/3
6508249,Tr. Light Blue,PLATE W. BOW 1X2X2/3
6508250,Not Found,PLATE W. BOW 1X2X2/3
6249427,Bright Bluish Green,PLATE W. BOW 1X2X2/3
6132918,Bright Purple,PLATE W. BOW 1X2X2/3
6460836,Bright Green,PLATE W. BOW 1X2X2/3
6057390,Medium Lilac,PLATE W. BOW 1X2X2/3
6335524,Light Royal Blue,PLATE W. BOW 1X2X2/3
6443914,Spring Yellowish Green,PLATE W. BOW 1X2X2/3
6055069,Bright Orange,PLATE W. BOW 1X2X2/3
6179812,Sand Blue,PLATE W. BOW 1X2X2/3
6173168,New Dark Red,PLATE W. BOW 1X2X2/3
6508252,Tr. Red,PLATE W. BOW 1X2X2/3
6101254,Sand Yellow,PLATE W. BOW 1X2X2/3
6230582,Bright Purple,PL.ROUND 1X1 W. THROUGHG. HOLE
6190251,Bright Yellowish Green,PL.ROUND 1X1 W. THROUGHG. HOLE
6190252,Warm Gold,PL.ROUND 1X1 W. THROUGHG. HOLE
6168644,Bright Yellow,PL.ROUND 1X1 W. THROUGHG. HOLE
6300322,Sand Yellow,PL.ROUND 1X1 W. THROUGHG. HOLE
6338221,Dark Green,PL.ROUND 1X1 W. THROUGHG. HOLE
6215659,Reddish Brown,PL.ROUND 1X1 W. THROUGHG. HOLE
6231765,Dark Stone Grey,PL.ROUND 1X1 W. THROUGHG. HOLE
6168646,Black,PL.ROUND 1X1 W. THROUGHG. HOLE
6510164,Transparent,PL.ROUND 1X1 W. THROUGHG. HOLE
6517733,Not Found,PL.ROUND 1X1 W. THROUGHG. HOLE
6223427,Bright Red,PL.ROUND 1X1 W. THROUGHG. HOLE
6168642,White,PL.ROUND 1X1 W. THROUGHG. HOLE
6230571,Earth Green,PL.ROUND 1X1 W. THROUGHG. HOLE
6168645,New Dark Red,PL.ROUND 1X1 W. THROUGHG. HOLE
6256092,Spring Yellowish Green,PL.ROUND 1X1 W. THROUGHG. HOLE
6443061,Brick Yellow,PL.ROUND 1X1 W. THROUGHG. HOLE
6168647,Medium Stone Grey,PL.ROUND 1X1 W. THROUGHG. HOLE
6510162,Tr. Bright Orange,PL.ROUND 1X1 W. THROUGHG. HOLE
6283590,Tr. Light Blue,PL.ROUND 1X1 W. THROUGHG. HOLE
6510163,Tr. Light Blue,PL.ROUND 1X1 W. THROUGHG. HOLE
6174023,Tr. Bright Orange,PL.ROUND 1X1 W. THROUGHG. HOLE
6397820,Reddish Brown,BRICK 1X2 W. 2 KNOBS
6129807,Dark Green,BRICK 1X2 W. 2 KNOBS
6138173,Black,BRICK 1X2 W. 2 KNOBS
6058177,White,BRICK 1X2 W. 2 KNOBS
6024495,Brick Yellow,BRICK 1X2 W. 2 KNOBS
6189191,Bright Blue,BRICK 1X2 W. 2 KNOBS
6353192,Light Purple,BRICK 1X2 W. 2 KNOBS
6230233,Dark Stone Grey,BRICK 1X2 W. 2 KNOBS
6223454,Bright Orange,BRICK 1X2 W. 2 KNOBS
6310835,Sand Yellow,BRICK 1X2 W. 2 KNOBS
6411587,Medium Nougat,BRICK 1X2 W. 2 KNOBS
6015344,Medium Stone Grey,BRICK 1X2 W. 2 KNOBS
6119197,Bright Yellow,BRICK 1X2 W. 2 KNOBS
6019155,Bright Red,BRICK 1X2 W. 2 KNOBS
6348142,Medium Azur,BRICK 1X2 W. 2 KNOBS
6380132,Vibrant Yellow,BRICK 1X2 W. 2 KNOBS
6135606,Earth Blue,BRICK 1X2 W. 2 KNOBS
6208291,Bright Yellowish Green,BRICK 1X2 W. 2 KNOBS
6405002,Sand Blue,BRICK 1X2 W. 2 KNOBS
6361990,Light Royal Blue,BRICK 1X2 W. 2 KNOBS
6523387,Not Found,BRICK 1X2 W. 2 KNOBS
6372125,Light Royal Blue,PLATE 1X8
346001,White,PLATE 1X8
346026,Black,PLATE 1X8
6529726,Sand Green,PLATE 1X8
346021,Bright Red,PLATE 1X8
6250216,Earth Blue,PLATE 1X8
4210998,Dark Stone Grey,PLATE 1X8
4216945,Reddish Brown,PLATE 1X8
6156492,Sand Yellow,PLATE 1X8
4114324,Brick Yellow,PLATE 1X8
4519946,Dark Brown,PLATE 1X8
6347603,Medium Nougat,PLATE 1X8
6210229,Bright Orange,PLATE 1X8
6143789,Light Purple,PLATE 1X8
4211425,Medium Stone Grey,PLATE 1X8
6392872,Bright Yellowish Green,PLATE 1X8
6425366,Not Found,PLATE 1X8
346024,Bright Yellow,PLATE 1X8
6259921,Bright Bluish Green,PLATE 1X8
6210227,Dark Azur,PLATE 1X8
6074793,Medium Azur,PLATE 1X8
6192205,Flame Yellowish Orange,PLATE 1X8
6248761,Cool Yellow,PLATE 1X8
346028,Dark Green,PLATE 1X8
346023,Bright Blue,PLATE 1X8
6467485,Reddish Orange,PLATE 1X8
4547489,White,"ROOF TILE 1 X 2 X 2/3, ABS"
6210479,Sand Green,"ROOF TILE 1 X 2 X 2/3, ABS"
6035291,Reddish Brown,"ROOF TILE 1 X 2 X 2/3, ABS"
4568637,Medium Stone Grey,"ROOF TILE 1 X 2 X 2/3, ABS"
6083977,New Dark Red,"ROOF TILE 1 X 2 X 2/3, ABS"
4548180,Black,"ROOF TILE 1 X 2 X 2/3, ABS"
4651524,Bright Red,"ROOF TILE 1 X 2 X 2/3, ABS"
4567887,Dark Stone Grey,"ROOF TILE 1 X 2 X 2/3, ABS"
4624086,Brick Yellow,"ROOF TILE 1 X 2 X 2/3, ABS"
4550348,Bright Yellow,"ROOF TILE 1 X 2 X 2/3, ABS"
6097444,Medium Azur,"ROOF TILE 1 X 2 X 2/3, ABS"
6335182,Medium Lavender,"ROOF TILE 1 X 2 X 2/3, ABS"
6296510,Cool Yellow,"ROOF TILE 1 X 2 X 2/3, ABS"
6151663,Dark Azur,"ROOF TILE 1 X 2 X 2/3, ABS"
6550232,Light Royal Blue,"ROOF TILE 1 X 2 X 2/3, ABS"
6216905,Not Found,"ROOF TILE 1 X 2 X 2/3, ABS"
6483784,Reddish Orange,"ROOF TILE 1 X 2 X 2/3, ABS"
6138510,Bright Green,"ROOF TILE 1 X 2 X 2/3, ABS"
6218358,Medium Nougat,"ROOF TILE 1 X 2 X 2/3, ABS"
6228967,Bright Bluish Green,"ROOF TILE 1 X 2 X 2/3, ABS"
6068996,Bright Orange,"ROOF TILE 1 X 2 X 2/3, ABS"
6215168,Bright Reddish Violet,"ROOF TILE 1 X 2 X 2/3, ABS"
4616211,Aqua,"ROOF TILE 1 X 2 X 2/3, ABS"
6178247,Bright Purple,"ROOF TILE 1 X 2 X 2/3, ABS"
6024286,Flame Yellowish Orange,"ROOF TILE 1 X 2 X 2/3, ABS"
4649749,Light Purple,"ROOF TILE 1 X 2 X 2/3, ABS"
6168574,Earth Green,"ROOF TILE 1 X 2 X 2/3, ABS"
6188477,Dark Orange,"ROOF TILE 1 X 2 X 2/3, ABS"
6025026,Bright Yellowish Green,"ROOF TILE 1 X 2 X 2/3, ABS"
6000071,Dark Green,"ROOF TILE 1 X 2 X 2/3, ABS"
4651236,Bright Blue,"ROOF TILE 1 X 2 X 2/3, ABS"
6015449,Not Found,"ROOF TILE 1 X 2 X 2/3, ABS"
6263442,Bright Yellowish Green,RADIATOR GRILLE 1X2
4619636,Silver Metallic,RADIATOR GRILLE 1X2
241226,Black,RADIATOR GRILLE 1X2
4124456,Brick Yellow,RADIATOR GRILLE 1X2
4224243,Reddish Brown,RADIATOR GRILLE 1X2
241201,White,RADIATOR GRILLE 1X2
4211350,Medium Stone Grey,RADIATOR GRILLE 1X2
241224,Bright Yellow,RADIATOR GRILLE 1X2
4210631,Dark Stone Grey,RADIATOR GRILLE 1X2
6152109,Dark Azur,RADIATOR GRILLE 1X2
6022579,Earth Blue,RADIATOR GRILLE 1X2
4125254,Bright Orange,RADIATOR GRILLE 1X2
241223,Bright Blue,RADIATOR GRILLE 1X2
6228922,Dark Orange,RADIATOR GRILLE 1X2
6452541,Medium Nougat,RADIATOR GRILLE 1X2
241221,Bright Red,RADIATOR GRILLE 1X2
4490599,Warm Gold,RADIATOR GRILLE 1X2
6250158,Tr. Red,RADIATOR GRILLE 1X2
300126,Black,BRICK 2X4
4211201,Reddish Brown,BRICK 2X4
4655172,Dark Azur,BRICK 2X4
300124,Bright Yellow,BRICK 2X4
4165967,Bright Yellowish Green,BRICK 2X4
4625629,Medium Azur,BRICK 2X4
6427901,Vibrant Yellow,BRICK 2X4
300121,Bright Red,BRICK 2X4
6422921,Vibrant Coral,BRICK 2X4
300101,White,BRICK 2X4
4211385,Medium Stone Grey,BRICK 2X4
4106356,Dark Green,BRICK 2X4
4260493,Earth Green,BRICK 2X4
4114319,Brick Yellow,BRICK 2X4
4247145,Sand Yellow,BRICK 2X4
6117418,New Dark Red,BRICK 2X4
6426723,Lavender,BRICK 2X4
4211085,Dark Stone Grey,BRICK 2X4
4520632,Light Purple,BRICK 2X4
6555737,Light Royal Blue,BRICK 2X4
6426721,Aqua,BRICK 2X4
4205058,Medium Blue,BRICK 2X4
6249422,Bright Bluish Green,BRICK 2X4
4153827,Bright Orange,BRICK 2X4
6135191,Medium Nougat,BRICK 2X4
6487946,Dark Orange,BRICK 2X4
300123,Bright Blue,BRICK 2X4
6373312,Not Found,BRICK 2X4
6583487,Warm Pink,BRICK 2X4
4655173,Medium Lavender,BRICK 2X4
6100027,Flame Yellowish Orange,BRICK 2X4
6297283,Light Nougat,BRICK 2X2
300301,White,BRICK 2X2
6422920,Vibrant Coral,BRICK 2X2
6514093,Transparent,BRICK 2X2
4220632,Bright Yellowish Green,BRICK 2X2
4211210,Reddish Brown,BRICK 2X2
300326,Black,BRICK 2X2
4653970,Medium Azur,BRICK 2X2
4211387,Medium Stone Grey,BRICK 2X2
300321,Bright Red,BRICK 2X2
6427903,Vibrant Yellow,BRICK 2X2
6295078,Flame Yellowish Orange,BRICK 2X2
4211060,Dark Stone Grey,BRICK 2X2
4114306,Brick Yellow,BRICK 2X2
4539104,New Dark Red,BRICK 2X2
4255416,Sand Yellow,BRICK 2X2
6214611,Earth Green,BRICK 2X2
6239418,Transparent,BRICK 2X2
6314091,Bright Bluish Green,BRICK 2X2
4550359,Light Purple,BRICK 2X2
300323,Bright Blue,BRICK 2X2
6490767,Tr.medium Reddish Violet,BRICK 2X2
4296785,Earth Blue,BRICK 2X2
300324,Bright Yellow,BRICK 2X2
4153825,Bright Orange,BRICK 2X2
6426720,Aqua,BRICK 2X2
6058085,Medium Nougat,BRICK 2X2
6212064,Cool Yellow,BRICK 2X2
6442896,Bright Green,BRICK 2X2
4517992,Bright Purple,BRICK 2X2
300328,Dark Green,BRICK 2X2
6545844,Medium Lavender,BRICK 2X2
4653960,Medium Lilac,BRICK 2X2
4537919,Bright Yellowish Green,BRICK 1X6
6186542,Flame Yellowish Orange,BRICK 1X6
4619653,Medium Azur,BRICK 1X6
6221672,Earth Blue,BRICK 1X6
4211100,Dark Stone Grey,BRICK 1X6
4211193,Reddish Brown,BRICK 1X6
4112982,Brick Yellow,BRICK 1X6
300901,White,BRICK 1X6
4247151,Sand Yellow,BRICK 1X6
300926,Black,BRICK 1X6
6099341,Medium Nougat,BRICK 1X6
300924,Bright Yellow,BRICK 1X6
6227921,Aqua,BRICK 1X6
6424639,Lavender,BRICK 1X6
6541347,Not Found,BRICK 1X6
300921,Bright Red,BRICK 1X6
6225539,Dark Azur,BRICK 1X6
4189007,Bright Orange,BRICK 1X6
4211393,Medium Stone Grey,BRICK 1X6
4111844,Dark Green,BRICK 1X6
6396079,Bright Bluish Green,BRICK 1X6
6251851,Not Found,BRICK 1X6
300923,Bright Blue,BRICK 1X6
4541528,New Dark Red,BRICK 1X6
6380130,Not Found,BRICK 1X6
6251854,Aqua,FLOWER 1X1
6426463,Cool Yellow,FLOWER 1X1
6212501,Light Purple,FLOWER 1X1
6209682,Bright Reddish Violet,FLOWER 1X1
6295242,Vibrant Coral,FLOWER 1X1
6209679,Bright Purple,FLOWER 1X1
6446790,Earth Green,FLOWER 1X1
6206149,White,FLOWER 1X1
6135287,Dark Green,FLOWER 1X1
6214235,Lavender,FLOWER 1X1
6206150,Bright Green,FLOWER 1X1
6343322,Medium Stone Grey,FLOWER 1X1
6209691,Warm Gold,FLOWER 1X1
6209681,Flame Yellowish Orange,FLOWER 1X1
6209684,Medium Lavender,FLOWER 1X1
6214234,Bright Orange,FLOWER 1X1
6209683,Light Royal Blue,FLOWER 1X1
6209692,Bright Yellowish Green,FLOWER 1X1
6299813,Bright Yellow,FLOWER 1X1
6475523,Reddish Orange,FLOWER 1X1
6458394,New Dark Red,FLOWER 1X1
6206148,Bright Red,FLOWER 1X1
6257592,Dark Stone Grey,"PLATE 1X4, W/ 2 KNOBS, NO. 2"
6257593,Medium Stone Grey,"PLATE 1X4, W/ 2 KNOBS, NO. 2"
6257599,Sand Yellow,"PLATE 1X4, W/ 2 KNOBS, NO. 2"
6257600,Brick Yellow,"PLATE 1X4, W/ 2 KNOBS, NO. 2"
6292291,Bright Blue,"PLATE 1X4, W/ 2 KNOBS, NO. 2"
6254045,Black,"PLATE 1X4, W/ 2 KNOBS, NO. 2"
6249091,White,"PLATE 1X4, W/ 2 KNOBS, NO. 2"
6257604,Reddish Brown,"PLATE 1X4, W/ 2 KNOBS, NO. 2"
6257598,Bright Yellow,"PLATE 1X4, W/ 2 KNOBS, NO. 2"
6256923,Bright Red,"PLATE 1X4, W/ 2 KNOBS, NO. 2"
6249090,Bright Reddish Violet,"PLATE 1X4, W/ 2 KNOBS, NO. 2"
6259780,Not Found,"PLATE 1X4, W/ 2 KNOBS, NO. 2"
6257605,Medium Nougat,"PLATE 1X4, W/ 2 KNOBS, NO. 2"
6253655,Not Found,"PLATE 1X4, W/ 2 KNOBS, NO. 2"
6257595,Flame Yellowish Orange,"PLATE 1X4, W/ 2 KNOBS, NO. 2"
6250120,Bright Bluish Green,"PLATE 1X4, W/ 2 KNOBS, NO. 2"
6252704,Medium Azur,"PLATE 1X4, W/ 2 KNOBS, NO. 2"
6257597,Bright Yellowish Green,"PLATE 1X4, W/ 2 KNOBS, NO. 2"
6499903,Dark Green,"PLATE 1X4, W/ 2 KNOBS, NO. 2"
6257594,New Dark Red,"PLATE 1X4, W/ 2 KNOBS, NO. 2"
4568734,Dark Stone Grey,FLAT TILE 1X3
6357804,Light Nougat,FLAT TILE 1X3
4558169,Medium Stone Grey,FLAT TILE 1X3
4558170,Black,FLAT TILE 1X3
4558168,White,FLAT TILE 1X3
6412744,Dark Azur,FLAT TILE 1X3
6100769,Reddish Brown,FLAT TILE 1X3
6131896,Brick Yellow,FLAT TILE 1X3
6015452,Sand Yellow,FLAT TILE 1X3
6202626,Sand Green,FLAT TILE 1X3
6365746,Medium Nougat,FLAT TILE 1X3
6340118,Dark Orange,FLAT TILE 1X3
4533742,Bright Red,FLAT TILE 1X3
4587840,Bright Blue,FLAT TILE 1X3
6399567,Aqua,FLAT TILE 1X3
4558172,Bright Yellow,FLAT TILE 1X3
6526744,Not Found,FLAT TILE 1X3
6097492,Medium Azur,FLAT TILE 1X3
6185307,Bright Yellowish Green,FLAT TILE 1X3
6213787,Bright Bluish Green,FLAT TILE 1X3
6099725,Flame Yellowish Orange,FLAT TILE 1X3
6318735,Bright Green,FLAT TILE 1X3
6483781,Reddish Orange,FLAT TILE 1X3
4620693,Bright Orange,FLAT TILE 1X3
6195265,Cool Yellow,FLAT TILE 1X3
6372225,Light Royal Blue,FLAT TILE 1X3
6262031,Sand Blue,FLAT TILE 1X3
6023083,Dark Green,FLAT TILE 1X3
6167471,Not Found,FLAT TILE 1X3
4650622,Earth Green,FLAT TILE 1X3
6211410,Bright Reddish Violet,FLAT TILE 1X3
6132566,Earth Blue,FLAT TILE 1X3
6240030,Not Found,PLATE 1X1 ROUND
6403175,Sand Green,PLATE 1X1 ROUND
6514052,Transparent,PLATE 1X1 ROUND
4633691,Silver Metallic,PLATE 1X1 ROUND
6315782,Dark Orange,PLATE 1X1 ROUND
4523159,Warm Gold,PLATE 1X1 ROUND
6315780,Dark Brown,PLATE 1X1 ROUND
6167641,Medium Nougat,PLATE 1X1 ROUND
6057898,Spring Yellowish Green,PLATE 1X1 ROUND
6208450,Tr. Red,PLATE 1X1 ROUND
6514051,Tr. Red,PLATE 1X1 ROUND
4517996,Light Purple,PLATE 1X1 ROUND
6102986,Medium Azur,PLATE 1X1 ROUND
6331261,Flame Yellowish Orange,PLATE 1X1 ROUND
6514057,Tr. Green,PLATE 1X1 ROUND
6195315,Bright Purple,PLATE 1X1 ROUND
6382504,Not Found,PLATE 1X1 ROUND
4566522,Medium Lilac,PLATE 1X1 ROUND
6109808,Bright Green,PLATE 1X1 ROUND
6514056,Tr. Yellow,PLATE 1X1 ROUND
6240216,Not Found,PLATE 1X1 ROUND
6514055,Tr. Blue,PLATE 1X1 ROUND
6240214,Not Found,PLATE 1X1 ROUND
6240206,Tr. Bright Green,PLATE 1X1 ROUND
6514053,Tr. Bright Green,PLATE 1X1 ROUND
6319958,Cool Yellow,PLATE 1X1 ROUND
6325978,Bright Bluish Green,PLATE 1X1 ROUND
6514058,Tr. Light Blue,PLATE 1X1 ROUND
6240225,Not Found,PLATE 1X1 ROUND
6514054,Tr.bright Bluish Violet,PLATE 1X1 ROUND
6240210,Tr.bright Bluish Violet,PLATE 1X1 ROUND
6391270,Nougat,PLATE 1X1 ROUND
6514060,Tr.medium Reddish Violet,PLATE 1X1 ROUND
6514059,Tr. Bright Orange,PLATE 1X1 ROUND
6514061,Transparent W/ Opalescence,PLATE 1X1 ROUND
6240227,Tr. Bright Orange,PLATE 1X1 ROUND
6315781,Sand Yellow,PLATE 1X1 ROUND
6240221,Not Found,PLATE 1X1 ROUND
6248970,Bright Reddish Violet,PLATE 1X1 ROUND
6210460,Medium Lavender,"PLANT, W/ PLATE 1X1, NO. 1"
6490613,Light Nougat,"PLANT, W/ PLATE 1X1, NO. 1"
6182261,Bright Green,"PLANT, W/ PLATE 1X1, NO. 1"
6400754,Earth Green,"PLANT, W/ PLATE 1X1, NO. 1"
6614071,Not Found,"PLANT, W/ PLATE 1X1, NO. 1"
6584690,Blue Violet,"PLANT, W/ PLATE 1X1, NO. 1"
6545156,White,"PLANT, W/ PLATE 1X1, NO. 1"
6286831,Bright Yellowish Green,"PLANT, W/ PLATE 1X1, NO. 1"
6378797,Flame Yellowish Orange,"PLANT, W/ PLATE 1X1, NO. 1"
6398008,Olive Green,"PLANT, W/ PLATE 1X1, NO. 1"
6375789,Vibrant Coral,"PLANT, W/ PLATE 1X1, NO. 1"
6229130,Dark Green,"PLANT, W/ PLATE 1X1, NO. 1"
6509767,Bright Yellow,"PLANT, W/ PLATE 1X1, NO. 1"
6286830,Bright Yellow,"PLANT, W/ PLATE 1X1, NO. 1"
6253884,Bright Orange,"PLANT, W/ PLATE 1X1, NO. 1"
6375929,Bright Reddish Violet,"PLANT, W/ PLATE 1X1, NO. 1"
6443651,Light Purple,"PLANT, W/ PLATE 1X1, NO. 1"
6541652,Spring Yellowish Green,"PLANT, W/ PLATE 1X1, NO. 1"
6270179,Bright Bluish Green,"PLANT, W/ PLATE 1X1, NO. 1"
6525783,Light Royal Blue,"PLANT, W/ PLATE 1X1, NO. 1"
6219088,Warm Gold,"PLANT, W/ PLATE 1X1, NO. 1"
6572910,Light Purple,"PLANT, W/ PLATE 1X1, NO. 1"
6482646,Not Found,"PLANT, W/ PLATE 1X1, NO. 1"
6533803,Reddish Brown,"PLANT, W/ PLATE 1X1, NO. 1"
4216581,Reddish Brown,ROUND PLATE 1X1
614101,White,ROUND PLATE 1X1
614126,Black,ROUND PLATE 1X1
4210633,Dark Stone Grey,ROUND PLATE 1X1
614124,Bright Yellow,ROUND PLATE 1X1
4211525,Medium Stone Grey,ROUND PLATE 1X1
614123,Bright Blue,ROUND PLATE 1X1
4161734,Brick Yellow,ROUND PLATE 1X1
614121,Bright Red,ROUND PLATE 1X1
4183133,Bright Yellowish Green,ROUND PLATE 1X1
4157103,Bright Orange,ROUND PLATE 1X1
242021,Bright Red,CORNER PLATE 1X2X2
4211353,Not Found,CORNER PLATE 1X2X2
6177535,Medium Nougat,CORNER PLATE 1X2X2
4157120,Dark Green,CORNER PLATE 1X2X2
4210635,Dark Stone Grey,CORNER PLATE 1X2X2
4211257,Reddish Brown,CORNER PLATE 1X2X2
242001,White,CORNER PLATE 1X2X2
242026,Black,CORNER PLATE 1X2X2
4528482,Earth Blue,CORNER PLATE 1X2X2
4114077,Brick Yellow,CORNER PLATE 1X2X2
4550168,Sand Yellow,CORNER PLATE 1X2X2
4585751,New Dark Red,CORNER PLATE 1X2X2
6385084,Not Found,CORNER PLATE 1X2X2
4633822,Bright Yellowish Green,CORNER PLATE 1X2X2
6400077,Lavender,CORNER PLATE 1X2X2
242023,Bright Blue,CORNER PLATE 1X2X2
242024,Bright Yellow,CORNER PLATE 1X2X2
6293739,Medium Azur,CORNER PLATE 1X2X2
6106027,Bright Orange,CORNER PLATE 1X2X2
6541446,Not Found,CORNER PLATE 1X2X2
6167461,Medium Lilac,CORNER PLATE 1X2X2
6357792,Not Found,"ROOF TILE 1X1X2/3, ABS"
4504369,White,"ROOF TILE 1X1X2/3, ABS"
6023173,Flame Yellowish Orange,"ROOF TILE 1X1X2/3, ABS"
4504379,Bright Red,"ROOF TILE 1X1X2/3, ABS"
4521921,Medium Stone Grey,"ROOF TILE 1X1X2/3, ABS"
6127601,Bright Purple,"ROOF TILE 1X1X2/3, ABS"
4504372,Bright Yellowish Green,"ROOF TILE 1X1X2/3, ABS"
6258098,Vibrant Coral,"ROOF TILE 1X1X2/3, ABS"
4619520,Medium Azur,"ROOF TILE 1X1X2/3, ABS"
4504376,Reddish Brown,"ROOF TILE 1X1X2/3, ABS"
4531415,New Dark Red,"ROOF TILE 1X1X2/3, ABS"
4516055,Brick Yellow,"ROOF TILE 1X1X2/3, ABS"
4652205,Sand Green,"ROOF TILE 1X1X2/3, ABS"
4504380,Bright Blue,"ROOF TILE 1X1X2/3, ABS"
4504374,Earth Blue,"ROOF TILE 1X1X2/3, ABS"
6040126,Sand Yellow,"ROOF TILE 1X1X2/3, ABS"
6259071,Dark Brown,"ROOF TILE 1X1X2/3, ABS"
4504378,Dark Stone Grey,"ROOF TILE 1X1X2/3, ABS"
4504375,Earth Green,"ROOF TILE 1X1X2/3, ABS"
4504381,Bright Yellow,"ROOF TILE 1X1X2/3, ABS"
4504382,Black,"ROOF TILE 1X1X2/3, ABS"
6429264,Aqua,"ROOF TILE 1X1X2/3, ABS"
6133838,Dark Azur,"ROOF TILE 1X1X2/3, ABS"
6372124,Light Royal Blue,"ROOF TILE 1X1X2/3, ABS"
6296498,Cool Yellow,"ROOF TILE 1X1X2/3, ABS"
4504371,Bright Orange,"ROOF TILE 1X1X2/3, ABS"
6278172,Bright Bluish Green,"ROOF TILE 1X1X2/3, ABS"
6167690,Medium Nougat,"ROOF TILE 1X1X2/3, ABS"
4599538,Light Purple,"ROOF TILE 1X1X2/3, ABS"
6177349,Bright Reddish Violet,"ROOF TILE 1X1X2/3, ABS"
6104342,Dark Orange,"ROOF TILE 1X1X2/3, ABS"
6002841,Olive Green,"ROOF TILE 1X1X2/3, ABS"
4567509,Medium Lilac,"ROOF TILE 1X1X2/3, ABS"
6223506,Spring Yellowish Green,"PLATE 1X1, W/ 3.2 SHAFT AND 1.5 HOLE"
6400649,Bright Green,"PLATE 1X1, W/ 3.2 SHAFT AND 1.5 HOLE"
6392975,Earth Green,"PLATE 1X1, W/ 3.2 SHAFT AND 1.5 HOLE"
6186681,White,"PLATE 1X1, W/ 3.2 SHAFT AND 1.5 HOLE"
6186675,Black,"PLATE 1X1, W/ 3.2 SHAFT AND 1.5 HOLE"
6186672,Warm Gold,"PLATE 1X1, W/ 3.2 SHAFT AND 1.5 HOLE"
6186673,Reddish Brown,"PLATE 1X1, W/ 3.2 SHAFT AND 1.5 HOLE"
6215539,Bright Red,"PLATE 1X1, W/ 3.2 SHAFT AND 1.5 HOLE"
6223733,Dark Azur,"PLATE 1X1, W/ 3.2 SHAFT AND 1.5 HOLE"
6258831,Medium Stone Grey,"PLATE 1X1, W/ 3.2 SHAFT AND 1.5 HOLE"
6223719,Flame Yellowish Orange,"PLATE 1X1, W/ 3.2 SHAFT AND 1.5 HOLE"
6307633,Bright Purple,"PLATE 1X1, W/ 3.2 SHAFT AND 1.5 HOLE"
6186867,Transparent,"PLATE 1X1, W/ 3.2 SHAFT AND 1.5 HOLE"
6429553,Earth Blue,"PLATE 1X1, W/ 3.2 SHAFT AND 1.5 HOLE"
6230579,Light Purple,"PLATE 1X1, W/ 3.2 SHAFT AND 1.5 HOLE"
6411591,Earth Green,NOSE CONE SMALL 1X1
6512546,Dark Brown,NOSE CONE SMALL 1X1
4529242,Reddish Brown,NOSE CONE SMALL 1X1
6331100,Bright Green,NOSE CONE SMALL 1X1
4518029,Bright Orange,NOSE CONE SMALL 1X1
6514022,Tr. Yellow,NOSE CONE SMALL 1X1
6613280,Not Found,NOSE CONE SMALL 1X1
4529239,Dark Green,NOSE CONE SMALL 1X1
4529240,Dark Stone Grey,NOSE CONE SMALL 1X1
6337455,Tr. Blue W/ Opalescence,NOSE CONE SMALL 1X1
6337597,Not Found,NOSE CONE SMALL 1X1
6172233,Tr. Bright Orange,NOSE CONE SMALL 1X1
6337639,Not Found,NOSE CONE SMALL 1X1
6514020,Tr. Blue W/ Opalescence,NOSE CONE SMALL 1X1
6514027,Tr. Light Blue,NOSE CONE SMALL 1X1
6337632,Tr.br. Bluish.viol.w.gliter2%,NOSE CONE SMALL 1X1
6514025,Tr.br. Bluish.viol.w.gliter2%,NOSE CONE SMALL 1X1
6514017,Tr. Bright Orange,NOSE CONE SMALL 1X1
4518400,White,NOSE CONE SMALL 1X1
4529247,Warm Gold,NOSE CONE SMALL 1X1
4529241,Medium Stone Grey,NOSE CONE SMALL 1X1
4529237,Brick Yellow,NOSE CONE SMALL 1X1
4529235,Not Found,NOSE CONE SMALL 1X1
4529236,Black,NOSE CONE SMALL 1X1
6514026,Tr.medium Reddish Violet,NOSE CONE SMALL 1X1
4541498,New Dark Red,NOSE CONE SMALL 1X1
6337628,Not Found,NOSE CONE SMALL 1X1
6337637,Tr.medium Reddish Violet,NOSE CONE SMALL 1X1
6514024,Tr. Bright Green,NOSE CONE SMALL 1X1
6514021,Tr. Red,NOSE CONE SMALL 1X1
6337596,Not Found,NOSE CONE SMALL 1X1
6003007,Bright Reddish Violet,NOSE CONE SMALL 1X1
6420918,Spring Yellowish Green,NOSE CONE SMALL 1X1
6337603,Not Found,NOSE CONE SMALL 1X1
6383141,Not Found,NOSE CONE SMALL 1X1
6514023,Tr.bright Bluish Violet,NOSE CONE SMALL 1X1
6381793,Light Purple,NOSE CONE SMALL 1X1
4529234,Bright Red,NOSE CONE SMALL 1X1
6211875,Bright Yellowish Green,1/4 CIRCLE TILE 1X1
6275872,Light Nougat,1/4 CIRCLE TILE 1X1
6176433,Medium Stone Grey,1/4 CIRCLE TILE 1X1
6145570,Brick Yellow,1/4 CIRCLE TILE 1X1
6149677,Reddish Brown,1/4 CIRCLE TILE 1X1
6508110,Warm Gold,1/4 CIRCLE TILE 1X1
6170390,Bright Red,1/4 CIRCLE TILE 1X1
6362967,Sand Yellow,1/4 CIRCLE TILE 1X1
6199549,Dark Stone Grey,1/4 CIRCLE TILE 1X1
6172366,White,1/4 CIRCLE TILE 1X1
6514469,Transparent,1/4 CIRCLE TILE 1X1
6514467,Tr. Light Blue,1/4 CIRCLE TILE 1X1
6214457,Flame Yellowish Orange,1/4 CIRCLE TILE 1X1
6275873,Bright Green,1/4 CIRCLE TILE 1X1
6172383,Black,1/4 CIRCLE TILE 1X1
6302961,Bright Blue,1/4 CIRCLE TILE 1X1
6199890,Earth Blue,1/4 CIRCLE TILE 1X1
6150307,Medium Azur,1/4 CIRCLE TILE 1X1
6228969,Cool Yellow,1/4 CIRCLE TILE 1X1
6250022,Vibrant Coral,1/4 CIRCLE TILE 1X1
6240467,Bright Bluish Green,1/4 CIRCLE TILE 1X1
6199887,Dark Azur,1/4 CIRCLE TILE 1X1
6248536,Medium Nougat,1/4 CIRCLE TILE 1X1
6195183,Bright Yellow,1/4 CIRCLE TILE 1X1
6316571,Light Royal Blue,1/4 CIRCLE TILE 1X1
6150607,Dark Green,1/4 CIRCLE TILE 1X1
6240463,Light Purple,1/4 CIRCLE TILE 1X1
6199886,Aqua,1/4 CIRCLE TILE 1X1
6199889,Bright Reddish Violet,1/4 CIRCLE TILE 1X1
6240465,Lavender,1/4 CIRCLE TILE 1X1
6173925,Bright Orange,1/4 CIRCLE TILE 1X1
6396287,Tr. Light Blue,1/4 CIRCLE TILE 1X1
6199891,Medium Lilac,1/4 CIRCLE TILE 1X1
6311890,New Dark Red,1/4 CIRCLE TILE 1X1
6240462,Bright Purple,1/4 CIRCLE TILE 1X1
6228968,Dark Orange,1/4 CIRCLE TILE 1X1
6199893,Medium Lavender,1/4 CIRCLE TILE 1X1
6545288,Vibrant Yellow,1/4 CIRCLE TILE 1X1
6514465,Tr. Light Blue W/ Opalescence,1/4 CIRCLE TILE 1X1
6400305,Not Found,1/4 CIRCLE TILE 1X1
6404363,Transparent,1/4 CIRCLE TILE 1X1
6535834,Light Royal Blue,TILE 2X6
6491971,Dark Green,TILE 2X6
6332042,White,TILE 2X6
6410028,Bright Blue,TILE 2X6
6335578,Bright Red,TILE 2X6
6321746,Dark Stone Grey,TILE 2X6
6613340,Not Found,TILE 2X6
6318582,Black,TILE 2X6
6331158,Brick Yellow,TILE 2X6
6318584,Medium Stone Grey,TILE 2X6
6450970,Bright Bluish Green,TILE 2X6
6392888,Bright Yellowish Green,TILE 2X6
6329869,Bright Yellow,TILE 2X6
6472014,Medium Azur,TILE 2X6
6337197,Dark Azur,TILE 2X6
6387565,Bright Orange,TILE 2X6
6381248,Bright Purple,TILE 2X6
6381921,Medium Nougat,TILE 2X6
6483783,Reddish Orange,TILE 2X6
6523400,Aqua,TILE 2X6
6326191,Earth Blue,TILE 2X6
6335319,New Dark Red,TILE 2X6
6513767,Medium Lilac,TILE 2X6
6553755,Dark Orange,TILE 2X6
6171894,Medium Stone Grey,FLAT TILE 2X3
6187008,Dark Stone Grey,FLAT TILE 2X3
6189130,Bright Red,FLAT TILE 2X3
6290982,Light Purple,FLAT TILE 2X3
6162892,Black,FLAT TILE 2X3
6156667,White,FLAT TILE 2X3
6311441,Reddish Brown,FLAT TILE 2X3
6359681,New Dark Red,FLAT TILE 2X3
6328307,Sand Yellow,FLAT TILE 2X3
6187006,Medium Nougat,FLAT TILE 2X3
6196596,Bright Blue,FLAT TILE 2X3
6211973,Not Found,FLAT TILE 2X3
6179184,Bright Yellow,FLAT TILE 2X3
6186974,Earth Blue,FLAT TILE 2X3
6233166,Medium Azur,FLAT TILE 2X3
6288100,Dark Green,FLAT TILE 2X3
6286881,Flame Yellowish Orange,FLAT TILE 2X3
6175367,Brick Yellow,FLAT TILE 2X3
6325969,Lavender,FLAT TILE 2X3
6406357,Bright Green,FLAT TILE 2X3
6293710,Bright Orange,FLAT TILE 2X3
6468041,Bright Reddish Violet,FLAT TILE 2X3
6480378,Not Found,FLAT TILE 2X3
362226,Black,BRICK 1X3
4211220,Reddish Brown,BRICK 1X3
6330616,Sand Green,BRICK 1X3
362221,Bright Red,BRICK 1X3
6223734,Medium Azur,BRICK 1X3
362201,White,BRICK 1X3
4162465,Brick Yellow,BRICK 1X3
6233955,Earth Blue,BRICK 1X3
4211104,Dark Stone Grey,BRICK 1X3
4166093,Bright Yellowish Green,BRICK 1X3
6263221,Dark Orange,BRICK 1X3
6213783,Bright Bluish Green,BRICK 1X3
4211428,Medium Stone Grey,BRICK 1X3
6295228,Aqua,BRICK 1X3
6182777,Light Royal Blue,BRICK 1X3
6201646,Cool Yellow,BRICK 1X3
6154879,Dark Azur,BRICK 1X3
4118787,Bright Orange,BRICK 1X3
6192922,Medium Nougat,BRICK 1X3
362224,Bright Yellow,BRICK 1X3
6343280,Bright Green,BRICK 1X3
362223,Bright Blue,BRICK 1X3
6357794,Light Nougat,BRICK 1X3
4109679,Dark Green,BRICK 1X3
6360079,New Dark Red,PLATE 1X1 W. UP RIGHT HOLDER
6348058,Bright Red,PLATE 1X1 W. UP RIGHT HOLDER
6335388,Black,PLATE 1X1 W. UP RIGHT HOLDER
6262138,Not Found,PLATE 1X1 W. UP RIGHT HOLDER
6348055,White,PLATE 1X1 W. UP RIGHT HOLDER
6348057,Reddish Brown,PLATE 1X1 W. UP RIGHT HOLDER
6344022,Dark Stone Grey,PLATE 1X1 W. UP RIGHT HOLDER
6308012,Medium Stone Grey,PLATE 1X1 W. UP RIGHT HOLDER
6360078,Brick Yellow,PLATE 1X1 W. UP RIGHT HOLDER
6348059,Sand Green,PLATE 1X1 W. UP RIGHT HOLDER
6348061,Earth Green,PLATE 1X1 W. UP RIGHT HOLDER
6262140,Flame Yellowish Orange,PLATE 1X1 W. UP RIGHT HOLDER
6348060,Cool Yellow,PLATE 1X1 W. UP RIGHT HOLDER
6355014,Bright Bluish Green,PLATE 1X1 W. UP RIGHT HOLDER
6348056,Bright Yellow,PLATE 1X1 W. UP RIGHT HOLDER
6494113,Dark Green,PLATE 1X1 W. UP RIGHT HOLDER
6472962,Bright Orange,PLATE 1X1 W. UP RIGHT HOLDER
6344028,Bright Blue,PLATE 1X1 W. UP RIGHT HOLDER
4507080,Earth Blue,FLAT TILE 1X8
4211008,Dark Stone Grey,FLAT TILE 1X8
416226,Black,FLAT TILE 1X8
416221,Bright Red,FLAT TILE 1X8
4544139,Brick Yellow,FLAT TILE 1X8
4211481,Medium Stone Grey,FLAT TILE 1X8
4585337,Reddish Brown,FLAT TILE 1X8
416201,White,FLAT TILE 1X8
6447565,Dark Brown,FLAT TILE 1X8
4539083,New Dark Red,FLAT TILE 1X8
6372121,Light Royal Blue,FLAT TILE 1X8
6213268,Dark Azur,FLAT TILE 1X8
4189400,Bright Yellow,FLAT TILE 1X8
6343067,Not Found,FLAT TILE 1X8
416223,Bright Blue,FLAT TILE 1X8
6078339,Medium Azur,FLAT TILE 1X8
6427531,Bright Yellowish Green,FLAT TILE 1X8
6420726,Cool Yellow,BRICK 1X1 W. 1 KNOB
4558952,White,BRICK 1X1 W. 1 KNOB
4558953,Medium Stone Grey,BRICK 1X1 W. 1 KNOB
6073026,Bright Yellowish Green,BRICK 1X1 W. 1 KNOB
6261292,Vibrant Coral,BRICK 1X1 W. 1 KNOB
6092035,Flame Yellowish Orange,BRICK 1X1 W. 1 KNOB
6427902,Vibrant Yellow,BRICK 1X1 W. 1 KNOB
6217793,Bright Purple,BRICK 1X1 W. 1 KNOB
4558886,Bright Red,BRICK 1X1 W. 1 KNOB
6062574,Reddish Brown,BRICK 1X1 W. 1 KNOB
6224377,Earth Blue,BRICK 1X1 W. 1 KNOB
6004938,Dark Azur,BRICK 1X1 W. 1 KNOB
4621554,Light Purple,BRICK 1X1 W. 1 KNOB
4579260,Brick Yellow,BRICK 1X1 W. 1 KNOB
4624985,Bright Yellow,BRICK 1X1 W. 1 KNOB
4619815,Aqua,BRICK 1X1 W. 1 KNOB
4583862,Bright Blue,BRICK 1X1 W. 1 KNOB
4558955,Dark Stone Grey,BRICK 1X1 W. 1 KNOB
4558954,Black,BRICK 1X1 W. 1 KNOB
6125776,Medium Lavender,BRICK 1X1 W. 1 KNOB
6385644,Dark Green,BRICK 1X1 W. 1 KNOB
6267189,Not Found,BRICK 1X1 W. 1 KNOB
4666322,Dark Orange,BRICK 1X1 W. 1 KNOB
6383074,Not Found,BRICK 1X1 W. 1 KNOB
4271874,Reddish Brown,PLATE 4X6
6167894,Sand Yellow,PLATE 4X6
4211115,Dark Stone Grey,PLATE 4X6
4211404,Medium Stone Grey,PLATE 4X6
303201,White,PLATE 4X6
4114001,Brick Yellow,PLATE 4X6
6343649,Dark Azur,PLATE 4X6
303226,Black,PLATE 4X6
303223,Bright Blue,PLATE 4X6
303221,Bright Red,PLATE 4X6
6037887,Earth Blue,PLATE 4X6
6605526,Not Found,PLATE 4X6
6060848,Bright Yellowish Green,PLATE 4X6
4619515,Medium Azur,PLATE 4X6
303224,Bright Yellow,PLATE 4X6
4116671,Dark Green,PLATE 4X6
6426644,Dark Orange,PLATE 4X6
6147032,Medium Lilac,PLATE 4X6
6174856,Reddish Brown,ANGULAR PLATE 1.5 BOT. 1X2 1/2
6070698,White,ANGULAR PLATE 1.5 BOT. 1X2 1/2
6133721,Bright Blue,ANGULAR PLATE 1.5 BOT. 1X2 1/2
6004990,Medium Stone Grey,ANGULAR PLATE 1.5 BOT. 1X2 1/2
6409758,New Dark Red,ANGULAR PLATE 1.5 BOT. 1X2 1/2
6313611,Brick Yellow,ANGULAR PLATE 1.5 BOT. 1X2 1/2
6250168,Sand Yellow,ANGULAR PLATE 1.5 BOT. 1X2 1/2
6000606,Dark Stone Grey,ANGULAR PLATE 1.5 BOT. 1X2 1/2
6020193,Black,ANGULAR PLATE 1.5 BOT. 1X2 1/2
6099243,Dark Green,ANGULAR PLATE 1.5 BOT. 1X2 1/2
6371455,Earth Blue,ANGULAR PLATE 1.5 BOT. 1X2 1/2
6440767,Dark Orange,ANGULAR PLATE 1.5 BOT. 1X2 1/2
6089698,Bright Red,ANGULAR PLATE 1.5 BOT. 1X2 1/2
6218368,Bright Orange,ANGULAR PLATE 1.5 BOT. 1X2 1/2
6057458,Bright Yellow,ANGULAR PLATE 1.5 BOT. 1X2 1/2
6099449,Bright Purple,ANGULAR PLATE 1.5 BOT. 1X2 1/2
6373576,Bright Bluish Green,ANGULAR PLATE 1.5 BOT. 1X2 1/2
6218266,Bright Yellowish Green,ANGULAR PLATE 1.5 BOT. 1X2 1/2
6423391,Sand Green,ANGULAR PLATE 1.5 BOT. 1X2 1/2
6394948,Dark Orange,"PLATE 2X2, W/ REDUCED KNOBS"
6218822,White,"PLATE 2X2, W/ REDUCED KNOBS"
6212077,Medium Stone Grey,"PLATE 2X2, W/ REDUCED KNOBS"
6192346,Black,"PLATE 2X2, W/ REDUCED KNOBS"
6221467,Brick Yellow,"PLATE 2X2, W/ REDUCED KNOBS"
6309059,Dark Stone Grey,"PLATE 2X2, W/ REDUCED KNOBS"
6423384,Sand Green,"PLATE 2X2, W/ REDUCED KNOBS"
6396392,Sand Yellow,"PLATE 2X2, W/ REDUCED KNOBS"
6196221,Reddish Brown,"PLATE 2X2, W/ REDUCED KNOBS"
6422225,Bright Bluish Green,"PLATE 2X2, W/ REDUCED KNOBS"
6219819,Bright Red,"PLATE 2X2, W/ REDUCED KNOBS"
6505153,Dark Green,"PLATE 2X2, W/ REDUCED KNOBS"
6224666,Bright Yellow,"PLATE 2X2, W/ REDUCED KNOBS"
6357615,Medium Azur,"PLATE 2X2, W/ REDUCED KNOBS"
6252060,Bright Blue,"PLATE 2X2, W/ REDUCED KNOBS"
6214810,Earth Blue,"PLATE 2X2, W/ REDUCED KNOBS"
6469521,Not Found,"PLATE 2X2, W/ REDUCED KNOBS"
6528998,Medium Nougat,"PLATE 2X2, W/ REDUCED KNOBS"
6484031,Earth Green,"PLATE 2X2, W/ REDUCED KNOBS"
4211526,Medium Stone Grey,BRICK Ø16 W. CROSS
6526752,Bright Green,BRICK Ø16 W. CROSS
4211166,Reddish Brown,BRICK Ø16 W. CROSS
6522321,Light Royal Blue,BRICK Ø16 W. CROSS
6301835,Cool Yellow,BRICK Ø16 W. CROSS
4125220,Brick Yellow,BRICK Ø16 W. CROSS
4527943,Bright Yellowish Green,BRICK Ø16 W. CROSS
4251378,Dark Green,BRICK Ø16 W. CROSS
614324,Bright Yellow,BRICK Ø16 W. CROSS
614326,Black,BRICK Ø16 W. CROSS
6613338,Not Found,BRICK Ø16 W. CROSS
6498748,Light Purple,BRICK Ø16 W. CROSS
614301,White,BRICK Ø16 W. CROSS
6514281,Transparent,BRICK Ø16 W. CROSS
614321,Bright Red,BRICK Ø16 W. CROSS
6514282,Tr. Light Blue,BRICK Ø16 W. CROSS
6273153,Not Found,BRICK Ø16 W. CROSS
614323,Bright Blue,BRICK Ø16 W. CROSS
4141089,Bright Orange,BRICK Ø16 W. CROSS
6454167,Medium Nougat,BRICK Ø16 W. CROSS
4249139,Dark Stone Grey,BRICK Ø16 W. CROSS
6290502,Bright Bluish Green,BRICK Ø16 W. CROSS
6549515,Tr. Bright Green,BRICK Ø16 W. CROSS
6514285,Tr. Yellow,BRICK Ø16 W. CROSS
6514283,Not Found,BRICK Ø16 W. CROSS
6514288,Not Found,BRICK Ø16 W. CROSS
4505985,Earth Blue,BRICK Ø16 W. CROSS
6223600,Lavender,BRICK Ø16 W. CROSS
6357786,Light Nougat,BRICK Ø16 W. CROSS
6224282,Medium Azur,BRICK Ø16 W. CROSS
4648256,Dark Stone Grey,PLATE W. BOW 1X4X2/3
4658005,Reddish Brown,PLATE W. BOW 1X4X2/3
4622803,Medium Stone Grey,PLATE W. BOW 1X4X2/3
4613153,Black,PLATE W. BOW 1X4X2/3
4613151,Bright Yellow,PLATE W. BOW 1X4X2/3
6023806,White,PLATE W. BOW 1X4X2/3
6021539,Dark Green,PLATE W. BOW 1X4X2/3
6282122,Dark Azur,PLATE W. BOW 1X4X2/3
6097093,Medium Azur,PLATE W. BOW 1X4X2/3
6133826,Flame Yellowish Orange,PLATE W. BOW 1X4X2/3
4666611,Brick Yellow,PLATE W. BOW 1X4X2/3
4649773,Bright Blue,PLATE W. BOW 1X4X2/3
6273854,Medium Nougat,PLATE W. BOW 1X4X2/3
6492249,Light Purple,PLATE W. BOW 1X4X2/3
4617069,Bright Yellowish Green,PLATE W. BOW 1X4X2/3
6000752,New Dark Red,PLATE W. BOW 1X4X2/3
4633914,Bright Red,PLATE W. BOW 1X4X2/3
6037886,Earth Blue,PLATE W. BOW 1X4X2/3
6279875,Black,CONNECTOR PEG W. FRICTION
6254100,Bright Bluish Green,ELEMENT SEPARATOR
6240515,Bright Orange,ELEMENT SEPARATOR
6399780,Dark Green,BRICK 1X2X1 2/3 W/4 KNOBS
6135130,Bright Red,BRICK 1X2X1 2/3 W/4 KNOBS
6214334,Brick Yellow,BRICK 1X2X1 2/3 W/4 KNOBS
6123809,Medium Stone Grey,BRICK 1X2X1 2/3 W/4 KNOBS
6313592,Bright Yellow,BRICK 1X2X1 2/3 W/4 KNOBS
6523916,Not Found,BRICK 1X2X1 2/3 W/4 KNOBS
6218823,White,BRICK 1X2X1 2/3 W/4 KNOBS
6449563,Sand Yellow,BRICK 1X2X1 2/3 W/4 KNOBS
6431328,Medium Nougat,BRICK 1X2X1 2/3 W/4 KNOBS
6132426,Bright Purple,BRICK 1X2X1 2/3 W/4 KNOBS
6275806,Black,BRICK 1X2X1 2/3 W/4 KNOBS
6469824,Aqua,BRICK 1X2X1 2/3 W/4 KNOBS
6500421,Reddish Brown,BRICK 1X2X1 2/3 W/4 KNOBS
6403266,Light Purple,BRICK 1X2X1 2/3 W/4 KNOBS
6361813,Dark Orange,BRICK 1X2X1 2/3 W/4 KNOBS
6513765,Bright Bluish Green,BRICK 1X2X1 2/3 W/4 KNOBS
4142865,Bright Red,2M CROSS AXLE W. GROOVE
4109810,Black,2M CROSS AXLE W. GROOVE
6468072,Sand Green,"FLAT TILE 2X2, ROUND"
6052200,Medium Stone Grey,"FLAT TILE 2X2, ROUND"
6535833,Light Royal Blue,"FLAT TILE 2X2, ROUND"
6133844,Bright Blue,"FLAT TILE 2X2, ROUND"
6070695,Black,"FLAT TILE 2X2, ROUND"
6424480,Spring Yellowish Green,"FLAT TILE 2X2, ROUND"
6092768,Light Purple,"FLAT TILE 2X2, ROUND"
6078279,Bright Yellow,"FLAT TILE 2X2, ROUND"
6066342,Bright Red,"FLAT TILE 2X2, ROUND"
6422433,Bright Green,"FLAT TILE 2X2, ROUND"
6092766,Bright Yellowish Green,"FLAT TILE 2X2, ROUND"
6133845,Cool Yellow,"FLAT TILE 2X2, ROUND"
6430541,Lavender,"FLAT TILE 2X2, ROUND"
6258405,Vibrant Coral,"FLAT TILE 2X2, ROUND"
6066344,Brick Yellow,"FLAT TILE 2X2, ROUND"
6368592,Medium Nougat,"FLAT TILE 2X2, ROUND"
6044691,White,"FLAT TILE 2X2, ROUND"
6145255,Medium Azur,"FLAT TILE 2X2, ROUND"
6062386,Not Found,"FLAT TILE 2X2, ROUND"
6131589,Flame Yellowish Orange,"FLAT TILE 2X2, ROUND"
6092770,Bright Orange,"FLAT TILE 2X2, ROUND"
6056296,Dark Stone Grey,"FLAT TILE 2X2, ROUND"
6096948,Not Found,"FLAT TILE 2X2, ROUND"
4210725,Dark Stone Grey,BRICK 1X4 W. 4 KNOBS
4212411,Bright Blue,BRICK 1X4 W. 4 KNOBS
4143254,White,BRICK 1X4 W. 4 KNOBS
4157223,Bright Red,BRICK 1X4 W. 4 KNOBS
4211636,Medium Stone Grey,BRICK 1X4 W. 4 KNOBS
6153594,Reddish Brown,BRICK 1X4 W. 4 KNOBS
4201062,Brick Yellow,BRICK 1X4 W. 4 KNOBS
4162443,Black,BRICK 1X4 W. 4 KNOBS
6411584,Olive Green,BRICK 1X4 W. 4 KNOBS
6250001,Dark Azur,BRICK 1X4 W. 4 KNOBS
4164073,Bright Yellow,BRICK 1X4 W. 4 KNOBS
6351893,Light Purple,BRICK 1X4 W. 4 KNOBS
6535831,Light Royal Blue,"TECHNIC BRICK 1X2, Ø4.9"
6467807,Cool Yellow,"TECHNIC BRICK 1X2, Ø4.9"
370026,Black,"TECHNIC BRICK 1X2, Ø4.9"
4211252,Reddish Brown,"TECHNIC BRICK 1X2, Ø4.9"
6613291,Not Found,"TECHNIC BRICK 1X2, Ø4.9"
6613286,Not Found,"TECHNIC BRICK 1X2, Ø4.9"
4211440,Medium Stone Grey,"TECHNIC BRICK 1X2, Ø4.9"
4205107,Brick Yellow,"TECHNIC BRICK 1X2, Ø4.9"
370024,Bright Yellow,"TECHNIC BRICK 1X2, Ø4.9"
370001,White,"TECHNIC BRICK 1X2, Ø4.9"
6132372,Bright Yellowish Green,"TECHNIC BRICK 1X2, Ø4.9"
4211111,Dark Stone Grey,"TECHNIC BRICK 1X2, Ø4.9"
6480279,Earth Blue,"TECHNIC BRICK 1X2, Ø4.9"
6322828,Medium Azur,"TECHNIC BRICK 1X2, Ø4.9"
370021,Bright Red,"TECHNIC BRICK 1X2, Ø4.9"
6136553,Bright Orange,"TECHNIC BRICK 1X2, Ø4.9"
370023,Bright Blue,"TECHNIC BRICK 1X2, Ø4.9"
6230235,Dark Green,"TECHNIC BRICK 1X2, Ø4.9"
6192920,Medium Nougat,"TECHNIC BRICK 1X2, Ø4.9"
4211200,Reddish Brown,BRICK CORNER 1X2X2
235721,Bright Red,BRICK CORNER 1X2X2
4211109,Dark Stone Grey,BRICK CORNER 1X2X2
4211349,Medium Stone Grey,BRICK CORNER 1X2X2
6228123,Earth Blue,BRICK CORNER 1X2X2
235701,White,BRICK CORNER 1X2X2
4124455,Brick Yellow,BRICK CORNER 1X2X2
6310830,Sand Yellow,BRICK CORNER 1X2X2
235726,Black,BRICK CORNER 1X2X2
235724,Bright Yellow,BRICK CORNER 1X2X2
6518173,Bright Yellowish Green,BRICK CORNER 1X2X2
6097870,Lavender,BRICK CORNER 1X2X2
6353496,Not Found,BRICK CORNER 1X2X2
4558606,Bright Blue,BRICK CORNER 1X2X2
6176193,Not Found,BRICK CORNER 1X2X2
6250591,White,"FLAT TILE 1X1, 1/2 CIRCLE"
6293402,Bright Purple,"FLAT TILE 1X1, 1/2 CIRCLE"
6322997,New Dark Red,"FLAT TILE 1X1, 1/2 CIRCLE"
6362252,Dark Stone Grey,"FLAT TILE 1X1, 1/2 CIRCLE"
6353196,Brick Yellow,"FLAT TILE 1X1, 1/2 CIRCLE"
6250597,Medium Stone Grey,"FLAT TILE 1X1, 1/2 CIRCLE"
6300104,Bright Yellow,"FLAT TILE 1X1, 1/2 CIRCLE"
6349124,Medium Nougat,"FLAT TILE 1X1, 1/2 CIRCLE"
6250601,Bright Yellowish Green,"FLAT TILE 1X1, 1/2 CIRCLE"
6329119,Lavender,"FLAT TILE 1X1, 1/2 CIRCLE"
6256435,Black,"FLAT TILE 1X1, 1/2 CIRCLE"
6328180,Reddish Brown,"FLAT TILE 1X1, 1/2 CIRCLE"
6258973,Not Found,"FLAT TILE 1X1, 1/2 CIRCLE"
6375605,Bright Green,"FLAT TILE 1X1, 1/2 CIRCLE"
6344851,Bright Orange,"FLAT TILE 1X1, 1/2 CIRCLE"
6313557,Dark Azur,"FLAT TILE 1X1, 1/2 CIRCLE"
6475308,Vibrant Coral,"FLAT TILE 1X1, 1/2 CIRCLE"
6313558,Medium Lilac,"FLAT TILE 1X1, 1/2 CIRCLE"
6313554,Flame Yellowish Orange,"FLAT TILE 1X1, 1/2 CIRCLE"
6429608,Sand Blue,"FLAT TILE 1X1, 1/2 CIRCLE"
6493094,Reddish Orange,"FLAT TILE 1X1, 1/2 CIRCLE"
6258972,Light Purple,"FLAT TILE 1X1, 1/2 CIRCLE"
6375606,Medium Azur,"FLAT TILE 1X1, 1/2 CIRCLE"
6250598,Cool Yellow,"FLAT TILE 1X1, 1/2 CIRCLE"
6250600,Dark Green,"FLAT TILE 1X1, 1/2 CIRCLE"
6554615,Earth Green,"FLAT TILE 1X1, 1/2 CIRCLE"
6593603,Blue Violet,"FLAT TILE 1X1, 1/2 CIRCLE"
6268862,Bright Blue,"FLAT TILE 1X1, 1/2 CIRCLE"
6507959,Tr. Bright Orange,"FLAT TILE 1X1, 1/2 CIRCLE"
6382577,Dark Orange,PLATE 1X1X2/3
6383985,White,PLATE 1X1X2/3
6401023,Medium Stone Grey,PLATE 1X1X2/3
6383946,Not Found,PLATE 1X1X2/3
6388133,Dark Stone Grey,PLATE 1X1X2/3
6458392,Brick Yellow,PLATE 1X1X2/3
6397571,Bright Red,PLATE 1X1X2/3
6536141,Earth Blue,PLATE 1X1X2/3
6388352,Black,PLATE 1X1X2/3
6492305,Reddish Brown,PLATE 1X1X2/3
6442359,Bright Orange,PLATE 1X1X2/3
6432005,Bright Blue,PLATE 1X1X2/3
6143445,Bright Reddish Violet,SLIDE SHOE ROUND 2X2
4278273,Medium Stone Grey,SLIDE SHOE ROUND 2X2
4278275,Bright Red,SLIDE SHOE ROUND 2X2
4278271,White,SLIDE SHOE ROUND 2X2
6037289,Reddish Brown,SLIDE SHOE ROUND 2X2
6113048,Spring Yellowish Green,SLIDE SHOE ROUND 2X2
4278359,Black,SLIDE SHOE ROUND 2X2
6220710,Bright Orange,SLIDE SHOE ROUND 2X2
6144148,Dark Azur,SLIDE SHOE ROUND 2X2
6423955,Light Purple,SLIDE SHOE ROUND 2X2
6171733,Not Found,SLIDE SHOE ROUND 2X2
6163901,Transparent,SLIDE SHOE ROUND 2X2
6581772,Transparent,SLIDE SHOE ROUND 2X2
6581773,Tr. Yellow,SLIDE SHOE ROUND 2X2
4278422,Brick Yellow,SLIDE SHOE ROUND 2X2
4278274,Dark Stone Grey,SLIDE SHOE ROUND 2X2
6171728,Not Found,SLIDE SHOE ROUND 2X2
6171727,Tr. Bright Orange,SLIDE SHOE ROUND 2X2
4278276,Bright Blue,SLIDE SHOE ROUND 2X2
6265306,Dark Stone Grey,"TILE 2X2, W/ BOW"
6163990,Medium Stone Grey,"TILE 2X2, W/ BOW"
6527654,Vibrant Yellow,"TILE 2X2, W/ BOW"
6172674,White,"TILE 2X2, W/ BOW"
6395753,Sand Yellow,"TILE 2X2, W/ BOW"
6382958,Bright Green,"TILE 2X2, W/ BOW"
6191630,Black,"TILE 2X2, W/ BOW"
6310198,Bright Red,"TILE 2X2, W/ BOW"
6173654,Warm Gold,"TILE 2X2, W/ BOW"
6250024,Vibrant Coral,"TILE 2X2, W/ BOW"
6213876,Bright Bluish Green,"TILE 2X2, W/ BOW"
6275508,Bright Yellow,"TILE 2X2, W/ BOW"
6441114,Bright Yellowish Green,"TILE 2X2, W/ BOW"
6475326,Reddish Orange,"TILE 2X2, W/ BOW"
6365611,Dark Green,"TILE 2X2, W/ BOW"
6199898,Earth Blue,"TILE 2X2, W/ BOW"
6522797,Not Found,"TILE 2X2, W/ BOW"
6199894,Aqua,"TILE 2X2, W/ BOW"
6550890,Not Found,"TILE 2X2, W/ BOW"
6199897,Dark Azur,"TILE 2X2, W/ BOW"
6199899,Medium Lilac,"TILE 2X2, W/ BOW"
6438904,Bright Orange,"TILE 2X2, W/ BOW"
6194724,Bright Blue,"TILE 2X2, W/ BOW"
6340042,Dark Orange,"TILE 2X2, W/ BOW"
6226565,Brick Yellow,"TILE 2X2, W/ BOW"
6334203,Flame Yellowish Orange,"TILE 2X2, W/ BOW"
6258069,Medium Azur,"TILE 2X2, W/ BOW"
6426639,Earth Green,"TILE 2X2, W/ BOW"
6331809,Light Purple,"TILE 2X2, W/ BOW"
6480465,Not Found,"TILE 2X2, W/ BOW"
6006524,Sand Yellow,PLATE 4X8
303526,Black,PLATE 4X8
4211407,Medium Stone Grey,PLATE 4X8
4211061,Dark Stone Grey,PLATE 4X8
4509897,Brick Yellow,PLATE 4X8
6447571,Dark Brown,PLATE 4X8
303524,Bright Yellow,PLATE 4X8
303521,Bright Red,PLATE 4X8
303501,White,PLATE 4X8
4277361,Dark Green,PLATE 4X8
6104130,Medium Azur,PLATE 4X8
6209672,Dark Azur,PLATE 4X8
6021996,Bright Green,PLATE 4X8
6218145,Medium Nougat,PLATE 4X8
6509879,Light Nougat,"PLATE 1X1, W/ 1.5 PLATE 1X1, UPWARDS"
6234695,Black,"PLATE 1X1, W/ 1.5 PLATE 1X1, UPWARDS"
6238874,Reddish Brown,"PLATE 1X1, W/ 1.5 PLATE 1X1, UPWARDS"
6242241,White,"PLATE 1X1, W/ 1.5 PLATE 1X1, UPWARDS"
6324205,Medium Nougat,"PLATE 1X1, W/ 1.5 PLATE 1X1, UPWARDS"
6329867,Bright Yellow,"PLATE 1X1, W/ 1.5 PLATE 1X1, UPWARDS"
6462497,Earth Blue,"PLATE 1X1, W/ 1.5 PLATE 1X1, UPWARDS"
6365620,Bright Yellowish Green,"PLATE 1X1, W/ 1.5 PLATE 1X1, UPWARDS"
6225494,Dark Stone Grey,"PLATE 1X1, W/ 1.5 PLATE 1X1, UPWARDS"
6365720,Brick Yellow,"PLATE 1X1, W/ 1.5 PLATE 1X1, UPWARDS"
6390504,Sand Green,"PLATE 1X1, W/ 1.5 PLATE 1X1, UPWARDS"
6383095,Light Royal Blue,"PLATE 1X1, W/ 1.5 PLATE 1X1, UPWARDS"
6335328,Medium Stone Grey,"PLATE 1X1, W/ 1.5 PLATE 1X1, UPWARDS"
6236034,Cool Yellow,"PLATE 1X1, W/ 1.5 PLATE 1X1, UPWARDS"
6249235,Flame Yellowish Orange,"PLATE 1X1, W/ 1.5 PLATE 1X1, UPWARDS"
6493340,Dark Green,"PLATE 1X1, W/ 1.5 PLATE 1X1, UPWARDS"
6307926,Bright Blue,"PLATE 1X1, W/ 1.5 PLATE 1X1, UPWARDS"
6553406,Bright Purple,"PLATE 1X1, W/ 1.5 PLATE 1X1, UPWARDS"
6501308,Not Found,"PLATE 1X1, W/ 1.5 PLATE 1X1, UPWARDS"
6274681,New Dark Red,WALL ELEMENT 1X2X1
6226646,Medium Nougat,WALL ELEMENT 1X2X1
6146215,White,WALL ELEMENT 1X2X1
6146220,Black,WALL ELEMENT 1X2X1
6514121,Transparent,WALL ELEMENT 1X2X1
6146223,Medium Stone Grey,WALL ELEMENT 1X2X1
6246888,Transparent,WALL ELEMENT 1X2X1
6146219,Bright Yellow,WALL ELEMENT 1X2X1
6246890,Not Found,WALL ELEMENT 1X2X1
6514122,Tr. Light Blue,WALL ELEMENT 1X2X1
6491442,Not Found,WALL ELEMENT 1X2X1
6146234,Sand Yellow,WALL ELEMENT 1X2X1
6146221,Brick Yellow,WALL ELEMENT 1X2X1
6146228,Medium Azur,WALL ELEMENT 1X2X1
6146218,Bright Blue,WALL ELEMENT 1X2X1
6553404,Not Found,WALL ELEMENT 1X2X1
6146217,Bright Red,WALL ELEMENT 1X2X1
6146225,Dark Stone Grey,WALL ELEMENT 1X2X1
6504995,Not Found,WALL ELEMENT 1X2X1
6232138,Sand Yellow,PLATE 4X4 ROUND W. SNAP
6302268,Brick Yellow,PLATE 4X4 ROUND W. SNAP
6005030,Dark Brown,PLATE 4X4 ROUND W. SNAP
6102828,Medium Azur,PLATE 4X4 ROUND W. SNAP
4515347,White,PLATE 4X4 ROUND W. SNAP
4515350,Black,PLATE 4X4 ROUND W. SNAP
6353423,Dark Green,PLATE 4X4 ROUND W. SNAP
4515351,Medium Stone Grey,PLATE 4X4 ROUND W. SNAP
4515349,Bright Yellow,PLATE 4X4 ROUND W. SNAP
6134717,Medium Lavender,PLATE 4X4 ROUND W. SNAP
6115115,Flame Yellowish Orange,PLATE 4X4 ROUND W. SNAP
4581501,Bright Blue,PLATE 4X4 ROUND W. SNAP
6543502,Light Purple,PLATE 4X4 ROUND W. SNAP
6521234,Warm Gold,PLATE 4X4 ROUND W. SNAP
6226926,Bright Orange,PLATE 4X4 ROUND W. SNAP
6249240,Medium Lilac,PLATE 4X4 ROUND W. SNAP
4243819,Black,PLATE 4X4
4243797,Medium Stone Grey,PLATE 4X4
4243838,Reddish Brown,PLATE 4X4
4243812,White,PLATE 4X4
6397823,Medium Nougat,PLATE 4X4
4243824,Brick Yellow,PLATE 4X4
4243814,Bright Red,PLATE 4X4
4243821,Dark Green,PLATE 4X4
6093272,Flame Yellowish Orange,PLATE 4X4
4504850,Bright Yellowish Green,PLATE 4X4
4617799,Bright Green,PLATE 4X4
4243817,Bright Yellow,PLATE 4X4
6141594,Medium Azur,PLATE 4X4
4243831,Dark Stone Grey,PLATE 4X4
4243815,Bright Blue,PLATE 4X4
6310277,Bright Yellowish Green,ANGULAR PLATE 1.5 BOT. 1X2 2/2
6226436,Reddish Brown,ANGULAR PLATE 1.5 BOT. 1X2 2/2
4654580,Medium Stone Grey,ANGULAR PLATE 1.5 BOT. 1X2 2/2
6224472,Earth Blue,ANGULAR PLATE 1.5 BOT. 1X2 2/2
6000650,Black,ANGULAR PLATE 1.5 BOT. 1X2 2/2
6208753,Bright Yellow,ANGULAR PLATE 1.5 BOT. 1X2 2/2
6474471,Aqua,ANGULAR PLATE 1.5 BOT. 1X2 2/2
6308045,Dark Stone Grey,ANGULAR PLATE 1.5 BOT. 1X2 2/2
6001806,Bright Red,ANGULAR PLATE 1.5 BOT. 1X2 2/2
6061676,Bright Orange,ANGULAR PLATE 1.5 BOT. 1X2 2/2
6133720,Bright Blue,ANGULAR PLATE 1.5 BOT. 1X2 2/2
6097637,White,ANGULAR PLATE 1.5 BOT. 1X2 2/2
6449757,Not Found,ANGULAR PLATE 1.5 BOT. 1X2 2/2
6174925,Brick Yellow,ANGULAR PLATE 1.5 BOT. 1X2 2/2
6441006,Medium Azur,ANGULAR PLATE 1.5 BOT. 1X2 2/2
6330148,Sand Yellow,ANGULAR PLATE 1.5 BOT. 1X2 2/2
4211135,Dark Stone Grey,ROOF TILE 1X2/45°
6522217,Vibrant Yellow,ROOF TILE 1X2/45°
4619655,Medium Azur,ROOF TILE 1X2/45°
4121932,White,ROOF TILE 1X2/45°
6103405,Earth Blue,ROOF TILE 1X2/45°
6083976,Sand Green,ROOF TILE 1X2/45°
4121966,Black,ROOF TILE 1X2/45°
4121972,Brick Yellow,ROOF TILE 1X2/45°
4211614,Medium Stone Grey,ROOF TILE 1X2/45°
4530678,Not Found,ROOF TILE 1X2/45°
4121934,Bright Red,ROOF TILE 1X2/45°
4517995,Light Purple,ROOF TILE 1X2/45°
4537925,Bright Yellowish Green,ROOF TILE 1X2/45°
6036851,Dark Azur,ROOF TILE 1X2/45°
6058135,Medium Nougat,ROOF TILE 1X2/45°
4121967,Bright Orange,ROOF TILE 1X2/45°
6069259,Dark Orange,ROOF TILE 1X2/45°
4211199,Reddish Brown,ROOF TILE 1X2/45°
4121965,Not Found,ROOF TILE 1X2/45°
6300148,Bright Green,ROOF TILE 1X2/45°
6507937,Tr. Light Blue,ROOF TILE 1X2/45°
6064670,Olive Green,ROOF TILE 1X2/45°
6022005,Not Found,ROOF TILE 1X2/45°
4541526,New Dark Red,ROOF TILE 1X2/45°
6373578,Not Found,ROOF TILE 1X2/45°
6212055,Sand Blue,ROOF TILE 1X2/45°
4255624,Earth Green,ROOF TILE 1X2/45°
6208727,New Dark Red,PLATE 1X3 W/ 2 KNOBS
6343852,Dark Stone Grey,PLATE 1X3 W/ 2 KNOBS
6195371,White,PLATE 1X3 W/ 2 KNOBS
6290986,Dark Orange,PLATE 1X3 W/ 2 KNOBS
6211966,Brick Yellow,PLATE 1X3 W/ 2 KNOBS
6211969,Medium Stone Grey,PLATE 1X3 W/ 2 KNOBS
6251470,Reddish Brown,PLATE 1X3 W/ 2 KNOBS
6199908,Black,PLATE 1X3 W/ 2 KNOBS
6231513,Bright Blue,PLATE 1X3 W/ 2 KNOBS
6378110,Dark Green,PLATE 1X3 W/ 2 KNOBS
6228602,Bright Yellow,PLATE 1X3 W/ 2 KNOBS
6251410,Bright Red,PLATE 1X3 W/ 2 KNOBS
6334098,Bright Bluish Green,PLATE 1X3 W/ 2 KNOBS
6307254,Flame Yellowish Orange,PLATE 1X3 W/ 2 KNOBS
6441100,Bright Orange,PLATE 1X3 W/ 2 KNOBS
6292145,Medium Nougat,PLATE 1X3 W/ 2 KNOBS
6584879,Not Found,PLATE 1X3 W/ 2 KNOBS
6465291,Medium Azur,PLATE 1X3 W/ 2 KNOBS
6161772,Bright Green,SHAFT 3M Ø3.2
6428803,White,SHAFT 3M Ø3.2
6093527,Medium Stone Grey,SHAFT 3M Ø3.2
6075208,Not Found,SHAFT 3M Ø3.2
6428805,Reddish Brown,SHAFT 3M Ø3.2
6093529,Warm Gold,SHAFT 3M Ø3.2
6310596,Dark Stone Grey,SHAFT 3M Ø3.2
6093525,Black,SHAFT 3M Ø3.2
6525789,Earth Green,SHAFT 3M Ø3.2
6199910,Dark Brown,SHAFT 3M Ø3.2
6443062,Brick Yellow,SHAFT 3M Ø3.2
6093526,Not Found,SHAFT 3M Ø3.2
6345634,Bright Blue,SHAFT 3M Ø3.2
6382575,Not Found,"HANDLE, NO. 1"
6510190,Dark Green,"HANDLE, NO. 1"
6510194,Not Found,"HANDLE, NO. 1"
6510192,Medium Nougat,"HANDLE, NO. 1"
6510189,Medium Stone Grey,"HANDLE, NO. 1"
6400315,Not Found,"HANDLE, NO. 1"
6510193,Black,"HANDLE, NO. 1"
6510188,Transparent,"HANDLE, NO. 1"
6285587,Not Found,"HANDLE, NO. 1"
6326748,Not Found,"HANDLE, NO. 1"
6391515,Not Found,"HANDLE, NO. 1"
6510191,Earth Blue,"HANDLE, NO. 1"
6357680,White,SHAFT 2M DIA. 3.2 W/ STOP
6451002,Reddish Brown,SHAFT 2M DIA. 3.2 W/ STOP
6447501,Brick Yellow,SHAFT 2M DIA. 3.2 W/ STOP
6350724,Dark Stone Grey,SHAFT 2M DIA. 3.2 W/ STOP
6371584,Black,SHAFT 2M DIA. 3.2 W/ STOP
6399645,Bright Red,SHAFT 2M DIA. 3.2 W/ STOP
6596496,Not Found,SHAFT 2M DIA. 3.2 W/ STOP
6546184,Sand Green,SHAFT 2M DIA. 3.2 W/ STOP
6436419,Medium Stone Grey,SHAFT 2M DIA. 3.2 W/ STOP
6510070,Medium Stone Grey,"TILE 1X2, W/ 1/2 CIRCLE"
6516544,Bright Red,"TILE 1X2, W/ 1/2 CIRCLE"
6510078,Dark Stone Grey,"TILE 1X2, W/ 1/2 CIRCLE"
6510068,White,"TILE 1X2, W/ 1/2 CIRCLE"
6510071,Black,"TILE 1X2, W/ 1/2 CIRCLE"
6510072,Medium Nougat,"TILE 1X2, W/ 1/2 CIRCLE"
6408629,Medium Stone Grey,"TILE 1X2, W/ 1/2 CIRCLE"
6510073,Transparent,"TILE 1X2, W/ 1/2 CIRCLE"
6510069,Brick Yellow,"TILE 1X2, W/ 1/2 CIRCLE"
6408047,Not Found,"TILE 1X2, W/ 1/2 CIRCLE"
6587510,Light Royal Blue,"TILE 1X2, W/ 1/2 CIRCLE"
6529298,Bright Purple,"TILE 1X2, W/ 1/2 CIRCLE"
6527809,Bright Yellow,"TILE 1X2, W/ 1/2 CIRCLE"
6513772,Flame Yellowish Orange,"TILE 1X2, W/ 1/2 CIRCLE"
6400114,White,"TILE 1X2, W/ 1/2 CIRCLE"
6420852,Not Found,"TILE 1X2, W/ 1/2 CIRCLE"
6510074,Medium Azur,"TILE 1X2, W/ 1/2 CIRCLE"
6510077,Bright Orange,"TILE 1X2, W/ 1/2 CIRCLE"
6536989,Bright Green,"TILE 1X2, W/ 1/2 CIRCLE"
6599817,Blue Violet,"TILE 1X2, W/ 1/2 CIRCLE"
6510076,Nougat,"TILE 1X2, W/ 1/2 CIRCLE"
6542399,Light Purple,"TILE 1X2, W/ 1/2 CIRCLE"
6440958,Not Found,"TILE 1X2, W/ 1/2 CIRCLE"
4109674,Dark Green,BRICK 2X3
4211105,Dark Stone Grey,BRICK 2X3
300226,Black,BRICK 2X3
4159739,Brick Yellow,BRICK 2X3
300201,White,BRICK 2X3
4216668,Reddish Brown,BRICK 2X3
4211386,Medium Stone Grey,BRICK 2X3
300223,Bright Blue,BRICK 2X3
300224,Bright Yellow,BRICK 2X3
4220631,Bright Yellowish Green,BRICK 2X3
300221,Bright Red,BRICK 2X3
6143708,Bright Purple,BRICK 2X3
4518892,Light Purple,BRICK 2X3
6536259,Dark Orange,BRICK 2X3
6366705,Medium Lilac,BRICK 2X3
6030276,Bright Yellowish Green,ROOF TILE 1X2 INV.
6467785,Vibrant Coral,ROOF TILE 1X2 INV.
4211222,Reddish Brown,ROOF TILE 1X2 INV.
4590811,New Dark Red,ROOF TILE 1X2 INV.
6097498,Earth Blue,ROOF TILE 1X2 INV.
4211437,Medium Stone Grey,ROOF TILE 1X2 INV.
366526,Black,ROOF TILE 1X2 INV.
6070769,Medium Azur,ROOF TILE 1X2 INV.
4159196,Brick Yellow,ROOF TILE 1X2 INV.
6306030,Aqua,ROOF TILE 1X2 INV.
366521,Bright Red,ROOF TILE 1X2 INV.
4616279,Not Found,ROOF TILE 1X2 INV.
366501,White,ROOF TILE 1X2 INV.
366524,Bright Yellow,ROOF TILE 1X2 INV.
4211096,Dark Stone Grey,ROOF TILE 1X2 INV.
366523,Bright Blue,ROOF TILE 1X2 INV.
6328953,Not Found,ROOF TILE 1X2 INV.
6136455,Flame Yellowish Orange,ROOF TILE 1X2 INV.
6298469,Dark Azur,ROOF TILE 1X2 INV.
6121959,Sand Yellow,ROOF TILE 1X2 INV.
6326078,Medium Stone Grey,PLATE 1X2 W. VERTICAL GRIP
6347309,White,PLATE 1X2 W. VERTICAL GRIP
6360077,Bright Yellow,PLATE 1X2 W. VERTICAL GRIP
6347310,Black,PLATE 1X2 W. VERTICAL GRIP
6347304,Medium Nougat,PLATE 1X2 W. VERTICAL GRIP
6467800,Bright Bluish Green,PLATE 1X2 W. VERTICAL GRIP
6537693,Bright Blue,PLATE 1X2 W. VERTICAL GRIP
6344754,Dark Stone Grey,PLATE 1X2 W. VERTICAL GRIP
4222017,White,PLATE 1X2 W. STICK 3.18
6236915,Reddish Brown,PLATE 1X2 W. STICK 3.18
4225201,Black,PLATE 1X2 W. STICK 3.18
4585493,Warm Gold,PLATE 1X2 W. STICK 3.18
4501232,Bright Yellow,PLATE 1X2 W. STICK 3.18
4521931,Dark Green,PLATE 1X2 W. STICK 3.18
6210775,Bright Bluish Green,PLATE 1X2 W. STICK 3.18
6468361,Reddish Orange,PLATE 1X2 W. STICK 3.18
4217562,Brick Yellow,PLATE 1X2 W. STICK 3.18
4244627,Medium Stone Grey,PLATE 1X2 W. STICK 3.18
6424277,Medium Nougat,PLATE 1X2 W. STICK 3.18
6236582,Medium Azur,PLATE 1X2 W. STICK 3.18
6146321,Dark Stone Grey,PLATE 1X2 W. STICK 3.18
4226876,Bright Red,PLATE 1X2 W. STICK 3.18
6357616,Sand Green,PLATE 1X1 ROUND W/ HORIZONTAL 3.2 SHAFT
6306775,Reddish Brown,PLATE 1X1 ROUND W/ HORIZONTAL 3.2 SHAFT
6449593,White,PLATE 1X1 ROUND W/ HORIZONTAL 3.2 SHAFT
6388118,Dark Stone Grey,PLATE 1X1 ROUND W/ HORIZONTAL 3.2 SHAFT
6196548,Black,PLATE 1X1 ROUND W/ HORIZONTAL 3.2 SHAFT
6384112,Bright Red,PLATE 1X1 ROUND W/ HORIZONTAL 3.2 SHAFT
6227897,Medium Stone Grey,PLATE 1X1 ROUND W/ HORIZONTAL 3.2 SHAFT
6335111,Warm Gold,PLATE 1X1 ROUND W/ HORIZONTAL 3.2 SHAFT
6286492,Brick Yellow,PLATE 1X1 ROUND W/ HORIZONTAL 3.2 SHAFT
6392974,Earth Green,PLATE 1X1 ROUND W/ HORIZONTAL 3.2 SHAFT
6395635,Dark Stone Grey,4.85 BUSH FRICTION W/ KNOB
6378120,Bright Red,4.85 BUSH FRICTION W/ KNOB
6523868,Light Royal Blue,"BRICK 1X2, OUTSIDE HALF BOW"
6252037,Bright Red,"BRICK 1X2, OUTSIDE HALF BOW"
6248827,White,"BRICK 1X2, OUTSIDE HALF BOW"
6261293,Vibrant Coral,"BRICK 1X2, OUTSIDE HALF BOW"
6310290,Bright Yellowish Green,"BRICK 1X2, OUTSIDE HALF BOW"
6236578,Medium Azur,"BRICK 1X2, OUTSIDE HALF BOW"
6227184,Medium Stone Grey,"BRICK 1X2, OUTSIDE HALF BOW"
6334836,Flame Yellowish Orange,"BRICK 1X2, OUTSIDE HALF BOW"
6275732,Black,"BRICK 1X2, OUTSIDE HALF BOW"
6311210,Reddish Brown,"BRICK 1X2, OUTSIDE HALF BOW"
6314374,Light Purple,"BRICK 1X2, OUTSIDE HALF BOW"
6254306,Dark Azur,"BRICK 1X2, OUTSIDE HALF BOW"
6591779,Spring Yellowish Green,"BRICK 1X2, OUTSIDE HALF BOW"
6391523,Brick Yellow,"BRICK 1X2, OUTSIDE HALF BOW"
6297284,Bright Yellow,"BRICK 1X2, OUTSIDE HALF BOW"
6384915,Earth Blue,"BRICK 1X2, OUTSIDE HALF BOW"
6236575,Aqua,"BRICK 1X2, OUTSIDE HALF BOW"
6296494,Cool Yellow,"BRICK 1X2, OUTSIDE HALF BOW"
6290532,Bright Blue,"BRICK 1X2, OUTSIDE HALF BOW"
6447620,Medium Lavender,"BRICK 1X2, OUTSIDE HALF BOW"
6385785,Bright Orange,"BRICK 1X2, OUTSIDE HALF BOW"
6334102,Medium Nougat,"BRICK 1X2, OUTSIDE HALF BOW"
6526022,Earth Green,"BRICK 1X2, OUTSIDE HALF BOW"
6264050,Medium Lilac,"BRICK 1X2, OUTSIDE HALF BOW"
447721,Bright Red,PLATE 1X10
4257526,Dark Stone Grey,PLATE 1X10
447726,Black,PLATE 1X10
6200663,Earth Blue,PLATE 1X10
447701,White,PLATE 1X10
4143409,Brick Yellow,PLATE 1X10
6232137,Sand Yellow,PLATE 1X10
6381913,Bright Yellowish Green,PLATE 1X10
4223683,Reddish Brown,PLATE 1X10
4251149,Medium Stone Grey,PLATE 1X10
6151666,Dark Azur,PLATE 1X10
447723,Bright Blue,PLATE 1X10
6423273,Medium Azur,PLATE 1X10
6377930,Vibrant Yellow,PLATE 1X10
6079138,Bright Yellow,PLATE 1X10
6037995,New Dark Red,PLATE 1X10
6328184,Sand Green,PLATE 1X10
383228,Dark Green,PLATE 2X10
6151720,Bright Yellowish Green,PLATE 2X10
4210678,Dark Stone Grey,PLATE 2X10
383226,Black,PLATE 2X10
4249019,Brick Yellow,PLATE 2X10
4211462,Medium Stone Grey,PLATE 2X10
4211214,Reddish Brown,PLATE 2X10
383201,White,PLATE 2X10
383221,Bright Red,PLATE 2X10
6264183,Bright Orange,PLATE 2X10
6355730,Aqua,PLATE 2X10
383223,Bright Blue,PLATE 2X10
6572517,Vibrant Coral,PLATE 2X10
383224,Bright Yellow,PLATE 2X10
6351327,Dark Orange,PLATE 2X10
6522352,Sand Yellow,PLATE 2X10
4644456,Black,PALISADE BRICK 1X2
4211180,Reddish Brown,PALISADE BRICK 1X2
6059185,White,PALISADE BRICK 1X2
4211095,Dark Stone Grey,PALISADE BRICK 1X2
4550325,Medium Stone Grey,PALISADE BRICK 1X2
4519970,Dark Brown,PALISADE BRICK 1X2
4218749,Brick Yellow,PALISADE BRICK 1X2
4651231,Medium Nougat,PALISADE BRICK 1X2
4666352,Dark Orange,PALISADE BRICK 1X2
6325980,Bright Bluish Green,PALISADE BRICK 1X2
4520257,Sand Yellow,PALISADE BRICK 1X2
6102975,Reddish Brown,PLATE 1X2 W/SHAFT Ø3.2
6135607,Sand Yellow,PLATE 1X2 W/SHAFT Ø3.2
4515364,White,PLATE 1X2 W/SHAFT Ø3.2
4515368,Black,PLATE 1X2 W/SHAFT Ø3.2
6133859,Bright Yellowish Green,PLATE 1X2 W/SHAFT Ø3.2
4515369,Medium Stone Grey,PLATE 1X2 W/SHAFT Ø3.2
6073890,Bright Blue,PLATE 1X2 W/SHAFT Ø3.2
6295286,Bright Bluish Green,PLATE 1X2 W/SHAFT Ø3.2
4515367,Bright Yellow,PLATE 1X2 W/SHAFT Ø3.2
6477977,Dark Orange,PLATE 1X2 W/SHAFT Ø3.2
4521187,Dark Stone Grey,PLATE 1X2 W/SHAFT Ø3.2
6228839,Dark Orange,PLATE 1X2 WITH SLIDE
4249563,White,PLATE 1X2 WITH SLIDE
4107761,Black,PLATE 1X2 WITH SLIDE
4645103,Reddish Brown,PLATE 1X2 WITH SLIDE
4543086,Dark Stone Grey,PLATE 1X2 WITH SLIDE
4211568,Medium Stone Grey,PLATE 1X2 WITH SLIDE
6021787,Bright Orange,PLATE 1X2 WITH SLIDE
4612575,Bright Red,PLATE 1X2 WITH SLIDE
6441762,Bright Bluish Green,PLATE 1X2 WITH SLIDE
6363600,Earth Blue,PLATE 1X2 WITH SLIDE
4160483,Brick Yellow,PLATE 1X2 WITH SLIDE
4141630,Bright Yellow,PLATE 1X2 WITH SLIDE
6296519,Cool Yellow,PLATE 1X2 WITH SLIDE
6132264,Silver Metallic,PLATE 1X2 WITH SLIDE
6179330,Bright Blue,PLATE 1X2 WITH SLIDE
4272665,Dark Green,PLATE 1X2 WITH SLIDE
6186005,New Dark Red,PLATE 1X2 WITH SLIDE
6338242,Warm Gold,PLATE 1X2 WITH SLIDE
6473440,Not Found,BRICK 1X1X3
6061702,Medium Stone Grey,BRICK 1X1X3
6061700,Bright Red,BRICK 1X1X3
6055541,White,BRICK 1X1X3
6177699,Reddish Brown,BRICK 1X1X3
6057517,Brick Yellow,BRICK 1X1X3
6149781,Medium Azur,BRICK 1X1X3
6397875,Dark Orange,BRICK 1X1X3
6378362,Medium Nougat,BRICK 1X1X3
6253939,Cool Yellow,BRICK 1X1X3
6560995,Bright Yellow,BRICK 1X1X3
6469934,Bright Blue,BRICK 1X1X3
6420725,Dark Azur,BRICK 1X1X3
6065496,Black,BRICK 1X1X3
4211476,Medium Stone Grey,ANGULAR BRICK 1X1
407026,Black,ANGULAR BRICK 1X1
6426347,Light Nougat,ANGULAR BRICK 1X1
407001,White,ANGULAR BRICK 1X1
407023,Bright Blue,ANGULAR BRICK 1X1
4211044,Dark Stone Grey,ANGULAR BRICK 1X1
4225469,Reddish Brown,ANGULAR BRICK 1X1
6273590,Sand Yellow,ANGULAR BRICK 1X1
407024,Bright Yellow,ANGULAR BRICK 1X1
6514231,Transparent,ANGULAR BRICK 1X1
4539092,New Dark Red,ANGULAR BRICK 1X1
6244796,Transparent,ANGULAR BRICK 1X1
4118793,Brick Yellow,ANGULAR BRICK 1X1
407021,Bright Red,ANGULAR BRICK 1X1
6345712,Dark Azur,ANGULAR BRICK 1X1
6315194,Bright Yellowish Green,ANGULAR BRICK 1X1
6387434,Light Royal Blue,ANGULAR BRICK 1X1
6314376,Bright Green,ANGULAR BRICK 1X1
4187334,Dark Green,ANGULAR BRICK 1X1
6532421,Not Found,ANGULAR BRICK 1X1
6330191,White,PLATE 1X1 W. HOLDER
6330189,Black,PLATE 1X1 W. HOLDER
6352222,Brick Yellow,PLATE 1X1 W. HOLDER
6337003,Reddish Brown,PLATE 1X1 W. HOLDER
6546050,Bright Purple,PLATE 1X1 W. HOLDER
6348065,Bright Yellow,PLATE 1X1 W. HOLDER
6352221,Bright Blue,PLATE 1X1 W. HOLDER
6586089,Bright Bluish Green,PLATE 1X1 W. HOLDER
6337002,Bright Red,PLATE 1X1 W. HOLDER
6352226,Not Found,PLATE 1X1 W. HOLDER
6352223,Bright Orange,PLATE 1X1 W. HOLDER
6533509,Bright Yellowish Green,PLATE 1X1 W. HOLDER
6340735,Dark Orange,PLATE 1X1 W. HOLDER
6489813,Sand Green,ANGLE PLATE 1X2 / 2X2
6117940,White,ANGLE PLATE 1X2 / 2X2
6224778,Earth Blue,ANGLE PLATE 1X2 / 2X2
6117967,Medium Stone Grey,ANGLE PLATE 1X2 / 2X2
6117938,Bright Yellow,ANGLE PLATE 1X2 / 2X2
6117975,Brick Yellow,ANGLE PLATE 1X2 / 2X2
6117968,Bright Blue,ANGLE PLATE 1X2 / 2X2
6117969,Bright Orange,ANGLE PLATE 1X2 / 2X2
6212972,Bright Yellowish Green,ANGLE PLATE 1X2 / 2X2
6134634,Flame Yellowish Orange,ANGLE PLATE 1X2 / 2X2
6117971,Dark Green,ANGLE PLATE 1X2 / 2X2
6429966,Bright Bluish Green,ANGLE PLATE 1X2 / 2X2
6490206,Not Found,ANGLE PLATE 1X2 / 2X2
6117973,Black,ANGLE PLATE 1X2 / 2X2
6275485,Sand Yellow,ANGLE PLATE 1X2 / 2X2
6117974,Not Found,ANGLE PLATE 1X2 / 2X2
6117972,Dark Stone Grey,ANGLE PLATE 1X2 / 2X2
6267486,New Dark Red,ANGLE PLATE 1X2 / 2X2
6334093,Medium Lilac,ANGLE PLATE 1X2 / 2X2
6065824,Medium Stone Grey,FLAT TILE CORNER 1X2X2
6221608,Reddish Brown,FLAT TILE CORNER 1X2X2
6173057,Brick Yellow,FLAT TILE CORNER 1X2X2
6133722,Black,FLAT TILE CORNER 1X2X2
6398654,Sand Yellow,FLAT TILE CORNER 1X2X2
6058329,White,FLAT TILE CORNER 1X2X2
6247784,Dark Stone Grey,FLAT TILE CORNER 1X2X2
6078641,Bright Red,FLAT TILE CORNER 1X2X2
6349274,Medium Nougat,FLAT TILE CORNER 1X2X2
6167572,Medium Blue,FLAT TILE CORNER 1X2X2
6308099,Bright Yellow,FLAT TILE CORNER 1X2X2
6341393,Dark Orange,FLAT TILE CORNER 1X2X2
6103392,Earth Blue,FLAT TILE CORNER 1X2X2
6129747,Bright Blue,FLAT TILE CORNER 1X2X2
6389818,Vibrant Yellow,FLAT TILE CORNER 1X2X2
6374487,Flame Yellowish Orange,"BRICK 1X1X1 1/3, W/ ARCH"
6285778,Medium Stone Grey,"BRICK 1X1X1 1/3, W/ ARCH"
6335567,Reddish Brown,"BRICK 1X1X1 1/3, W/ ARCH"
6184784,Black,"BRICK 1X1X1 1/3, W/ ARCH"
6285777,White,"BRICK 1X1X1 1/3, W/ ARCH"
6360296,Medium Nougat,"BRICK 1X1X1 1/3, W/ ARCH"
6411362,Not Found,"BRICK 1X1X1 1/3, W/ ARCH"
6411361,Aqua,"BRICK 1X1X1 1/3, W/ ARCH"
6411328,Bright Yellowish Green,"BRICK 1X1X1 1/3, W/ ARCH"
6411359,Medium Lavender,"BRICK 1X1X1 1/3, W/ ARCH"
6411329,Brick Yellow,"BRICK 1X1X1 1/3, W/ ARCH"
6184782,Not Found,"BRICK 1X1X1 1/3, W/ ARCH"
6361082,Bright Yellow,"BRICK 1X1X1 1/3, W/ ARCH"
6411327,Dark Stone Grey,"BRICK 1X1X1 1/3, W/ ARCH"
6184801,Bright Purple,"BRICK 1X1X1 1/3, W/ ARCH"
6411397,Not Found,"BRICK 1X1X1 1/3, W/ ARCH"
6399564,Bright Bluish Green,"BRICK 1X1X1 1/3, W/ ARCH"
6471115,Not Found,"BRICK 1X1X1 1/3, W/ ARCH"
6347945,Bright Blue,"BRICK 1X1X1 1/3, W/ ARCH"
6186021,Dark Orange,"BRICK 1X1X1 1/3, W/ ARCH"
6411366,Dark Azur,"BRICK 1X1X1 1/3, W/ ARCH"
6335566,Medium Azur,"BRICK 1X1X1 1/3, W/ ARCH"
6411365,Medium Lilac,"BRICK 1X1X1 1/3, W/ ARCH"
6350415,Black,PLATE 1X5
6351905,Brick Yellow,PLATE 1X5
6350399,White,PLATE 1X5
6343854,Medium Nougat,PLATE 1X5
6413109,Dark Stone Grey,PLATE 1X5
6371582,Bright Red,PLATE 1X5
6372029,Medium Stone Grey,PLATE 1X5
6501668,Bright Yellow,PLATE 1X5
6328131,Sand Green,"BRICK 1X1X1 2/3, W/ VERT. KNOBS"
6253883,Earth Blue,"BRICK 1X1X1 2/3, W/ VERT. KNOBS"
6201911,Reddish Brown,"BRICK 1X1X1 2/3, W/ VERT. KNOBS"
6228987,Black,"BRICK 1X1X1 2/3, W/ VERT. KNOBS"
6218841,White,"BRICK 1X1X1 2/3, W/ VERT. KNOBS"
6232135,Brick Yellow,"BRICK 1X1X1 2/3, W/ VERT. KNOBS"
6225242,Medium Stone Grey,"BRICK 1X1X1 2/3, W/ VERT. KNOBS"
6228923,Dark Stone Grey,"BRICK 1X1X1 2/3, W/ VERT. KNOBS"
6441826,Bright Yellow,"BRICK 1X1X1 2/3, W/ VERT. KNOBS"
6187620,Bright Red,"BRICK 1X1X1 2/3, W/ VERT. KNOBS"
6439825,Bright Bluish Green,"BRICK 1X1X1 2/3, W/ VERT. KNOBS"
6290531,Bright Blue,"BRICK 1X1X1 2/3, W/ VERT. KNOBS"
6261640,Bright Orange,"BRICK 1X1X1 2/3, W/ VERT. KNOBS"
6430416,Cool Yellow,"BRICK 1X1X1 2/3, W/ VERT. KNOBS"
6356101,Not Found,"BRICK 1X1X1 2/3, W/ VERT. KNOBS"
6422082,Medium Nougat,"BRICK 1X1X1 2/3, W/ VERT. KNOBS"
6465292,Medium Azur,"BRICK 1X1X1 2/3, W/ VERT. KNOBS"
6311108,New Dark Red,"BRICK 1X1X1 2/3, W/ VERT. KNOBS"
6517009,Medium Lilac,"BRICK 1X1X1 2/3, W/ VERT. KNOBS"
6217876,Medium Stone Grey,"TILE 2X2, W/ DEG. 45 CUT"
6217875,White,"TILE 2X2, W/ DEG. 45 CUT"
6273865,Reddish Brown,"TILE 2X2, W/ DEG. 45 CUT"
6445925,Medium Nougat,"TILE 2X2, W/ DEG. 45 CUT"
6314477,Brick Yellow,"TILE 2X2, W/ DEG. 45 CUT"
6334128,Not Found,"TILE 2X2, W/ DEG. 45 CUT"
6214808,Earth Blue,"TILE 2X2, W/ DEG. 45 CUT"
6329868,Bright Yellow,"TILE 2X2, W/ DEG. 45 CUT"
6369497,Dark Azur,"TILE 2X2, W/ DEG. 45 CUT"
6214807,Black,"TILE 2X2, W/ DEG. 45 CUT"
6351892,Bright Red,"TILE 2X2, W/ DEG. 45 CUT"
6347670,Medium Azur,"TILE 2X2, W/ DEG. 45 CUT"
6473177,Bright Blue,"TILE 2X2, W/ DEG. 45 CUT"
6385265,Dark Green,"TILE 2X2, W/ DEG. 45 CUT"
6390053,Not Found,"TILE 2X2, W/ DEG. 45 CUT"
6425975,Vibrant Yellow,"TILE 2X2, W/ DEG. 45 CUT"
6247209,Bright Yellowish Green,"TILE 2X2, W/ DEG. 45 CUT"
6346092,Bright Orange,"TILE 2X2, W/ DEG. 45 CUT"
6424624,Medium Lilac,"TILE 2X2, W/ DEG. 45 CUT"
6424622,Not Found,"TILE 2X2, W/ DEG. 45 CUT"
6532058,Light Purple,"TILE 2X2, W/ DEG. 45 CUT"
6561162,Bright Purple,"TILE 2X2, W/ DEG. 45 CUT"
6595205,Earth Blue,BRICK 1X1X5
4226966,Reddish Brown,BRICK 1X1X5
4112980,Brick Yellow,BRICK 1X1X5
245301,White,BRICK 1X1X5
4212410,Bright Red,BRICK 1X1X5
6099351,Lavender,BRICK 1X1X5
4211362,Medium Stone Grey,BRICK 1X1X5
6478829,Spring Yellowish Green,BRICK 1X1X5
6298819,Not Found,BRICK 1X1X5
4566308,Black,BRICK 1X1X5
6377003,Bright Yellowish Green,BRICK 1X1X5
6339311,Medium Nougat,BRICK 1X1X5
6208446,Silver Metallic,GOLD INGOT
6331866,Dark Stone Grey,GOLD INGOT
6261744,Reddish Brown,GOLD INGOT
6210076,White,GOLD INGOT
6394880,Bright Red,GOLD INGOT
6134378,Medium Stone Grey,GOLD INGOT
6149656,Bright Orange,GOLD INGOT
6156991,Black,GOLD INGOT
6394865,Medium Lilac,GOLD INGOT
6331867,Earth Green,GOLD INGOT
6391344,Bright Bluish Green,GOLD INGOT
6207933,Warm Gold,GOLD INGOT
6372479,Sand Blue,GOLD INGOT
6236454,Flame Yellowish Orange,GOLD INGOT
6437958,Bright Yellow,GOLD INGOT
6313124,Reddish Brown,PLATE 1X2 W. 1 HORIZONTAL SNAP
6313114,Medium Stone Grey,PLATE 1X2 W. 1 HORIZONTAL SNAP
6313116,Black,PLATE 1X2 W. 1 HORIZONTAL SNAP
6313115,White,PLATE 1X2 W. 1 HORIZONTAL SNAP
6313129,Dark Orange,PLATE 1X2 W. 1 HORIZONTAL SNAP
6360056,Medium Azur,PLATE 1X2 W. 1 HORIZONTAL SNAP
6313120,Bright Red,PLATE 1X2 W. 1 HORIZONTAL SNAP
6313131,Not Found,PLATE 1X2 W. 1 HORIZONTAL SNAP
6313117,Bright Reddish Violet,PLATE 1X2 W. 1 HORIZONTAL SNAP
6313118,Not Found,PLATE 1X2 W. 1 HORIZONTAL SNAP
6334046,Bright Yellowish Green,PLATE 1X2 W. 1 HORIZONTAL SNAP
6313121,Bright Yellow,PLATE 1X2 W. 1 HORIZONTAL SNAP
6437704,Light Purple,PLATE 1X2 W. 1 HORIZONTAL SNAP
6313119,Brick Yellow,PLATE 1X2 W. 1 HORIZONTAL SNAP
6384219,Flame Yellowish Orange,PLATE 1X2 W. 1 HORIZONTAL SNAP
6328327,Bright Green,"CANDLE, NO. 1"
6290456,Black,"CANDLE, NO. 1"
6234807,White,"CANDLE, NO. 1"
6290401,Warm Gold,"CANDLE, NO. 1"
6388120,Dark Stone Grey,"CANDLE, NO. 1"
6348148,Bright Red,"CANDLE, NO. 1"
6422088,Reddish Brown,"CANDLE, NO. 1"
6300321,Sand Yellow,"CANDLE, NO. 1"
6436421,Medium Stone Grey,"CANDLE, NO. 1"
6336564,Silver Metallic,"CANDLE, NO. 1"
6548934,Medium Nougat,"CANDLE, NO. 1"
4211219,Reddish Brown,CLAMP 1X2
243226,Black,CLAMP 1X2
243221,Bright Red,CLAMP 1X2
6021208,Brick Yellow,CLAMP 1X2
6209772,Not Found,CLAMP 1X2
243201,White,CLAMP 1X2
6253318,Bright Orange,CLAMP 1X2
4211357,Medium Stone Grey,CLAMP 1X2
243223,Bright Blue,CLAMP 1X2
243224,Bright Yellow,CLAMP 1X2
4211039,Dark Stone Grey,CLAMP 1X2
6158368,Not Found,CLAMP 1X2
4263776,Reddish Brown,BRICK 1X8
300826,Black,BRICK 1X8
300824,Bright Yellow,BRICK 1X8
4211392,Medium Stone Grey,BRICK 1X8
4159774,Brick Yellow,BRICK 1X8
300801,White,BRICK 1X8
300821,Bright Red,BRICK 1X8
6396749,Medium Nougat,BRICK 1X8
6289133,Not Found,BRICK 1X8
4211099,Dark Stone Grey,BRICK 1X8
4211474,Medium Stone Grey,PLATE 6X6
4144012,White,PLATE 6X6
4530712,Sand Yellow,PLATE 6X6
4199519,Bright Blue,PLATE 6X6
4217848,Reddish Brown,PLATE 6X6
4125217,Brick Yellow,PLATE 6X6
395826,Black,PLATE 6X6
6097194,Dark Green,PLATE 6X6
4525858,Bright Yellowish Green,PLATE 6X6
6351288,Medium Nougat,PLATE 6X6
6426669,Medium Lilac,PLATE 6X6
6211361,Not Found,PLATE 6X6
6004650,Not Found,PLATE 6X6
4211134,Dark Stone Grey,PLATE 6X6
6251830,Not Found,PLATE 6X6
6381912,Medium Azur,PLATE 6X6
4144302,Bright Red,PLATE 6X6
6186830,Not Found,PLATE 6X6
6527653,Not Found,BRICK 2X6
4181138,Not Found,BRICK 2X6
4211795,Medium Stone Grey,BRICK 2X6
4181142,White,BRICK 2X6
4181134,Brick Yellow,BRICK 2X6
4216615,Reddish Brown,BRICK 2X6
4181135,Dark Green,BRICK 2X6
6422924,Bright Yellowish Green,BRICK 2X6
6350413,Medium Nougat,BRICK 2X6
6022000,Not Found,BRICK 2X6
4181144,Black,BRICK 2X6
4181139,Bright Blue,BRICK 2X6
4181143,Bright Yellow,BRICK 2X6
6422922,Not Found,BRICK 2X6
6382506,Bright Orange,BRICK 2X6
6147004,Not Found,BRICK 2X6
6089268,New Dark Red,BRICK 2X6
4210875,Dark Stone Grey,BRICK 2X6
4251796,Sand Yellow,PLATE 6X8
303626,Black,PLATE 6X8
6070501,Brick Yellow,PLATE 6X8
4211408,Medium Stone Grey,PLATE 6X8
303623,Bright Blue,PLATE 6X8
303621,Bright Red,PLATE 6X8
4210794,Dark Stone Grey,PLATE 6X8
6340684,Not Found,PLATE 6X8
6100914,Not Found,PLATE 6X8
6097036,Medium Azur,PLATE 6X8
303601,White,PLATE 6X8
6469524,Not Found,PLATE 6X8
6397821,Medium Nougat,PLATE 6X8
4507311,Dark Green,PLATE 6X8
6424454,Bright Orange,PLATE 6X8
6170487,Bright Red,STICK 6M W/FLANGE
6170468,Reddish Brown,STICK 6M W/FLANGE
6423952,Bright Green,STICK 6M W/FLANGE
6254772,Sand Yellow,STICK 6M W/FLANGE
6254770,Brick Yellow,STICK 6M W/FLANGE
6170421,Black,STICK 6M W/FLANGE
6170470,Warm Gold,STICK 6M W/FLANGE
6474602,Sand Green,STICK 6M W/FLANGE
6170419,White,STICK 6M W/FLANGE
6170418,Medium Stone Grey,STICK 6M W/FLANGE
6472965,Bright Orange,STICK 6M W/FLANGE
4211564,Medium Stone Grey,BRICK 1X2X2
4113261,White,BRICK 1X2X2
6212084,New Dark Red,BRICK 1X2X2
4143832,Bright Red,BRICK 1X2X2
6172808,Reddish Brown,BRICK 1X2X2
4121625,Bright Yellow,BRICK 1X2X2
6078590,Bright Orange,BRICK 1X2X2
6401021,Medium Nougat,BRICK 1X2X2
4618852,Black,BRICK 1X2X2
6576806,Medium Azur,BRICK 1X2X2
4159279,Brick Yellow,BRICK 1X2X2
6133724,Not Found,BRICK 1X2X2
6428472,Bright Bluish Green,BRICK 1X2X2
4210978,Dark Stone Grey,BRICK 1X2X2
6174411,Not Found,BRICK 1X2X2
6116613,Reddish Brown,LIGHT SWORD - BLADE
6147169,Warm Gold,LIGHT SWORD - BLADE
6378143,Dark Stone Grey,LIGHT SWORD - BLADE
6116604,Black,LIGHT SWORD - BLADE
6327442,Bright Yellowish Green,LIGHT SWORD - BLADE
6116614,Brick Yellow,LIGHT SWORD - BLADE
6116602,White,LIGHT SWORD - BLADE
6116608,Medium Stone Grey,LIGHT SWORD - BLADE
6507886,Not Found,LIGHT SWORD - BLADE
6116606,Bright Yellow,LIGHT SWORD - BLADE
6507883,Tr.bright Bluish Violet,LIGHT SWORD - BLADE
6507885,Tr.medium Reddish Violet,LIGHT SWORD - BLADE
6507882,Tr. Light Blue,LIGHT SWORD - BLADE
6494202,Bright Orange,LIGHT SWORD - BLADE
6584851,Dark Azur,LIGHT SWORD - BLADE
6039176,Dark Stone Grey,PLATE 3X3
6104805,White,PLATE 3X3
6174917,Black,PLATE 3X3
6497747,Reddish Brown,PLATE 3X3
6115031,Brick Yellow,PLATE 3X3
6408049,Not Found,PLATE 3X3
6015347,Medium Stone Grey,PLATE 3X3
6217123,Bright Red,PLATE 3X3
6135597,Earth Blue,PLATE 3X3
6307275,Bright Blue,PLATE 3X3
6493285,Bright Orange,PLATE 3X3
6490183,Not Found,PLATE 3X3
6253285,Earth Green,PLATE 3X3
6253139,Dark Green,PLATE 3X3
4206482,Bright Blue,CONN.BUSH W.FRIC./CROSSALE
6470170,Reddish Brown,PLATE 2X2X2/3 W/ 2. HOR. KNOB
6470177,Sand Green,PLATE 2X2X2/3 W/ 2. HOR. KNOB
6469441,White,PLATE 2X2X2/3 W/ 2. HOR. KNOB
6469440,Medium Stone Grey,PLATE 2X2X2/3 W/ 2. HOR. KNOB
6469445,Black,PLATE 2X2X2/3 W/ 2. HOR. KNOB
6469454,Brick Yellow,PLATE 2X2X2/3 W/ 2. HOR. KNOB
6469446,Bright Red,PLATE 2X2X2/3 W/ 2. HOR. KNOB
6470179,Bright Yellowish Green,PLATE 2X2X2/3 W/ 2. HOR. KNOB
6470182,Aqua,PLATE 2X2X2/3 W/ 2. HOR. KNOB
6469450,Bright Blue,PLATE 2X2X2/3 W/ 2. HOR. KNOB
6470181,Light Purple,PLATE 2X2X2/3 W/ 2. HOR. KNOB
6469462,Bright Orange,PLATE 2X2X2/3 W/ 2. HOR. KNOB
6469463,Not Found,PLATE 2X2X2/3 W/ 2. HOR. KNOB
6312452,Bright Yellowish Green,"PLATE 1X1X2/3, OUTSIDE BOW"
6371437,Reddish Brown,"PLATE 1X1X2/3, OUTSIDE BOW"
6278441,Bright Red,"PLATE 1X1X2/3, OUTSIDE BOW"
6439726,Dark Orange,"PLATE 1X1X2/3, OUTSIDE BOW"
6258135,White,"PLATE 1X1X2/3, OUTSIDE BOW"
6341471,New Dark Red,"PLATE 1X1X2/3, OUTSIDE BOW"
6273589,Black,"PLATE 1X1X2/3, OUTSIDE BOW"
6394524,Bright Yellow,"PLATE 1X1X2/3, OUTSIDE BOW"
6498751,Light Purple,"PLATE 1X1X2/3, OUTSIDE BOW"
6286329,Brick Yellow,"PLATE 1X1X2/3, OUTSIDE BOW"
6262085,Medium Stone Grey,"PLATE 1X1X2/3, OUTSIDE BOW"
6334833,Bright Purple,"PLATE 1X1X2/3, OUTSIDE BOW"
6295358,Bright Bluish Green,"PLATE 1X1X2/3, OUTSIDE BOW"
6278436,Bright Orange,"PLATE 1X1X2/3, OUTSIDE BOW"
6341470,Flame Yellowish Orange,"PLATE 1X1X2/3, OUTSIDE BOW"
6422223,Vibrant Coral,"PLATE 1X1X2/3, OUTSIDE BOW"
6261546,Not Found,"PLATE 1X1X2/3, OUTSIDE BOW"
6333129,Dark Stone Grey,"PLATE 1X1X2/3, OUTSIDE BOW"
6337982,Medium Azur,"PLATE 1X1X2/3, OUTSIDE BOW"
6312450,Earth Green,"PLATE 1X1X2/3, OUTSIDE BOW"
6403899,Earth Blue,"PLATE 1X1X2/3, OUTSIDE BOW"
6584836,Dark Green,"PLATE 1X1X2/3, OUTSIDE BOW"
6278442,Bright Reddish Violet,"PLATE 1X1X2/3, OUTSIDE BOW"
6296061,Medium Nougat,"PLATE 1X1X2/3, OUTSIDE BOW"
6586851,Bright Blue,"PLATE 1X1X2/3, OUTSIDE BOW"
4530590,White,FRAME 1X4X3
6328181,Dark Brown,FRAME 1X4X3
4530589,Black,FRAME 1X4X3
6222972,Not Found,FRAME 1X4X3
6316742,Bright Yellow,FRAME 1X4X3
4595889,Reddish Brown,FRAME 1X4X3
6522796,Lavender,FRAME 1X4X3
4578109,Brick Yellow,FRAME 1X4X3
6522738,Not Found,FRAME 1X4X3
4551044,Dark Stone Grey,FRAME 1X4X3
6138800,Bright Red,FRAME 1X4X3
6146299,Medium Stone Grey,FRAME 1X4X3
6288614,Dark Orange,"PLATE 2X4, W/ 2 KNOBS"
6315024,White,"PLATE 2X4, W/ 2 KNOBS"
6307616,Dark Stone Grey,"PLATE 2X4, W/ 2 KNOBS"
6294227,Brick Yellow,"PLATE 2X4, W/ 2 KNOBS"
6424448,Bright Yellow,"PLATE 2X4, W/ 2 KNOBS"
6369683,Flame Yellowish Orange,"PLATE 2X4, W/ 2 KNOBS"
6472550,Medium Stone Grey,"PLATE 2X4, W/ 2 KNOBS"
6438520,Black,"PLATE 2X4, W/ 2 KNOBS"
6393344,Bright Red,"PLATE 2X4, W/ 2 KNOBS"
6293826,Bright Green,"PLATE 2X4, W/ 2 KNOBS"
6248490,White,WALL DOUBLE CORNER 1X2X1
6275131,Dark Stone Grey,WALL DOUBLE CORNER 1X2X1
6248492,Medium Stone Grey,WALL DOUBLE CORNER 1X2X1
6291040,Not Found,WALL DOUBLE CORNER 1X2X1
6248495,Brick Yellow,WALL DOUBLE CORNER 1X2X1
6248486,Medium Azur,WALL DOUBLE CORNER 1X2X1
6248496,Black,WALL DOUBLE CORNER 1X2X1
6248909,Not Found,WALL DOUBLE CORNER 1X2X1
6507956,Transparent,WALL DOUBLE CORNER 1X2X1
6507955,Tr. Light Blue,WALL DOUBLE CORNER 1X2X1
6248482,Bright Reddish Violet,WALL DOUBLE CORNER 1X2X1
6248908,Not Found,WALL DOUBLE CORNER 1X2X1
6584799,Bright Bluish Green,WALL DOUBLE CORNER 1X2X1
6337282,Dark Brown,FRAME 1X4X6
6262945,White,FRAME 1X4X6
6342692,Sand Green,FRAME 1X4X6
6337279,Not Found,FRAME 1X4X6
6337273,Black,FRAME 1X4X6
6344416,Lavender,FRAME 1X4X6
6262947,Bright Yellow,FRAME 1X4X6
6422085,Not Found,FRAME 1X4X6
6262961,Medium Stone Grey,FRAME 1X4X6
6522740,Dark Orange,FRAME 1X4X6
6262952,Reddish Brown,FRAME 1X4X6
6438775,Bright Bluish Green,FRAME 1X4X6
6544572,Medium Lilac,FRAME 1X4X6
6262960,Bright Blue,FRAME 1X4X6
6262949,Brick Yellow,FRAME 1X4X6
6439046,White,STICK Ø 3.2 W/ HOLDER
6439040,Dark Stone Grey,STICK Ø 3.2 W/ HOLDER
6439048,Bright Red,STICK Ø 3.2 W/ HOLDER
6439053,Reddish Brown,STICK Ø 3.2 W/ HOLDER
6439051,Bright Yellow,STICK Ø 3.2 W/ HOLDER
6492195,Light Nougat,STICK Ø 3.2 W/ HOLDER
6439041,Medium Stone Grey,STICK Ø 3.2 W/ HOLDER
6439042,Bright Orange,STICK Ø 3.2 W/ HOLDER
6439039,Black,STICK Ø 3.2 W/ HOLDER
6453281,Warm Gold,STICK Ø 3.2 W/ HOLDER
6439052,Lavender,STICK Ø 3.2 W/ HOLDER
6147052,Bright Orange,FLAT TILE 2X2 ROUND W. HOLE Ø4.85
6092568,Reddish Brown,FLAT TILE 2X2 ROUND W. HOLE Ø4.85
6115248,Brick Yellow,FLAT TILE 2X2 ROUND W. HOLE Ø4.85
6179186,Medium Stone Grey,FLAT TILE 2X2 ROUND W. HOLE Ø4.85
6055313,Dark Stone Grey,FLAT TILE 2X2 ROUND W. HOLE Ø4.85
6310185,White,FLAT TILE 2X2 ROUND W. HOLE Ø4.85
6471811,Reddish Orange,FLAT TILE 2X2 ROUND W. HOLE Ø4.85
6428168,Black,"PLATE 1X3, ROUNDED, NO. 1"
6450820,White,"PLATE 1X3, ROUNDED, NO. 1"
6551600,Reddish Brown,"PLATE 1X3, ROUNDED, NO. 1"
6446028,Medium Stone Grey,"PLATE 1X3, ROUNDED, NO. 1"
6449564,Not Found,"PLATE 1X3, ROUNDED, NO. 1"
6492538,Medium Nougat,"PLATE 1X3, ROUNDED, NO. 1"
6545373,Bright Green,"PLATE 1X3, ROUNDED, NO. 1"
6543014,Dark Stone Grey,"PLATE 1X3, ROUNDED, NO. 1"
6325717,Reddish Brown,"BRICK 1X1 W/HOLDER, H0RIZONTAL"
6345429,Bright Red,"BRICK 1X1 W/HOLDER, H0RIZONTAL"
6321350,Dark Stone Grey,"BRICK 1X1 W/HOLDER, H0RIZONTAL"
6360037,Brick Yellow,"BRICK 1X1 W/HOLDER, H0RIZONTAL"
6321349,White,"BRICK 1X1 W/HOLDER, H0RIZONTAL"
6336977,Black,"BRICK 1X1 W/HOLDER, H0RIZONTAL"
6345427,Not Found,"BRICK 1X1 W/HOLDER, H0RIZONTAL"
6345426,Medium Stone Grey,"BRICK 1X1 W/HOLDER, H0RIZONTAL"
6336971,Bright Yellow,"BRICK 1X1 W/HOLDER, H0RIZONTAL"
6360035,Medium Nougat,"BRICK 1X1 W/HOLDER, H0RIZONTAL"
6468067,Dark Orange,BRICK 1X2 W/ 1 KNOB
6528558,Bright Yellowish Green,BRICK 1X2 W/ 1 KNOB
6523861,Vibrant Coral,BRICK 1X2 W/ 1 KNOB
6383177,Not Found,BRICK 1X2 W/ 1 KNOB
6383982,Not Found,BRICK 1X2 W/ 1 KNOB
6473748,Not Found,BRICK 1X2 W/ 1 KNOB
6401015,Not Found,BRICK 1X2 W/ 1 KNOB
6475339,Not Found,BRICK 1X2 W/ 1 KNOB
6476743,Light Purple,BRICK 1X2 W/ 1 KNOB
6537998,Not Found,BRICK 1X2 W/ 1 KNOB
6522315,Light Royal Blue,BRICK 1X2 W/ 1 KNOB
6397572,Not Found,BRICK 1X2 W/ 1 KNOB
6478176,Brick Yellow,BRICK 1X2 W/ 1 KNOB
6523386,Not Found,BRICK 1X2 W/ 1 KNOB
6523921,Not Found,BRICK 1X2 W/ 1 KNOB
6055145,Reddish Brown,PLATE 1X12
4514845,Not Found,PLATE 1X12
6384914,Earth Blue,PLATE 1X12
6156462,Brick Yellow,PLATE 1X12
6133611,Dark Stone Grey,PLATE 1X12
4514842,Not Found,PLATE 1X12
6275088,Sand Yellow,PLATE 1X12
4514846,Medium Stone Grey,PLATE 1X12
6185543,Not Found,PLATE 1X12
4514843,Bright Red,PLATE 1X12
4514844,Bright Yellow,PLATE 1X12
6474197,Medium Nougat,PLATE 1X12
6391345,Not Found,PLATE 1X12
6536566,Dark Orange,PLATE 1X12
6392869,Bright Yellowish Green,PLATE 1X12
6105964,Medium Stone Grey,1/2 CIRCLE PLATE 2X6
6133852,Dark Green,1/2 CIRCLE PLATE 2X6
6388294,Not Found,1/2 CIRCLE PLATE 2X6
6210759,Brick Yellow,1/2 CIRCLE PLATE 2X6
6108802,Bright Red,1/2 CIRCLE PLATE 2X6
6357946,Reddish Brown,1/2 CIRCLE PLATE 2X6
6134287,Bright Green,1/2 CIRCLE PLATE 2X6
6388034,Vibrant Yellow,1/2 CIRCLE PLATE 2X6
6204060,Not Found,1/2 CIRCLE PLATE 2X6
6386989,Vibrant Coral,1/2 CIRCLE PLATE 2X6
6173012,Bright Yellowish Green,1/2 CIRCLE PLATE 2X6
6147792,White,1/2 CIRCLE PLATE 2X6
6116475,Bright Yellow,1/2 CIRCLE PLATE 2X6
6292824,Medium Azur,1/2 CIRCLE PLATE 2X6
6553410,Bright Purple,1/2 CIRCLE PLATE 2X6
6105963,Black,1/2 CIRCLE PLATE 2X6
6167854,Sand Yellow,1/2 CIRCLE PLATE 2X6
6338135,Reddish Brown,"PLATE 2X1 W/HOLDER,VERTICAL"
6374166,Brick Yellow,"PLATE 2X1 W/HOLDER,VERTICAL"
6336989,Black,"PLATE 2X1 W/HOLDER,VERTICAL"
6361170,White,"PLATE 2X1 W/HOLDER,VERTICAL"
6347285,Bright Yellowish Green,"PLATE 2X1 W/HOLDER,VERTICAL"
6347284,Bright Yellow,"PLATE 2X1 W/HOLDER,VERTICAL"
6319336,Medium Stone Grey,"PLATE 2X1 W/HOLDER,VERTICAL"
6354661,Bright Blue,"PLATE 2X1 W/HOLDER,VERTICAL"
6336990,Dark Stone Grey,"PLATE 2X1 W/HOLDER,VERTICAL"
6346804,Not Found,"PLATE 2X1 W/HOLDER,VERTICAL"
6354673,Not Found,"PLATE 2X1 W/HOLDER,VERTICAL"
4277016,Reddish Brown,BRICK 1X2X5
4114064,Brick Yellow,BRICK 1X2X5
6514085,Transparent,BRICK 1X2X5
6251285,Transparent,BRICK 1X2X5
245426,Black,BRICK 1X2X5
4212414,Bright Red,BRICK 1X2X5
245401,White,BRICK 1X2X5
6514087,Tr.medium Reddish Violet,BRICK 1X2X5
6252586,Tr.medium Reddish Violet,BRICK 1X2X5
6290505,Lavender,BRICK 1X2X5
4211363,Medium Stone Grey,BRICK 1X2X5
6055104,Bright Blue,BRICK 1X2X5
6143721,Light Purple,BRICK 1X2X5
6472295,Spring Yellowish Green,BRICK 1X2X5
6135112,Aqua,BRICK 1X2X5
6186400,Medium Nougat,BRICK 1X2X5
6377001,Medium Azur,BRICK 1X2X5
6251284,Tr. Light Blue,BRICK 1X2X5
6514084,Tr. Light Blue,BRICK 1X2X5
6253140,Dark Green,PLATE 1X1 ROUND W/ 3.2 SHAFT
6468504,Spring Yellowish Green,PLATE 1X1 ROUND W/ 3.2 SHAFT
6174937,White,PLATE 1X1 ROUND W/ 3.2 SHAFT
6448638,Bright Yellow,PLATE 1X1 ROUND W/ 3.2 SHAFT
6388119,Dark Stone Grey,PLATE 1X1 ROUND W/ 3.2 SHAFT
6153863,Reddish Brown,PLATE 1X1 ROUND W/ 3.2 SHAFT
6212377,Warm Gold,PLATE 1X1 ROUND W/ 3.2 SHAFT
6225246,Medium Stone Grey,PLATE 1X1 ROUND W/ 3.2 SHAFT
6442899,Not Found,PLATE 1X1 ROUND W/ 3.2 SHAFT
6251253,Earth Blue,PLATE 1X1 ROUND W/ 3.2 SHAFT
6250018,Dark Stone Grey,PLATE 1X2 W/ VERT. TUBE
6253003,Brick Yellow,PLATE 1X2 W/ VERT. TUBE
6290983,Reddish Brown,PLATE 1X2 W/ VERT. TUBE
6250020,Black,PLATE 1X2 W/ VERT. TUBE
6250019,White,PLATE 1X2 W/ VERT. TUBE
6258820,Medium Stone Grey,PLATE 1X2 W/ VERT. TUBE
6468178,Aqua,PLATE 1X2 W/ VERT. TUBE
6352550,Dark Green,PLATE 1X2 W/ VERT. TUBE
6424641,Dark Azur,PLATE 1X2 W/ VERT. TUBE
6313599,Medium Nougat,PLATE 1X2 W/ VERT. TUBE
6522795,Lavender,PLATE 1X2 W/ VERT. TUBE
6186657,Medium Stone Grey,"PLATE 2X2, CORNER, 45 DEG."
6236914,Brick Yellow,"PLATE 2X2, CORNER, 45 DEG."
6228921,Not Found,"PLATE 2X2, CORNER, 45 DEG."
6174243,Black,"PLATE 2X2, CORNER, 45 DEG."
6218366,Reddish Brown,"PLATE 2X2, CORNER, 45 DEG."
6176240,White,"PLATE 2X2, CORNER, 45 DEG."
6164073,Dark Stone Grey,"PLATE 2X2, CORNER, 45 DEG."
6173961,Bright Red,"PLATE 2X2, CORNER, 45 DEG."
6390153,Bright Blue,"PLATE 2X2, CORNER, 45 DEG."
6228995,Bright Yellowish Green,"PLATE 2X2, CORNER, 45 DEG."
6164071,Not Found,"PLATE 2X2, CORNER, 45 DEG."
6424858,Not Found,"PLATE 2X2, CORNER, 45 DEG."
6195184,Bright Yellow,"PLATE 2X2, CORNER, 45 DEG."
6249742,Bright Reddish Violet,"PLATE 2X2, CORNER, 45 DEG."
6311453,Dark Green,"PLATE 2X2, CORNER, 45 DEG."
6249415,Not Found,"PLATE 2X2, CORNER, 45 DEG."
6278087,Not Found,"PLATE 2X2, CORNER, 45 DEG."
6173119,Black,"TUBE, W/ DOUBLE 4.85 HOLE"
6173132,Reddish Brown,"TUBE, W/ DOUBLE 4.85 HOLE"
6173129,Bright Orange,"TUBE, W/ DOUBLE 4.85 HOLE"
6173116,White,"TUBE, W/ DOUBLE 4.85 HOLE"
6173122,Bright Yellow,"TUBE, W/ DOUBLE 4.85 HOLE"
6173127,Medium Stone Grey,"TUBE, W/ DOUBLE 4.85 HOLE"
6173126,Bright Red,"TUBE, W/ DOUBLE 4.85 HOLE"
6210497,Bright Blue,"TUBE, W/ DOUBLE 4.85 HOLE"
6390147,Warm Gold,"TUBE, W/ DOUBLE 4.85 HOLE"
6295152,Bright Bluish Green,"TUBE, W/ DOUBLE 4.85 HOLE"
6365624,Brick Yellow,"TUBE, W/ DOUBLE 4.85 HOLE"
6245499,Silver Metallic,"TUBE, W/ DOUBLE 4.85 HOLE"
6470069,Olive Green,"TUBE, W/ DOUBLE 4.85 HOLE"
6507791,Medium Stone Grey,"TILE 1X2, 1/2 CIRCLE"
6609613,Not Found,"TILE 1X2, 1/2 CIRCLE"
6507793,White,"TILE 1X2, 1/2 CIRCLE"
6412816,Not Found,"TILE 1X2, 1/2 CIRCLE"
6507790,Medium Nougat,"TILE 1X2, 1/2 CIRCLE"
6507792,Black,"TILE 1X2, 1/2 CIRCLE"
6507789,Brick Yellow,"TILE 1X2, 1/2 CIRCLE"
6399909,Not Found,"TILE 1X2, 1/2 CIRCLE"
6397819,Brick Yellow,"TILE 1X2, 1/2 CIRCLE"
6605054,Not Found,"TILE 1X2, 1/2 CIRCLE"
6489990,Tr. Red,"TILE 1X2, 1/2 CIRCLE"
6096215,Sand Yellow,PLATE 6X10
4211114,Not Found,PLATE 6X10
6338230,Not Found,PLATE 6X10
4624185,Brick Yellow,PLATE 6X10
4528341,Not Found,PLATE 6X10
303326,Not Found,PLATE 6X10
4211405,Not Found,PLATE 6X10
6133692,Medium Azur,PLATE 6X10
303324,Bright Yellow,PLATE 6X10
6289699,Not Found,PLATE 6X10
6482273,Medium Nougat,PLATE 6X10
6509008,Not Found,PLATE 6X10
4531751,Reddish Brown,"CROSS AXLE, EXTENSION, 2M"
6587295,Not Found,"CROSS AXLE, EXTENSION, 2M"
4512363,Black,"CROSS AXLE, EXTENSION, 2M"
6262188,Brick Yellow,"CROSS AXLE, EXTENSION, 2M"
6374076,Dark Green,"CROSS AXLE, EXTENSION, 2M"
6483787,Reddish Orange,"CROSS AXLE, EXTENSION, 2M"
6544409,Vibrant Coral,"CROSS AXLE, EXTENSION, 2M"
6548959,Bright Bluish Green,"CROSS AXLE, EXTENSION, 2M"
4519010,Bright Yellow,"CROSS AXLE, EXTENSION, 2M"
6212049,White,"CROSS AXLE, EXTENSION, 2M"
4512360,Medium Stone Grey,"CROSS AXLE, EXTENSION, 2M"
6302735,Bright Yellowish Green,"CROSS AXLE, EXTENSION, 2M"
4516546,Dark Stone Grey,"CROSS AXLE, EXTENSION, 2M"
6510057,Bright Red,"PLATE 1X2, 1/2 CIRCLE, W/ 1 KNOB"
6400110,Not Found,"PLATE 1X2, 1/2 CIRCLE, W/ 1 KNOB"
6510060,Reddish Brown,"PLATE 1X2, 1/2 CIRCLE, W/ 1 KNOB"
6510058,Medium Stone Grey,"PLATE 1X2, 1/2 CIRCLE, W/ 1 KNOB"
6420741,Not Found,"PLATE 1X2, 1/2 CIRCLE, W/ 1 KNOB"
6424859,Not Found,"PLATE 1X2, 1/2 CIRCLE, W/ 1 KNOB"
6510059,Dark Green,"PLATE 1X2, 1/2 CIRCLE, W/ 1 KNOB"
6547142,Bright Yellow,"PLATE 1X2, 1/2 CIRCLE, W/ 1 KNOB"
6510064,White,"PLATE 1X2, 1/2 CIRCLE, W/ 1 KNOB"
6503258,Warm Gold,"PLATE 1X2, 1/2 CIRCLE, W/ 1 KNOB"
6428178,Reddish Brown,"PLATE 1X2, 1/2 CIRCLE, W/ 1 KNOB"
6438919,Not Found,"PLATE 1X2, 1/2 CIRCLE, W/ 1 KNOB"
6510061,Black,"PLATE 1X2, 1/2 CIRCLE, W/ 1 KNOB"
6445946,Not Found,"PLATE 1X2, 1/2 CIRCLE, W/ 1 KNOB"
6510063,Not Found,"PLATE 1X2, 1/2 CIRCLE, W/ 1 KNOB"
6510067,Light Purple,"PLATE 1X2, 1/2 CIRCLE, W/ 1 KNOB"
6533009,Bright Blue,"PLATE 1X2, 1/2 CIRCLE, W/ 1 KNOB"
6503683,Cool Yellow,"PLATE 1X2, 1/2 CIRCLE, W/ 1 KNOB"
6605055,Nougat,"PLATE 1X2, 1/2 CIRCLE, W/ 1 KNOB"
6510066,Bright Bluish Green,"PLATE 1X2, 1/2 CIRCLE, W/ 1 KNOB"
6335378,Medium Stone Grey,PLATE 1X1 W/HOLDER VERTICAL
6347293,White,PLATE 1X1 W/HOLDER VERTICAL
6335377,Not Found,PLATE 1X1 W/HOLDER VERTICAL
6308000,Black,PLATE 1X1 W/HOLDER VERTICAL
6360111,Dark Stone Grey,PLATE 1X1 W/HOLDER VERTICAL
6429708,Transparent,PLATE 1X1 W/HOLDER VERTICAL
6347292,Brick Yellow,PLATE 1X1 W/HOLDER VERTICAL
6347294,Bright Yellow,PLATE 1X1 W/HOLDER VERTICAL
6284379,Warm Gold,PLATE 1X1 W/HOLDER VERTICAL
6499902,Dark Green,3.2 SHAFT W/3.2 HOLE
6476174,Reddish Brown,3.2 SHAFT W/3.2 HOLE
6343976,Medium Stone Grey,3.2 SHAFT W/3.2 HOLE
6322489,White,3.2 SHAFT W/3.2 HOLE
6397633,Dark Stone Grey,3.2 SHAFT W/3.2 HOLE
6448749,Bright Yellowish Green,3.2 SHAFT W/3.2 HOLE
6321194,Black,3.2 SHAFT W/3.2 HOLE
6366181,Bright Blue,3.2 SHAFT W/3.2 HOLE
6296657,Warm Gold,3.2 SHAFT W/3.2 HOLE
6458171,Dark Stone Grey,"TILE 4X4, W/ BOW, NO. 5"
6458164,Medium Stone Grey,"TILE 4X4, W/ BOW, NO. 5"
6457244,White,"TILE 4X4, W/ BOW, NO. 5"
6458165,Black,"TILE 4X4, W/ BOW, NO. 5"
6544432,Not Found,"TILE 4X4, W/ BOW, NO. 5"
6458177,Not Found,"TILE 4X4, W/ BOW, NO. 5"
6458166,Flame Yellowish Orange,"TILE 4X4, W/ BOW, NO. 5"
6458173,Bright Yellowish Green,"TILE 4X4, W/ BOW, NO. 5"
6475595,Lavender,"TILE 4X4, W/ BOW, NO. 5"
6475580,Aqua,"TILE 4X4, W/ BOW, NO. 5"
6458178,Vibrant Yellow,"TILE 4X4, W/ BOW, NO. 5"
6475600,Not Found,"TILE 4X4, W/ BOW, NO. 5"
6458179,Vibrant Coral,"TILE 4X4, W/ BOW, NO. 5"
6475587,Medium Azur,"TILE 4X4, W/ BOW, NO. 5"
6488215,Not Found,"TILE 4X4, W/ BOW, NO. 5"
6547164,Bright Yellow,"TILE 4X4, W/ BOW, NO. 5"
6458175,Brick Yellow,"TILE 4X4, W/ BOW, NO. 5"
6475598,Not Found,"TILE 4X4, W/ BOW, NO. 5"
6310279,Bright Yellowish Green,"ANGULAR PLATE 1,5 TOP 1X2 1/2"
4654582,Medium Stone Grey,"ANGULAR PLATE 1,5 TOP 1X2 1/2"
6018774,White,"ANGULAR PLATE 1,5 TOP 1X2 1/2"
6328477,Sand Yellow,"ANGULAR PLATE 1,5 TOP 1X2 1/2"
6016172,Black,"ANGULAR PLATE 1,5 TOP 1X2 1/2"
6249418,Bright Bluish Green,"ANGULAR PLATE 1,5 TOP 1X2 1/2"
6185994,Bright Yellow,"ANGULAR PLATE 1,5 TOP 1X2 1/2"
6353189,Not Found,"ANGULAR PLATE 1,5 TOP 1X2 1/2"
6588288,Aqua,"ANGULAR PLATE 1,5 TOP 1X2 1/2"
6319330,Bright Red,"ANGULAR PLATE 1,5 TOP 1X2 1/2"
6214341,Dark Stone Grey,"ANGULAR PLATE 1,5 TOP 1X2 1/2"
6163471,Bright Blue,"ANGULAR PLATE 1,5 TOP 1X2 1/2"
6249809,Brick Yellow,"ANGULAR PLATE 1,5 TOP 1X2 1/2"
6066097,Medium Stone Grey,PLATE 1X2 W. 1 KNOB
6101073,Not Found,PLATE 1X2 W. 1 KNOB
6523920,Dark Green,FRAME 1X6X6
6520943,Sand Green,FRAME 1X6X6
6424331,Bright Yellow,FRAME 1X6X6
6382968,Not Found,FRAME 1X6X6
6429932,Not Found,FRAME 1X6X6
6256127,White,FRAME 1X6X6
6422084,Medium Nougat,FRAME 1X6X6
6391342,Black,FRAME 1X6X6
6430932,Dark Brown,FRAME 1X6X6
6489736,Lavender,FRAME 1X6X6
4650630,Bright Yellowish Green,ROOF TILE 2X2/45°
303926,Black,ROOF TILE 2X2/45°
6020181,Flame Yellowish Orange,ROOF TILE 2X2/45°
4211410,Medium Stone Grey,ROOF TILE 2X2/45°
4211054,Not Found,ROOF TILE 2X2/45°
4114322,Brick Yellow,ROOF TILE 2X2/45°
303901,White,ROOF TILE 2X2/45°
4211202,Reddish Brown,ROOF TILE 2X2/45°
303924,Bright Yellow,ROOF TILE 2X2/45°
6173655,Medium Azur,ROOF TILE 2X2/45°
6022023,Medium Lavender,ROOF TILE 2X2/45°
303921,Bright Red,ROOF TILE 2X2/45°
6172518,Not Found,ROOF TILE 2X2/45°
6248859,Dark Orange,ROOF TILE 2X2/45°
4153653,Earth Blue,ROOF TILE 2X2/45°
6526032,Light Nougat,ROOF TILE 2X2/45°
6249419,Bright Bluish Green,ROOF TILE 2X2/45°
303923,Bright Blue,ROOF TILE 2X2/45°
6184880,Sand Yellow,ROOF TILE 2X2/45°
6331105,Not Found,ROOF TILE 2X2/45°
6514102,Not Found,ROOF TILE 2X2/45°
6346616,White,"BRICK 1X2, OUTSIDE HALF ARCH, NO. 1"
6369578,Black,"BRICK 1X2, OUTSIDE HALF ARCH, NO. 1"
6383295,Brick Yellow,"BRICK 1X2, OUTSIDE HALF ARCH, NO. 1"
6369577,Bright Red,"BRICK 1X2, OUTSIDE HALF ARCH, NO. 1"
6425974,Bright Yellow,"BRICK 1X2, OUTSIDE HALF ARCH, NO. 1"
6474529,Not Found,"BRICK 1X2, OUTSIDE HALF ARCH, NO. 1"
6365885,Reddish Brown,"BRICK 1X2, OUTSIDE HALF ARCH, NO. 1"
6431333,Bright Orange,"BRICK 1X2, OUTSIDE HALF ARCH, NO. 1"
6380628,Cool Yellow,"BRICK 1X2, OUTSIDE HALF ARCH, NO. 1"
6482692,Dark Orange,"BRICK 1X2, OUTSIDE HALF ARCH, NO. 1"
6399788,Dark Green,"BRICK 1X2, OUTSIDE HALF ARCH, NO. 1"
6392166,Flame Yellowish Orange,"BRICK 1X2, OUTSIDE HALF ARCH, NO. 1"
6541654,Vibrant Coral,"BRICK 1X2, OUTSIDE HALF ARCH, NO. 1"
6584824,Warm Pink,"BRICK 1X2, OUTSIDE HALF ARCH, NO. 1"
6499713,Medium Nougat,"BRICK 1X2, OUTSIDE HALF ARCH, NO. 1"
6396791,Medium Stone Grey,"BRICK 1X2, OUTSIDE HALF ARCH, NO. 1"
4221886,Reddish Brown,MINI LOWER PART
4222693,Dark Stone Grey,MINI LOWER PART
4524098,Sand Yellow,MINI LOWER PART
6172566,Dark Orange,MINI LOWER PART
4227657,Medium Stone Grey,MINI LOWER PART
4162916,Earth Blue,MINI LOWER PART
6596984,Bright Red,MINI LOWER PART
6368313,Light Royal Blue,MINI LOWER PART
6467618,Medium Nougat,MINI LOWER PART
4529672,Dark Brown,MINI LOWER PART
4267425,Sand Blue,MINI LOWER PART
6490255,White,MINI LOWER PART
6262262,Medium Nougat,MINI LOWER PART
4512021,Warm Gold,MINI LOWER PART
6397830,Bright Bluish Green,MINI LOWER PART
6400045,Vibrant Coral,MINI LOWER PART
4206504,Sand Green,MINI LOWER PART
6392168,Bright Reddish Violet,MINI LOWER PART
4120158,Bright Orange,MINI LOWER PART
4211503,Medium Stone Grey,TAP Ø4.9/6.4
6146054,Warm Gold,TAP Ø4.9/6.4
459901,White,TAP Ø4.9/6.4
459923,Bright Blue,TAP Ø4.9/6.4
459926,Black,TAP Ø4.9/6.4
4256320,Bright Yellow,TAP Ø4.9/6.4
6153585,Reddish Brown,TAP Ø4.9/6.4
459921,Bright Red,TAP Ø4.9/6.4
6178919,Dark Stone Grey,BRICK 1X2 WITH CROSS HOLE
6206249,Medium Stone Grey,BRICK 1X2 WITH CROSS HOLE
6178921,White,BRICK 1X2 WITH CROSS HOLE
6310833,Sand Yellow,BRICK 1X2 WITH CROSS HOLE
6272144,Dark Brown,BRICK 1X2 WITH CROSS HOLE
6219794,Brick Yellow,BRICK 1X2 WITH CROSS HOLE
6178922,Black,BRICK 1X2 WITH CROSS HOLE
6206240,Bright Yellow,BRICK 1X2 WITH CROSS HOLE
6206248,Dark Green,BRICK 1X2 WITH CROSS HOLE
6439447,Not Found,BRICK 1X2 WITH CROSS HOLE
6526750,Bright Green,"WALL ½ CIRCLE, 1X2, W/ 4.85 HOLE"
6525850,Bright Red,"WALL ½ CIRCLE, 1X2, W/ 4.85 HOLE"
6478179,Not Found,"WALL ½ CIRCLE, 1X2, W/ 4.85 HOLE"
6308032,Black,"WALL ½ CIRCLE, 1X2, W/ 4.85 HOLE"
6311385,Bright Yellow,"WALL ½ CIRCLE, 1X2, W/ 4.85 HOLE"
6382983,White,"WALL ½ CIRCLE, 1X2, W/ 4.85 HOLE"
6308034,Medium Azur,"WALL ½ CIRCLE, 1X2, W/ 4.85 HOLE"
6311384,Medium Stone Grey,"WALL ½ CIRCLE, 1X2, W/ 4.85 HOLE"
6351413,Brick Yellow,"WALL ½ CIRCLE, 1X2, W/ 4.85 HOLE"
6398342,Reddish Brown,WALL ELEMENT 1X2X3
6249891,Bright Red,WALL ELEMENT 1X2X3
6300317,Brick Yellow,WALL ELEMENT 1X2X3
6507949,Transparent,WALL ELEMENT 1X2X3
6496201,Not Found,WALL ELEMENT 1X2X3
6211814,Transparent,WALL ELEMENT 1X2X3
4585448,White,WALL ELEMENT 1X2X3
6239391,Not Found,WALL ELEMENT 1X2X3
6507951,Tr. Light Blue,WALL ELEMENT 1X2X3
4585429,Medium Stone Grey,WALL ELEMENT 1X2X3
6550951,Medium Azur,WALL ELEMENT 1X2X3
4614788,Black,WALL ELEMENT 1X2X3
6507950,Not Found,WALL ELEMENT 1X2X3
6239388,Not Found,WALL ELEMENT 1X2X3
6514262,Transparent,BRICK 1X2 W/O PIN
6514270,Tr.medium Reddish Violet,BRICK 1X2 W/O PIN
6244909,Not Found,BRICK 1X2 W/O PIN
6514267,Tr. Brown,BRICK 1X2 W/O PIN
6514273,Tr. Bright Orange,BRICK 1X2 W/O PIN
6514265,Tr. Yellow,BRICK 1X2 W/O PIN
6244906,Not Found,BRICK 1X2 W/O PIN
6514264,Tr. Blue,BRICK 1X2 W/O PIN
6244913,Not Found,BRICK 1X2 W/O PIN
6244904,Not Found,BRICK 1X2 W/O PIN
6244910,Tr. Light Blue,BRICK 1X2 W/O PIN
6514268,Tr. Light Blue,BRICK 1X2 W/O PIN
6244911,Not Found,BRICK 1X2 W/O PIN
6244908,Not Found,BRICK 1X2 W/O PIN
6244907,Not Found,BRICK 1X2 W/O PIN
6514266,Not Found,BRICK 1X2 W/O PIN
6514269,Tr. Bright Green,BRICK 1X2 W/O PIN
6244905,Not Found,BRICK 1X2 W/O PIN
6514263,Tr. Red,BRICK 1X2 W/O PIN
6069164,Dark Stone Grey,ROOF TILE 1X2 45° W 1/3 PLATE
6069000,Black,ROOF TILE 1X2 45° W 1/3 PLATE
6069002,White,ROOF TILE 1X2 45° W 1/3 PLATE
6069165,Brick Yellow,ROOF TILE 1X2 45° W 1/3 PLATE
6075287,Reddish Brown,ROOF TILE 1X2 45° W 1/3 PLATE
6093859,Medium Stone Grey,ROOF TILE 1X2 45° W 1/3 PLATE
6441412,Not Found,ROOF TILE 1X2 45° W 1/3 PLATE
6330901,Flame Yellowish Orange,ROOF TILE 1X2 45° W 1/3 PLATE
6445444,Bright Orange,ROOF TILE 1X2 45° W 1/3 PLATE
6069170,Bright Yellow,ROOF TILE 1X2 45° W 1/3 PLATE
6472512,Medium Lilac,ROOF TILE 1X2 45° W 1/3 PLATE
6069163,Bright Blue,ROOF TILE 1X2 45° W 1/3 PLATE
6226931,Dark Green,ROOF TILE 1X2 45° W 1/3 PLATE
6186683,Earth Blue,ROOF TILE 1X2 45° W 1/3 PLATE
6590532,Not Found,ROOF TILE 1X2 45° W 1/3 PLATE
6053011,Bright Red,ROOF TILE 1X2 45° W 1/3 PLATE
6514013,Transparent,MUG
6236213,Silver Metallic,MUG
389924,Bright Yellow,MUG
4659665,White,MUG
389921,Bright Red,MUG
4618670,Bright Purple,MUG
244526,Black,PLATE 2X12
6093864,Brick Yellow,PLATE 2X12
244501,White,PLATE 2X12
6322219,Sand Yellow,PLATE 2X12
4211360,Medium Stone Grey,PLATE 2X12
6273909,Not Found,PLATE 2X12
4211067,Dark Stone Grey,PLATE 2X12
6218146,Dark Green,PLATE 2X12
6351301,Medium Nougat,PLATE 2X12
6392867,Bright Yellowish Green,PLATE 2X12
6344748,Medium Azur,PLATE 2X12
244523,Bright Blue,PLATE 2X12
4140583,White,PLATE 1X2 W. STICK
4140588,Black,PLATE 1X2 W. STICK
4542391,Dark Green,PLATE 1X2 W. STICK
4210660,Dark Stone Grey,PLATE 1X2 W. STICK
6210495,Sand Yellow,PLATE 1X2 W. STICK
4140593,Brick Yellow,PLATE 1X2 W. STICK
4211632,Medium Stone Grey,PLATE 1X2 W. STICK
6279731,Warm Gold,PLATE 1X2 W. STICK
4140587,Bright Yellow,PLATE 1X2 W. STICK
4190164,Bright Orange,PLATE 1X2 W. STICK
4140585,Bright Red,PLATE 1X2 W. STICK
6310268,Black,"PLATE 1X2 W/HOLDER, VERTICAL"
6337268,Medium Stone Grey,"PLATE 1X2 W/HOLDER, VERTICAL"
6347288,Dark Green,"PLATE 1X2 W/HOLDER, VERTICAL"
6347287,White,"PLATE 1X2 W/HOLDER, VERTICAL"
6347306,Medium Nougat,"PLATE 1X2 W/HOLDER, VERTICAL"
6337269,Medium Azur,"PLATE 1X2 W/HOLDER, VERTICAL"
6474324,Sand Yellow,"PLATE 1X2 W/HOLDER, VERTICAL"
6337231,Bright Yellow,"PLATE 1X2 W/HOLDER, VERTICAL"
6350292,Dark Stone Grey,"PLATE 1X2 W/HOLDER, VERTICAL"
6261349,White,PLATE 1X2 W. VERTICAL SCHAFT
6261357,Brick Yellow,PLATE 1X2 W. VERTICAL SCHAFT
6261358,Dark Green,PLATE 1X2 W. VERTICAL SCHAFT
6261353,Not Found,PLATE 1X2 W. VERTICAL SCHAFT
6261348,Black,PLATE 1X2 W. VERTICAL SCHAFT
6542800,Not Found,PLATE 1X2 W. VERTICAL SCHAFT
6261356,Bright Yellow,PLATE 1X2 W. VERTICAL SCHAFT
6261355,Dark Stone Grey,PLATE 1X2 W. VERTICAL SCHAFT
6555322,Not Found,PLATE 1X2 W. VERTICAL SCHAFT
6261359,Reddish Brown,PLATE 1X2 W. VERTICAL SCHAFT
6405702,Bright Green,HOLDER Ø3.2 W/TUBE Ø3.2 HOLE
6341465,White,HOLDER Ø3.2 W/TUBE Ø3.2 HOLE
6341968,Reddish Brown,HOLDER Ø3.2 W/TUBE Ø3.2 HOLE
6315887,Black,HOLDER Ø3.2 W/TUBE Ø3.2 HOLE
6341975,Sand Green,HOLDER Ø3.2 W/TUBE Ø3.2 HOLE
6339866,Silver Metallic,HOLDER Ø3.2 W/TUBE Ø3.2 HOLE
6355025,Medium Stone Grey,HOLDER Ø3.2 W/TUBE Ø3.2 HOLE
6252838,Warm Gold,HOLDER Ø3.2 W/TUBE Ø3.2 HOLE
6341463,Bright Yellow,HOLDER Ø3.2 W/TUBE Ø3.2 HOLE
6337525,Brick Yellow,HOLDER Ø3.2 W/TUBE Ø3.2 HOLE
6390029,Bright Orange,HOLDER Ø3.2 W/TUBE Ø3.2 HOLE
6382730,Dark Green,FRAME 1X2X2
6382102,Reddish Brown,FRAME 1X2X2
6382045,White,FRAME 1X2X2
6382784,Dark Brown,FRAME 1X2X2
6449861,Sand Green,FRAME 1X2X2
6382736,Bright Orange,FRAME 1X2X2
6441765,Not Found,FRAME 1X2X2
6382697,Black,FRAME 1X2X2
6382731,Dark Azur,FRAME 1X2X2
6424329,Bright Yellow,FRAME 1X2X2
6382739,Bright Bluish Green,FRAME 1X2X2
6382725,Medium Stone Grey,FRAME 1X2X2
6429931,Not Found,FRAME 1X2X2
6422081,Lavender,FRAME 1X2X2
6382735,Medium Azur,FRAME 1X2X2
6382727,Sand Blue,FRAME 1X2X2
6387150,Brick Yellow,FRAME 1X2X2
6438902,Bright Green,FRAME 1X2X2
6421701,Bright Blue,FRAME 1X2X2
6382785,Not Found,FRAME 1X2X2
6094066,Black,PLATE 8X16
6447573,Dark Brown,PLATE 8X16
4598523,White,PLATE 8X16
4609726,Brick Yellow,PLATE 8X16
6117636,Not Found,PLATE 8X16
6377014,Not Found,PLATE 8X16
6129600,Bright Yellowish Green,PLATE 8X16
6424332,Not Found,PLATE 8X16
6380629,Not Found,PLATE 8X16
6133814,Lavender,PLATE 8X16
6022010,Medium Azur,PLATE 8X16
6453953,Not Found,PLATE 8X16
6523876,Not Found,PLATE 8X16
6272111,Medium Nougat,PLATE 8X16
4598522,Medium Stone Grey,PLATE 8X16
4624163,Sand Yellow,PLATE 8X16
6306028,Not Found,PLATE 8X16
6130007,Bright Yellow,CROSS AXLE 3M
4211815,Medium Stone Grey,CROSS AXLE 3M
6245250,Transparent,ROOF TILE 1X1X2/3
6245265,Tr. Bright Orange,ROOF TILE 1X1X2/3
6245263,Tr. Brown,ROOF TILE 1X1X2/3
6245272,Tr. Yellow,ROOF TILE 1X1X2/3
6245277,Tr. Light Blue,ROOF TILE 1X1X2/3
6245287,Tr.medium Reddish Violet,ROOF TILE 1X1X2/3
6245270,Tr. Green,ROOF TILE 1X1X2/3
6245252,Tr. Red,ROOF TILE 1X1X2/3
6245256,Tr. Blue,ROOF TILE 1X1X2/3
6001826,Sand Yellow,BRICK 2X2W.INSIDE AND OUTS.BOW
4567445,Bright Red,BRICK 2X2W.INSIDE AND OUTS.BOW
4567436,Black,BRICK 2X2W.INSIDE AND OUTS.BOW
4567448,Medium Stone Grey,BRICK 2X2W.INSIDE AND OUTS.BOW
6469818,Aqua,BRICK 2X2W.INSIDE AND OUTS.BOW
6064227,Bright Yellow,BRICK 2X2W.INSIDE AND OUTS.BOW
6383104,Light Royal Blue,BRICK 2X2W.INSIDE AND OUTS.BOW
6307922,Bright Blue,BRICK 2X2W.INSIDE AND OUTS.BOW
6443648,Not Found,BRICK 2X2W.INSIDE AND OUTS.BOW
6322211,Reddish Brown,BRICK 2X2W.INSIDE AND OUTS.BOW
4567449,White,BRICK 2X2W.INSIDE AND OUTS.BOW
6346464,Medium Nougat,BRICK 2X2W.INSIDE AND OUTS.BOW
6526034,Vibrant Coral,BRICK 2X2W.INSIDE AND OUTS.BOW
6251845,Bright Yellowish Green,BRICK 2X2W.INSIDE AND OUTS.BOW
6289374,Not Found,BRICK 2X2W.INSIDE AND OUTS.BOW
6360619,Dark Stone Grey,BRICK 2X2W.INSIDE AND OUTS.BOW
6055868,Brick Yellow,BRICK 2X2W.INSIDE AND OUTS.BOW
6468066,Dark Orange,"TILE 3X3, W/ BOW"
6393306,Dark Stone Grey,"TILE 3X3, W/ BOW"
6385740,Medium Stone Grey,"TILE 3X3, W/ BOW"
6547793,Reddish Brown,"TILE 3X3, W/ BOW"
6373439,White,"TILE 3X3, W/ BOW"
6438781,Medium Nougat,"TILE 3X3, W/ BOW"
6434275,Black,"TILE 3X3, W/ BOW"
6446696,Earth Blue,"TILE 3X3, W/ BOW"
6451474,Dark Azur,"TILE 3X3, W/ BOW"
6443414,Spring Yellowish Green,"TILE 3X3, W/ BOW"
6546463,Not Found,"TILE 3X3, W/ BOW"
6519730,Lavender,"TILE 3X3, W/ BOW"
6509011,Not Found,"TILE 3X3, W/ BOW"
6406233,Bright Green,"TILE 3X3, W/ BOW"
6472509,Medium Lilac,"TILE 3X3, W/ BOW"
6453948,Flame Yellowish Orange,"TILE 3X3, W/ BOW"
6468509,Light Purple,"TILE 3X3, W/ BOW"
6377248,Medium Azur,"TILE 3X3, W/ BOW"
6382558,Bright Yellow,"TILE 3X3, W/ BOW"
6248078,Medium Stone Grey,"PLATE 1X1, W/ 1.5 PLATE 1X1, DOWNWARDS"
6299338,Black,"PLATE 1X1, W/ 1.5 PLATE 1X1, DOWNWARDS"
6401027,Reddish Brown,"PLATE 1X1, W/ 1.5 PLATE 1X1, DOWNWARDS"
6296132,White,"PLATE 1X1, W/ 1.5 PLATE 1X1, DOWNWARDS"
6374192,Brick Yellow,"PLATE 1X1, W/ 1.5 PLATE 1X1, DOWNWARDS"
6248079,Medium Blue,"PLATE 1X1, W/ 1.5 PLATE 1X1, DOWNWARDS"
6384590,Bright Yellowish Green,"PLATE 1X1, W/ 1.5 PLATE 1X1, DOWNWARDS"
6280475,Bright Yellow,"PLATE 1X1, W/ 1.5 PLATE 1X1, DOWNWARDS"
6493339,Dark Green,"PLATE 1X1, W/ 1.5 PLATE 1X1, DOWNWARDS"
6584798,Bright Bluish Green,"PLATE 1X1, W/ 1.5 PLATE 1X1, DOWNWARDS"
6413106,Dark Stone Grey,"PLATE 1X1, W/ 1.5 PLATE 1X1, DOWNWARDS"
6383096,Light Royal Blue,"PLATE 1X1, W/ 1.5 PLATE 1X1, DOWNWARDS"
6336391,Medium Lilac,"PLATE 1X1, W/ 1.5 PLATE 1X1, DOWNWARDS"
6070731,Medium Stone Grey,"BALL 10.2, W/ CROSS HOLE"
4624381,Bright Yellowish Green,"BALL 10.2, W/ CROSS HOLE"
6495163,Spring Yellowish Green,"BALL 10.2, W/ CROSS HOLE"
6412745,Dark Azur,"BALL 10.2, W/ CROSS HOLE"
6307452,Bright Orange,"BALL 10.2, W/ CROSS HOLE"
4290713,Black,"BALL 10.2, W/ CROSS HOLE"
6071608,Flame Yellowish Orange,"BALL 10.2, W/ CROSS HOLE"
6488494,Brick Yellow,"BALL 10.2, W/ CROSS HOLE"
6361175,Reddish Brown,"BALL 10.2, W/ CROSS HOLE"
6228091,Bright Purple,"BALL 10.2, W/ CROSS HOLE"
6295155,Bright Bluish Green,"BALL 10.2, W/ CROSS HOLE"
4290714,Bright Red,"BALL 10.2, W/ CROSS HOLE"
6052864,White,"BALL 10.2, W/ CROSS HOLE"
6491212,Reddish Orange,"BALL 10.2, W/ CROSS HOLE"
6448793,Medium Stone Grey,"PLATE 1X1X2/3, W/ 1 KNOB, ROUNDED"
6493351,Dark Green,"PLATE 1X1X2/3, W/ 1 KNOB, ROUNDED"
6494496,Bright Red,"PLATE 1X1X2/3, W/ 1 KNOB, ROUNDED"
6446788,White,"PLATE 1X1X2/3, W/ 1 KNOB, ROUNDED"
6424674,Black,"PLATE 1X1X2/3, W/ 1 KNOB, ROUNDED"
6469825,Aqua,"PLATE 1X1X2/3, W/ 1 KNOB, ROUNDED"
6454934,Brick Yellow,"PLATE 1X1X2/3, W/ 1 KNOB, ROUNDED"
6463591,Reddish Brown,"PLATE 1X4, ROUNDED, NO. 1"
6456718,Medium Stone Grey,"PLATE 1X4, ROUNDED, NO. 1"
6480856,Bright Red,"PLATE 1X4, ROUNDED, NO. 1"
6428167,Black,"PLATE 1X4, ROUNDED, NO. 1"
6501816,White,"PLATE 1X4, ROUNDED, NO. 1"
6524967,Reddish Brown,"WALL ELEMENT 1X4X3, ABS"
6587803,Earth Green,"WALL ELEMENT 1X4X3, ABS"
6146877,Brick Yellow,"WALL ELEMENT 1X4X3, ABS"
4558208,White,"WALL ELEMENT 1X4X3, ABS"
6008715,Dark Stone Grey,"WALL ELEMENT 1X4X3, ABS"
6517908,Dark Orange,"WALL ELEMENT 1X4X3, ABS"
4558209,Black,"WALL ELEMENT 1X4X3, ABS"
6583501,Dark Azur,"WALL ELEMENT 1X4X3, ABS"
6509004,Medium Azur,"WALL ELEMENT 1X4X3, ABS"
6517891,Light Nougat,"WALL ELEMENT 1X4X3, ABS"
4558212,Bright Red,"WALL ELEMENT 1X4X3, ABS"
6318733,Reddish Brown,"WALL ELEMENT 1x6x5, ABS"
6568378,New Dark Red,"WALL ELEMENT 1x6x5, ABS"
6433222,Bright Red,"WALL ELEMENT 1x6x5, ABS"
4513539,Black,"WALL ELEMENT 1x6x5, ABS"
6445319,Medium Azur,"WALL ELEMENT 1x6x5, ABS"
6249322,Lavender,"WALL ELEMENT 1x6x5, ABS"
6288414,Not Found,"WALL ELEMENT 1x6x5, ABS"
4504228,White,"WALL ELEMENT 1x6x5, ABS"
6348273,Light Purple,"WALL ELEMENT 1x6x5, ABS"
6329423,Aqua,"WALL ELEMENT 1x6x5, ABS"
6313598,Medium Nougat,"WALL ELEMENT 1x6x5, ABS"
6309939,Cool Yellow,"WALL ELEMENT 1x6x5, ABS"
6526033,Spring Yellowish Green,"WALL ELEMENT 1x6x5, ABS"
6458415,Light Nougat,"WALL ELEMENT 1x6x5, ABS"
6489350,Bright Yellowish Green,"WALL ELEMENT 1x6x5, ABS"
4512688,Brick Yellow,"WALL ELEMENT 1x6x5, ABS"
6271167,Bright Yellow,1/2 BUSH
6360263,White,1/2 BUSH
6271165,Medium Stone Grey,1/2 BUSH
6507895,Transparent,PLATE 1X1 W/3.2 SHAFT/1.5 HOLE
6482748,Bright Blue,PLATE 1X1 W/3.2 SHAFT/1.5 HOLE
6463667,Brick Yellow,PLATE 1X1 W/3.2 SHAFT/1.5 HOLE
6271752,Dark Stone Grey,PLATE 1X1 W/3.2 SHAFT/1.5 HOLE
6300320,Sand Yellow,PLATE 1X1 W/3.2 SHAFT/1.5 HOLE
6527829,Bright Yellow,PLATE 1X1 W/3.2 SHAFT/1.5 HOLE
6459597,Reddish Brown,PLATE 1X2 W/ HOLDER
6372037,White,PLATE 1X2 W/ HOLDER
6350725,Black,PLATE 1X2 W/ HOLDER
6590158,Bright Purple,PLATE 1X2 W/ HOLDER
6354568,Medium Stone Grey,PLATE 1X2 W/ HOLDER
6372047,Brick Yellow,PLATE 1X2 W/ HOLDER
6441239,Medium Azur,PLATE 1X2 W/ HOLDER
6613282,Not Found,"BRICK 2X2X2/3, INVERTED BOW"
6265679,Dark Orange,"BRICK 2X2X2/3, INVERTED BOW"
6211476,Black,"BRICK 2X2X2/3, INVERTED BOW"
6481564,Reddish Brown,"BRICK 2X2X2/3, INVERTED BOW"
6344820,Dark Stone Grey,"BRICK 2X2X2/3, INVERTED BOW"
6222950,Bright Bluish Green,"BRICK 2X2X2/3, INVERTED BOW"
6210385,White,"BRICK 2X2X2/3, INVERTED BOW"
6382585,Not Found,"BRICK 2X2X2/3, INVERTED BOW"
6185676,Medium Stone Grey,"BRICK 2X2X2/3, INVERTED BOW"
6336860,Light Royal Blue,"BRICK 2X2X2/3, INVERTED BOW"
6411332,Not Found,"BRICK 2X2X2/3, INVERTED BOW"
6356427,Sand Yellow,"BRICK 2X2X2/3, INVERTED BOW"
6368430,Medium Stone Grey,PLATE 6X6 W. BOW
6137779,Black,PLATE 6X6 W. BOW
6056484,Brick Yellow,PLATE 6X6 W. BOW
6133693,Medium Azur,PLATE 6X6 W. BOW
6306036,Dark Azur,PLATE 6X6 W. BOW
6376454,Not Found,PLATE 6X6 W. BOW
6057460,White,PLATE 6X6 W. BOW
6129601,Bright Yellowish Green,PLATE 6X6 W. BOW
6093691,Bright Blue,PLATE 6X6 W. BOW
6021999,Dark Green,PLATE 6X6 W. BOW
6022043,Not Found,PLATE 6X6 W. BOW
4500517,Dark Stone Grey,PLATE 6X6 W. BOW
6462580,Dark Green,"PLATE 1X1, W/ 1.5 PLATE 1X2, UPWARDS"
6337079,White,"PLATE 1X1, W/ 1.5 PLATE 1X2, UPWARDS"
6450823,Earth Blue,"PLATE 1X1, W/ 1.5 PLATE 1X2, UPWARDS"
6423396,Sand Green,"PLATE 1X1, W/ 1.5 PLATE 1X2, UPWARDS"
6357613,Brick Yellow,"PLATE 1X1, W/ 1.5 PLATE 1X2, UPWARDS"
6341553,Reddish Brown,"PLATE 1X1, W/ 1.5 PLATE 1X2, UPWARDS"
6335317,Black,"PLATE 1X1, W/ 1.5 PLATE 1X2, UPWARDS"
6336390,Dark Stone Grey,"PLATE 1X1, W/ 1.5 PLATE 1X2, UPWARDS"
6345639,Medium Stone Grey,"PLATE 1X1, W/ 1.5 PLATE 1X2, UPWARDS"
6359683,New Dark Red,"PLATE 1X1, W/ 1.5 PLATE 1X2, UPWARDS"
6439826,Not Found,"PLATE 1X1, W/ 1.5 PLATE 1X2, UPWARDS"
6369798,Medium Azur,"PLATE 1X1, W/ 1.5 PLATE 1X2, UPWARDS"
6525908,Flame Yellowish Orange,"PLATE 1X1, W/ 1.5 PLATE 1X2, UPWARDS"
6553415,Bright Purple,"PLATE 1X1, W/ 1.5 PLATE 1X2, UPWARDS"
6589636,Not Found,"PLATE 1X1, W/ 1.5 PLATE 1X2, UPWARDS"
6170387,Medium Stone Grey,BRICK 1X2X3
6153776,White,BRICK 1X2X3
6328085,Aqua,BRICK 1X2X3
6445058,Brick Yellow,BRICK 1X2X3
6315191,Dark Orange,BRICK 1X2X3
6393936,Not Found,BRICK 1X2X3
6228588,Black,BRICK 1X2X3
6001494,Black,PLATE 2X14
6000970,Dark Stone Grey,PLATE 2X14
6036487,Brick Yellow,PLATE 2X14
4662161,Medium Stone Grey,PLATE 2X14
6308885,Bright Red,PLATE 2X14
4666579,Brick Yellow,CONNECTOR PEG/CROSS AXLE
428226,Black,PLATE 2X16
6316277,Sand Yellow,PLATE 2X16
6030980,Brick Yellow,PLATE 2X16
6249123,Dark Azur,PLATE 2X16
4119227,White,PLATE 2X16
6120642,Earth Blue,PLATE 2X16
4211486,Medium Stone Grey,PLATE 2X16
4210796,Dark Stone Grey,PLATE 2X16
6062166,Dark Green,"PLATE 3X3, 1/4 CIRCLE"
4227392,Black,"PLATE 3X3, 1/4 CIRCLE"
4645412,Medium Stone Grey,"PLATE 3X3, 1/4 CIRCLE"
4543858,Brick Yellow,"PLATE 3X3, 1/4 CIRCLE"
6252194,Medium Nougat,"PLATE 3X3, 1/4 CIRCLE"
4550745,White,"PLATE 3X3, 1/4 CIRCLE"
4283660,Reddish Brown,"PLATE 3X3, 1/4 CIRCLE"
6264993,Medium Azur,"PLATE 3X3, 1/4 CIRCLE"
6288176,Bright Blue,"PLATE 3X3, 1/4 CIRCLE"
6251838,Bright Bluish Green,"PLATE 3X3, 1/4 CIRCLE"
6022078,Flame Yellowish Orange,"PLATE 3X3, 1/4 CIRCLE"
6251900,Medium Lilac,"PLATE 3X3, 1/4 CIRCLE"
6359697,Dark Orange,"PLATE 3X3, 1/4 CIRCLE"
6133225,Bright Yellowish Green,1/2 CIRCLE PLATE 4X8
6133767,Dark Green,1/2 CIRCLE PLATE 4X8
6138571,Medium Azur,1/2 CIRCLE PLATE 4X8
6133847,Bright Green,1/2 CIRCLE PLATE 4X8
6138699,White,1/2 CIRCLE PLATE 4X8
6123812,Brick Yellow,1/2 CIRCLE PLATE 4X8
6176303,Flame Yellowish Orange,1/2 CIRCLE PLATE 4X8
6353796,Medium Stone Grey,1/2 CIRCLE PLATE 4X8
6204112,Not Found,1/2 CIRCLE PLATE 4X8
6523877,Spring Yellowish Green,1/2 CIRCLE PLATE 4X8
6583499,Bright Yellow,1/2 CIRCLE PLATE 4X8
6346350,Not Found,1/2 CIRCLE PLATE 4X8
6141856,Dark Stone Grey,1/2 CIRCLE PLATE 4X8
6133200,Black,1/2 CIRCLE PLATE 4X8
6058218,New Dark Red,"DOME 2X2, INVERTED W. ONE STUD"
6317208,Warm Gold,"DOME 2X2, INVERTED W. ONE STUD"
6050914,White,"DOME 2X2, INVERTED W. ONE STUD"
6065839,Bright Red,"DOME 2X2, INVERTED W. ONE STUD"
6488492,Brick Yellow,"DOME 2X2, INVERTED W. ONE STUD"
6365627,Reddish Brown,"DOME 2X2, INVERTED W. ONE STUD"
6258323,Not Found,"DOME 2X2, INVERTED W. ONE STUD"
6214557,Bright Yellowish Green,"DOME 2X2, INVERTED W. ONE STUD"
6132411,Not Found,"DOME 2X2, INVERTED W. ONE STUD"
6541655,Light Purple,"DOME 2X2, INVERTED W. ONE STUD"
6174246,Dark Brown,"DOME 2X2, INVERTED W. ONE STUD"
6102341,Black,"DOME 2X2, INVERTED W. ONE STUD"
6487828,Bright Reddish Violet,"DOME 2X2, INVERTED W. ONE STUD"
6584822,Warm Pink,"DOME 2X2, INVERTED W. ONE STUD"
6525767,Light Nougat,"DOME 2X2, INVERTED W. ONE STUD"
6522622,Not Found,BRICK W. BOW 1X4
6177697,Reddish Brown,BRICK W. BOW 1X4
4210999,Dark Stone Grey,BRICK W. BOW 1X4
365901,White,BRICK W. BOW 1X4
365921,Bright Red,BRICK W. BOW 1X4
6310832,Sand Yellow,BRICK W. BOW 1X4
6310246,Bright Yellow,BRICK W. BOW 1X4
6467273,Medium Nougat,BRICK W. BOW 1X4
6441766,Dark Orange,BRICK W. BOW 1X4
6253876,Not Found,BRICK W. BOW 1X4
6513734,Dark Green,BRICK W. BOW 1X4
6071607,Flame Yellowish Orange,BRICK W. BOW 1X4
4211435,Medium Stone Grey,BRICK W. BOW 1X4
611226,Black,BRICK 1X12
4210798,Dark Stone Grey,BRICK 1X12
611221,Bright Red,BRICK 1X12
6075179,Brick Yellow,BRICK 1X12
4211522,Medium Stone Grey,BRICK 1X12
611201,White,BRICK 1X12
6482740,Flame Yellowish Orange,BRICK 1X12
4222627,Reddish Brown,BRICK 1X12
6525446,Medium Lilac,BRICK 1X12
4636170,Reddish Brown,"PLATE 4X4, 1/4 CIRCLE"
4178429,White,"PLATE 4X4, 1/4 CIRCLE"
6344217,Bright Yellow,"PLATE 4X4, 1/4 CIRCLE"
6101857,Black,"PLATE 4X4, 1/4 CIRCLE"
4570451,Sand Yellow,"PLATE 4X4, 1/4 CIRCLE"
6146306,Bright Blue,"PLATE 4X4, 1/4 CIRCLE"
6297811,Bright Red,"PLATE 4X4, 1/4 CIRCLE"
6195359,Bright Orange,"PLATE 4X4, 1/4 CIRCLE"
6227474,Dark Azur,"PLATE 4X4, 1/4 CIRCLE"
6070506,Bright Green,"PLATE 4X4, 1/4 CIRCLE"
6369499,Medium Nougat,"PLATE 4X4, 1/4 CIRCLE"
6383102,Light Royal Blue,"PLATE 4X4, 1/4 CIRCLE"
6481835,Medium Azur,"PLATE 4X4, 1/4 CIRCLE"
4579294,Medium Stone Grey,"PLATE 4X4, 1/4 CIRCLE"
4570516,Brick Yellow,"PLATE 4X4, 1/4 CIRCLE"
4504705,Bright Yellowish Green,"PLATE 4X4, 1/4 CIRCLE"
4222042,Dark Stone Grey,"PLATE 4X4, 1/4 CIRCLE"
6425510,Reddish Brown,ROOF TILE 2X2/45 INVERTED
6425507,Black,ROOF TILE 2X2/45 INVERTED
6435857,Medium Stone Grey,ROOF TILE 2X2/45 INVERTED
6366391,White,ROOF TILE 2X2/45 INVERTED
4211807,Medium Stone Grey,CONNECTOR PEG
6331822,Bright Yellow,CONNECTOR PEG
4179771,Brick Yellow,TECHNIC BRICK 1X1
4210639,Dark Stone Grey,TECHNIC BRICK 1X1
4620075,Reddish Brown,TECHNIC BRICK 1X1
654126,Black,TECHNIC BRICK 1X1
4211535,Medium Stone Grey,TECHNIC BRICK 1X1
654121,Bright Red,TECHNIC BRICK 1X1
654101,White,TECHNIC BRICK 1X1
6310282,Not Found,TECHNIC BRICK 1X1
6145253,Medium Azur,TECHNIC BRICK 1X1
6353190,Light Purple,TECHNIC BRICK 1X1
654124,Bright Yellow,TECHNIC BRICK 1X1
6388018,White,CONNECTOR PEG W. KNOB
4211483,Medium Stone Grey,CONNECTOR PEG W. KNOB
6133765,Reddish Brown,BRICK 1X1 W. 4 KNOBS
473326,Black,BRICK 1X1 W. 4 KNOBS
4210700,Dark Stone Grey,BRICK 1X1 W. 4 KNOBS
6174006,Bright Yellowish Green,BRICK 1X1 W. 4 KNOBS
4211511,Medium Stone Grey,BRICK 1X1 W. 4 KNOBS
6408050,Not Found,BRICK 1X1 W. 4 KNOBS
6532420,Earth Green,BRICK 1X1 W. 4 KNOBS
4111971,White,BRICK 1X1 W. 4 KNOBS
6186045,Reddish Brown,ROCKER BEARING 1X2
393726,Black,ROCKER BEARING 1X2
4211469,Medium Stone Grey,ROCKER BEARING 1X2
4211066,Dark Stone Grey,ROCKER BEARING 1X2
393701,White,ROCKER BEARING 1X2
6174919,Brick Yellow,ROCKER BEARING 1X2
6438901,White,"1X1 DECORATION TOP, NO. 2"
6438899,Reddish Brown,"1X1 DECORATION TOP, NO. 2"
6492250,Lavender,"1X1 DECORATION TOP, NO. 2"
6519699,Light Purple,"1X1 DECORATION TOP, NO. 2"
6275030,Not Found,"1X1 DECORATION TOP, NO. 2"
6292800,Not Found,"1X1 DECORATION TOP, NO. 2"
246526,Black,BRICK 1X16
4211366,Medium Stone Grey,BRICK 1X16
246501,White,BRICK 1X16
6258407,Earth Blue,BRICK 1X16
6258989,Reddish Brown,BRICK 1X16
4295313,Brick Yellow,BRICK 1X16
6378410,Not Found,BRICK 1X16
4210783,Dark Stone Grey,BRICK 1X16
6432006,Not Found,BRICK 1X16
6089696,White,COUPLING PLATE 2X2
4225733,Dark Stone Grey,COUPLING PLATE 2X2
4211419,Medium Stone Grey,COUPLING PLATE 2X2
4188189,Bright Red,COUPLING PLATE 2X2
6170776,Brick Yellow,COUPLING PLATE 2X2
317626,Black,COUPLING PLATE 2X2
4188313,Bright Yellow,COUPLING PLATE 2X2
6546483,Medium Nougat,COUPLING PLATE 2X2
6586460,Bright Yellowish Green,COUPLING PLATE 2X2
6015349,Medium Stone Grey,PLATE 6X6 ROUND WITH TUBE SNAP
6109817,White,PLATE 6X6 ROUND WITH TUBE SNAP
6093862,Brick Yellow,PLATE 6X6 ROUND WITH TUBE SNAP
6131694,Flame Yellowish Orange,PLATE 6X6 ROUND WITH TUBE SNAP
6029690,Medium Azur,PLATE 6X6 ROUND WITH TUBE SNAP
6166127,Sand Yellow,PLATE 6X6 ROUND WITH TUBE SNAP
6345302,Medium Nougat,PLATE 6X6 ROUND WITH TUBE SNAP
6097413,Dark Green,PLATE 6X6 ROUND WITH TUBE SNAP
6527164,Bright Purple,PLATE 6X6 ROUND WITH TUBE SNAP
6187587,Black,PLATE 6X6 ROUND WITH TUBE SNAP
6219658,New Dark Red,"LEFT PLATE 1X2, W/ BOW, 45 DEG. CUT"
6204668,Dark Stone Grey,"LEFT PLATE 1X2, W/ BOW, 45 DEG. CUT"
6213880,White,"LEFT PLATE 1X2, W/ BOW, 45 DEG. CUT"
6258951,Sand Yellow,"LEFT PLATE 1X2, W/ BOW, 45 DEG. CUT"
6290397,Reddish Brown,"LEFT PLATE 1X2, W/ BOW, 45 DEG. CUT"
6181720,Black,"LEFT PLATE 1X2, W/ BOW, 45 DEG. CUT"
6177505,Bright Red,"LEFT PLATE 1X2, W/ BOW, 45 DEG. CUT"
6172414,Bright Blue,"LEFT PLATE 1X2, W/ BOW, 45 DEG. CUT"
6211418,Dark Azur,"LEFT PLATE 1X2, W/ BOW, 45 DEG. CUT"
6296904,Medium Azur,"LEFT PLATE 1X2, W/ BOW, 45 DEG. CUT"
6296103,Bright Yellowish Green,"LEFT PLATE 1X2, W/ BOW, 45 DEG. CUT"
6289747,Flame Yellowish Orange,"LEFT PLATE 1X2, W/ BOW, 45 DEG. CUT"
6177499,Bright Orange,"LEFT PLATE 1X2, W/ BOW, 45 DEG. CUT"
6291018,Not Found,"LEFT PLATE 1X2, W/ BOW, 45 DEG. CUT"
6225139,Medium Stone Grey,"LEFT PLATE 1X2, W/ BOW, 45 DEG. CUT"
6132732,Reddish Brown,CUPBOARD 2X3X2
4619665,White,CUPBOARD 2X3X2
6405560,Bright Bluish Green,CUPBOARD 2X3X2
4619543,Bright Red,CUPBOARD 2X3X2
6404592,Sand Blue,CUPBOARD 2X3X2
6138479,Black,CUPBOARD 2X3X2
4610112,Medium Stone Grey,CUPBOARD 2X3X2
6313992,Bright Blue,CUPBOARD 2X3X2
249626,Black,WHEEL AXLE Ø8.2/Ø1.9
6421682,Bright Bluish Green,WHEEL AXLE Ø8.2/Ø1.9
6334178,Bright Green,WHEEL AXLE Ø8.2/Ø1.9
6363809,Cool Yellow,"TILE 2X4, CIRCLE, NO. 1"
6346489,Bright Bluish Green,"TILE 2X4, CIRCLE, NO. 1"
6422093,Flame Yellowish Orange,"TILE 2X4, CIRCLE, NO. 1"
6329902,White,"TILE 2X4, CIRCLE, NO. 1"
6363132,Warm Gold,"TILE 2X4, CIRCLE, NO. 1"
6359041,Dark Orange,"TILE 2X4, CIRCLE, NO. 1"
6294716,Brick Yellow,"TILE 2X4, CIRCLE, NO. 1"
6585449,Not Found,"TILE 2X4, CIRCLE, NO. 1"
6518940,Bright Yellow,"TILE 2X4, CIRCLE, NO. 1"
6331483,Black,"TILE 2X4, CIRCLE, NO. 1"
6452523,Bright Purple,"FLOWER, W/ 3.2 SHAFT, 1.5 HOLE, NO. 1"
6452531,Flame Yellowish Orange,"FLOWER, W/ 3.2 SHAFT, 1.5 HOLE, NO. 1"
6488792,Bright Green,"FLOWER, W/ 3.2 SHAFT, 1.5 HOLE, NO. 1"
6452532,White,"FLOWER, W/ 3.2 SHAFT, 1.5 HOLE, NO. 1"
6212994,Flame Yellowish Orange,"FLOWER, W/ 3.2 SHAFT, 1.5 HOLE, NO. 1"
6206151,Bright Purple,"FLOWER, W/ 3.2 SHAFT, 1.5 HOLE, NO. 1"
6182260,Bright Red,"FLOWER, W/ 3.2 SHAFT, 1.5 HOLE, NO. 1"
6471730,Bright Green,"FLOWER, W/ 3.2 SHAFT, 1.5 HOLE, NO. 1"
6580722,Lavender,"FLOWER, W/ 3.2 SHAFT, 1.5 HOLE, NO. 1"
611126,Black,BRICK 1X10
6057905,Bright Blue,BRICK 1X10
6469351,Reddish Brown,BRICK 1X10
4166138,Brick Yellow,BRICK 1X10
4211521,Medium Stone Grey,BRICK 1X10
611101,White,BRICK 1X10
611121,Bright Red,BRICK 1X10
4200026,Bright Yellow,BRICK 1X10
4211107,Dark Stone Grey,BRICK 1X10
6429055,Bright Red,FINAL BRICK 2X2
6429057,Bright Yellowish Green,FINAL BRICK 2X2
6429052,Medium Stone Grey,FINAL BRICK 2X2
6429054,Bright Yellow,FINAL BRICK 2X2
6429053,White,FINAL BRICK 2X2
6429062,Brick Yellow,FINAL BRICK 2X2
6429060,Reddish Brown,FINAL BRICK 2X2
4569316,Not Found,FINAL BRICK 2X2
6507967,Transparent,FINAL BRICK 2X2
6264989,Not Found,FINAL BRICK 2X2
6507968,Not Found,FINAL BRICK 2X2
6429058,Medium Azur,FINAL BRICK 2X2
6519484,Light Purple,FINAL BRICK 2X2
6429061,Bright Blue,FINAL BRICK 2X2
6511919,Bright Purple,FINAL BRICK 2X2
6429064,Bright Reddish Violet,FINAL BRICK 2X2
6507971,Tr. Bright Green,FINAL BRICK 2X2
6507969,Tr. Medium Violet W/ Opalescence,FINAL BRICK 2X2
6429056,Not Found,FINAL BRICK 2X2
6429051,Not Found,FINAL BRICK 2X2
474001,White,PARABOLA Ø16
4211512,Medium Stone Grey,PARABOLA Ø16
474026,Black,PARABOLA Ø16
4169960,Bright Yellow,PARABOLA Ø16
6166857,Earth Blue,"ROOF TILE 1X2, DEG. 45, W/O KNOBS"
6166894,White,"ROOF TILE 1X2, DEG. 45, W/O KNOBS"
6213378,Medium Stone Grey,"ROOF TILE 1X2, DEG. 45, W/O KNOBS"
6228601,Bright Blue,"ROOF TILE 1X2, DEG. 45, W/O KNOBS"
6275178,Bright Red,"ROOF TILE 1X2, DEG. 45, W/O KNOBS"
6430965,Bright Bluish Green,"ROOF TILE 1X2, DEG. 45, W/O KNOBS"
6523383,Bright Green,"ROOF TILE 1X2, DEG. 45, W/O KNOBS"
6267487,Black,"ROOF TILE 1X2, DEG. 45, W/O KNOBS"
6168776,Dark Stone Grey,"ROOF TILE 1X2, DEG. 45, W/O KNOBS"
6388196,Brick Yellow,"ROOF TILE 1X2, DEG. 45, W/O KNOBS"
6543490,Not Found,"ROOF TILE 1X2, DEG. 45, W/O KNOBS"
6550818,Medium Lavender,"PLANT, NO. 2"
6550579,Dark Green,"PLANT, NO. 2"
6550815,Bright Orange,"PLANT, NO. 2"
6550575,Bright Red,"PLANT, NO. 2"
6550578,Bright Purple,"PLANT, NO. 2"
6551129,White,"PLANT, NO. 2"
6554611,Light Nougat,"PLANT, NO. 2"
6285465,Olive Green,"PLANT, W/ 3.2 SHAFT, 1.5 HOLE, NO. 1"
6235080,Bright Green,"PLANT, W/ 3.2 SHAFT, 1.5 HOLE, NO. 1"
6438776,New Dark Red,"PLANT, W/ 3.2 SHAFT, 1.5 HOLE, NO. 1"
6466042,Lavender,"PLANT, W/ 3.2 SHAFT, 1.5 HOLE, NO. 1"
6510227,Transparent,DOOR 3X6
6370306,Not Found,DOOR 3X6
6510223,Tr. Light Blue,DOOR 3X6
6424464,Not Found,DOOR 3X6
6510228,Reddish Brown,DOOR 3X6
6510225,Tr. Brown,DOOR 3X6
6392875,Not Found,DOOR 3X6
6510230,Dark Brown,DOOR 3X6
6442279,Spring Yellowish Green,"SHORTS, W/ HIP, NO. 15"
6442221,Not Found,"SHORTS, W/ HIP, NO. 15"
6446761,Sand Yellow,"SHORTS, W/ HIP, NO. 15"
6423146,Flame Yellowish Orange,"SHORTS, W/ HIP, NO. 15"
6428824,Not Found,"SHORTS, W/ HIP, NO. 15"
6484627,Medium Lavender,"SHORTS, W/ HIP, NO. 15"
6483118,Bright Bluish Green,"SHORTS, W/ HIP, NO. 15"
6177197,Medium Lavender,"FOOT, PLATE"
6115086,Black,"FOOT, PLATE"
6133911,Medium Azur,"FOOT, PLATE"
6133805,Flame Yellowish Orange,"FOOT, PLATE"
6093479,White,"FOOT, PLATE"
6153157,Brick Yellow,"FOOT, PLATE"
6670628,White,"FOOT, PLATE"
6670644,Flame Yellowish Orange,"FOOT, PLATE"
6133860,Reddish Brown,"FOOT, PLATE"
6640376,Black,"FOOT, PLATE"
6670646,Brick Yellow,"FOOT, PLATE"
6671193,Medium Azur,"FOOT, PLATE"
6118828,Bright Yellow,ANGLE PLATE 1X2 / 2X4
6118829,Black,ANGLE PLATE 1X2 / 2X4
6158058,White,ANGLE PLATE 1X2 / 2X4
6118827,Medium Stone Grey,ANGLE PLATE 1X2 / 2X4
6118832,Dark Stone Grey,ANGLE PLATE 1X2 / 2X4
6492338,Dark Brown,GLASS FOR FRAME 1X2X2
6514141,Transparent Black,GLASS FOR FRAME 1X2X2
6514136,Transparent,GLASS FOR FRAME 1X2X2
6514138,Tr. Brown,GLASS FOR FRAME 1X2X2
6254564,Not Found,GLASS FOR FRAME 1X2X2
6254552,Transparent,GLASS FOR FRAME 1X2X2
6315923,Not Found,GLASS FOR FRAME 1X2X2
6514140,Tr. Yellow,GLASS FOR FRAME 1X2X2
6514137,Tr. Light Blue,GLASS FOR FRAME 1X2X2
6254563,Tr. Light Blue,GLASS FOR FRAME 1X2X2
6550798,Bright Yellowish Green,GLASS FOR FRAME 1X2X2
6440768,Reddish Brown,"TILE 3X3, CIRCLE, NO. 1"
6300017,White,"TILE 3X3, CIRCLE, NO. 1"
6327553,Warm Gold,"TILE 3X3, CIRCLE, NO. 1"
6544449,Vibrant Coral,"TILE 3X3, CIRCLE, NO. 1"
6306721,Medium Stone Grey,"TILE 3X3, CIRCLE, NO. 1"
6376695,Black,"TILE 3X3, CIRCLE, NO. 1"
6326106,Medium Nougat,"TILE 3X3, CIRCLE, NO. 1"
6466834,Not Found,"TILE 3X3, CIRCLE, NO. 1"
6599547,Medium Azur,"TILE 3X3, CIRCLE, NO. 1"
370126,Black,"TECHNIC BRICK 1X4, Ø4,9"
4267994,Reddish Brown,"TECHNIC BRICK 1X4, Ø4,9"
370121,Bright Red,"TECHNIC BRICK 1X4, Ø4,9"
370101,White,"TECHNIC BRICK 1X4, Ø4,9"
4211441,Medium Stone Grey,"TECHNIC BRICK 1X4, Ø4,9"
370124,Bright Yellow,"TECHNIC BRICK 1X4, Ø4,9"
4213607,Dark Stone Grey,"TECHNIC BRICK 1X4, Ø4,9"
4234365,Brick Yellow,"TECHNIC BRICK 1X4, Ø4,9"
6219657,New Dark Red,"RIGHT PLATE 1X2, W/ BOW, 45 DEG. CUT"
6290396,Reddish Brown,"RIGHT PLATE 1X2, W/ BOW, 45 DEG. CUT"
6258949,Sand Yellow,"RIGHT PLATE 1X2, W/ BOW, 45 DEG. CUT"
6181713,Black,"RIGHT PLATE 1X2, W/ BOW, 45 DEG. CUT"
6225142,Medium Stone Grey,"RIGHT PLATE 1X2, W/ BOW, 45 DEG. CUT"
6172411,Bright Blue,"RIGHT PLATE 1X2, W/ BOW, 45 DEG. CUT"
6177507,Bright Red,"RIGHT PLATE 1X2, W/ BOW, 45 DEG. CUT"
6453302,Dark Azur,"RIGHT PLATE 1X2, W/ BOW, 45 DEG. CUT"
6460837,Bright Green,"RIGHT PLATE 1X2, W/ BOW, 45 DEG. CUT"
6296901,Not Found,"RIGHT PLATE 1X2, W/ BOW, 45 DEG. CUT"
6213881,White,"RIGHT PLATE 1X2, W/ BOW, 45 DEG. CUT"
6289745,Flame Yellowish Orange,"RIGHT PLATE 1X2, W/ BOW, 45 DEG. CUT"
6177490,Bright Orange,"RIGHT PLATE 1X2, W/ BOW, 45 DEG. CUT"
6291017,Bright Bluish Green,"RIGHT PLATE 1X2, W/ BOW, 45 DEG. CUT"
6204667,Dark Stone Grey,"RIGHT PLATE 1X2, W/ BOW, 45 DEG. CUT"
6061047,White,WALL ELEMENT 1X4X1 ABS
6213676,Brick Yellow,WALL ELEMENT 1X4X1 ABS
6514504,White,WALL ELEMENT 1X4X1 ABS
6092659,Reddish Brown,WALL ELEMENT 1X4X1 ABS
6092570,Black,WALL ELEMENT 1X4X1 ABS
6092650,Bright Orange,WALL ELEMENT 1X4X1 ABS
6092649,Dark Stone Grey,WALL ELEMENT 1X4X1 ABS
6092648,Bright Yellow,WALL ELEMENT 1X4X1 ABS
6299442,Bright Yellowish Green,WALL ELEMENT 1X4X1 ABS
4624088,Brick Yellow,BRICK W/BOW 1/3
4251161,Black,BRICK W/BOW 1/3
6249426,Bright Bluish Green,BRICK W/BOW 1/3
4249112,White,BRICK W/BOW 1/3
6022064,Flame Yellowish Orange,BRICK W/BOW 1/3
4251969,Bright Orange,BRICK W/BOW 1/3
6037650,Not Found,BRICK W/BOW 1/3
6540137,Not Found,BRICK W/BOW 1/3
4537928,Not Found,BRICK W/BOW 1/3
6103449,Medium Lilac,BRICK W/BOW 1/3
6133062,Light Purple,BRICK W/BOW 1/3
4251163,Medium Stone Grey,BRICK W/BOW 1/3
368026,Black,"TURN PLATE 2X2, LOWER PART"
368001,White,"TURN PLATE 2X2, LOWER PART"
368023,Bright Blue,"TURN PLATE 2X2, LOWER PART"
6293265,Not Found,"TURN PLATE 2X2, LOWER PART"
6472370,Brick Yellow,"TURN PLATE 2X2, LOWER PART"
6568023,Light Purple,"TURN PLATE 2X2, LOWER PART"
368021,Not Found,"TURN PLATE 2X2, LOWER PART"
4540203,Medium Stone Grey,"TURN PLATE 2X2, UPPER PART"
6323189,Black,FOUR-SIDED SIGN WITH SNAP
6323185,White,FOUR-SIDED SIGN WITH SNAP
6315300,Dark Stone Grey,FOUR-SIDED SIGN WITH SNAP
6551383,Bright Orange,FOUR-SIDED SIGN WITH SNAP
6476480,Black,CAMERA
6476482,Bright Yellowish Green,CAMERA
6185108,Not Found,CAMERA
6476484,Dark Azur,CAMERA
6476587,Not Found,CAMERA
4106552,Not Found,CAMERA
6374056,Reddish Brown,FLAT TILE 2X2 INV.
6013081,Brick Yellow,FLAT TILE 2X2 INV.
6013867,Black,FLAT TILE 2X2 INV.
6013082,Dark Stone Grey,FLAT TILE 2X2 INV.
6013866,White,FLAT TILE 2X2 INV.
6298527,Cool Yellow,FLAT TILE 2X2 INV.
6013868,Bright Red,FLAT TILE 2X2 INV.
6285466,Earth Blue,FLAT TILE 2X2 INV.
6411902,Bright Yellow,FLAT TILE 2X2 INV.
6101937,Light Purple,FLAT TILE 2X2 INV.
6313601,Medium Nougat,FLAT TILE 2X2 INV.
6186828,Sand Green,FLAT TILE 2X2 INV.
6132886,Medium Stone Grey,FLAT TILE 2X2 INV.
6378799,Bright Green,"PLATE 8X8, 1/2 CIRCLE"
6249095,White,"PLATE 8X8, 1/2 CIRCLE"
6249092,Brick Yellow,"PLATE 8X8, 1/2 CIRCLE"
6429606,Not Found,"PLATE 8X8, 1/2 CIRCLE"
6273856,Not Found,"PLATE 8X8, 1/2 CIRCLE"
6301315,Medium Nougat,"PLATE 8X8, 1/2 CIRCLE"
6474254,Medium Stone Grey,"PLATE 8X8, 1/2 CIRCLE"
6349472,Bright Reddish Violet,"PLATE 8X8, 1/2 CIRCLE"
6296050,Medium Azur,"PLATE 8X8, 1/2 CIRCLE"
6559235,Bright Blue,"PLATE 8X8, 1/2 CIRCLE"
6345559,Dark Green,"PLATE 8X8, 1/2 CIRCLE"
6304883,Not Found,"PLATE 8X8, 1/2 CIRCLE"
6252480,Bright Yellowish Green,"PLATE 8X8, 1/2 CIRCLE"
6038637,Sand Yellow,CORNER PLATE 45 DEG. 3X3
4208072,Brick Yellow,CORNER PLATE 45 DEG. 3X3
6075207,Reddish Brown,CORNER PLATE 45 DEG. 3X3
6416003,Sand Green,CORNER PLATE 45 DEG. 3X3
4227684,Black,CORNER PLATE 45 DEG. 3X3
245021,Not Found,CORNER PLATE 45 DEG. 3X3
4210897,Dark Stone Grey,CORNER PLATE 45 DEG. 3X3
6529282,Not Found,CORNER PLATE 45 DEG. 3X3
6369498,Dark Azur,CORNER PLATE 45 DEG. 3X3
245001,White,CORNER PLATE 45 DEG. 3X3
6328333,Earth Green,CORNER PLATE 45 DEG. 3X3
4211361,Medium Stone Grey,CORNER PLATE 45 DEG. 3X3
6526747,Sand Yellow,"BRICK, 1X2X1, BOW, W/ CUTOUT"
6535838,Light Royal Blue,"BRICK, 1X2X1, BOW, W/ CUTOUT"
6535869,Cool Yellow,"BRICK, 1X2X1, BOW, W/ CUTOUT"
6544439,Bright Red,"BRICK, 1X2X1, BOW, W/ CUTOUT"
6553413,Bright Purple,"BRICK, 1X2X1, BOW, W/ CUTOUT"
6613635,Not Found,"BRICK, 1X2X1, BOW, W/ CUTOUT"
6526031,Light Purple,"BRICK, 1X2X1, BOW, W/ CUTOUT"
6526019,Not Found,"BRICK, 1X2X1, BOW, W/ CUTOUT"
6519988,White,"BRICK, 1X2X1, BOW, W/ CUTOUT"
6544437,Medium Azur,"BRICK, 1X2X1, BOW, W/ CUTOUT"
6542614,Black,"BRICK, 1X2X1, BOW, W/ CUTOUT"
6549670,Tr. Bright Orange,"BRICK, 1X2X1, BOW, W/ CUTOUT"
6539831,Medium Stone Grey,"BRICK, 1X2X1, BOW, W/ CUTOUT"
6595691,Medium Nougat,"BRICK, 1X2X1, BOW, W/ CUTOUT"
6536123,Not Found,"BRICK, 1X2X1, BOW, W/ CUTOUT"
6439175,Black,CORNER PLATE 1X3X3
6428165,White,CORNER PLATE 1X3X3
6474895,Earth Blue,CORNER PLATE 1X3X3
6493105,Bright Red,CORNER PLATE 1X3X3
6547152,Medium Stone Grey,CORNER PLATE 1X3X3
6518941,Bright Yellow,CORNER PLATE 1X3X3
6431822,Medium Nougat,CORNER PLATE 1X3X3
6219677,Bright Red,PROFILE BRICK 1X2
4210636,Dark Stone Grey,PROFILE BRICK 1X2
4211383,Medium Stone Grey,PROFILE BRICK 1X2
287701,White,PROFILE BRICK 1X2
4655900,Brick Yellow,PROFILE BRICK 1X2
6177135,Sand Blue,PROFILE BRICK 1X2
287726,Black,PROFILE BRICK 1X2
287724,Not Found,PROFILE BRICK 1X2
6508150,Transparent,"KITCHEN EQUIPMENT, NO. 9"
6508151,White,"KITCHEN EQUIPMENT, NO. 9"
6508152,Black,"KITCHEN EQUIPMENT, NO. 9"
6584833,Dark Orange,"KITCHEN EQUIPMENT, NO. 9"
6531935,Not Found,"KITCHEN EQUIPMENT, NO. 9"
4211401,Medium Stone Grey,PLATE 4X12
6114515,Sand Yellow,PLATE 4X12
6586469,Olive Green,PLATE 4X12
6065139,Reddish Brown,PLATE 4X12
4210706,Dark Stone Grey,PLATE 4X12
302926,Black,PLATE 4X12
4168072,White,PLATE 4X12
6343650,Dark Azur,PLATE 4X12
4279059,Dark Green,PLATE 4X12
6037834,Brick Yellow,PLATE 4X10
6186106,New Dark Red,PLATE 4X10
303026,Black,PLATE 4X10
4211402,Medium Stone Grey,PLATE 4X10
6423262,Medium Azur,PLATE 4X10
4503008,White,PLATE 4X10
6398657,Dark Green,PLATE 4X10
4211122,Dark Stone Grey,PLATE 4X10
4225715,Reddish Brown,PLATE 4X10
6514185,Transparent,WALL ELEMENT 1X2X2
6253231,Not Found,WALL ELEMENT 1X2X2
6475046,Not Found,WALL ELEMENT 1X2X2
6581810,Tr. Brown,WALL ELEMENT 1X2X2
6253217,Tr. Brown,WALL ELEMENT 1X2X2
6253230,Not Found,WALL ELEMENT 1X2X2
6469858,Not Found,WALL ELEMENT 1X2X2
6581816,Transparent Black,WALL ELEMENT 1X2X2
6397561,Brick Yellow,"PLATE 3X3, 1/4 CIRCLE, W/ CUT OUT"
6383110,Medium Stone Grey,"PLATE 3X3, 1/4 CIRCLE, W/ CUT OUT"
6325190,Not Found,"PLATE 3X3, 1/4 CIRCLE, W/ CUT OUT"
6323161,Bright Bluish Green,"PLATE 3X3, 1/4 CIRCLE, W/ CUT OUT"
6339103,White,"PLATE 3X3, 1/4 CIRCLE, W/ CUT OUT"
6308390,Bright Yellow,"PLATE 3X3, 1/4 CIRCLE, W/ CUT OUT"
6339915,Dark Orange,"PLATE 3X3, 1/4 CIRCLE, W/ CUT OUT"
6525014,Flame Yellowish Orange,"PLATE 3X3, 1/4 CIRCLE, W/ CUT OUT"
6361038,Reddish Brown,"PLATE 3X3, 1/4 CIRCLE, W/ CUT OUT"
6074954,Dark Green,FLAT TILE 2x2 ROUND W. HOLE Ø4.85
6102138,Bright Red,FLAT TILE 2x2 ROUND W. HOLE Ø4.85
6541874,Bright Yellow,FLAT TILE 2x2 ROUND W. HOLE Ø4.85
6132790,Not Found,FLAT TILE 2x2 ROUND W. HOLE Ø4.85
6143850,Black,FLAT TILE 2x2 ROUND W. HOLE Ø4.85
6315199,New Dark Red,FLAT TILE 2x2 ROUND W. HOLE Ø4.85
6329583,Medium Stone Grey,"FLAT TILE 1X1, NO. 234"
6423397,Sand Green,"PLATE 1X1, W/ 1.5 PLATE 1X2, DOWNWARDS"
6464976,Dark Green,"PLATE 1X1, W/ 1.5 PLATE 1X2, DOWNWARDS"
6362975,Medium Stone Grey,"PLATE 1X1, W/ 1.5 PLATE 1X2, DOWNWARDS"
6435043,Dark Stone Grey,"PLATE 1X1, W/ 1.5 PLATE 1X2, DOWNWARDS"
6572731,Earth Blue,"PLATE 1X1, W/ 1.5 PLATE 1X2, DOWNWARDS"
6374151,Brick Yellow,"PLATE 1X1, W/ 1.5 PLATE 1X2, DOWNWARDS"
6380236,Black,"PLATE 1X1, W/ 1.5 PLATE 1X2, DOWNWARDS"
6442358,White,"PLATE 1X1, W/ 1.5 PLATE 1X2, DOWNWARDS"
6540972,Flame Yellowish Orange,"PLATE 1X1, W/ 1.5 PLATE 1X2, DOWNWARDS"
6451747,Bright Yellow,"PLATE 1X1, W/ 1.5 PLATE 1X2, DOWNWARDS"
6416524,Medium Stone Grey,"HINGE PLATE 1X2, NO. 2"
6497109,White,"HINGE PLATE 1X2, NO. 2"
6416695,Reddish Brown,"HINGE PLATE 1X2, NO. 2"
6416505,Bright Blue,"HINGE PLATE 1X2, NO. 2"
6416527,Not Found,"HINGE PLATE 1X2, NO. 2"
6416522,Bright Yellow,"HINGE PLATE 1X2, NO. 2"
6458397,Not Found,"HINGE PLATE 1X2, NO. 2"
6672302,Black,"HINGE PLATE 1X2, NO. 2"
6416444,Black,"HINGE PLATE 1X2, NO. 2"
6416530,Earth Blue,"HINGE PLATE 1X2, NO. 2"
6416526,Dark Stone Grey,"HINGE PLATE 1X2, NO. 2"
6416525,Brick Yellow,"HINGE PLATE 1X2, NO. 2"
6269973,Reddish Brown,"PLANT, W/ 3.2 SHAFT, NO. 1"
6269971,Dark Green,"PLANT, W/ 3.2 SHAFT, NO. 1"
6388070,Bright Green,"PLANT, W/ 3.2 SHAFT, NO. 1"
6433717,Reddish Brown,"PLANT, W/ 3.2 SHAFT, NO. 1"
6529818,Dark Green,"PLANT, W/ 3.2 SHAFT, NO. 1"
6552226,White,"PLANT, W/ 3.2 SHAFT, NO. 1"
6070327,White,STICK Ø3.2 2MM W/KNOB AND TUBE
6598218,Bright Blue,STICK Ø3.2 2MM W/KNOB AND TUBE
6310449,Reddish Brown,STICK Ø3.2 2MM W/KNOB AND TUBE
4538126,Warm Gold,STICK Ø3.2 2MM W/KNOB AND TUBE
6365617,Bright Green,STICK Ø3.2 2MM W/KNOB AND TUBE
4649065,Sand Green,STICK Ø3.2 2MM W/KNOB AND TUBE
4657366,Medium Stone Grey,STICK Ø3.2 2MM W/KNOB AND TUBE
6060850,Not Found,STICK Ø3.2 2MM W/KNOB AND TUBE
6295302,Reddish Brown,"TILE 2X2, DEG. 90, W/ DEG. 45 CUT"
6364638,New Dark Red,"TILE 2X2, DEG. 90, W/ DEG. 45 CUT"
6265572,Brick Yellow,"TILE 2X2, DEG. 90, W/ DEG. 45 CUT"
6166859,Black,"TILE 2X2, DEG. 90, W/ DEG. 45 CUT"
6177079,Dark Stone Grey,"TILE 2X2, DEG. 90, W/ DEG. 45 CUT"
6166854,Earth Blue,"TILE 2X2, DEG. 90, W/ DEG. 45 CUT"
6217194,Bright Red,"TILE 2X2, DEG. 90, W/ DEG. 45 CUT"
6177078,Medium Stone Grey,"TILE 2X2, DEG. 90, W/ DEG. 45 CUT"
6184997,Bright Orange,"TILE 2X2, DEG. 90, W/ DEG. 45 CUT"
6168612,White,"TILE 2X2, DEG. 90, W/ DEG. 45 CUT"
6348141,Medium Azur,"TILE 2X2, DEG. 90, W/ DEG. 45 CUT"
6398674,Sand Blue,"TILE 2X2, DEG. 90, W/ DEG. 45 CUT"
6441095,Not Found,"TILE 2X2, DEG. 90, W/ DEG. 45 CUT"
6318084,Brick Yellow,ANGLE PLATE 1X2/1X4
6168615,Medium Stone Grey,ANGLE PLATE 1X2/1X4
6168618,White,ANGLE PLATE 1X2/1X4
6271127,Dark Stone Grey,ANGLE PLATE 1X2/1X4
6168623,Not Found,ANGLE PLATE 1X2/1X4
6474528,Not Found,ANGLE PLATE 1X2/1X4
6168620,Black,ANGLE PLATE 1X2/1X4
6271125,Bright Blue,ANGLE PLATE 1X2/1X4
6561724,Bright Yellowish Green,ANGLE PLATE 1X2/1X4
6168616,Bright Yellow,ANGLE PLATE 1X2/1X4
6458098,Black,"BRICK 2X2X1 INV. BOW, W/ CUT OUT"
6445057,Dark Stone Grey,"BRICK 2X2X1 INV. BOW, W/ CUT OUT"
6469900,Dark Green,"BRICK 2X2X1 INV. BOW, W/ CUT OUT"
6439827,Bright Yellow,"BRICK 2X2X1 INV. BOW, W/ CUT OUT"
6442089,Bright Orange,"BRICK 2X2X1 INV. BOW, W/ CUT OUT"
6409552,Reddish Brown,"BRICK 2X2X1 INV. BOW, W/ CUT OUT"
6485743,Brick Yellow,"BRICK 2X2X1 INV. BOW, W/ CUT OUT"
6469079,Flame Yellowish Orange,"BRICK 2X2X1 INV. BOW, W/ CUT OUT"
6400127,White,"BRICK 2X2X1 INV. BOW, W/ CUT OUT"
4621352,Warm Gold,MINI HEAD
6513992,Transparent,MINI HEAD
6192569,Dark Stone Grey,MINI HEAD
6454719,Black,MINI HEAD
6300208,Tr. Yellow,MINI HEAD
6513997,Tr. Yellow,MINI HEAD
362601,White,MINI HEAD
6454722,Bright Orange,MINI HEAD
6454737,Not Found,MINI HEAD
6462086,Medium Lavender,MINI HEAD
6454713,White,MINI HEAD
6454730,Medium Stone Grey,MINI HEAD
6454729,Reddish Brown,MINI HEAD
6186825,Dark Stone Grey,FRAME PLATE 4X4
6167450,White,FRAME PLATE 4X4
6058118,Black,FRAME PLATE 4X4
4612621,Medium Stone Grey,FRAME PLATE 4X4
6223291,Brick Yellow,FRAME PLATE 4X4
6070442,Reddish Brown,FRAME PLATE 4X4
6058093,Brick Yellow,BRICK WITH BOW 1X3X3
6225228,Not Found,BRICK WITH BOW 1X3X3
6177917,Dark Brown,BRICK WITH BOW 1X3X3
6055086,Reddish Brown,BRICK WITH BOW 1X3X3
6038525,White,BRICK WITH BOW 1X3X3
6293302,Not Found,BRICK WITH BOW 1X3X3
6488532,Medium Nougat,BRICK WITH BOW 1X3X3
6522561,Bright Yellow,BRICK WITH BOW 1X3X3
6038531,Black,BRICK WITH BOW 1X3X3
6387467,Light Royal Blue,BRICK WITH BOW 1X3X3
6133833,Reddish Brown,Brick 1x3x2 w. inside bow
6297316,Bright Yellow,Brick 1x3x2 w. inside bow
6442180,Not Found,Brick 1x3x2 w. inside bow
6212038,Brick Yellow,Brick 1x3x2 w. inside bow
6526011,Light Purple,Brick 1x3x2 w. inside bow
6357619,Medium Azur,Brick 1x3x2 w. inside bow
6110019,White,Brick 1x3x2 w. inside bow
6154860,Black,Brick 1x3x2 w. inside bow
6189103,Medium Nougat,Brick 1x3x2 w. inside bow
6129340,Medium Stone Grey,Brick 1x3x2 w. inside bow
6293404,Not Found,Brick 1x3x2 w. inside bow
6383076,Light Royal Blue,Brick 1x3x2 w. inside bow
6167516,Bright Orange,Brick 1x3x2 w. inside bow
6142695,Earth Blue,Brick 1x3x2 w. inside bow
6022079,Dark Orange,"LIMB ELEMENT, SMALL"
6268814,Dark Green,"LIMB ELEMENT, SMALL"
6268821,White,"LIMB ELEMENT, SMALL"
6268818,Bright Yellowish Green,"LIMB ELEMENT, SMALL"
6329957,Light Purple,"LIMB ELEMENT, SMALL"
6549870,Medium Lavender,"LIMB ELEMENT, SMALL"
6328339,Not Found,"LIMB ELEMENT, SMALL"
4166618,Medium Stone Grey,PLATE 8X8
4166619,Black,PLATE 8X8
6440842,Bright Yellowish Green,PLATE 8X8
6396549,Not Found,PLATE 8X8
4624223,Brick Yellow,PLATE 8X8
4624911,White,PLATE 8X8
6470077,Not Found,PLATE 8X8
6205088,Medium Azur,PLATE 8X8
4210802,Dark Stone Grey,PLATE 8X8
6383008,Not Found,PLATE 8X8
6133486,Medium Nougat,PLATE 8X8
4570111,Sand Yellow,PLATE 8X8
6359069,Sand Green,"BRICK 1X1, W/ CROSS HOLE"
6397610,Reddish Brown,"BRICK 1X1, W/ CROSS HOLE"
6446031,Dark Azur,"BRICK 1X1, W/ CROSS HOLE"
6344819,Black,"BRICK 1X1, W/ CROSS HOLE"
6336539,Medium Stone Grey,"BRICK 1X1, W/ CROSS HOLE"
6438978,Light Royal Blue,"BRICK 1X1, W/ CROSS HOLE"
6345886,White,"BRICK 1X1, W/ CROSS HOLE"
6362259,Dark Stone Grey,"BRICK 1X1, W/ CROSS HOLE"
6138405,Black,PLATE HALF CIRCLE 3x6 WITH CUT
6099893,Brick Yellow,PLATE HALF CIRCLE 3x6 WITH CUT
6430549,Not Found,PLATE HALF CIRCLE 3x6 WITH CUT
6257060,Bright Yellow,PLATE HALF CIRCLE 3x6 WITH CUT
6097476,Dark Azur,PLATE HALF CIRCLE 3x6 WITH CUT
6192352,White,PLATE HALF CIRCLE 3x6 WITH CUT
6109765,Bright Yellowish Green,PLATE HALF CIRCLE 3x6 WITH CUT
6132983,Medium Stone Grey,PLATE HALF CIRCLE 3x6 WITH CUT
6303715,Dark Green,PLATE HALF CIRCLE 3x6 WITH CUT
6218084,Dark Stone Grey,PLATE HALF CIRCLE 3x6 WITH CUT
6468351,Reddish Brown,FRAME 1X2X3
6468341,White,FRAME 1X2X3
6468357,Dark Brown,FRAME 1X2X3
6468393,Sand Green,FRAME 1X2X3
6468392,Not Found,FRAME 1X2X3
6468344,Black,FRAME 1X2X3
6468370,Bright Purple,FRAME 1X2X3
6468347,Brick Yellow,FRAME 1X2X3
6468358,Medium Azur,FRAME 1X2X3
6502372,Bright Bluish Green,FRAME 1X2X3
6547883,Not Found,FRAME 1X2X3
6161155,Silver Metallic,BEAM 1X1
6093950,Bright Red,BEAM 1X1
6100030,Dark Stone Grey,BEAM 1X1
6167923,Brick Yellow,BEAM 1X1
6170813,Reddish Brown,BEAM 1X1
6177114,White,BEAM 1X1
6392879,Bright Blue,BEAM 1X1
6121485,Black,BEAM 1X1
6302741,Bright Yellowish Green,BEAM 1X1
6431481,Bright Yellow,BEAM 1X1
6573660,Light Purple,BEAM 1X1
6266967,Earth Green,LIMB ELEMENT
6283957,Dark Orange,LIMB ELEMENT
6266968,Dark Green,LIMB ELEMENT
6266964,Bright Green,LIMB ELEMENT
6195274,Light Purple,LIMB ELEMENT
6328137,Bright Yellowish Green,LIMB ELEMENT
6003301,Black,PRISMATIC BINOCULARS
4211051,Dark Stone Grey,PRISMATIC BINOCULARS
4550170,Medium Stone Grey,PRISMATIC BINOCULARS
6034543,Warm Gold,PRISMATIC BINOCULARS
6603200,Not Found,PRISMATIC BINOCULARS
6342970,White,"BRICK 2X2, W/4.85 HOLE, NO. 1"
6326478,Medium Stone Grey,"BRICK 2X2, W/4.85 HOLE, NO. 1"
6385920,Bright Red,"BRICK 2X2, W/4.85 HOLE, NO. 1"
6372045,Black,"PLATE 5X5, 1/4 CIRCLE, W/ CUT OUT"
6432012,Bright Red,"PLATE 5X5, 1/4 CIRCLE, W/ CUT OUT"
6430583,Medium Stone Grey,"PLATE 5X5, 1/4 CIRCLE, W/ CUT OUT"
6488200,Lavender,"PLATE 5X5, 1/4 CIRCLE, W/ CUT OUT"
6370300,Not Found,"PLATE 5X5, 1/4 CIRCLE, W/ CUT OUT"
6365941,Dark Azur,"PLATE 5X5, 1/4 CIRCLE, W/ CUT OUT"
6399559,White,"PLATE 5X5, 1/4 CIRCLE, W/ CUT OUT"
6383092,Light Royal Blue,"PLATE 5X5, 1/4 CIRCLE, W/ CUT OUT"
6430582,Medium Nougat,"PLATE 5X5, 1/4 CIRCLE, W/ CUT OUT"
6377247,Bright Bluish Green,"PLATE 5X5, 1/4 CIRCLE, W/ CUT OUT"
6483122,Bright Yellow,"PLATE 5X5, 1/4 CIRCLE, W/ CUT OUT"
6528540,Reddish Brown,"PLATE 5X5, 1/4 CIRCLE, W/ CUT OUT"
6432007,Not Found,"PLATE 5X5, 1/4 CIRCLE, W/ CUT OUT"
6409763,Black,"MINI WIG, NO. 369"
6442996,Not Found,"MINI WIG, NO. 369"
6313138,White,PLATE 2X2 W. VERTICAL SNAP
6313191,Not Found,PLATE 2X2 W. VERTICAL SNAP
6313189,Dark Stone Grey,PLATE 2X2 W. VERTICAL SNAP
6313188,Medium Stone Grey,PLATE 2X2 W. VERTICAL SNAP
4119479,Bright Green,CARROT TOP
6078605,Reddish Brown,CARROT TOP
6420268,Bright Yellowish Green,CARROT TOP
6439724,Not Found,"PLATE 1X4X2/3, OUTSIDE BOW"
6532365,Not Found,"PLATE 1X4X2/3, OUTSIDE BOW"
6378416,White,"PLATE 1X4X2/3, OUTSIDE BOW"
6402876,Medium Stone Grey,"PLATE 1X4X2/3, OUTSIDE BOW"
6422238,Vibrant Coral,"PLATE 1X4X2/3, OUTSIDE BOW"
6375672,Brick Yellow,"PLATE 1X4X2/3, OUTSIDE BOW"
6370959,Not Found,"PLATE 1X4X2/3, OUTSIDE BOW"
4667575,White,BRICK 1X2 W. FOUR KNOBS
4253815,Black,BRICK 1X2 W. FOUR KNOBS
4569056,Bright Red,BRICK 1X2 W. FOUR KNOBS
6223599,Reddish Brown,BRICK 1X2 W. FOUR KNOBS
4657459,Medium Stone Grey,BRICK 1X2 W. FOUR KNOBS
6289719,Bright Yellow,BRICK 1X2 W. FOUR KNOBS
6535866,Cool Yellow,"PLATE 2X2, 1/4 CIRCLE, W/ CUT OUT"
6430580,Not Found,"PLATE 2X2, 1/4 CIRCLE, W/ CUT OUT"
6411395,Dark Stone Grey,"PLATE 2X2, 1/4 CIRCLE, W/ CUT OUT"
6365891,Bright Yellow,"PLATE 2X2, 1/4 CIRCLE, W/ CUT OUT"
6444576,Flame Yellowish Orange,"PLATE 2X2, 1/4 CIRCLE, W/ CUT OUT"
6499714,Reddish Brown,"PLATE 2X2, 1/4 CIRCLE, W/ CUT OUT"
6468531,Bright Reddish Violet,"PLATE 2X2, 1/4 CIRCLE, W/ CUT OUT"
6384910,Bright Red,"PLATE 2X2, 1/4 CIRCLE, W/ CUT OUT"
6539379,Earth Blue,"PLATE 2X2, 1/4 CIRCLE, W/ CUT OUT"
6526059,Not Found,"PLATE 2X2, 1/4 CIRCLE, W/ CUT OUT"
6456637,Sand Yellow,"PLATE 2X2, 1/4 CIRCLE, W/ CUT OUT"
6167644,Reddish Brown,PLATE 2X2 (ROCKING)
4124096,Black,PLATE 2X2 (ROCKING)
4612342,White,PLATE 2X2 (ROCKING)
4211881,Medium Stone Grey,PLATE 2X2 (ROCKING)
6487881,Not Found,PLATE 2X2 (ROCKING)
6488169,Bright Bluish Green,PLATE 2X2 (ROCKING)
4179874,Not Found,RIGHT PLATE 2X3 W/ANGLE
6267492,Not Found,RIGHT PLATE 2X3 W/ANGLE
6002847,Sand Yellow,RIGHT PLATE 2X3 W/ANGLE
4180508,Not Found,RIGHT PLATE 2X3 W/ANGLE
4180504,Bright Red,RIGHT PLATE 2X3 W/ANGLE
4211791,Medium Stone Grey,RIGHT PLATE 2X3 W/ANGLE
4498155,Not Found,RIGHT PLATE 2X3 W/ANGLE
4210869,Dark Stone Grey,RIGHT PLATE 2X3 W/ANGLE
6291006,Bright Bluish Green,RIGHT PLATE 2X3 W/ANGLE
6360215,Dark Orange,RIGHT PLATE 2X3 W/ANGLE
6251382,Not Found,RIGHT PLATE 2X3 W/ANGLE
6450822,White,"PLATE 1X2X2/3, OUTSIDE BOW"
6472004,Black,"PLATE 1X2X2/3, OUTSIDE BOW"
6433392,Reddish Brown,"PLATE 1X2X2/3, OUTSIDE BOW"
6441768,Dark Orange,"PLATE 1X2X2/3, OUTSIDE BOW"
6131583,Flame Yellowish Orange,ROOF TILE 1X3/25°
428626,Black,ROOF TILE 1X3/25°
6058090,Brick Yellow,ROOF TILE 1X3/25°
4211045,Dark Stone Grey,ROOF TILE 1X3/25°
6438447,Aqua,ROOF TILE 1X3/25°
6385731,Light Royal Blue,ROOF TILE 1X3/25°
428621,Bright Red,ROOF TILE 1X3/25°
6382805,Not Found,ROOF TILE 1X3/25°
6403913,Medium Nougat,ROOF TILE 1X3/25°
6103774,Earth Blue,ROOF TILE 1X3/25°
6510214,Black,"BRICK1X2, ROUNDED, W/ 3.2 SHAFT, NO. 1"
6390673,Not Found,"BRICK1X2, ROUNDED, W/ 3.2 SHAFT, NO. 1"
6510213,Dark Stone Grey,"BRICK1X2, ROUNDED, W/ 3.2 SHAFT, NO. 1"
6510211,Warm Gold,"BRICK1X2, ROUNDED, W/ 3.2 SHAFT, NO. 1"
6526024,Dark Orange,"BRICK1X2, ROUNDED, W/ 3.2 SHAFT, NO. 1"
6525399,Medium Azur,"BRICK1X2, ROUNDED, W/ 3.2 SHAFT, NO. 1"
4612603,Brick Yellow,WALL CORNER 1X1X1
623101,White,WALL CORNER 1X1X1
4645400,Reddish Brown,WALL CORNER 1X1X1
4106347,Black,WALL CORNER 1X1X1
4201587,Bright Yellow,WALL CORNER 1X1X1
4190219,Bright Red,WALL CORNER 1X1X1
4215513,Medium Stone Grey,WALL CORNER 1X1X1
4650647,Brick Yellow,PROFILE BRICK Ø15.83 W. CROSS
6036503,Reddish Brown,PROFILE BRICK Ø15.83 W. CROSS
6024730,Black,PROFILE BRICK Ø15.83 W. CROSS
6481373,Medium Nougat,PROFILE BRICK Ø15.83 W. CROSS
6107194,Warm Gold,PROFILE BRICK Ø15.83 W. CROSS
4650644,White,PROFILE BRICK Ø15.83 W. CROSS
4650646,Bright Red,PROFILE BRICK Ø15.83 W. CROSS
4650645,Medium Stone Grey,PROFILE BRICK Ø15.83 W. CROSS
4620760,Dark Stone Grey,BRICK 1X6 W/INSIDE BOW
4620761,White,BRICK 1X6 W/INSIDE BOW
4620763,Black,BRICK 1X6 W/INSIDE BOW
4655611,Reddish Brown,BRICK 1X6 W/INSIDE BOW
4618876,Brick Yellow,BRICK 1X6 W/INSIDE BOW
6290541,Bright Bluish Green,BRICK 1X6 W/INSIDE BOW
6525910,Not Found,BRICK 1X6 W/INSIDE BOW
4618874,Medium Stone Grey,BRICK 1X6 W/INSIDE BOW
6299413,Bright Blue,CONNECTOR PEG W. FRICTION 3M
4508616,Reddish Brown,ROOF TILE 2X3/25° INV.
6435928,Black,ROOF TILE 2X3/25° INV.
374724,Bright Yellow,ROOF TILE 2X3/25° INV.
4500462,Bright Red,ROOF TILE 2X3/25° INV.
6435932,White,ROOF TILE 2X3/25° INV.
6435930,Medium Stone Grey,ROOF TILE 2X3/25° INV.
6533361,Brick Yellow,ROOF TILE 2X3/25° INV.
4509443,Bright Blue,ROOF TILE 2X3/25° INV.
4500469,White,ROOF TILE 2X3/25° INV.
4211064,Not Found,ROOF TILE 2X3/25° INV.
6448948,Black,GLOBE W. 3.2 STICK
6375689,Dark Green,GLOBE W. 3.2 STICK
6484410,Sand Yellow,GLOBE W. 3.2 STICK
6344216,Not Found,GLOBE W. 3.2 STICK
6448949,White,GLOBE W. 3.2 STICK
6194512,White,GLOBE W. 3.2 STICK
6507868,Tr. Bright Orange,GLOBE W. 3.2 STICK
6518937,Not Found,GLOBE W. 3.2 STICK
6212288,Medium Stone Grey,GLOBE W. 3.2 STICK
6507867,Tr. Red,GLOBE W. 3.2 STICK
6171762,Tr. Red,GLOBE W. 3.2 STICK
6171764,Not Found,GLOBE W. 3.2 STICK
6409765,Dark Orange,"MINI WIG, NO. 368"
6529039,Cool Yellow,"MINI WIG, NO. 368"
6531175,Sand Yellow,"MINI WIG, NO. 368"
4624186,Not Found,Brick 2x2 w. angle 45 degrees
4584274,Black,Brick 2x2 w. angle 45 degrees
6356108,Medium Azur,Brick 2x2 w. angle 45 degrees
4651063,Medium Stone Grey,Brick 2x2 w. angle 45 degrees
6137926,White,Brick 2x2 w. angle 45 degrees
6148265,Brick Yellow,Brick 2x2 w. angle 45 degrees
6437957,Bright Yellow,Brick 2x2 w. angle 45 degrees
4581525,Bright Red,Brick 2x2 w. angle 45 degrees
6020847,Sand Yellow,Brick 2x2 w. angle 45 degrees
6489463,Not Found,Brick 2x2 w. angle 45 degrees
6208787,Not Found,"PLATE 4X4, W/ ARCH"
6474986,Bright Yellow,"PLATE 4X4, W/ ARCH"
6254335,White,"PLATE 4X4, W/ ARCH"
6526012,Light Purple,"PLATE 4X4, W/ ARCH"
6555105,Light Royal Blue,"PLATE 4X4, W/ ARCH"
6228841,Reddish Brown,"PLATE 4X4, W/ ARCH"
6371465,Brick Yellow,"PLATE 4X4, W/ ARCH"
6400075,Vibrant Coral,"PLATE 4X4, W/ ARCH"
6493909,Medium Azur,"PLATE 4X4, W/ ARCH"
6331548,Bright Green,"PLATE 4X4, W/ ARCH"
6353802,Medium Stone Grey,"PLATE 4X4, W/ ARCH"
6287856,Medium Nougat,"FLAT TILE 1X1, ROUND NO. 56"
6416546,Warm Tan,"MINI DOLL HEAD, NO. 14"
6416490,Light Nougat,"MINI DOLL, HEAD, NO. 346"
6368331,Bright Red,BOW 1/4 4X4X1
6225542,Dark Azur,BOW 1/4 4X4X1
6213786,Bright Bluish Green,BOW 1/4 4X4X1
6337627,White,BOW 1/4 4X4X1
6022004,Medium Nougat,BOW 1/4 4X4X1
6469255,Bright Blue,BOW 1/4 4X4X1
6310615,Flame Yellowish Orange,BOW 1/4 4X4X1
6435855,Light Royal Blue,BOW 1/4 4X4X1
6330241,Reddish Brown,BOW 1/4 4X4X1
6452524,Medium Stone Grey,BOW 1/4 4X4X1
6567017,Spring Yellowish Green,BOW 1/4 4X4X1
4215470,Not Found,BOW 1/4 4X4X1
6252902,Not Found,BOW 1/4 4X4X1
4226995,Medium Stone Grey,CONSOLE W. WHEEL GREY/BLACK
6468343,New Dark Red,HAIR BRUSH
6099370,Light Purple,HAIR BRUSH
4243668,Flame Yellowish Orange,HAIR BRUSH
6058368,Medium Azur,HAIR BRUSH
6324176,Brick Yellow,"PLANT, W/ 3.2 SHAFT, NO. 3"
6434871,Bright Green,"PLANT, W/ 3.2 SHAFT, NO. 3"
6345847,Reddish Brown,"PLANT, W/ 3.2 SHAFT, NO. 3"
6089119,Black,Cross axle 2m w. snap w. fric.
6096990,Light Purple,"FLOWER W. 1,5 CONNECTOR"
6451205,Cool Yellow,"FLOWER W. 1,5 CONNECTOR"
6097098,Flame Yellowish Orange,"FLOWER W. 1,5 CONNECTOR"
6500671,Aqua,"FLOWER W. 1,5 CONNECTOR"
6526749,Bright Green,"DESIGN SHAPE W/ TUBE, CROSSHOLE"
6536089,Cool Yellow,"DESIGN SHAPE W/ TUBE, CROSSHOLE"
6383101,Not Found,"DESIGN SHAPE W/ TUBE, CROSSHOLE"
6194851,White,"DESIGN SHAPE W/ TUBE, CROSSHOLE"
6179182,Black,"DESIGN SHAPE W/ TUBE, CROSSHOLE"
6613285,Not Found,"DESIGN SHAPE W/ TUBE, CROSSHOLE"
6518950,Light Purple,"DESIGN SHAPE W/ TUBE, CROSSHOLE"
6253294,Bright Yellow,"DESIGN SHAPE W/ TUBE, CROSSHOLE"
6151349,Medium Stone Grey,"DESIGN SHAPE W/ TUBE, CROSSHOLE"
6541476,Brick Yellow,"DESIGN SHAPE W/ TUBE, CROSSHOLE"
6505133,Not Found,"PLATE, W/ HALF BOW, INV. 1X2X2/3"
6186398,Bright Red,"PLATE, W/ HALF BOW, INV. 1X2X2/3"
6172922,Reddish Brown,"PLATE, W/ HALF BOW, INV. 1X2X2/3"
6215212,Dark Stone Grey,"PLATE, W/ HALF BOW, INV. 1X2X2/3"
6251252,Brick Yellow,"PLATE, W/ HALF BOW, INV. 1X2X2/3"
6474988,Lavender,"PLATE, W/ HALF BOW, INV. 1X2X2/3"
6336530,Aqua,"PLATE, W/ HALF BOW, INV. 1X2X2/3"
6210413,Bright Yellowish Green,"PLATE, W/ HALF BOW, INV. 1X2X2/3"
6296041,Light Purple,"PLATE, W/ HALF BOW, INV. 1X2X2/3"
6296507,Cool Yellow,"PLATE, W/ HALF BOW, INV. 1X2X2/3"
6475998,Dark Azur,"PLATE, W/ HALF BOW, INV. 1X2X2/3"
6167223,Bright Yellow,"PLATE, W/ HALF BOW, INV. 1X2X2/3"
6278553,Sand Green,"PLATE, W/ HALF BOW, INV. 1X2X2/3"
6584296,Medium Lilac,"PLATE, W/ HALF BOW, INV. 1X2X2/3"
6514274,Tr. Bright Orange,"FLAME, NO. 1"
6514277,Not Found,"FLAME, NO. 1"
6357747,Tr. Bright Orange,"FLAME, NO. 1"
6455546,Not Found,"FLAME, NO. 1"
6357780,Tr. Light Blue,"FLAME, NO. 1"
6514275,Tr. Light Blue,"FLAME, NO. 1"
6093908,New Dark Red,Profile brick 1x2 single gro.
6000066,Medium Stone Grey,Profile brick 1x2 single gro.
6000311,Dark Stone Grey,Profile brick 1x2 single gro.
4656783,Medium Nougat,Profile brick 1x2 single gro.
6152409,White,Profile brick 1x2 single gro.
6476306,Aqua,Profile brick 1x2 single gro.
6539519,Medium Azur,Profile brick 1x2 single gro.
6584805,Warm Pink,Profile brick 1x2 single gro.
4646577,Sand Yellow,Profile brick 1x2 single gro.
6361793,Not Found,Profile brick 1x2 single gro.
6267490,New Dark Red,LEFT PLATE 2X3 W/ANGLE
4179875,White,LEFT PLATE 2X3 W/ANGLE
6002843,Sand Yellow,LEFT PLATE 2X3 W/ANGLE
4180536,Black,LEFT PLATE 2X3 W/ANGLE
4211794,Medium Stone Grey,LEFT PLATE 2X3 W/ANGLE
4180533,Bright Red,LEFT PLATE 2X3 W/ANGLE
4498156,Bright Blue,LEFT PLATE 2X3 W/ANGLE
6291004,Bright Bluish Green,LEFT PLATE 2X3 W/ANGLE
6360214,Dark Orange,LEFT PLATE 2X3 W/ANGLE
6251381,Not Found,LEFT PLATE 2X3 W/ANGLE
617926,Black,PLATE 4X4 W. 4 KNOBS
6383728,Brick Yellow,PLATE 4X4 W. 4 KNOBS
617901,White,PLATE 4X4 W. 4 KNOBS
4211837,Medium Stone Grey,PLATE 4X4 W. 4 KNOBS
4616342,Bright Red,PLATE 4X4 W. 4 KNOBS
4509911,Dark Stone Grey,PLATE 4X4 W. 4 KNOBS
6129995,Bright Red,CROSS AXLE 4M
370526,Black,CROSS AXLE 4M
4593678,Black,WALLELEMENT 1X2X2
6064188,Reddish Brown,WALLELEMENT 1X2X2
4585458,White,WALLELEMENT 1X2X2
4593679,Medium Stone Grey,WALLELEMENT 1X2X2
4570470,Bright Red,WALLELEMENT 1X2X2
6063943,Brick Yellow,WALLELEMENT 1X2X2
6357263,New Dark Red,WALLELEMENT 1X2X2
4211466,Medium Stone Grey,"BRICK 1X6, Ø4,9"
389426,Black,"BRICK 1X6, Ø4,9"
389401,White,"BRICK 1X6, Ø4,9"
389424,Bright Yellow,"BRICK 1X6, Ø4,9"
4210811,Dark Stone Grey,"CUPBOARD, DOOR 3X2"
6253216,Not Found,"CUPBOARD, DOOR 3X2"
6514073,Tr. Light Blue,"CUPBOARD, DOOR 3X2"
4261470,White,"CUPBOARD, DOOR 3X2"
6514074,Not Found,"CUPBOARD, DOOR 3X2"
6585067,Blue Violet,"CUPBOARD, DOOR 3X2"
6271820,Bright Red,BUSH FOR CROSS AXLE
6332148,Black,BUSH FOR CROSS AXLE
6275844,Medium Stone Grey,BUSH FOR CROSS AXLE
395701,White,WHIP/AERIAL
395726,Black,WHIP/AERIAL
4211473,Medium Stone Grey,WHIP/AERIAL
6580378,Tr. Light Blue,PARABOLIC ELEMENT Ø16
6245307,Tr. Light Blue,PARABOLIC ELEMENT Ø16
6514246,Transparent,PARABOLIC ELEMENT Ø16
6245310,Not Found,PARABOLIC ELEMENT Ø16
6580380,Tr. Bright Orange,PARABOLIC ELEMENT Ø16
6245309,Not Found,PARABOLIC ELEMENT Ø16
6580379,Tr.bright Bluish Violet,PARABOLIC ELEMENT Ø16
6245302,Tr.medium Reddish Violet,PARABOLIC ELEMENT Ø16
6580376,Tr.medium Reddish Violet,PARABOLIC ELEMENT Ø16
6518820,Tr. Bright Green,PARABOLIC ELEMENT Ø16
6589436,Tr. Bright Green,PARABOLIC ELEMENT Ø16
6256050,White,GLAS FOR FRAME 1X4X6
6581671,Transparent,GLAS FOR FRAME 1X4X6
6256058,Transparent,GLAS FOR FRAME 1X4X6
6256060,Not Found,GLAS FOR FRAME 1X4X6
6581491,Tr. Light Blue,GLAS FOR FRAME 1X4X6
6256051,Not Found,GLAS FOR FRAME 1X4X6
6449602,Not Found,GLAS FOR FRAME 1X4X6
6514119,Transparent,GLASS DOOR FÜR FRAME 1X4X6
6248916,White,GLASS DOOR FÜR FRAME 1X4X6
6248918,Reddish Brown,GLASS DOOR FÜR FRAME 1X4X6
6514118,Tr. Light Blue,GLASS DOOR FÜR FRAME 1X4X6
6409769,New Dark Red,"MINI WIG, NO. 366"
4227398,Dark Stone Grey,"PLATE 2X4, 3XØ4.9"
370926,Black,"PLATE 2X4, 3XØ4.9"
4211444,Medium Stone Grey,"PLATE 2X4, 3XØ4.9"
370901,White,"PLATE 2X4, 3XØ4.9"
6132408,Flame Yellowish Orange,"PLATE 2X4, 3XØ4.9"
370923,Bright Blue,"PLATE 2X4, 3XØ4.9"
6489195,Medium Nougat,"PLATE 2X4, 3XØ4.9"
6230284,Brick Yellow,"ROOF TILE 1X1, DEG. 45, W/O KNOBS"
6286834,White,"ROOF TILE 1X1, DEG. 45, W/O KNOBS"
6439560,Black,"ROOF TILE 1X1, DEG. 45, W/O KNOBS"
6224794,Bright Red,"ROOF TILE 1X1, DEG. 45, W/O KNOBS"
6262021,Dark Stone Grey,"ROOF TILE 1X1, DEG. 45, W/O KNOBS"
6223631,Bright Orange,"ROOF TILE 1X1, DEG. 45, W/O KNOBS"
6579025,Sand Green,"ROOF TILE 1X1, DEG. 45, W/O KNOBS"
366021,Not Found,ROOF TILE 2X2/45° INV.
366023,Bright Blue,ROOF TILE 2X2/45° INV.
4118866,Brick Yellow,ROOF TILE 2X2/45° INV.
4211000,Dark Stone Grey,ROOF TILE 2X2/45° INV.
4211436,Not Found,ROOF TILE 2X2/45° INV.
6593092,White,CONE 1X1 INVERTEDE W. SHAFT
6538444,Dark Orange,CONE 1X1 INVERTEDE W. SHAFT
6538445,Medium Stone Grey,CONE 1X1 INVERTEDE W. SHAFT
6538447,Bright Green,CONE 1X1 INVERTEDE W. SHAFT
6538442,Brick Yellow,CONE 1X1 INVERTEDE W. SHAFT
6056234,Black,CONE 1X1 INVERTEDE W. SHAFT
6538443,Black,CONE 1X1 INVERTEDE W. SHAFT
6017003,Brick Yellow,CONE 1X1 INVERTEDE W. SHAFT
6096701,Reddish Brown,BRICK 2X8
6037398,Brick Yellow,BRICK 2X8
6037399,Medium Stone Grey,BRICK 2X8
6037384,Bright Blue,BRICK 2X8
6033776,White,BRICK 2X8
6037390,Black,BRICK 2X8
6485863,Not Found,BRICK 2X8
6422247,Not Found,BRICK 2X8
6187438,Dark Stone Grey,BRICK 2X8
6138664,Reddish Brown,PLATE 1X2 W. HOR. HOLE Ø 4.8
6114987,Black,PLATE 1X2 W. HOR. HOLE Ø 4.8
6344181,Bright Yellow,PLATE 1X2 W. HOR. HOLE Ø 4.8
6225230,Medium Stone Grey,PLATE 1X2 W. HOR. HOLE Ø 4.8
6529504,Not Found,PLATE 1X2 W. HOR. HOLE Ø 4.8
6057414,White,PLATE 1X2 W. HOR. HOLE Ø 4.8
6248822,Bright Blue,PLATE 1X2 W. HOR. HOLE Ø 4.8
6587104,Bright Blue,WALL 1X3X1
6316282,Reddish Brown,WALL 1X3X1
6382491,Black,WALL 1X3X1
6385484,Not Found,WALL 1X3X1
6300325,Brick Yellow,WALL 1X3X1
6198037,Dark Orange,WALL 1X3X1
6211447,Bright Red,WALL 1X3X1
6210581,Medium Stone Grey,WALL 1X3X1
6149768,Not Found,WALL 1X3X1
6130008,Bright Yellow,CROSS AXLE 5M
4211639,Medium Stone Grey,CROSS AXLE 5M
6192309,Black,"PLATE 1x2 W. HORIZONTAL HOLE Ø4,85 REV."
6396058,Dark Stone Grey,"PLATE 1x2 W. HORIZONTAL HOLE Ø4,85 REV."
6232029,White,"PLATE 1x2 W. HORIZONTAL HOLE Ø4,85 REV."
6168633,Medium Stone Grey,"PLATE 1x2 W. HORIZONTAL HOLE Ø4,85 REV."
370626,Black,CROSS AXLE 6M
6130002,Bright Red,CROSS AXLE 6M
6320297,Medium Stone Grey,BRICK 1X2 W. HORIZONTAL HOLDER
6320300,White,BRICK 1X2 W. HORIZONTAL HOLDER
6335307,Brick Yellow,BRICK 1X2 W. HORIZONTAL HOLDER
6391117,Medium Azur,BRICK 1X2 W. HORIZONTAL HOLDER
6330202,Reddish Brown,BRICK 1X2 W. HORIZONTAL HOLDER
6335306,Dark Stone Grey,BRICK 1X2 W. HORIZONTAL HOLDER
6335309,Bright Blue,BRICK 1X2 W. HORIZONTAL HOLDER
6509834,Reddish Brown,LATTICE 1X4X6 W/ SNAP
6509831,Medium Stone Grey,LATTICE 1X4X6 W/ SNAP
6509837,Medium Nougat,LATTICE 1X4X6 W/ SNAP
6529090,Bright Yellow,LATTICE 1X4X6 W/ SNAP
6509833,Black,LATTICE 1X4X6 W/ SNAP
6581836,Cool Yellow,LATTICE 1X4X6 W/ SNAP
6327818,Reddish Brown,HANDLEBAR W/3.2 SHAFT/BAR ENDS
4644102,Medium Stone Grey,HANDLEBAR W/3.2 SHAFT/BAR ENDS
6078610,Not Found,HANDLEBAR W/3.2 SHAFT/BAR ENDS
6364621,White,HANDLEBAR W/3.2 SHAFT/BAR ENDS
6132210,Bright Red,"BRICK, W/ HALF BOW 2X3, W/ CUT"
6132212,White,"BRICK, W/ HALF BOW 2X3, W/ CUT"
6232147,Not Found,"BRICK, W/ HALF BOW 2X3, W/ CUT"
6198024,Not Found,"BRICK, W/ HALF BOW 2X3, W/ CUT"
6248491,Earth Blue,"BRICK, W/ HALF BOW 2X3, W/ CUT"
6147790,Black,"BRICK, W/ HALF BOW 2X3, W/ CUT"
6253734,Not Found,GLASS FOR FRAME 1X4X3
6514142,Transparent,GLASS FOR FRAME 1X4X3
6514144,Black,GLASS FOR FRAME 1X4X3
6514143,Tr. Light Blue,GLASS FOR FRAME 1X4X3
6253735,Not Found,GLASS FOR FRAME 1X4X3
6441691,Bright Red,"MUDGUARD 2X4X2, NO. 2"
6443446,Black,"MUDGUARD 2X4X2, NO. 2"
6438923,White,"MUDGUARD 2X4X2, NO. 2"
6424675,Not Found,"MUDGUARD 2X4X2, NO. 2"
6527152,Medium Nougat,"MUDGUARD 2X4X2, NO. 2"
6513762,Flame Yellowish Orange,"MUDGUARD 2X4X2, NO. 2"
6428259,Not Found,"SHORTS, W/ HIP, NO. 14"
6429300,Not Found,"SHORTS, W/ HIP, NO. 14"
6422464,Not Found,"SHORTS, W/ HIP, NO. 14"
6430056,Not Found,"SHORTS, W/ HIP, NO. 14"
6429249,Not Found,"SHORTS, W/ HIP, NO. 14"
6430246,Bright Yellow,"SHORTS, W/ HIP, NO. 14"
6594314,Not Found,"SHORTS, W/ HIP, NO. 14"
6594989,Not Found,"SHORTS, W/ HIP, NO. 14"
6416668,Light Nougat,"MINI DOLL, HEAD, NO. 336"
4211491,Medium Stone Grey,"MAILBOX, CASING 2X2X2"
4261628,Bright Red,"MAILBOX, CASING 2X2X2"
434501,White,"MAILBOX, CASING 2X2X2"
6138634,Black,"MAILBOX, CASING 2X2X2"
6383013,Not Found,"MAILBOX, CASING 2X2X2"
6420921,Light Royal Blue,"PLATE 2X2,2/3 W/KRYDSHUL& CROWN LEAF"
6345196,Bright Green,"PLATE 2X2,2/3 W/KRYDSHUL& CROWN LEAF"
6426730,Earth Green,"PLATE 2X2,2/3 W/KRYDSHUL& CROWN LEAF"
6050927,Bright Purple,"PLATE 2X2,2/3 W/KRYDSHUL& CROWN LEAF"
6447701,Aqua,"PLATE 2X2,2/3 W/KRYDSHUL& CROWN LEAF"
6058746,Medium Azur,"PLATE 2X2,2/3 W/KRYDSHUL& CROWN LEAF"
6525787,Flame Yellowish Orange,"PLATE 2X2,2/3 W/KRYDSHUL& CROWN LEAF"
6538273,Cool Yellow,"PLATE 2X2,2/3 W/KRYDSHUL& CROWN LEAF"
6210415,Bright Yellowish Green,"PLATE 2X2,2/3 W/KRYDSHUL& CROWN LEAF"
6526751,Bright Green,"PLATE 1X1, W/ VERT. 3.2 SHAFT"
6508268,White,"PLATE 1X1, W/ VERT. 3.2 SHAFT"
6508269,Not Found,"PLATE 1X1, W/ VERT. 3.2 SHAFT"
6223225,Sand Green,"BRICK 1X1, W/ 2 KNOBS, CORNER"
6224811,White,"BRICK 1X1, W/ 2 KNOBS, CORNER"
6332045,Dark Stone Grey,"BRICK 1X1, W/ 2 KNOBS, CORNER"
6267495,Medium Stone Grey,"BRICK 1X1, W/ 2 KNOBS, CORNER"
6175968,Brick Yellow,"BRICK 1X1, W/ 2 KNOBS, CORNER"
6368621,Bright Green,"BRICK 1X1, W/ 2 KNOBS, CORNER"
6187572,Black,"BRICK 1X1, W/ 2 KNOBS, CORNER"
6473603,Bright Red,"BRICK 1X1, W/ 2 KNOBS, CORNER"
6174229,Reddish Brown,"BOOK, NO. 2"
6311467,Tr. Light Blue,"BOOK, NO. 2"
6233538,White,"BOOK, NO. 2"
6258353,Bright Yellowish Green,"BOOK, NO. 2"
6283610,Black,"BOOK, NO. 2"
6519761,Light Purple,"BOOK, NO. 2"
6296892,Dark Stone Grey,PLATE 1X1 W/ HOLDER
6403046,Nougat,PLATE 1X1 W/ HOLDER
6296894,Medium Stone Grey,PLATE 1X1 W/ HOLDER
6445843,Medium Azur,PLATE 1X1 W/ HOLDER
6132266,Warm Gold,MINI ROLLER SKATE
6215447,Silver Metallic,MINI ROLLER SKATE
6346263,Bright Purple,MINI ROLLER SKATE
6267163,Bright Blue,MINI ROLLER SKATE
6088585,Black,MINI ROLLER SKATE
6177500,Bright Red,MINI ROLLER SKATE
6170916,Flame Yellowish Orange,ROOF TILE 2X2/45 INV.
6522216,Not Found,ROOF TILE 2X2/45 INV.
6070756,Medium Azur,ROOF TILE 2X2/45 INV.
6383073,Light Royal Blue,ROOF TILE 2X2/45 INV.
6187575,Not Found,ROOF TILE 2X2/45 INV.
366024,Bright Yellow,ROOF TILE 2X2/45 INV.
6172860,Not Found,ROOF TILE 2X2/45 INV.
6025375,Not Found,ROOF TILE 2X2/45 INV.
6622623,Dark Stone Grey,ROOF TILE 2X2/45 INV.
6622621,Brick Yellow,ROOF TILE 2X2/45 INV.
4213568,Brick Yellow,BRICK 1X1 W. 2 KNOBS
4214559,Black,BRICK 1X1 W. 2 KNOBS
6253167,Reddish Brown,BRICK 1X1 W. 2 KNOBS
4626882,White,BRICK 1X1 W. 2 KNOBS
6432030,Bright Yellow,BRICK 1X1 W. 2 KNOBS
6531923,Bright Blue,BRICK 1X1 W. 2 KNOBS
6030266,Bright Red,BRICK 1X1 W. 2 KNOBS
4213567,Medium Stone Grey,BRICK 1X1 W. 2 KNOBS
4213574,Dark Stone Grey,BRICK 1X1 W. 2 KNOBS
6536568,Not Found,"TURNTABLE 2X2, FEMALE"
6536571,Dark Orange,"TURNTABLE 2X2, FEMALE"
6310981,Not Found,"TURNTABLE 2X2, FEMALE"
6375188,Not Found,"TURNTABLE 2X2, FEMALE"
6238334,Not Found,"TURNTABLE 2X2, FEMALE"
6536567,White,"TURNTABLE 2X2, FEMALE"
6189189,Bright Blue,ROOF TILE 2X1X2
4629736,Reddish Brown,ROOF TILE 2X1X2
4515374,Medium Stone Grey,ROOF TILE 2X1X2
6163294,Aqua,ROOF TILE 2X1X2
4515370,White,ROOF TILE 2X1X2
4515371,Bright Red,ROOF TILE 2X1X2
6534880,Bright Yellowish Green,ROOF TILE 2X1X2
6013658,Not Found,ROOF TILE 2X1X2
6286837,Not Found,ROOF TILE 2X1X2
4515373,Black,ROOF TILE 2X1X2
6487377,Not Found,ROOF TILE 2X1X2
6525912,Not Found,ROOF TILE 2X1X2
6332573,White,"ANGLE ELEMENT, 0 DEGREES [1]"
6332580,Bright Red,"ANGLE ELEMENT, 0 DEGREES [1]"
6332586,Dark Brown,"ANGLE ELEMENT, 0 DEGREES [1]"
6284699,Black,"ANGLE ELEMENT, 0 DEGREES [1]"
6332867,Bright Yellowish Green,"ANGLE ELEMENT, 0 DEGREES [1]"
6296859,Medium Stone Grey,"ANGLE ELEMENT, 0 DEGREES [1]"
6296856,Dark Stone Grey,"ANGLE ELEMENT, 0 DEGREES [1]"
6332570,Bright Blue,"ANGLE ELEMENT, 0 DEGREES [1]"
6581359,Transparent,GLASS FOR FRAME 1X2X3
6252258,Not Found,GLASS FOR FRAME 1X2X3
6581489,Black,GLASS FOR FRAME 1X2X3
6581487,Transparent Black,GLASS FOR FRAME 1X2X3
6447005,Transparent Black,GLASS FOR FRAME 1X2X3
4541191,Black,ROOF TILE W. LATTICE 1x2x2/3
6092111,Medium Stone Grey,ROOF TILE W. LATTICE 1x2x2/3
6023804,White,ROOF TILE W. LATTICE 1x2x2/3
4540386,Dark Stone Grey,ROOF TILE W. LATTICE 1x2x2/3
6167922,Silver Metallic,ROOF TILE W. LATTICE 1x2x2/3
4597338,Bright Blue,ROOF TILE W. LATTICE 1x2x2/3
6172927,Not Found,PLATE W/ HALF BOW INV. 1X2X2/3
6147050,Black,PLATE W/ HALF BOW INV. 1X2X2/3
6145215,Not Found,PLATE W/ HALF BOW INV. 1X2X2/3
6144138,Not Found,PLATE W/ HALF BOW INV. 1X2X2/3
6083620,Dark Stone Grey,CROSS AXLE 4M WITH END STOP
302826,Black,PLATE 6X12
4120020,White,PLATE 6X12
6185313,Brick Yellow,PLATE 6X12
6177783,Dark Green,PLATE 6X12
4211400,Medium Stone Grey,PLATE 6X12
6259774,Not Found,PLATE 6X12
6359039,Black,BRICK W/ BOW 2X2X1 1/3
6393823,Bright Bluish Green,BRICK W/ BOW 2X2X1 1/3
6345199,Medium Azur,BRICK W/ BOW 2X2X1 1/3
6299937,White,BRICK W/ BOW 2X2X1 1/3
6382553,Not Found,BRICK W/ BOW 2X2X1 1/3
6387430,Not Found,BRICK W/ BOW 2X2X1 1/3
6393826,Not Found,BRICK W/ BOW 2X2X1 1/3
6517008,Medium Lilac,BRICK W/ BOW 2X2X1 1/3
6409768,Dark Brown,"MINI WIG, NO. 367"
6510140,White,"TILE 1X2, DEG. 45, CUT, RIGHT"
6508086,Warm Gold,"TILE 1X2, DEG. 45, CUT, RIGHT"
6535149,Bright Blue,"TILE 1X2, DEG. 45, CUT, RIGHT"
6510145,Dark Stone Grey,"TILE 1X2, DEG. 45, CUT, RIGHT"
6510146,Earth Blue,"TILE 1X2, DEG. 45, CUT, RIGHT"
6591927,Cool Yellow,"TILE 1X2, DEG. 45, CUT, RIGHT"
6510139,Black,"TILE 1X2, DEG. 45, CUT, RIGHT"
6515311,Transparent,"TILE 1X2, DEG. 45, CUT, RIGHT"
6330903,Brick Yellow,"DESIGN PLATE 2X2X2/3, NO. 1"
6325254,Black,"DESIGN PLATE 2X2X2/3, NO. 1"
6510126,White,"TILE 1X2, DEG. 45, CUT, LEFT"
6532266,Sand Blue,"TILE 1X2, DEG. 45, CUT, LEFT"
6508101,Warm Gold,"TILE 1X2, DEG. 45, CUT, LEFT"
6515310,Transparent,"TILE 1X2, DEG. 45, CUT, LEFT"
6535148,Bright Blue,"TILE 1X2, DEG. 45, CUT, LEFT"
6510131,Dark Stone Grey,"TILE 1X2, DEG. 45, CUT, LEFT"
6510132,Earth Blue,"TILE 1X2, DEG. 45, CUT, LEFT"
6510127,Bright Red,"TILE 1X2, DEG. 45, CUT, LEFT"
6510125,Black,"TILE 1X2, DEG. 45, CUT, LEFT"
6473817,Not Found,"MINI WIG, NO. 370"
6409761,Brick Yellow,"MINI WIG, NO. 370"
6523403,Light Purple,"MINI WIG, NO. 370"
6397831,Vibrant Coral,SKATER HELMET
6225073,Dark Azur,SKATER HELMET
6138657,Bright Reddish Violet,SKATER HELMET
6424457,Reddish Brown,"MINI WIG, NO. 235"
6416551,Medium Nougat,"MINI DOLL, HEAD, NO. 335"
6468342,Lavender,PLATE 1X1 W/TOOTH
4273590,Black,PLATE 1X1 W/TOOTH
4224792,White,PLATE 1X1 W/TOOTH
4282860,Flame Yellowish Orange,PLATE 1X1 W/TOOTH
6492302,Reddish Brown,PLATE 1X1 W/TOOTH
4224793,Brick Yellow,PLATE 1X1 W/TOOTH
6213644,Medium Stone Grey,PLATE 1X1 W/TOOTH
6514065,Tr. Light Blue,PLATE 1X1 W/TOOTH
6468078,Bright Green,"HANDLE, NO. 2"
6378168,Warm Gold,"HANDLE, NO. 2"
6474604,Sand Green,"HANDLE, NO. 2"
6294552,Brick Yellow,"HANDLE, NO. 2"
6157554,Black,PLATE 1X1 ROUND W/3.2 SHAFT
6510518,Not Found,"ANGLE ELEMENT, 157,5 DEGR. [3]"
6261388,Reddish Brown,"ANGLE ELEMENT, 157,5 DEGR. [3]"
6261386,Black,"ANGLE ELEMENT, 157,5 DEGR. [3]"
6366186,Bright Yellowish Green,"ANGLE ELEMENT, 157,5 DEGR. [3]"
6573945,Bright Green,"ANGLE ELEMENT, 157,5 DEGR. [3]"
6261397,Bright Blue,"ANGLE ELEMENT, 157,5 DEGR. [3]"
6133832,Dark Brown,LIGHT SWORD SHAFT
4598897,Black,LIGHT SWORD SHAFT
4539481,Medium Stone Grey,LIGHT SWORD SHAFT
6134252,Flame Yellowish Orange,LIGHT SWORD SHAFT
6231857,Bright Red,LIGHT SWORD SHAFT
6040333,White,LIGHT SWORD SHAFT
6092566,Reddish Brown,BRICK 1X4X1 INV. BOW
6271979,Sand Yellow,BRICK 1X4X1 INV. BOW
6474987,Lavender,BRICK 1X4X1 INV. BOW
6336529,Not Found,BRICK 1X4X1 INV. BOW
6443908,Spring Yellowish Green,BRICK 1X4X1 INV. BOW
6273851,Brick Yellow,BRICK 1X4X1 INV. BOW
6199906,Earth Blue,BRICK 1X4X1 INV. BOW
6034675,White,BRICK 1X4X1 INV. BOW
6039869,Black,BRICK 1X4X1 INV. BOW
6057432,Bright Red,BRICK 1X4X1 INV. BOW
6335243,Sand Green,BRICK 1X4X1 INV. BOW
6177704,Dark Stone Grey,BRICK 1X4X1 INV. BOW
4294739,Bright Blue,PLATE 4X6X2/3
4261565,White,PLATE 4X6X2/3
6584789,Lavender,PLATE 4X6X2/3
4542671,Black,PLATE 4X6X2/3
4259903,Bright Red,PLATE 4X6X2/3
6383020,Not Found,PLATE 4X6X2/3
6525855,Flame Yellowish Orange,PLATE 4X6X2/3
6365619,Earth Green,ICE CREAM
6061678,Bright Yellowish Green,ICE CREAM
6278447,Not Found,ICE CREAM
6458475,White,ICE CREAM
6537780,Cool Yellow,ICE CREAM
6459341,Bright Reddish Violet,ICE CREAM
4286789,Flame Yellowish Orange,ICE CREAM
6314960,Not Found,ICE CREAM
6513976,Transparent,DIAMOND WITH STICK
6247793,Tr. Blue,DIAMOND WITH STICK
6513973,Tr. Blue,DIAMOND WITH STICK
6247798,Transparent,DIAMOND WITH STICK
6513974,Tr. Yellow,DIAMOND WITH STICK
6513972,Tr. Light Blue,DIAMOND WITH STICK
6247792,Not Found,DIAMOND WITH STICK
6247796,Tr.medium Reddish Violet,DIAMOND WITH STICK
6247795,Not Found,DIAMOND WITH STICK
6513975,Tr.medium Reddish Violet,DIAMOND WITH STICK
6247800,Tr. Bright Green,DIAMOND WITH STICK
6513978,Tr. Bright Green,DIAMOND WITH STICK
6247785,Not Found,DIAMOND WITH STICK
6513969,Tr. Red,DIAMOND WITH STICK
6061675,Medium Stone Grey,WALL ELEMENT 1X4X2
6079140,White,WALL ELEMENT 1X4X2
6115117,Black,WALL ELEMENT 1X4X2
6195544,Brick Yellow,WALL ELEMENT 1X4X2
6486808,Earth Green,WALL ELEMENT 1X4X2
4270470,Reddish Brown,ROOF TILE 1X2X3/73°
446026,Black,ROOF TILE 1X2X3/73°
446001,White,ROOF TILE 1X2X3/73°
4653509,Sand Yellow,ROOF TILE 1X2X3/73°
6144752,Earth Blue,ROOF TILE 1X2X3/73°
4211494,Medium Stone Grey,ROOF TILE 1X2X3/73°
6136397,Light Royal Blue,ROOF TILE 1X2X3/73°
4221745,Not Found,ROOF TILE 1X2X3/73°
6314487,White,PYRAMID RIDGED TILE 1X1X2/3
6581707,Transparent,PYRAMID RIDGED TILE 1X1X2/3
6581704,Tr. Bright Orange,PYRAMID RIDGED TILE 1X1X2/3
6312449,Black,PYRAMID RIDGED TILE 1X1X2/3
6249125,Brick Yellow,PYRAMID RIDGED TILE 1X1X2/3
6256734,Reddish Brown,PYRAMID RIDGED TILE 1X1X2/3
6312456,Flame Yellowish Orange,PYRAMID RIDGED TILE 1X1X2/3
6350414,Bright Red,PYRAMID RIDGED TILE 1X1X2/3
6250584,Not Found,PYRAMID RIDGED TILE 1X1X2/3
6250590,Not Found,PYRAMID RIDGED TILE 1X1X2/3
6347992,Medium Stone Grey,BRICK W/ PLATE 2X3X1 1/3
6395373,Brick Yellow,BRICK W/ PLATE 2X3X1 1/3
6395363,Dark Stone Grey,BRICK W/ PLATE 2X3X1 1/3
6395375,Black,BRICK W/ PLATE 2X3X1 1/3
6170567,White,BRICK 1X1 W. HANDLE
6170569,Medium Stone Grey,BRICK 1X1 W. HANDLE
6170566,Black,BRICK 1X1 W. HANDLE
6487379,Bright Orange,BRICK 1X1 W. HANDLE
6400128,White,TILE 4X4
6488484,Reddish Brown,TILE 4X4
6488487,Brick Yellow,TILE 4X4
6469830,Black,TILE 4X4
6429074,Dark Stone Grey,TILE 4X4
407901,White,SEAT 2X2X2
4211206,Reddish Brown,SEAT 2X2X2
407923,Bright Blue,SEAT 2X2X2
6273588,Earth Blue,SEAT 2X2X2
407921,Bright Red,SEAT 2X2X2
4524930,Dark Stone Grey,SEAT 2X2X2
6306726,Sand Blue,SEAT 2X2X2
407926,Not Found,SEAT 2X2X2
6219785,Brick Yellow,SEAT 2X2X2
6409759,Cool Yellow,"MINI WIG, NO. 371"
6537328,Dark Brown,"MINI WIG, NO. 371"
6329604,Silver Metallic,"FLAT TILE 1X1, ROUND, NO. 149"
6416619,Nougat,"MINI DOLL, HEAD, NO. 337"
4597912,Bright Red,PLATE W. BOW 2x4x2/3
4583297,White,PLATE W. BOW 2x4x2/3
4597902,Bright Yellow,PLATE W. BOW 2x4x2/3
6256622,Not Found,PLATE W. BOW 2x4x2/3
6075049,Bright Yellowish Green,PLATE W. BOW 2x4x2/3
4587844,Black,PLATE W. BOW 2x4x2/3
6514106,Transparent,WALL ELEMENT 1X6X5
6245257,Tr. Light Blue,WALL ELEMENT 1X6X5
6514107,Tr. Light Blue,WALL ELEMENT 1X6X5
6245253,Not Found,WALL ELEMENT 1X6X5
6416663,Medium Brown,"MINI DOLL, HEAD, NO. 338"
4211492,Medium Stone Grey,"MAILBOX, FRONT 2X2"
6499105,Transparent,"MAILBOX, FRONT 2X2"
6191994,Black,"MAILBOX, FRONT 2X2"
434601,White,"MAILBOX, FRONT 2X2"
6247357,Transparent,"MAILBOX, FRONT 2X2"
6510175,Transparent,WINDSCREEN 2X6X2
6245192,Not Found,WINDSCREEN 2X6X2
6510173,Tr. Brown,WINDSCREEN 2X6X2
6245193,Not Found,WINDSCREEN 2X6X2
6245195,Not Found,WINDSCREEN 2X6X2
6510174,Not Found,WINDSCREEN 2X6X2
6365630,Bright Yellow,"CROWN, NO. 1"
6431686,Sand Yellow,"CROWN, NO. 1"
6510519,Bright Reddish Violet,"CROWN, NO. 1"
6420228,Bright Green,"CROWN, NO. 1"
6257048,Warm Gold,"CROWN, NO. 1"
6259700,White,"CROWN, NO. 1"
6456640,Not Found,"CROWN, NO. 1"
6401210,Dark Stone Grey,PLATE 2X6X2/3 W 4 HOR. KNOB
6430548,White,PLATE 2X6X2/3 W 4 HOR. KNOB
6430550,Medium Stone Grey,PLATE 2X6X2/3 W 4 HOR. KNOB
6401209,Black,PLATE 2X6X2/3 W 4 HOR. KNOB
4565431,Bright Red,PLATE 2X6X2/3 W 4 HOR. KNOB
6102539,Bright Blue,PLATE 2X6X2/3 W 4 HOR. KNOB
6015356,Dark Stone Grey,CON. BUSH 2M FR. + CROSS AXLE
6209519,Bright Red,CON. BUSH 2M FR. + CROSS AXLE
6173141,White,FEZ
6173138,New Dark Red,FEZ
6173139,Warm Gold,FEZ
6317181,Silver Metallic,FEZ
4210788,Dark Stone Grey,LEFT PLATE 2X4 W/ANGLE
4205470,Reddish Brown,LEFT PLATE 2X4 W/ANGLE
4648340,Earth Green,LEFT PLATE 2X4 W/ANGLE
6338985,Sand Yellow,LEFT PLATE 2X4 W/ANGLE
4161326,White,LEFT PLATE 2X4 W/ANGLE
4161332,Black,LEFT PLATE 2X4 W/ANGLE
4161329,Bright Red,LEFT PLATE 2X4 W/ANGLE
4211735,Medium Stone Grey,LEFT PLATE 2X4 W/ANGLE
4210782,Dark Stone Grey,RIGHT PLATE 2X4 W/ANGLE
6177890,Brick Yellow,RIGHT PLATE 2X4 W/ANGLE
6214291,Earth Green,RIGHT PLATE 2X4 W/ANGLE
6328445,Sand Yellow,RIGHT PLATE 2X4 W/ANGLE
4211732,Medium Stone Grey,RIGHT PLATE 2X4 W/ANGLE
6258333,Sand Green,RIGHT PLATE 2X4 W/ANGLE
4160857,White,RIGHT PLATE 2X4 W/ANGLE
4160869,Not Found,RIGHT PLATE 2X4 W/ANGLE
4160866,Bright Red,RIGHT PLATE 2X4 W/ANGLE
6245278,Not Found,HANDLE
6245281,Black,HANDLE
6245275,Sand Yellow,HANDLE
6245283,Dark Stone Grey,HANDLE
4216625,Reddish Brown,ROOF TILE 2X3/25°
329826,Black,ROOF TILE 2X3/25°
4211106,Dark Stone Grey,ROOF TILE 2X3/25°
4211421,Medium Stone Grey,ROOF TILE 2X3/25°
4653822,Black,"2X2 ROUND,SLOPE BRICK W. KNOB"
4649167,White,"2X2 ROUND,SLOPE BRICK W. KNOB"
6257533,Sand Yellow,"2X2 ROUND,SLOPE BRICK W. KNOB"
6278463,Bright Bluish Green,"2X2 ROUND,SLOPE BRICK W. KNOB"
6028324,Medium Stone Grey,"2X2 ROUND,SLOPE BRICK W. KNOB"
6299494,Multicombination 3,MINI FIGURE TROPHY
6335932,Multicombination 14,MINI FIGURE TROPHY
6335936,Multicombination 15,MINI FIGURE TROPHY
6299492,Multicombination 1,MINI FIGURE TROPHY
6301330,Not Found,MINI FIGURE TROPHY
6301335,Multicombination 8,MINI FIGURE TROPHY
6245251,Black,FLAT TILE 2X3 W/ ANGLE
6406356,Sand Yellow,FLAT TILE 2X3 W/ ANGLE
6245254,Not Found,FLAT TILE 2X3 W/ ANGLE
6245268,Earth Blue,FLAT TILE 2X3 W/ ANGLE
6245249,White,FLAT TILE 2X3 W/ ANGLE
6340721,Flame Yellowish Orange,FLAT TILE 2X3 W/ ANGLE
6245271,Brick Yellow,FLAT TILE 2X3 W/ ANGLE
6253457,Bright Yellowish Green,FLAT TILE 2X3 W/ ANGLE
6335316,Dark Stone Grey,FLAT TILE 2X3 W/ ANGLE
6132741,White,PLATE 3X4 WITH 4 KNOBS
6079461,Medium Stone Grey,PLATE 3X4 WITH 4 KNOBS
6076678,Black,PLATE 3X4 WITH 4 KNOBS
6047813,White,FENCE 1X4X2 W. 4 KNOBS
6273936,Medium Nougat,FENCE 1X4X2 W. 4 KNOBS
6529032,Not Found,FENCE 1X4X2 W. 4 KNOBS
6066114,Reddish Brown,FENCE 1X4X2 W. 4 KNOBS
6057449,Medium Stone Grey,FENCE 1X4X2 W. 4 KNOBS
4210762,Dark Stone Grey,"BRICK 1X2 W. 2 HOLES Ø 4,87"
6151461,Reddish Brown,"BRICK 1X2 W. 2 HOLES Ø 4,87"
3200026,Black,"BRICK 1X2 W. 2 HOLES Ø 4,87"
4179355,Bright Red,"BRICK 1X2 W. 2 HOLES Ø 4,87"
4211541,Medium Stone Grey,"BRICK 1X2 W. 2 HOLES Ø 4,87"
4201615,Not Found,"BRICK 1X2 W. 2 HOLES Ø 4,87"
6283412,Sand Green,"BRICK 1X2 W. 2 HOLES Ø 4,87"
3200001,White,"BRICK 1X2 W. 2 HOLES Ø 4,87"
6167798,Medium Stone Grey,Plate Round 4X4 with Ø16mm hole
6167800,Black,Plate Round 4X4 with Ø16mm hole
6314067,Bright Red,Plate Round 4X4 with Ø16mm hole
6516056,Tr. Bright Orange,Plate Round 4X4 with Ø16mm hole
6501301,Not Found,Plate Round 4X4 with Ø16mm hole
6392162,Not Found,Plate Round 4X4 with Ø16mm hole
6167803,Not Found,Plate Round 4X4 with Ø16mm hole
4211006,Dark Stone Grey,MINI SHOVEL
6210601,Silver Metallic,MINI SHOVEL
4550171,Not Found,FENCE 1X4X1
4219725,Dark Stone Grey,FENCE 1X4X1
6458386,Brick Yellow,FENCE 1X4X1
4536675,Warm Gold,FENCE 1X4X1
6230229,Medium Stone Grey,FENCE 1X4X1
4187209,Black,FENCE 1X4X1
6043656,Medium Stone Grey,PLATE 1X2 BALL CUP / FRICTION MIDDLE
6146792,Dark Stone Grey,PLATE 1X2 BALL CUP / FRICTION MIDDLE
6096993,Silver Metallic,SCISSORS W. 3.2 SHAFT
6489198,Warm Gold,SCISSORS W. 3.2 SHAFT
6329593,Medium Nougat,"FLAT TILE 1X1, ROUND, NO. 148"
6123815,Medium Stone Grey,BEAM 1M W/CROSS AXLE
6134197,Dark Brown,BEAM 1M W/CROSS AXLE
6253260,Black,BEAM 1M W/CROSS AXLE
6179606,Not Found,BEAM 1M W/CROSS AXLE
6135014,Dark Stone Grey,BEAM 1M W/CROSS AXLE
4161443,Brick Yellow,PLATE 1X8 WITH RAIL
4210967,Dark Stone Grey,PLATE 1X8 WITH RAIL
4286009,Black,PLATE 1X8 WITH RAIL
4501853,White,PLATE 1X8 WITH RAIL
4211498,Medium Stone Grey,PLATE 1X8 WITH RAIL
6417695,Not Found,PLATE 1X8 WITH RAIL
6078594,Bright Red,PLATE 1X8 WITH RAIL
6365026,Aqua,BRICK WITH BOW 1X4
6443415,Spring Yellowish Green,BRICK WITH BOW 1X4
6045945,Lavender,BRICK WITH BOW 1X4
6045937,Bright Red,BRICK WITH BOW 1X4
6037746,Black,BRICK WITH BOW 1X4
6446190,Bright Bluish Green,BRICK WITH BOW 1X4
6045941,Reddish Brown,BRICK WITH BOW 1X4
6042952,Brick Yellow,BRICK WITH BOW 1X4
6045938,Bright Blue,BRICK WITH BOW 1X4
6045936,White,BRICK WITH BOW 1X4
6266225,Dark Stone Grey,PLATE 1X2 W/STUB VERTICAL/END
6266222,Not Found,PLATE 1X2 W/STUB VERTICAL/END
6266219,White,PLATE 1X2 W/STUB VERTICAL/END
6266231,Medium Stone Grey,PLATE 1X2 W/STUB VERTICAL/END
6266224,Black,PLATE 1X2 W/STUB VERTICAL/END
6390385,Bright Orange,PLATE 1X2 W/STUB VERTICAL/END
6457961,Dark Stone Grey,PLATE 2X2 W/ HOR. 3.2 SHAFT
6484950,Flame Yellowish Orange,PLATE 2X2 W/ HOR. 3.2 SHAFT
6518050,Brick Yellow,PLATE 2X2 W/ HOR. 3.2 SHAFT
6488003,Black,PLATE 2X2 W/ HOR. 3.2 SHAFT
6596463,Medium Nougat,PLATE 2X2 W/ HOR. 3.2 SHAFT
6584297,Medium Lilac,PLATE 2X2 W/ HOR. 3.2 SHAFT
6511023,Tr. Light Blue,GLASS FOR FRAME 1X6X6
6254895,Not Found,GLASS FOR FRAME 1X6X6
6386637,Not Found,GLASS FOR FRAME 1X6X6
6511024,Transparent,GLASS FOR FRAME 1X6X6
6511026,Cool Yellow,GLASS FOR FRAME 1X6X6
6445346,Not Found,GLASS FOR FRAME 1X6X6
6530832,Medium Nougat,GLASS FOR FRAME 1X6X6
6416639,Warm Tan,"MINI DOLL, HEAD, NO. 358"
6435640,Medium Nougat,"BOX 2X2, BOTTOM, NO. 1"
6439231,Flame Yellowish Orange,"BOX 2X2, BOTTOM, NO. 1"
6383172,Bright Yellow,"BOX 2X2, BOTTOM, NO. 1"
6517936,Light Purple,"BOX 2X2, BOTTOM, NO. 1"
6106280,Black,UNDERCARRIAGE 2X2X2
6284507,White,UNDERCARRIAGE 2X2X2
6106283,Dark Stone Grey,UNDERCARRIAGE 2X2X2
6513939,Not Found,"TILE 2X2, 1/2 CIRCLE"
6541091,White,"TILE 2X2, 1/2 CIRCLE"
6584065,Bright Yellowish Green,"TILE 2X2, 1/2 CIRCLE"
6552654,Light Purple,"TILE 2X2, 1/2 CIRCLE"
6517779,Not Found,"TILE 2X2, 1/2 CIRCLE"
6510108,Dark Green,"LEAF 2X6X1, NO. 1"
6451597,Dark Green,"LEAF 2X6X1, NO. 1"
6510113,Earth Green,"LEAF 2X6X1, NO. 1"
6552657,Not Found,"LEAF 2X6X1, NO. 1"
6510114,Olive Green,"LEAF 2X6X1, NO. 1"
6548957,Transparent,"LEAF 2X6X1, NO. 1"
6433394,Bright Green,"LEAF 2X6X1, NO. 1"
6510105,Bright Green,"LEAF 2X6X1, NO. 1"
6581712,Bright Yellowish Green,"PLANT, W/ PLATE 2X3X2, NO. 1"
6438450,Bright Yellowish Green,"PLANT, W/ PLATE 2X3X2, NO. 1"
6447541,Earth Green,"PLANT, W/ PLATE 2X3X2, NO. 1"
6581711,Dark Green,"PLANT, W/ PLATE 2X3X2, NO. 1"
6581728,Not Found,"PLANT, W/ PLATE 2X3X2, NO. 1"
6411022,Not Found,"PLANT, W/ PLATE 2X3X2, NO. 1"
6442196,Not Found,"PLANT, W/ PLATE 2X3X2, NO. 1"
6581714,Tr. Medium Violet W/ Opalescence,"PLANT, W/ PLATE 2X3X2, NO. 1"
6146301,Reddish Brown,PLATE 2X2X2/3 W. 2. HOR. KNOB
6218014,Not Found,PLATE 2X2X2/3 W. 2. HOR. KNOB
6371456,Earth Blue,PLATE 2X2X2/3 W. 2. HOR. KNOB
6046979,White,PLATE 2X2X2/3 W. 2. HOR. KNOB
6289113,Not Found,PLATE 2X2X2/3 W. 2. HOR. KNOB
6248833,Not Found,PLATE 2X2X2/3 W. 2. HOR. KNOB
6264064,Bright Yellowish Green,PLATE 2X2X2/3 W. 2. HOR. KNOB
6061711,Bright Red,PLATE 2X2X2/3 W. 2. HOR. KNOB
4654577,Medium Stone Grey,PLATE 2X2X2/3 W. 2. HOR. KNOB
6116797,Bright Blue,PLATE 2X2X2/3 W. 2. HOR. KNOB
6195471,Medium Stone Grey,"PLATE 2X3 W/ HOR. 3,2 SHAFT"
6258991,Dark Stone Grey,"PLATE 2X3 W/ HOR. 3,2 SHAFT"
6188400,White,"PLATE 2X3 W/ HOR. 3,2 SHAFT"
6328480,Reddish Brown,"PLATE 2X3 W/ HOR. 3,2 SHAFT"
6430333,Bright Red,CORNER PLATE 2X4X4
4508662,White,CORNER PLATE 2X4X4
6483102,Black,CORNER PLATE 2X4X4
6151537,Sand Yellow,CORNER PLATE 2X4X4
4539429,Dark Stone Grey,CORNER PLATE 2X4X4
6547155,Medium Stone Grey,CORNER PLATE 2X4X4
4211470,Medium Stone Grey,PLATE 1X2 (ROCKING)
6176400,Dark Stone Grey,PLATE 1X2 (ROCKING)
393801,White,PLATE 1X2 (ROCKING)
393826,Black,PLATE 1X2 (ROCKING)
6514697,Sand Blue,"1/4 ARCH BRICK 3X3, W/ CUTOUT, NO. 1"
6439824,Bright Yellow,"1/4 ARCH BRICK 3X3, W/ CUTOUT, NO. 1"
6415898,Bright Orange,"1/4 ARCH BRICK 3X3, W/ CUTOUT, NO. 1"
6311259,Bright Blue,"1/4 ARCH BRICK 3X3, W/ CUTOUT, NO. 1"
6294351,White,"1/4 ARCH BRICK 3X3, W/ CUTOUT, NO. 1"
6294038,Medium Stone Grey,"1/4 ARCH BRICK 3X3, W/ CUTOUT, NO. 1"
6527163,Bright Purple,"1/4 ARCH BRICK 3X3, W/ CUTOUT, NO. 1"
6527165,Brick Yellow,"1/4 ARCH BRICK 3X3, W/ CUTOUT, NO. 1"
6106183,White,BRICK W. INSIDE BOW 1X6X2
6106184,Bright Red,BRICK W. INSIDE BOW 1X6X2
6106189,Not Found,BRICK W. INSIDE BOW 1X6X2
6106193,Medium Nougat,BRICK W. INSIDE BOW 1X6X2
6106187,Brick Yellow,BRICK W. INSIDE BOW 1X6X2
6106191,Dark Stone Grey,BRICK W. INSIDE BOW 1X6X2
6170545,Black,WALKIE-TALKIE
6267048,Medium Stone Grey,PLATE 1X2 W/FORK/VERTICAL/END
6485745,Brick Yellow,PLATE 1X2 W/FORK/VERTICAL/END
6452013,Reddish Brown,PLATE 1X2 W/FORK/VERTICAL/END
6267044,White,PLATE 1X2 W/FORK/VERTICAL/END
6267045,Black,PLATE 1X2 W/FORK/VERTICAL/END
6267047,Dark Stone Grey,PLATE 1X2 W/FORK/VERTICAL/END
6408542,Multicombination 3,WHEEL SUSPENSION 2X4 W/ SNAP
6351293,Multicombination 2,WHEEL SUSPENSION 2X4 W/ SNAP
6581801,Transparent,WINDSCREEN 2X4X2
6253681,Transparent,WINDSCREEN 2X4X2
6507908,Transparent,WINDSCREEN 2X4X2
6253682,Tr. Light Blue,WINDSCREEN 2X4X2
6240532,Not Found,WINDSCREEN 2X4X2
6031821,Sand Yellow,CROSSAXLE 3M WITH KNOB
4494475,Medium Stone Grey,PLATES W. BOWS 2X2
4218696,Dark Stone Grey,PLATES W. BOWS 2X2
4494474,White,PLATES W. BOWS 2X2
6394979,Black,PLATES W. BOWS 2X2
6055783,Brick Yellow,PLATES W. BOWS 2X2
4286597,Not Found,PLATES W. BOWS 2X2
4220515,Bright Red,PLATES W. BOWS 2X2
6328182,Brick Yellow,"BRICK 1X3,OUTSIDE HALF ARCH,W/ CUTOUT"
6365716,Bright Red,"BRICK 1X3,OUTSIDE HALF ARCH,W/ CUTOUT"
6329117,Medium Stone Grey,"BRICK 1X3,OUTSIDE HALF ARCH,W/ CUTOUT"
6320292,Medium Azur,"BRICK 1X3,OUTSIDE HALF ARCH,W/ CUTOUT"
6357598,White,"BRICK 1X3,OUTSIDE HALF ARCH,W/ CUTOUT"
6391596,Not Found,"BRICK 1X3,OUTSIDE HALF ARCH,W/ CUTOUT"
6452321,Reddish Brown,"BRICK 1X3,OUTSIDE HALF ARCH,W/ CUTOUT"
6320306,Medium Stone Grey,"BRICK 1X1 W/ HOLDER, VERTICAL"
6320309,Black,"BRICK 1X1 W/ HOLDER, VERTICAL"
6320310,White,"BRICK 1X1 W/ HOLDER, VERTICAL"
6289797,White,"4.85 BUSH, W/ 2 MODULE CROSS AXLE"
6174252,Black,BRICK W. BOW 4X1X1 1/3
4204625,Bright Yellow,BRICK W. BOW 4X1X1 1/3
608101,White,BRICK W. BOW 4X1X1 1/3
6474267,Aqua,BRICK W. BOW 4X1X1 1/3
4260409,Medium Stone Grey,BRICK W. BOW 4X1X1 1/3
6266209,Medium Stone Grey,"PLATE 1X2 W/FORK, VERTICAL"
6338180,Not Found,"PLATE 1X2 W/FORK, VERTICAL"
6266207,Not Found,"PLATE 1X2 W/FORK, VERTICAL"
6266205,Bright Red,"PLATE 1X2 W/FORK, VERTICAL"
6266201,White,"PLATE 1X2 W/FORK, VERTICAL"
6514278,Transparent,GLASS CASE
6286876,Transparent,GLASS CASE
4568956,White,BRICK WITH BOW 1X3X2
6186577,Reddish Brown,BRICK WITH BOW 1X3X2
4568955,Medium Nougat,BRICK WITH BOW 1X3X2
4579306,Brick Yellow,BRICK WITH BOW 1X3X2
6056816,Bright Red,BRICK WITH BOW 1X3X2
6395349,Multicombination 2,WHEEL BEARING 1X2X1/3 W/ MINI SNAP
6370669,Multicombination 1,WHEEL BEARING 1X2X1/3 W/ MINI SNAP
6430093,Bright Green,SAUSAGE
6156414,Not Found,SAUSAGE
6144805,Bright Red,SAUSAGE
6032176,Bright Blue,FIGUR HEAD CLOTHING NO 6
6388194,Not Found,FIGUR HEAD CLOTHING NO 6
6578872,Light Purple,FIGUR HEAD CLOTHING NO 6
6032178,Bright Red,FIGUR HEAD CLOTHING NO 6
6365482,Black,MINI WIG NO. 5
6223823,Dark Orange,MINI WIG NO. 5
6093515,Reddish Brown,MINI WIG NO. 5
6092833,Cool Yellow,MINI WIG NO. 5
6519696,Vibrant Coral,ARCH 1X4X2
6031098,White,ARCH 1X4X2
6031057,Brick Yellow,ARCH 1X4X2
6102580,Cool Yellow,ARCH 1X4X2
6031056,Not Found,ARCH 1X4X2
6325976,Aqua,BRICK W/ INSIDE BOW 1X6X2
6337195,Bright Orange,BRICK W/ INSIDE BOW 1X6X2
6469899,Cool Yellow,BRICK W/ INSIDE BOW 1X6X2
6059179,Medium Azur,BRICK W/ INSIDE BOW 1X6X2
6584817,Warm Pink,BRICK W/ INSIDE BOW 1X6X2
6267406,New Dark Red,BRICK W/ INSIDE BOW 1X6X2
6073345,Not Found,COLUMN 1X1X6
6350345,Not Found,COLUMN 1X1X6
6178916,Brick Yellow,COLUMN 1X1X6
6584818,Warm Pink,COLUMN 1X1X6
4520612,Reddish Brown,COLUMN 1X1X6
6074910,Bright Red,COLUMN 1X1X6
370221,Bright Red,TECHNIC BRICK 1X8
6482830,Earth Blue,TECHNIC BRICK 1X8
4582543,White,TECHNIC BRICK 1X8
370226,Black,TECHNIC BRICK 1X8
370224,Bright Yellow,TECHNIC BRICK 1X8
6132375,Bright Yellowish Green,TECHNIC BRICK 1X8
4211442,Medium Stone Grey,TECHNIC BRICK 1X8
6440426,Not Found,"SKIRT, W/ HIP, NO. 38"
6413997,Not Found,"SKIRT, W/ HIP, NO. 38"
6474872,Not Found,"SKIRT, W/ HIP, NO. 38"
6522895,Bright Reddish Violet,"SKIRT, W/ HIP, NO. 38"
6527296,Not Found,"SKIRT, W/ HIP, NO. 38"
6542281,Not Found,"SKIRT, W/ HIP, NO. 38"
6514097,Tr. Light Blue,"WALL ELEMENT 4X4X6, ROUND"
6252048,Not Found,"WALL ELEMENT 4X4X6, ROUND"
6236111,Not Found,"WALL ELEMENT 4X4X6, ROUND"
6514096,Transparent,"WALL ELEMENT 4X4X6, ROUND"
6438916,Not Found,PLATE 6X14
6172372,Brick Yellow,PLATE 6X14
4210720,Dark Stone Grey,PLATE 6X14
6256981,White,PLATE 6X14
4293831,Medium Stone Grey,PLATE 6X14
6393938,Black,"PLATE 8X8, CIRCLE"
6409901,Reddish Brown,"PLATE 8X8, CIRCLE"
6350709,Medium Nougat,"PLATE 8X8, CIRCLE"
6353794,Not Found,"PLATE 8X8, CIRCLE"
6522255,Not Found,ROOF TILE 1X2X2/3
6513921,Not Found,ROOF TILE 1X2X2/3
6513918,Black,ROOF TILE 1X2X2/3
6509391,Not Found,ROOF TILE 1X2X2/3
6513919,White,ROOF TILE 1X2X2/3
6536423,Medium Nougat,ROOF TILE 1X2X2/3
6536137,Not Found,ROOF TILE 1X2X2/3
6510216,Black,3.2 SHAFT W/ KNOB
6356406,Not Found,3.2 SHAFT W/ KNOB
6510220,Dark Stone Grey,3.2 SHAFT W/ KNOB
6510218,Medium Stone Grey,3.2 SHAFT W/ KNOB
6501299,Warm Gold,3.2 SHAFT W/ KNOB
6451665,Not Found,3.2 SHAFT W/ KNOB
6510221,White,3.2 SHAFT W/ KNOB
6509664,Black,3.2 SHAFT W/ 5.9 BALL
6364352,Dark Stone Grey,3.2 SHAFT W/ 5.9 BALL
6544408,Dark Azur,3.2 SHAFT W/ 5.9 BALL
6474196,Bright Orange,3.2 SHAFT W/ 5.9 BALL
6522254,Not Found,BRICK W/ BOW 1X4X3
6604902,White,BRICK W/ BOW 1X4X3
6417970,White,BRICK W/ BOW 1X4X3
6436402,Bright Red,BRICK W/ BOW 1X4X3
6648007,Not Found,BRICK W/ BOW 1X4X3
6447250,Dark Orange,BRICK W/ BOW 1X4X3
6655007,Dark Orange,BRICK W/ BOW 1X4X3
6518261,Cool Yellow,BRICK W/ BOW 1X4X3
6443501,Brick Yellow,BRICK W/ BOW 1X4X3
6648012,Brick Yellow,BRICK W/ BOW 1X4X3
6655070,Bright Purple,BRICK W/ BOW 1X4X3
6584826,Bright Purple,BRICK W/ BOW 1X4X3
6488474,Vibrant Coral,"TILE 1X1, HEART, NO. 1"
6486304,Bright Purple,"TILE 1X1, HEART, NO. 1"
6541872,White,"TILE 1X1, HEART, NO. 1"
6293280,Bright Bluish Green,"TILE 1X1, HEART, NO. 1"
6301811,Warm Gold,"TILE 1X1, HEART, NO. 1"
6284154,Not Found,"TILE 1X1, HEART, NO. 1"
6501815,Dark Green,"TILE 1X1, HEART, NO. 1"
6502193,Dark Orange,"TILE 1X1, HEART, NO. 1"
6265742,Not Found,Plate 2x2 w. stump/top
6410523,Not Found,Plate 2x2 w. stump/top
6265730,Black,Plate 2x2 w. stump/top
6045718,Medium Stone Grey,BOTTOM W. TURNTABLE 4X4
4517986,Black,BOTTOM W. TURNTABLE 4X4
6310219,Bright Yellow,BOTTOM W. TURNTABLE 4X4
4611927,White,BOTTOM W. TURNTABLE 4X4
6569354,Medium Stone Grey,"PLATE 2X1, W/ VERT. TUBE"
6502370,Reddish Brown,"PLATE 2X1, W/ VERT. TUBE"
6530055,Black,"PLATE 2X1, W/ VERT. TUBE"
6528761,Bright Red,"PLATE 2X1, W/ VERT. TUBE"
6465322,White,"PLATE 2X1, W/ VERT. TUBE"
6234272,Reddish Brown,"BRICK 1X2, W/ 3.2 SHAFT, VERT. END"
6310836,Sand Yellow,"BRICK 1X2, W/ 3.2 SHAFT, VERT. END"
6391341,Not Found,"BRICK 1X2, W/ 3.2 SHAFT, VERT. END"
6198933,White,"BRICK 1X2, W/ 3.2 SHAFT, VERT. END"
6356113,Medium Azur,"BRICK 1X2, W/ 3.2 SHAFT, VERT. END"
6528198,Bright Red,"BRICK 1X2, W/ 3.2 SHAFT, VERT. END"
6198932,Medium Stone Grey,"BRICK 1X2, W/ 3.2 SHAFT, VERT. END"
6226564,Brick Yellow,"BRICK 1X2, W/ 3.2 SHAFT, VERT. END"
303726,Black,ROOF TILE 2X4/45°
6186258,Brick Yellow,ROOF TILE 2X4/45°
303701,White,ROOF TILE 2X4/45°
4211127,Dark Stone Grey,ROOF TILE 2X4/45°
303721,Bright Red,ROOF TILE 2X4/45°
4211409,Medium Stone Grey,ROOF TILE 2X4/45°
6109901,Medium Lavender,ROOF TILE 2X4/45°
6443225,Dark Green,"CROSS AXLE, EXTENSION, 3M"
6273212,Medium Stone Grey,"CROSS AXLE, EXTENSION, 3M"
6286381,Black,"CROSS AXLE, EXTENSION, 3M"
6330196,Earth Green,"CROSS AXLE, EXTENSION, 3M"
6335185,Bright Yellowish Green,"CROSS AXLE, EXTENSION, 3M"
6273211,Bright Red,"CROSS AXLE, EXTENSION, 3M"
6267489,Brick Yellow,ROOF TILE 1X3/25° INV.
428701,White,ROOF TILE 1X3/25° INV.
428721,Bright Red,ROOF TILE 1X3/25° INV.
4211068,Dark Stone Grey,ROOF TILE 1X3/25° INV.
4180087,Black,"PARABOLIC REFLECTOR Ø24X6,4"
4179580,White,"PARABOLIC REFLECTOR Ø24X6,4"
6507918,Tr. Light Blue,"PARABOLIC REFLECTOR Ø24X6,4"
6189073,Brick Yellow,"PARABOLIC REFLECTOR Ø24X6,4"
6488491,Reddish Brown,"PARABOLIC REFLECTOR Ø24X6,4"
6244733,Tr. Light Blue,"PARABOLIC REFLECTOR Ø24X6,4"
6223166,Sand Green,"PARABOLIC REFLECTOR Ø24X6,4"
6126118,Medium Nougat,DRAWER
6360055,Not Found,DRAWER
6332092,Bright Purple,DRAWER
6346248,Black,DRAWER
4520636,White,DRAWER
6360040,Not Found,DRAWER
6314353,Tr. Bright Orange,FEATHER
6326099,Tr. Light Blue,FEATHER
6448733,Black,"PLATE 3X3, HEART, NO. 1"
6294357,Bright Green,"PLATE 3X3, HEART, NO. 1"
6276193,Bright Red,"PLATE 3X3, HEART, NO. 1"
6254513,Bright Purple,"PLATE 3X3, HEART, NO. 1"
4160025,Black,CORNER PLATE 45 DEG. 4X4
4160215,White,CORNER PLATE 45 DEG. 4X4
6034852,Brick Yellow,CORNER PLATE 45 DEG. 4X4
4160560,Medium Stone Grey,CORNER PLATE 45 DEG. 4X4
4210728,Dark Stone Grey,CORNER PLATE 45 DEG. 4X4
6642354,Bright Yellow,MINI HEAD NO. 1966
9339,Black,MINI BODY LOWER PART BLACK
6287854,Medium Nougat,"FLAT TILE 1X1, ROUND ""NO. 18"""
6329581,Medium Stone Grey,"FLAT TILE 1X1, ROUND, NO. 147"
6433942,Medium Stone Grey,"TILE 2X2, W/ CUT OUT"
6433936,Black,"TILE 2X2, W/ CUT OUT"
6512259,Bright Red,"TILE 2X2, W/ CUT OUT"
6469522,Not Found,"TILE 2X2, W/ CUT OUT"
6433937,Flame Yellowish Orange,"TILE 2X2, W/ CUT OUT"
6540814,Cool Yellow,"TILE 2X2, W/ CUT OUT"
6541877,Not Found,"TILE 2X2, W/ CUT OUT"
6449595,White,"TILE 2X2, W/ CUT OUT"
4211157,Reddish Brown,MINI BROOM
6329698,Black,"FLAT TILE 1X2, NO. 308"
6164293,White,CARROT
6424015,Bright Orange,CARROT
6186837,Warm Gold,CARROT
6578999,Cool Yellow,CARROT
6103249,Not Found,CARROT
6416635,Bright Purple,"FLAT TILE 1X2, NO. 369"
6363803,Medium Nougat,PLATE 2X8 W. HOLES
373826,Black,PLATE 2X8 W. HOLES
6138494,Not Found,PLATE 2X8 W. HOLES
4527945,White,PLATE 2X8 W. HOLES
4249506,White,PLATE 2X4X18°
4613335,Earth Blue,PLATE 2X4X18°
6023770,Bright Red,PLATE 2X4X18°
4609454,Bright Blue,PLATE 2X4X18°
4531412,Black,PLATE 2X4X18°
6525857,Flame Yellowish Orange,PLATE 2X4X18°
4611777,Bright Green,PLATE 16X16
4618526,White,PLATE 16X16
6022011,Medium Azur,PLATE 16X16
6004927,Dark Stone Grey,PLATE 16X16
6397826,Dark Green,PLATE 16X16
4611414,Brick Yellow,PLATE 16X16
4613196,Sand Yellow,PLATE 16X16
4620130,Medium Stone Grey,PLATE 16X16
6033353,Bright Blue,STONE 1X2X1 1/3 W. 2 PLATES 2X2
6535982,Not Found,STONE 1X2X1 1/3 W. 2 PLATES 2X2
6355732,Not Found,STONE 1X2X1 1/3 W. 2 PLATES 2X2
6028811,Medium Stone Grey,STONE 1X2X1 1/3 W. 2 PLATES 2X2
6053026,White,STONE 1X2X1 1/3 W. 2 PLATES 2X2
6039194,Not Found,STONE 1X2X1 1/3 W. 2 PLATES 2X2
6409770,Black,"MINI WIG, NO. 365"
6429934,Not Found,WIG W/LONG PONYTAIL
4527065,Not Found,WIG W/LONG PONYTAIL
6391869,Brick Yellow,WIG W/LONG PONYTAIL
6008100,Black,WIG W/LONG PONYTAIL
6400762,Light Purple,WIG W/LONG PONYTAIL
6681665,Not Found,WIG W/LONG PONYTAIL
6254518,Not Found,FRAME 1X4X4
6254519,Black,FRAME 1X4X4
6290263,Black,"RIM, DIA. 18X12 W/ 4.85 HOLE & STUD"
6290262,White,"RIM, DIA. 18X12 W/ 4.85 HOLE & STUD"
6365808,Warm Gold,"RIM, DIA. 18X12 W/ 4.85 HOLE & STUD"
6442368,Silver Metallic,"RIM, DIA. 18X12 W/ 4.85 HOLE & STUD"
6517007,Not Found,"RIM, DIA. 18X12 W/ 4.85 HOLE & STUD"
6102596,Black,TYRE LOW Ø24X12
6096094,Not Found,"BAG, BASKET"
6096091,Flame Yellowish Orange,"BAG, BASKET"
6593729,Bright Yellowish Green,"BAG, BASKET"
6337780,Multicombination 3,"WHEEL, DIA. 24X12"
6452829,Not Found,"WHEEL, DIA. 24X12"
6336858,Multicombination 2,"WHEEL, DIA. 24X12"
6496807,Multicombination 13,"WHEEL, DIA. 24X12"
6586854,Multicombination 9,"WHEEL, DIA. 24X12"
6588987,Multicombination 10,"WHEEL, DIA. 24X12"
6370686,Bright Red,SPACE SKELETON ARM
6330086,Black,SPACE SKELETON ARM
6319333,Medium Stone Grey,SPACE SKELETON ARM
6330119,Brick Yellow,SPACE SKELETON ARM
6330125,Not Found,SPACE SKELETON ARM
6463564,Brick Yellow,"STALK W. 1,5 SHAFT AND 3,2 SHAFT"
6452882,Dark Brown,"STALK W. 1,5 SHAFT AND 3,2 SHAFT"
6269940,Dark Green,"STALK W. 1,5 SHAFT AND 3,2 SHAFT"
6420217,Medium Lilac,"STALK W. 1,5 SHAFT AND 3,2 SHAFT"
6398343,Earth Green,"STALK W. 1,5 SHAFT AND 3,2 SHAFT"
6468071,Dark Orange,PLATE W. BOW 3X4X2/3 W. KNOBS
6555104,Light Royal Blue,PLATE W. BOW 3X4X2/3 W. KNOBS
6525957,Aqua,PLATE W. BOW 3X4X2/3 W. KNOBS
6018101,White,PLATE W. BOW 3X4X2/3 W. KNOBS
6386234,Black,PLATE W. BOW 3X4X2/3 W. KNOBS
6433734,Medium Nougat,RIGHT PLATE 2x2 27DEG
6132204,White,RIGHT PLATE 2x2 27DEG
6163477,Medium Stone Grey,RIGHT PLATE 2x2 27DEG
6388214,Not Found,RIGHT PLATE 2x2 27DEG
6143417,Not Found,RIGHT PLATE 2x2 27DEG
6141556,Black,RIGHT PLATE 2x2 27DEG
6141553,Bright Red,RIGHT PLATE 2x2 27DEG
6189202,Bright Blue,RIGHT PLATE 2x2 27DEG
6247895,Sand Green,RIGHT PLATE 2x2 27DEG
6424035,Dark Orange,CROISSANT
6522802,Not Found,CROISSANT
6303099,Not Found,CROISSANT
6061024,White,"PLATE 2X2 + ONE HULE Ø4,8"
6061032,Black,"PLATE 2X2 + ONE HULE Ø4,8"
6061025,Bright Yellow,"PLATE 2X2 + ONE HULE Ø4,8"
6302263,Brick Yellow,"PLATE 2X2 + ONE HULE Ø4,8"
6045988,Medium Stone Grey,"PLATE 2X2 + ONE HULE Ø4,8"
6143423,Dark Stone Grey,"LEFT PLATE 2X2, 27 DEG."
6433733,Medium Nougat,"LEFT PLATE 2X2, 27 DEG."
6462488,New Dark Red,"LEFT PLATE 2X2, 27 DEG."
6247894,Sand Green,"LEFT PLATE 2X2, 27 DEG."
6163478,Medium Stone Grey,"LEFT PLATE 2X2, 27 DEG."
6141554,Black,"LEFT PLATE 2X2, 27 DEG."
6189198,Bright Blue,"LEFT PLATE 2X2, 27 DEG."
6378109,Not Found,ELEPHANT TRUNK
6382249,Black,ELEPHANT TRUNK
6410124,Bright Red,ELEPHANT TRUNK
6382326,Reddish Brown,ELEPHANT TRUNK
6404367,Medium Stone Grey,NOSE CONE 2X2X2
6092663,Bright Blue,NOSE CONE 2X2X2
6488490,Reddish Brown,NOSE CONE 2X2X2
6223758,Brick Yellow,NOSE CONE 2X2X2
6092672,Warm Gold,NOSE CONE 2X2X2
6056297,Bright Red,NOSE CONE 2X2X2
6044601,White,NOSE CONE 2X2X2
6092664,Black,NOSE CONE 2X2X2
6092666,Not Found,NOSE CONE 2X2X2
6533790,Not Found,NOSE CONE 2X2X2
6441316,Reddish Brown,3-BRANCH CROSS AXLE W/CROSS H.
4502595,Medium Stone Grey,3-BRANCH CROSS AXLE W/CROSS H.
6390386,Not Found,3-BRANCH CROSS AXLE W/CROSS H.
6121726,Reddish Brown,TECHNIC 3M BEAM
4142822,Black,TECHNIC 3M BEAM
4208160,White,TECHNIC 3M BEAM
4210751,Dark Stone Grey,TECHNIC 3M BEAM
4509376,Bright Blue,TECHNIC 3M BEAM
4211655,Not Found,TECHNIC 3M BEAM
6051508,Black,END RIDGED TILE 1X2/45°
6097801,White,END RIDGED TILE 1X2/45°
6137764,Not Found,END RIDGED TILE 1X2/45°
6353194,Light Purple,END RIDGED TILE 1X2/45°
6075074,Bright Red,END RIDGED TILE 1X2/45°
6312460,Brick Yellow,END RIDGED TILE 1X2/45°
6075075,Not Found,END RIDGED TILE 1X2/45°
6321305,Brick Yellow,3M CONNECTOR PEG
6329152,Medium Stone Grey,"ROOF TILE 1X2X2/3, NO. 21"
6102984,Medium Nougat,CHEST 2X4
6056226,Medium Lavender,CHEST 2X4
4533101,Reddish Brown,CHEST 2X4
6135494,Reddish Brown,"CROSS AXLE, 3 MODULE, W/ END STOP"
6503209,Multicombination 1,WHEEL FOR BICYCLE W/TYRE
6163986,Not Found,WHEEL FOR BICYCLE W/TYRE
6459423,Reddish Brown,"CROSS HOLES W/ DOUBLE, DIA. 3.2 SHAFT"
6280097,Black,"CROSS HOLES W/ DOUBLE, DIA. 3.2 SHAFT"
6310183,White,"CROSS HOLES W/ DOUBLE, DIA. 3.2 SHAFT"
6046905,White,PLADE 1X1 M. 1 LOD. TAND
6173959,Black,PLADE 1X1 M. 1 LOD. TAND
6186013,Medium Stone Grey,PLADE 1X1 M. 1 LOD. TAND
6446106,Bright Green,PLADE 1X1 M. 1 LOD. TAND
6083975,Not Found,PLADE 1X1 M. 1 LOD. TAND
6322126,Bright Bluish Green,MINI LEG
4530129,Earth Blue,MINI LEG
6029933,Medium Lavender,MINI LEG
6484468,Bright Yellowish Green,MINI LEG
6016059,Sand Yellow,MINI LEG
6005225,Dark Brown,MINI LEG
6233908,Dark Stone Grey,MINI LEG
4596914,Black,MINI LEG
6272101,Olive Green,CORNER PLATE 6X6X45°
6107667,White,CORNER PLATE 6X6X45°
6262023,Dark Stone Grey,CORNER PLATE 6X6X45°
6030845,Sand Yellow,CORNER PLATE 6X6X45°
4106977,Black,CORNER PLATE 6X6X45°
6427404,Not Found,CORNER PLATE 6X6X45°
6471113,Not Found,CORNER PLATE 6X6X45°
4211520,Medium Stone Grey,CORNER PLATE 6X6X45°
6503221,Transparent,WINDSCREEN 6X3X2
6255920,Not Found,WINDSCREEN 6X3X2
6503219,Tr. Light Blue,WINDSCREEN 6X3X2
6527025,Dark Green,"3.2 HOLDER, W/ KNOB"
6537695,Bright Blue,"3.2 HOLDER, W/ KNOB"
6534180,Black,"3.2 HOLDER, W/ KNOB"
6542392,Transparent,"3.2 HOLDER, W/ KNOB"
6520665,Warm Gold,"3.2 HOLDER, W/ KNOB"
6578887,Bright Green,BUSH W/CONNECTING PIECE
6265670,Dark Brown,BUSH W/CONNECTING PIECE
6265669,Dark Stone Grey,BUSH W/CONNECTING PIECE
4617855,White,BRICK 2X10
4617860,Black,BRICK 2X10
4617857,Bright Red,BRICK 2X10
4234525,White,ROOF TILE 2X2X2/65 DEG.
4616593,Sand Yellow,ROOF TILE 2X2X2/65 DEG.
4211320,Reddish Brown,ROOF TILE 2X2X2/65 DEG.
4273703,Black,ROOF TILE 2X2X2/65 DEG.
4251818,Not Found,ROOF TILE 2X2X2/65 DEG.
4234534,Dark Stone Grey,ROOF TILE 2X2X2/65 DEG.
6540077,Bright Yellow,ROOF TILE 2X2X2/65 DEG.
6313665,Reddish Brown,BRICK W. BOW 1X8X2
6313653,Medium Stone Grey,BRICK W. BOW 1X8X2
6313647,White,BRICK W. BOW 1X8X2
6469936,Bright Blue,BRICK W. BOW 1X8X2
6451282,Not Found,BRICK W. BOW 1X8X2
6313660,Not Found,BRICK W. BOW 1X8X2
6331950,Dark Brown,FRAME 1X3X3
6407954,Not Found,FRAME 1X3X3
6424625,Black,FRAME 1X3X3
6502373,Reddish Brown,FRAME 1X3X3
6537850,White,FRAME 1X3X3
6588935,Bright Red,FRAME 1X3X3
6381253,Medium Stone Grey,FRAME 1X3X3
6344040,Sand Yellow,GLASS DOOR FOR FRAME 1X4X6
6247362,Not Found,GLASS DOOR FOR FRAME 1X4X6
6344038,Not Found,GLASS DOOR FOR FRAME 1X4X6
6247361,Not Found,GLASS DOOR FOR FRAME 1X4X6
6266251,Medium Stone Grey,PLATE 1X2 W. STUB/VERTICAL
6266244,Black,PLATE 1X2 W. STUB/VERTICAL
6266253,White,PLATE 1X2 W. STUB/VERTICAL
6266248,Dark Stone Grey,PLATE 1X2 W. STUB/VERTICAL
4565452,Brick Yellow,CONICAL WHEEL Z12
6361353,Bright Yellowish Green,"WATERING CAN, NO. 1"
400626,Black,SCREWDRIVER/SPANNER
6167576,Silver Metallic,SCREWDRIVER/SPANNER
6265093,Dark Stone Grey,BEAM 1X2 W/CROSS AND HOLE
6265091,Black,BEAM 1X2 W/CROSS AND HOLE
6265089,Medium Stone Grey,BEAM 1X2 W/CROSS AND HOLE
6344864,Sand Yellow,BEAM 1X2 W/CROSS AND HOLE
6265128,Bright Orange,BEAM 1X2 W/CROSS AND HOLE
4211805,Medium Stone Grey,CROSS AXLE 7M
6130009,Bright Yellow,CROSS AXLE 7M
6348063,Tr. Light Blue,PLATE 2X3 W/ HOLDER
6360131,White,PLATE 2X3 W/ HOLDER
6364436,Brick Yellow,PLATE 2X3 W/ HOLDER
6360129,Not Found,PLATE 2X3 W/ HOLDER
6329575,White,"FLAT TILE 1X2, NO. 300"
6223667,White,"DESIGN PLATE 3X5, NO. 1"
6159763,Reddish Brown,CROSS AXLE 5M WITH END STOP
281721,Bright Red,TECHNIC DOUB. BEARING PL. 2X2
6138487,Medium Azur,TECHNIC DOUB. BEARING PL. 2X2
4211376,Medium Stone Grey,TECHNIC DOUB. BEARING PL. 2X2
281726,Black,TECHNIC DOUB. BEARING PL. 2X2
6507837,Bright Green,LEAF 4X5X1 2/3
6507838,Medium Lavender,LEAF 4X5X1 2/3
6507840,Dark Green,LEAF 4X5X1 2/3
6522798,Bright Yellowish Green,LEAF 4X5X1 2/3
6526035,New Dark Red,LEAF 4X5X1 2/3
6527648,Bright Red,STEE.WHEEL Ø16 F/CONSOLE 2X2
6092956,Medium Stone Grey,STEE.WHEEL Ø16 F/CONSOLE 2X2
6057397,Black,STEE.WHEEL Ø16 F/CONSOLE 2X2
6195347,Light Royal Blue,FISH W. KNOB
4623481,Bright Orange,FISH W. KNOB
6291414,Spring Yellowish Green,FISH W. KNOB
4611885,Silver Metallic,FISH W. KNOB
6035734,Medium Nougat,BOX 3X4
6541995,Bright Orange,BOX 3X4
6108560,Medium Stone Grey,BOX 3X4
6528237,Dark Stone Grey,BOX 3X4
4211185,Reddish Brown,BOX 3X4
6474222,White,"KITCHEN EQUIPMENT, NO. 5"
6198979,Not Found,"KITCHEN EQUIPMENT, NO. 5"
6474229,Dark Orange,"KITCHEN EQUIPMENT, NO. 5"
6256922,White,BRICK 1X4X3
6349112,Not Found,BRICK 1X4X3
6381737,Not Found,BRICK 1X4X3
6272132,Not Found,BRICK 1X4X3
6416469,White,"FLAT TILE 1X2, NO. 371"
6514156,Transparent,WALL ELEMENT 1X4X3
6245269,Not Found,WALL ELEMENT 1X4X3
6245267,Not Found,WALL ELEMENT 1X4X3
6514155,Tr. Light Blue,WALL ELEMENT 1X4X3
6514154,Not Found,WALL ELEMENT 1X4X3
6245264,Tr. Brown,WALL ELEMENT 1X4X3
6365459,Bright Red,FLAG W/ 2 HOLDERS
6365487,White,FLAG W/ 2 HOLDERS
6362688,Medium Stone Grey,FLAG W/ 2 HOLDERS
6363034,Black,FLAG W/ 2 HOLDERS
6365489,Not Found,FLAG W/ 2 HOLDERS
6244787,Transparent,MINI VISOR 2
6431592,Tr. Blue,MINI VISOR 2
6244785,Not Found,MINI VISOR 2
6252803,Black,MINI VISOR 2
6331572,Not Found,MUDGUARD 2X4 w. hole Ø4.9
4600176,Not Found,MUDGUARD 2X4 w. hole Ø4.9
4600178,Black,MUDGUARD 2X4 w. hole Ø4.9
6009016,White,PARABOLIC RING
6613633,Not Found,PARABOLIC RING
6018805,Black,PARABOLIC RING
6471689,Not Found,PARABOLIC RING
6468069,Dark Orange,"TILE 4X4, W/ BOW"
6195358,White,"TILE 4X4, W/ BOW"
6425370,Not Found,"TILE 4X4, W/ BOW"
6176195,Not Found,"TILE 4X4, W/ BOW"
6391756,Not Found,"TILE 4X4, W/ BOW"
6172431,Not Found,"TILE 4X4, W/ BOW"
6163989,Medium Stone Grey,"TILE 4X4, W/ BOW"
6390262,Bright Red,"TILE 4X4, W/ BOW"
6275487,Spring Yellowish Green,HORN W. SHAFT Ø 3.2
6270111,Sand Yellow,HORN W. SHAFT Ø 3.2
6270110,Bright Yellow,HORN W. SHAFT Ø 3.2
6270103,Not Found,HORN W. SHAFT Ø 3.2
6270106,White,HORN W. SHAFT Ø 3.2
6270108,Silver Metallic,HORN W. SHAFT Ø 3.2
6527826,Bright Green,HORN W. SHAFT Ø 3.2
6063671,Brick Yellow,HORN W. SHAFT Ø 3.2
370726,Black,CROSS AXLE 8M
6130004,Bright Red,CROSS AXLE 8M
6454454,Bright Red,"CUPCAKE, NO. 1"
6510513,Bright Orange,"CUPCAKE, NO. 1"
6361352,Aqua,"CUPCAKE, NO. 1"
6465111,Medium Stone Grey,"CUPCAKE, NO. 1"
6462427,Medium Nougat,DESIGN BRICK 1X1X2
6172757,Reddish Brown,DESIGN BRICK 1X1X2
6112307,Warm Gold,DESIGN BRICK 1X1X2
6429032,Dark Orange,DESIGN BRICK 1X1X2
6114992,Brick Yellow,DESIGN BRICK 1X1X2
6133766,White,DESIGN BRICK 1X1X2
6449592,Not Found,DESIGN BRICK 1X1X2
4499858,Dark Stone Grey,CROSS AXLE 8M WITH END STOP
6281998,Medium Stone Grey,LAMP HOLDER
6281993,Black,LAMP HOLDER
6281990,White,LAMP HOLDER
6281994,Not Found,LAMP HOLDER
6176768,Black,ROOF TILE 2X2X1 45 DEGR. - BOT. 45 DEGR.
6331865,Not Found,ROOF TILE 2X2X1 45 DEGR. - BOT. 45 DEGR.
6227909,Dark Stone Grey,ROOF TILE 2X2X1 45 DEGR. - BOT. 45 DEGR.
6034676,Medium Stone Grey,ROOF TILE 2X2X1 45 DEGR. - BOT. 45 DEGR.
6301899,Not Found,ROOF TILE 2X2X1 45 DEGR. - BOT. 45 DEGR.
6214208,Warm Gold,CONICAL HORN Ø 3.2 SHAFT
6192793,White,CONICAL HORN Ø 3.2 SHAFT
6214214,Silver Metallic,CONICAL HORN Ø 3.2 SHAFT
6445056,Dark Stone Grey,CONICAL HORN Ø 3.2 SHAFT
6223215,Sand Green,CONICAL HORN Ø 3.2 SHAFT
6400309,Sand Green,"MINI HAT, NO. 8"
6221784,Medium Stone Grey,"MINI HAT, NO. 8"
6487883,Brick Yellow,"MINI HAT, NO. 8"
6221783,White,"MINI HAT, NO. 8"
6504671,Flame Yellowish Orange,"MINI HAT, NO. 8"
6482272,Reddish Orange,"MINI HAT, NO. 8"
6337734,Bright Red,"MINI HAT, NO. 8"
4538456,Black,STICK Ø3.2 2MM W/ KNOB AND TUBE
6578897,Not Found,"BRICK, 2X2X2/3, 1/4 SPHERE, W/ CUTOUT"
6603345,Not Found,"BRICK, 2X2X2/3, 1/4 SPHERE, W/ CUTOUT"
6529502,Medium Stone Grey,"BRICK, 2X2X2/3, 1/4 SPHERE, W/ CUTOUT"
6562635,Not Found,"BRICK, 2X2X2/3, 1/4 SPHERE, W/ CUTOUT"
6516468,Not Found,"BRICK, 2X2X2/3, 1/4 SPHERE, W/ CUTOUT"
6552225,Lavender,"BRICK, 2X2X2/3, 1/4 SPHERE, W/ CUTOUT"
6549867,Dark Green,"BRICK, 2X2X2/3, 1/4 SPHERE, W/ CUTOUT"
6552224,Bright Yellow,"BRICK, 2X2X2/3, 1/4 SPHERE, W/ CUTOUT"
6541445,Not Found,"BRICK, 2X2X2/3, 1/4 SPHERE, W/ CUTOUT"
6527162,Dark Azur,"BRICK, 2X2X2/3, 1/4 SPHERE, W/ CUTOUT"
6510115,Tr. Light Blue,"WALL 4X4X3, 1/4 CIRCLE"
6540807,Transparent,"WALL 4X4X3, 1/4 CIRCLE"
6510117,Black,"WALL 4X4X3, 1/4 CIRCLE"
6510116,White,"WALL 4X4X3, 1/4 CIRCLE"
6280388,Reddish Brown,"TECHNIC ROTOR, 2 BLADES"
6311104,Brick Yellow,"TECHNIC ROTOR, 2 BLADES"
6549304,Not Found,"TECHNIC ROTOR, 2 BLADES"
6280386,White,"TECHNIC ROTOR, 2 BLADES"
6280168,Not Found,"TECHNIC ROTOR, 2 BLADES"
6002849,Sand Yellow,RIGHT PLATE 3X6 W. ANGLE
4283046,Black,RIGHT PLATE 3X6 W. ANGLE
6170832,Bright Red,RIGHT PLATE 3X6 W. ANGLE
6002851,Sand Yellow,LEFT PLATE 3X6 W ANGLE
4283047,Black,LEFT PLATE 3X6 W ANGLE
4290149,Dark Stone Grey,LEFT PLATE 3X6 W ANGLE
6170834,Bright Red,LEFT PLATE 3X6 W ANGLE
6581840,Not Found,GLASS FOR FRAME 1X3X3
6278710,Transparent,GLASS FOR FRAME 1X3X3
6411773,Not Found,GLASS FOR FRAME 1X3X3
6581839,Transparent,GLASS FOR FRAME 1X3X3
6138068,Warm Gold,PAN
4624615,Silver Metallic,PAN
452826,Black,PAN
4595709,Sand Yellow,TRAPDOOR FRAME 6X8
6389824,New Dark Red,TRAPDOOR FRAME 6X8
6152230,Medium Stone Grey,TRAPDOOR FRAME 6X8
6054973,White,TRAPDOOR FRAME 6X8
6057902,Black,TRAPDOOR FRAME 6X8
6517005,Not Found,TRAPDOOR FRAME 6X8
6352600,Dark Stone Grey,PLATE 1X1 W/ 2 SHAFTS DIA. 3.2
6398391,Black,PLATE 1X1 W/ 2 SHAFTS DIA. 3.2
6470076,Brick Yellow,T-PIECE
4211508,Medium Stone Grey,T-PIECE
6452472,Warm Gold,T-PIECE
6104209,Black,T-PIECE
6502374,Sand Yellow,PROFILE BRICK 1x4 SINGLE GRO.
6055309,Medium Nougat,PROFILE BRICK 1x4 SINGLE GRO.
6314891,Medium Stone Grey,PROFILE BRICK 1x4 SINGLE GRO.
6055310,Dark Stone Grey,PROFILE BRICK 1x4 SINGLE GRO.
6232136,Brick Yellow,PROFILE BRICK 1x4 SINGLE GRO.
6145528,Medium Nougat,"MINI WIG, NO. 105"
6267760,Reddish Brown,"MINI WIG, NO. 105"
6151874,Not Found,"MINI WIG, NO. 105"
6509764,Bright Purple,"DESIGN ELEMENT 1X1X1, NO. 1"
6522800,Cool Yellow,"DESIGN ELEMENT 1X1X1, NO. 1"
6096991,Tr.bright Bluish Violet,"SUNGLASSES W. 1,5 CONNECTOR"
6469304,Light Nougat,"TORSO, GIRL, W/ ARM, NO. 541"
6314192,Dark Stone Grey,"BRICK 1X2X1 2/3, W/ 8 KNOBS"
6312480,White,"BRICK 1X2X1 2/3, W/ 8 KNOBS"
6301870,Medium Stone Grey,"BRICK 1X2X1 2/3, W/ 8 KNOBS"
6345505,Light Purple,"BRICK 1X2X1 2/3, W/ 8 KNOBS"
6310247,Bright Yellow,"BRICK 1X2X1 2/3, W/ 8 KNOBS"
6469826,Aqua,BRICK W. BOW 2X4
6285601,Dark Green,BRICK W. BOW 2X4
6031947,White,BRICK W. BOW 2X4
6441153,Medium Azur,BRICK W. BOW 2X4
6377929,Not Found,BRICK W. BOW 2X4
6469820,Aqua,"BRICK 2X3, OUTSIDE BOW, RIGHT"
6551380,Dark Azur,"BRICK 2X3, OUTSIDE BOW, RIGHT"
6448725,Not Found,"BRICK 2X3, OUTSIDE BOW, RIGHT"
6407399,White,"BRICK 2X3, OUTSIDE BOW, RIGHT"
6436412,Bright Red,"BRICK 2X3, OUTSIDE BOW, RIGHT"
6404636,Bright Yellow,"BRICK 2X3, OUTSIDE BOW, RIGHT"
6390749,Not Found,"BRICK 2X3, OUTSIDE BOW, RIGHT"
6271538,Dark Stone Grey,FRICTION FORK W/ CROSS HOLE
6271540,White,FRICTION FORK W/ CROSS HOLE
6271539,Medium Stone Grey,FRICTION FORK W/ CROSS HOLE
6271535,Black,FRICTION FORK W/ CROSS HOLE
6365882,Reddish Brown,BRICK 2X4 W/ CROSS HOLE
6244917,Black,BRICK 2X4 W/ CROSS HOLE
6244914,Bright Yellow,BRICK 2X4 W/ CROSS HOLE
6384912,Earth Blue,BRICK 2X4 W/ CROSS HOLE
6252647,Not Found,BRICK 2X4 W/ CROSS HOLE
4211517,Medium Stone Grey,ROOF TILE 4X2/45° INV.
4188534,Black,ROOF TILE 4X2/45° INV.
4173943,White,ROOF TILE 4X2/45° INV.
6424330,Bright Yellowish Green,CORNER PLATE 45 DEG. 8X8
4626948,Not Found,CORNER PLATE 45 DEG. 8X8
4205347,Black,CORNER PLATE 45 DEG. 8X8
6395743,Not Found,CORNER PLATE 45 DEG. 8X8
6286094,Not Found,"MINI ACCESSORY, NO. 5"
6207840,Silver Metallic,"MINI ACCESSORY, NO. 5"
6391688,Black,"MINI ACCESSORY, NO. 5"
6551651,Bright Blue,"MINI ACCESSORY, NO. 5"
6551650,Bright Red,"MINI ACCESSORY, NO. 5"
4515360,Bright Red,ROOF TILE 1X4X1
6013497,Medium Stone Grey,ROOF TILE 1X4X1
6058091,Brick Yellow,ROOF TILE 1X4X1
6297327,Bright Blue,ROOF TILE 1X4X1
4515362,Black,ROOF TILE 1X4X1
4535930,Not Found,ROOF TILE 1X4X1
6416487,Reddish Brown,"MINI DOLL, HEAD, NO. 349"
6429787,Bright Blue,"PANTS W/ HIP, NO. 2"
6398363,Not Found,"PANTS W/ HIP, NO. 2"
6430979,Not Found,"PANTS W/ HIP, NO. 2"
6531029,Reddish Orange,"PANTS W/ HIP, NO. 2"
6326680,Not Found,SKELETON ARM NO. 4
6318697,Dark Stone Grey,SKELETON ARM NO. 4
6363108,Medium Stone Grey,SKELETON ARM NO. 4
6326681,Black,SKELETON ARM NO. 4
6484017,Sand Yellow,SKELETON ARM NO. 4
6213681,Not Found,"MINI ACCESSORY, NO. 4"
6446980,Multicombination 3,"MINI ACCESSORY, NO. 4"
6361354,Silver Metallic,"FORK, NO. 1"
6329697,White,"ROOF TILE 1X2, 45 DEG., NO. 7"
4500878,White,PLATE 2X8 W/GLIDING GROOVE
6583500,Dark Azur,PLATE 2X8 W/GLIDING GROOVE
4222019,Medium Stone Grey,PLATE 2X8 W/GLIDING GROOVE
6161298,Black,PLATE 2X8 W/GLIDING GROOVE
6322904,Silver Metallic,"FLAT TILE 1X1, ROUND ""NO. 35"""
6449753,Not Found,SURF BOARD W. KNOB
6102906,Bright Yellowish Green,SURF BOARD W. KNOB
6516594,Lavender,SURF BOARD W. KNOB
6578905,Light Purple,SURF BOARD W. KNOB
6525911,Bright Red,SURF BOARD W. KNOB
4295260,Dark Green,"FLAT TILE 1X2, DEC. 100"
6471726,Not Found,"TILE 4X4X2/3, CIRCLE, W/O KNOBS"
6354325,Medium Stone Grey,"TILE 4X4X2/3, CIRCLE, W/O KNOBS"
6316439,Flame Yellowish Orange,"TILE 4X4X2/3, CIRCLE, W/O KNOBS"
6531022,White,"TILE 4X4X2/3, CIRCLE, W/O KNOBS"
6166107,Transparent,CUP WITHOUT WREATH
4505990,Warm Gold,CUP WITHOUT WREATH
6107389,Silver Metallic,CUP WITHOUT WREATH
6420468,Dark Orange,CUP WITHOUT WREATH
4170457,White,RIM WIDE W. HOLE Ø11
4211764,Medium Stone Grey,RIM WIDE W. HOLE Ø11
6286850,Black,RIM WIDE W. HOLE Ø11
6260609,White,RIM WIDE 18X14 W. HOLE Ø4.8
6109682,Black,RIM WIDE 18X14 W. HOLE Ø4.8
6490807,Dark Stone Grey,RIM WIDE 18X14 W. HOLE Ø4.8
6322480,White,WALL 1X2X2 W. BOWED SLIT
6063447,Reddish Brown,WALL 1X2X2 W. BOWED SLIT
4642934,Medium Stone Grey,WALL 1X2X2 W. BOWED SLIT
6481607,Transparent,"FLAT TILE 1X1, ROUND, NO. 331"
6359942,Black,"FENDER, FRONT, NO.1"
6207258,Not Found,"FENDER, FRONT, NO.1"
6325420,Dark Stone Grey,"PLATE, W/ BOW 5X8X2/3"
6217068,Not Found,MINI FIGUR BABY BODY
6483534,Not Found,MINI FIGUR BABY BODY
6483521,White,MINI FIGUR BABY BODY
6585249,Earth Blue,MINI FIGUR BABY BODY
6585272,Black,MINI FIGUR BABY BODY
6585328,Reddish Orange,MINI FIGUR BABY BODY
6313506,Reddish Brown,PLATE ROUND 2X2 W/ VERT. SHAFT
6329274,Sand Green,PLATE ROUND 2X2 W/ VERT. SHAFT
6468346,Medium Lilac,"BUTTERFLY, NO. 1"
6370534,Flame Yellowish Orange,"BUTTERFLY, NO. 1"
6454462,Earth Green,"MINI HAT, NO. 184"
6408343,Reddish Brown,"MINI HAT, NO. 184"
6501311,Dark Brown,"MINI HAT, NO. 184"
6470918,Not Found,"MINI HAT, NO. 184"
6121816,Bright Yellowish Green,SATELLITE DISH Ø16
6021969,Sand Yellow,SATELLITE DISH Ø16
4585146,Bright Red,SATELLITE DISH Ø16
4660435,Reddish Brown,SATELLITE DISH Ø16
4617765,Brick Yellow,SATELLITE DISH Ø16
4570283,Bright Blue,SATELLITE DISH Ø16
6147702,Bright Red,CROSS AXLE 12M
370826,Black,CROSS AXLE 12M
6535870,Cool Yellow,"BRICK,2X2X1,BOW OUTSIDE CORNER,W/ CUTOUT"
6583817,Light Purple,"BRICK,2X2X1,BOW OUTSIDE CORNER,W/ CUTOUT"
6555106,Light Royal Blue,"BRICK,2X2X1,BOW OUTSIDE CORNER,W/ CUTOUT"
6569356,Medium Stone Grey,"BRICK,2X2X1,BOW OUTSIDE CORNER,W/ CUTOUT"
6519991,White,"BRICK,2X2X1,BOW OUTSIDE CORNER,W/ CUTOUT"
6316697,Reddish Brown,3.2 SHAFT ELEMENT W/ CROSS HOLE
6316692,Not Found,3.2 SHAFT ELEMENT W/ CROSS HOLE
6480358,Sand Yellow,"LEFT PLATE 2X4, DEG. 27"
6306729,Medium Stone Grey,"LEFT PLATE 2X4, DEG. 27"
6295295,Black,"LEFT PLATE 2X4, DEG. 27"
6286516,Bright Red,"LEFT PLATE 2X4, DEG. 27"
6354823,White,"LEFT PLATE 2X4, DEG. 27"
6403650,Black,"FLAT TILE 1X2, NO. 361"
6522257,Dark Green,FRAME 1X3X2
6525959,White,FRAME 1X3X2
6508983,Not Found,FRAME 1X3X2
6235083,White,"CUP, NO. 1002"
6227107,Reddish Brown,WIG BOY
4526110,Black,WIG BOY
6075237,Medium Stone Grey,WIG BOY
4529755,Dark Orange,WIG BOY
6417265,Sand Yellow,WIG BOY
6523044,Not Found,"BRICK, 1X3X1 2/3, CIRCLE ARCH"
6538272,Light Royal Blue,"BRICK, 1X3X1 2/3, CIRCLE ARCH"
6586088,Medium Azur,"BRICK, 1X3X1 2/3, CIRCLE ARCH"
6527916,Aqua,"BRICK, 1X3X1 2/3, CIRCLE ARCH"
6519990,White,"BRICK, 1X3X1 2/3, CIRCLE ARCH"
6470262,Earth Blue,"ROOF TILE 1X2, INVERTED, DEG. 45, W/ CUT"
6465248,Black,"ROOF TILE 1X2, INVERTED, DEG. 45, W/ CUT"
6486923,Light Royal Blue,"ROOF TILE 1X2, INVERTED, DEG. 45, W/ CUT"
6407767,Medium Stone Grey,"ROOF TILE 1X2, INVERTED, DEG. 45, W/ CUT"
6360104,Bright Red,BALL WITH FRICTION SNAP
6344752,Black,BALL WITH FRICTION SNAP
6593079,New Dark Red,ROOF 4X6X2/3
6288408,Black,ROOF 4X6X2/3
6586849,Earth Blue,ROOF 4X6X2/3
6584298,Medium Lilac,ROOF 4X6X2/3
6050918,Reddish Brown,"PLATE 3X3, CROSS"
6099412,White,"PLATE 3X3, CROSS"
6097283,Black,"PLATE 3X3, CROSS"
73081,Black,CONSOLE W/ST.WHEEL BL/BL
6457281,White,"TOOTHED BAR M=1, Z=10"
4250465,Not Found,"TOOTHED BAR M=1, Z=10"
6457282,Black,"TOOTHED BAR M=1, Z=10"
6457283,Medium Stone Grey,"TOOTHED BAR M=1, Z=10"
4211450,Not Found,"TOOTHED BAR M=1, Z=10"
6310817,Dark Orange,"MINI WIG, NO. 199"
6420630,Dark Brown,"MINI WIG, NO. 199"
6472859,Black,"MINI ACCESSORY, NO. 15"
6466050,Lavender,"MINI ACCESSORY, NO. 15"
4261908,Dark Stone Grey,HANDLE W. 3.18 STICK
3003126,Black,HANDLE W. 3.18 STICK
4258308,Not Found,HANDLE W. 3.18 STICK
6170503,Dark Stone Grey,BRICK 2X4X1 W. SCREEN NO. 2
6586466,New Dark Red,BRICK 2X4X1 W. SCREEN NO. 2
6170505,Black,BRICK 2X4X1 W. SCREEN NO. 2
6029208,Black,"TYRE NORMAL / NARROW Ø 21X9,9"
6044725,Reddish Brown,BRICK W. BOW 1X5X4
6075057,Brick Yellow,BRICK W. BOW 1X5X4
6075062,Not Found,BRICK W. BOW 1X5X4
6344931,Medium Nougat,BRICK W. BOW 1X5X4
6075060,Dark Stone Grey,BRICK W. BOW 1X5X4
6432033,Flame Yellowish Orange,STAR SYMBOL STAR W/ TUBE AND HOLE Ø1.5
6651230,Not Found,STAR SYMBOL STAR W/ TUBE AND HOLE Ø1.5
6226634,Dark Stone Grey,STAIRCASE 7X4X6
4277751,Reddish Brown,STAIRCASE 7X4X6
4279270,Black,STAIRCASE 7X4X6
6278152,Black,STICK Ø 3.2 W. HOLDER
6278156,Medium Stone Grey,STICK Ø 3.2 W. HOLDER
6420920,Not Found,STICK Ø 3.2 W. HOLDER
6278155,Dark Stone Grey,STICK Ø 3.2 W. HOLDER
6298930,White,FROG
6435720,Bright Yellowish Green,FROG
6395622,Bright Reddish Violet,FROG
6472547,Olive Green,FROG
6171101,Dark Green,FROG
6399743,Vibrant Coral,FROG
6171103,Not Found,FROG
6234347,Reddish Brown,FROG
6060731,Not Found,1X1 DECORATION TOP NO. 1
6050916,Warm Gold,1X1 DECORATION TOP NO. 1
6424008,Light Purple,1X1 DECORATION TOP NO. 1
6424009,White,1X1 DECORATION TOP NO. 1
6194233,Black,"PLATE 2X4, W/ HOLES DIA. 4.85, BOTTOM"
6176242,Medium Stone Grey,"PLATE 2X4, W/ HOLES DIA. 4.85, BOTTOM"
4645732,Black,TECHNIC 9M BEAM
4645730,Dark Stone Grey,TECHNIC 9M BEAM
6102449,Medium Stone Grey,TECHNIC 9M BEAM
6001831,White,TECHNIC 9M BEAM
6436364,Dark Brown,"WIG, NO. 57"
6420572,Black,"WIG, NO. 57"
6035326,Sand Yellow,CORNER PLATE 3X6
241926,Black,CORNER PLATE 3X6
241923,Not Found,CORNER PLATE 3X6
4210984,Dark Stone Grey,CORNER PLATE 3X6
4198367,Black,DAMPER 2M
6459289,Dark Azur,"TILE 1X3, INVERTED, W/ 3.2 HOLE"
6223491,White,"TILE 1X3, INVERTED, W/ 3.2 HOLE"
6272184,Black,"TILE 1X3, INVERTED, W/ 3.2 HOLE"
6522799,Not Found,"TILE 1X3, INVERTED, W/ 3.2 HOLE"
6525853,Flame Yellowish Orange,"TILE 1X3, INVERTED, W/ 3.2 HOLE"
6100565,Bright Red,CHERRY
6087084,Bright Yellowish Green,CHERRY
6100562,Bright Reddish Violet,CHERRY
4107623,Brick Yellow,"MINI LOWER PART, BRICK YELLOW"
6430540,Medium Stone Grey,"MINI WIG, NO. 104"
6122096,Black,"MINI WIG, NO. 104"
6373083,Not Found,"MINI WIG, NO. 104"
6171068,Dark Stone Grey,DUSTBIN 2x2x2
6381709,Not Found,DUSTBIN 2x2x2
6370087,Not Found,DUSTBIN 2x2x2
6171069,Dark Green,DUSTBIN 2x2x2
6428471,Not Found,DUSTBIN 2x2x2
6390507,White,"DESIGN ELEMENT 3X3X2,W/ CROSS HOLE,NO. 1"
6326483,Medium Stone Grey,"DESIGN ELEMENT 3X3X2,W/ CROSS HOLE,NO. 1"
6375973,Black,"DESIGN ELEMENT 3X3X2,W/ CROSS HOLE,NO. 1"
6551268,Earth Blue,"DESIGN ELEMENT 3X3X2,W/ CROSS HOLE,NO. 1"
4508553,Dark Stone Grey,"CROSS AXLE 5,5 WITH STOP 1M."
6510119,Transparent,3.2 SHAFT W/ CROSS AXLE
6444527,Not Found,3.2 SHAFT W/ CROSS AXLE
4652259,Dark Stone Grey,BRICK W. BOW 1X3
4512727,Black,BRICK W. BOW 1X3
4618651,Brick Yellow,BRICK W. BOW 1X3
6546480,Bright Yellow,BRICK W. BOW 1X3
6013938,Brick Yellow,1 1/2 M CONNECTING BUSH
6054438,Bright Red,APPLE WITH LEAF
4107050,Not Found,APPLE WITH LEAF
6413063,Bright Green,APPLE WITH LEAF
6273728,Bright Yellowish Green,CROSS BLOCK 3M
6273708,Black,CROSS BLOCK 3M
6273715,Dark Stone Grey,CROSS BLOCK 3M
6330960,White,CROSS BLOCK 3M
6310976,Medium Stone Grey,ROOF TILE CORN. INVERT.2X2/45°
6138740,White,ROOF TILE CORN. INVERT.2X2/45°
6490472,Reddish Brown,ROOF TILE CORN. INVERT.2X2/45°
6325922,Not Found,ROOF TILE CORN. INVERT.2X2/45°
6435045,Bright Red,1/4 SPHERE 3X3X1
6334524,White,1/4 SPHERE 3X3X1
6404615,Brick Yellow,1/4 SPHERE 3X3X1
6578998,Dark Green,1/4 SPHERE 3X3X1
6308912,Not Found,"PLATE W/ BOW 2X2X2/3, 45 DEG."
6305047,Bright Red,"PLATE W/ BOW 2X2X2/3, 45 DEG."
6590157,Cool Yellow,"PLATE W/ BOW 2X2X2/3, 45 DEG."
6442920,Not Found,"PLATE W/ BOW 2X2X2/3, 45 DEG."
6305049,Medium Stone Grey,"PLATE W/ BOW 2X2X2/3, 45 DEG."
621524,Bright Yellow,BRICK 2X3 W. ARCH
621501,White,BRICK 2X3 W. ARCH
4217918,Not Found,BRICK 2X3 W. ARCH
4141607,White,FENCE 1X4X2
4587272,Not Found,FENCE 1X4X2
4188953,Black,FENCE 1X4X2
6584827,Warm Gold,FENCE 1X4X2
4211718,Medium Stone Grey,FACET BRICK 3X3X1
6056272,White,FACET BRICK 3X3X1
4582257,Dark Stone Grey,FACET BRICK 3X3X1
6366707,Bright Purple,BRICK 1X3X2 W/INS AND OUTS.BOW
6470229,Aqua,BRICK 1X3X2 W/INS AND OUTS.BOW
4652261,Bright Yellow,BRICK 1X3X2 W/INS AND OUTS.BOW
6252199,Brick Yellow,BRICK 1X3X2 W/INS AND OUTS.BOW
4629913,White,BRICK 1X3X2 W/INS AND OUTS.BOW
6313520,Black,2X1X3 STEERING KNUCKLE ARM
6331864,Bright Red,2X1X3 STEERING KNUCKLE ARM
6331859,Medium Stone Grey,2X1X3 STEERING KNUCKLE ARM
6346535,Black,DOUBLE CONICAL WHEEL Z20 1M
6346517,Brick Yellow,DOUBLE CONICAL WHEEL Z20 1M
6469819,Aqua,"BRICK 2X3, OUTSIDE BOW, LEFT"
6551379,Dark Azur,"BRICK 2X3, OUTSIDE BOW, LEFT"
6448724,Not Found,"BRICK 2X3, OUTSIDE BOW, LEFT"
6407402,Not Found,"BRICK 2X3, OUTSIDE BOW, LEFT"
6436413,Bright Red,"BRICK 2X3, OUTSIDE BOW, LEFT"
6404640,Bright Yellow,"BRICK 2X3, OUTSIDE BOW, LEFT"
6152344,Medium Stone Grey,"WHEEL FORK 2X2, ROUND"
6347460,Bright Green,FINGER LEAF
6313098,Bright Yellowish Green,FINGER LEAF
6313099,Dark Green,FINGER LEAF
6395748,Multicombination 5,BRICK 1X2 W. HORIZONTAL SNAP
6321770,Multicombination 2,BRICK 1X2 W. HORIZONTAL SNAP
6406522,Multicombination 7,BRICK 1X2 W. HORIZONTAL SNAP
6037664,Black,BRICK WITH BOW 1x10
6208565,Bright Red,BRICK WITH BOW 1x10
6035405,White,BRICK WITH BOW 1x10
6251378,Earth Blue,BRICK WITH BOW 1x10
6037666,Dark Stone Grey,BRICK WITH BOW 1x10
6072627,Bright Yellow,T-BEAM 3X3 W/HOLE Ø4.8
4552348,Medium Stone Grey,T-BEAM 3X3 W/HOLE Ø4.8
4552349,Dark Stone Grey,T-BEAM 3X3 W/HOLE Ø4.8
6194079,Not Found,T-BEAM 3X3 W/HOLE Ø4.8
4552347,Black,T-BEAM 3X3 W/HOLE Ø4.8
6181752,Brick Yellow,"WALL ELEMENT 2X2, CORNER"
6181755,Not Found,"WALL ELEMENT 2X2, CORNER"
6344005,Not Found,"WALL ELEMENT 2X2, CORNER"
6412881,Aqua,"FEEDING BOTTLE W. 3,2 SHAFT"
6102882,Not Found,"FEEDING BOTTLE W. 3,2 SHAFT"
6409779,Bright Orange,"INTERIOR, NO. 8"
6584806,Medium Azur,"INTERIOR, NO. 8"
6508052,Not Found,"INTERIOR, NO. 7"
6427395,Not Found,"INTERIOR, NO. 7"
6409780,Not Found,"INTERIOR, NO. 7"
6508046,White,"INTERIOR, NO. 7"
6508048,Transparent,"INTERIOR, NO. 7"
6584807,Medium Azur,"INTERIOR, NO. 7"
6012451,Dark Stone Grey,"GEAR WHEEL T=8, M=1"
6136310,Bright Orange,LIFE JACKET
6252744,White,"MINI FOOTBALL, HELMET"
6423409,Earth Blue,"MINI FOOTBALL, HELMET"
6416452,Sand Blue,"PANTS, W/ HIP, NO. 24"
6361753,Brick Yellow,"FLAT TILE 1X1, ROUND, NO. 174"
6139435,Reddish Brown,"FLAT TILE 1X2 NO. ""168"""
6329699,Bright Orange,"FLAT TILE 1X2, NO. 309"
4506668,White,LEFT DOOR W/KNOB HINGE 1X3X4
6468536,Black,LEFT DOOR W/KNOB HINGE 1X3X4
6167741,Tr. Bright Orange,DRAGON'S FIRE
6167739,Tr. Light Blue,DRAGON'S FIRE
6343076,White,"WALL 2X2X5, 1/4 CIRCLE, W/ CUTOUT"
6442179,Not Found,"WALL 2X2X5, 1/4 CIRCLE, W/ CUTOUT"
6523029,Dark Orange,"WALL 2X2X5, 1/4 CIRCLE, W/ CUTOUT"
6481629,Sand Green,"PANTS, W/ HIP, NO. 41"
6507866,Tr. Bright Violet W/ Opalescence,"ROCK CRYSTAL, TRANSPARENT"
6507862,Tr. Bright Green,"ROCK CRYSTAL, TRANSPARENT"
6507863,Tr. Red,"ROCK CRYSTAL, TRANSPARENT"
6507865,Tr. Light Blue,"ROCK CRYSTAL, TRANSPARENT"
6589629,Bright Yellow,"ROCK CRYSTAL, TRANSPARENT"
6170292,Not Found,"ROCK CRYSTAL, TRANSPARENT"
6530132,Bright Blue,"SHORTS, W/ HIP, NO. 17"
6529232,Earth Blue,"SHORTS, W/ HIP, NO. 17"
6593292,Not Found,"SHORTS, W/ HIP, NO. 17"
6030731,Brick Yellow,ROOF TILE 1X2X3/74° INV.
4532972,Not Found,ROOF TILE 1X2X3/74° INV.
4501534,Bright Red,ROOF TILE 1X2X3/74° INV.
6385969,Not Found,ROOF TILE 1X2X3/74° INV.
4500975,Dark Stone Grey,ROOF TILE 1X2X3/74° INV.
6399633,Medium Stone Grey,MINI CRASH HELMET
4298619,Black,MINI CRASH HELMET
4298617,Bright Red,MINI CRASH HELMET
4298609,White,MINI CRASH HELMET
6580413,Transparent,VERTICAL FRONT 1X6X3
6254637,Not Found,VERTICAL FRONT 1X6X3
6525952,Black,VERTICAL FRONT 1X6X3
6254638,Transparent,VERTICAL FRONT 1X6X3
6527161,Dark Azur,VERTICAL FRONT 1X6X3
6482958,Multicombination 1,"BEARING ELEMENT 2X2, SINGLE"
6371448,Not Found,"BEARING ELEMENT 2X2, SINGLE"
6482959,Multicombination 2,"BEARING ELEMENT 2X2, SINGLE"
6371450,Not Found,"BEARING ELEMENT 2X2, SINGLE"
6642356,Bright Yellow,"MINI HEAD, NO. 2951"
6456642,Flame Yellowish Orange,"DESIGN PLATE, 1X1X2/3, NO. 4"
6302577,Black,"DESIGN PLATE, 1X1X2/3, NO. 4"
6434882,Bright Bluish Green,"DESIGN PLATE, 1X1X2/3, NO. 4"
6468077,Bright Yellowish Green,"SPHERE 4X4, W/ KNOBS"
6594239,Medium Stone Grey,"SPHERE 4X4, W/ KNOBS"
6475283,Bright Yellow,"SPHERE 4X4, W/ KNOBS"
6317538,Not Found,"SPHERE 4X4, W/ KNOBS"
6349130,Reddish Brown,HOLE Ø4.8 VERT. W/ 4 HOLDER
6320293,Black,HOLE Ø4.8 VERT. W/ 4 HOLDER
6462460,Dark Orange,"DESIGN ELEMENT 5X5X2, W/ 4.85 HOLE"
6554417,Sand Blue,"DESIGN ELEMENT 5X5X2, W/ 4.85 HOLE"
6459287,Black,"DESIGN ELEMENT 5X5X2, W/ 4.85 HOLE"
6465444,Not Found,"DESIGN ELEMENT 5X5X2, W/ 4.85 HOLE"
4294180,Dark Stone Grey,INVERTED ROOF TILE 6X1X1
4259937,White,INVERTED ROOF TILE 6X1X1
4294738,Bright Blue,INVERTED ROOF TILE 6X1X1
6535865,Cool Yellow,"TILE, 2X2, INV., ROUND"
6522259,Aqua,"TILE, 2X2, INV., ROUND"
6508097,Not Found,"TILE, 2X2, INV., ROUND"
6508095,Not Found,"TILE, 2X2, INV., ROUND"
6409728,White,"FLEX TUBE 21 MODULE, W/ 3.2 SHAFT, NO. 1"
6417971,White,"DESIGN ELEMENT, W/ 3.2 SHAFT, NO. 1"
6210440,Tr. Light Blue,"DESIGN ELEMENT, W/ 3.2 SHAFT, NO. 1"
6172437,Not Found,"DESIGN ELEMENT, W/ 3.2 SHAFT, NO. 1"
6480359,Sand Yellow,"RIGHT PLATE 2X4, DEG. 27"
6286513,Bright Red,"RIGHT PLATE 2X4, DEG. 27"
6295293,Not Found,"RIGHT PLATE 2X4, DEG. 27"
6354822,Not Found,"RIGHT PLATE 2X4, DEG. 27"
6306728,Not Found,"RIGHT PLATE 2X4, DEG. 27"
6328408,Black,CHAIN 6 M
6323688,Warm Gold,CHAIN 6 M
6311445,Dark Stone Grey,CHAIN 6 M
6323689,Silver Metallic,CHAIN 6 M
6522261,Light Nougat,"DESIGN, PLATE, 2X3, NO. 1"
6513938,White,"DESIGN, PLATE, 2X3, NO. 1"
6528543,Dark Orange,"DESIGN, PLATE, 2X3, NO. 1"
6513937,Warm Gold,"DESIGN, PLATE, 2X3, NO. 1"
6132203,White,LEFT PLATE 2x2 27 DEG
6141552,Bright Red,LEFT PLATE 2x2 27 DEG
6324417,Bright Red,"FLAT TILE 1X1, ROUND, NO. 145"
9341,Bright Blue,MINI BODY LOWERPART BLUE
6249033,White,"WALL 1X6X7, W/ ARCH"
6476787,Spring Yellowish Green,"WALL 1X6X7, W/ ARCH"
6273864,Not Found,"WALL 1X6X7, W/ ARCH"
6330233,Reddish Brown,"WALL 1X6X7, W/ ARCH"
6276874,Medium Stone Grey,BRICK 1X2 W/ DOUBLE SNAP
6311891,White,BRICK 1X2 W/ DOUBLE SNAP
6276873,Dark Stone Grey,BRICK 1X2 W/ DOUBLE SNAP
4163373,Black,RIDGED TILE 2X2/45°
6232193,Dark Stone Grey,RIDGED TILE 2X2/45°
6371464,White,RIDGED TILE 2X2/45°
4189064,Black,CORNER BRICK 2X2/45° OUTSIDE
6222431,Brick Yellow,CORNER BRICK 2X2/45° OUTSIDE
4233370,White,CORNER BRICK 2X2/45° OUTSIDE
4216250,Medium Stone Grey,CORNER BRICK 2X2/45° OUTSIDE
4210646,Dark Stone Grey,CORNER BRICK 2X2/45° OUTSIDE
4196736,Earth Blue,CORNER BRICK 2X2/45° OUTSIDE
6267587,Medium Stone Grey,MINI ANTENNA
6265695,White,PLATE 1X2 W/STUB/ALONG/UPPER P
6265694,Medium Stone Grey,PLATE 1X2 W/STUB/ALONG/UPPER P
6265693,Dark Stone Grey,PLATE 1X2 W/STUB/ALONG/UPPER P
6338799,Not Found,PLATE 1X2 W/STUB/ALONG/UPPER P
6306064,Black,"GEAR WHEEL 2X2, Z6"
6271207,Not Found,"GEAR WHEEL 2X2, Z6"
6394960,Medium Nougat,"CHEST LID, 2X4, NO. 2"
6437723,White,"CHEST LID, 2X4, NO. 2"
6494116,Reddish Brown,WALL 2X2X1 W/ KNOB
6528544,Dark Orange,WALL 2X2X1 W/ KNOB
6271825,Black,TECHNIC ANG. BEAM 4X2 90 DEG
6271832,Bright Orange,TECHNIC ANG. BEAM 4X2 90 DEG
6483786,Reddish Orange,TECHNIC ANG. BEAM 4X2 90 DEG
6533639,Black,BRICK 1X2X1 1/3 W/ 2 PLATES 2X2
6680099,Reddish Brown,BRICK 1X2X1 1/3 W/ 2 PLATES 2X2
6372430,Reddish Brown,"TIP OF THE TAIL Ø6,47"
6110023,White,"TIP OF THE TAIL Ø6,47"
6529788,Brick Yellow,"TIP OF THE TAIL Ø6,47"
6362997,Reddish Brown,CROSS BLOCK 3X2
6402213,Not Found,CROSS BLOCK 3X2
6334042,Bright Yellowish Green,CROSS BLOCK 3X2
6331441,Medium Stone Grey,CROSS BLOCK 3X2
6549013,Bright Green,"PLANT, W/ PLATE 3X3X2/3, NO. 1"
6584499,White,"PLANT, W/ PLATE 3X3X2/3, NO. 1"
6584654,Not Found,"DESIGN ELEM.,DEG. 45,W/ CROSSHOLE,NO. 1"
6550259,Not Found,"DESIGN ELEM.,DEG. 45,W/ CROSSHOLE,NO. 1"
6559757,Sand Yellow,"DESIGN ELEM.,DEG. 45,W/ CROSSHOLE,NO. 1"
6167483,Bright Yellowish Green,FLAT TILE 2X2 ROUND W/ HOLE DIA. 4.85
4226221,Dark Stone Grey,RIDGED TILE 1X2/45°
4157124,Bright Red,RIDGED TILE 1X2/45°
6262018,Brick Yellow,RIDGED TILE 1X2/45°
6442280,Not Found,RIDGED TILE 1X2/45°
4288513,Brick Yellow,BRICK 1X2 WITH STICK
4211580,Not Found,BRICK 1X2 WITH STICK
4288212,Black,BRICK 1X2 WITH STICK
4211128,Dark Stone Grey,BRICK 1X2 WITH STICK
4144024,Black,T-BEAM W. PLATE 1X2 W. TUBE
4210763,Dark Stone Grey,T-BEAM W. PLATE 1X2 W. TUBE
6247387,Bright Yellow,T-BEAM W. PLATE 1X2 W. TUBE
4207715,Bright Red,T-BEAM W. PLATE 1X2 W. TUBE
6030812,Not Found,LATTICE 1X4X6 W. SNAP
4275673,Not Found,LATTICE 1X4X6 W. SNAP
602026,Not Found,LATTICE 1X4X6 W. SNAP
408326,Black,HANGER 1X4X2
408324,Not Found,HANGER 1X4X2
6326087,Reddish Brown,"NECK - TAIL LINK, DIA. 7.84- DIA.6,47"
6323929,White,"NECK - TAIL LINK, DIA. 7.84- DIA.6,47"
452926,Black,POT
6282140,Black,"SINGLE BUSH 2 MODULE, DIA. 4,9"
6282148,White,"SINGLE BUSH 2 MODULE, DIA. 4,9"
6282145,Bright Blue,"SINGLE BUSH 2 MODULE, DIA. 4,9"
6282142,Medium Stone Grey,"SINGLE BUSH 2 MODULE, DIA. 4,9"
6370961,Black,"PLATE 2X2X2/3, OUTSIDE BOW"
6403579,Medium Stone Grey,"PLATE 2X2X2/3, OUTSIDE BOW"
6378417,White,"PLATE 2X2X2/3, OUTSIDE BOW"
396026,Black,ROUND PLATE Ø32X6.4
396001,White,ROUND PLATE Ø32X6.4
4211664,Medium Stone Grey,ROUND PLATE Ø32X6.4
6256116,Black,"PLATE 2X4, W/ HINGE 4,85, TOP"
6256117,Not Found,"PLATE 2X4, W/ HINGE 4,85, TOP"
6649378,Bright Yellow,"MINI HEAD, NO. 2589"
6223923,Bright Yellow,"MINI HEAD, NO. 2589"
6270029,White,"MAGIC WAND, NO. 1"
6270031,Sand Yellow,"MAGIC WAND, NO. 1"
6342086,Warm Gold,"MAGIC WAND, NO. 1"
6270027,Black,"MAGIC WAND, NO. 1"
6270028,Reddish Brown,"MAGIC WAND, NO. 1"
6270032,Dark Brown,"MAGIC WAND, NO. 1"
6192534,White,"FLAT TILE 1X2, NO. 198"
6123037,Medium Stone Grey,"MINI WIG, NO. 102"
6277468,Black,"MINI WIG, NO. 102"
6410688,White,"DESIGN BRICK, 4X4X1, NO. 1"
6594028,Reddish Brown,"DESIGN BRICK, 4X4X1, NO. 1"
6358291,Black,"DESIGN BRICK, 4X4X1, NO. 1"
6500394,Bright Yellow,"PLANT, W/ 3.2 SHAFT, 1.5 HOLE, NO. 2"
6519672,Light Purple,"PLANT, W/ 3.2 SHAFT, 1.5 HOLE, NO. 2"
6529813,Bright Yellowish Green,"PLANT, W/ 3.2 SHAFT, 1.5 HOLE, NO. 2"
6170524,White,PLATE 3X4 W/ANGLES
6381735,Vibrant Yellow,PLATE 3X4 W/ANGLES
6170522,Not Found,PLATE 3X4 W/ANGLES
6527761,Aqua,"FLAT TILE 1X2, NO. 483"
4177431,Black,DOUBLE CONICAL WHEEL Z12 1M
6253365,White,RUDDER 2X3X2
6446104,Not Found,RUDDER 2X3X2
6327548,Not Found,"LEVER 1X4, WITHOUT NOTCH"
6330205,Bright Red,"LEVER 1X4, WITHOUT NOTCH"
6327561,Dark Stone Grey,"LEVER 1X4, WITHOUT NOTCH"
6370947,Medium Stone Grey,"LEVER 1X4, WITHOUT NOTCH"
6276984,Dark Stone Grey,DOUBLE CROSS BLOCK
6276951,Not Found,DOUBLE CROSS BLOCK
6276981,White,DOUBLE CROSS BLOCK
6276974,Not Found,DOUBLE CROSS BLOCK
6327047,Bright Red,LEVER 5M
6360069,White,LEVER 5M
6328063,Medium Stone Grey,LEVER 5M
6327028,Not Found,LEVER 5M
4211542,Medium Stone Grey,PLATE 2X6 W. HOLES
4527947,Not Found,PLATE 2X6 W. HOLES
6385238,Not Found,"PANEL 2X1X1, NO. 1"
6396456,Black,"PANEL 2X1X1, NO. 1"
6378122,Bright Red,"PANEL 2X1X1, NO. 1"
6434569,White,"PANEL 2X1X1, NO. 1"
6375678,Not Found,CATCH W. CROSS HOLE
6331716,Black,CATCH W. CROSS HOLE
6380612,Bright Blue,CATCH W. CROSS HOLE
6375684,White,CATCH W. CROSS HOLE
6360202,White,2 M. Ø3.2 BONES
6592860,Not Found,2 M. Ø3.2 BONES
6430579,Not Found,BRICK 2X4X1 W. SCREEN
6387870,Bright Blue,BRICK 2X4X1 W. SCREEN
4260124,Dark Stone Grey,BRICK 2X4X1 W. SCREEN
6133729,Not Found,BRICK 2X4X1 W. SCREEN
6380659,Not Found,ARCH BRICK 3X3X2
4586275,White,ARCH BRICK 3X3X2
6535080,Bright Yellow,ARCH BRICK 3X3X2
6468533,Medium Nougat,ARCH BRICK 3X3X2
6419092,Bright Yellow,"MINI HEAD, NO. 3917"
6209675,Not Found,D. W. PANES F. FRAME 1X4X6
6526039,Vibrant Coral,D. W. PANES F. FRAME 1X4X6
6315914,Cool Yellow,D. W. PANES F. FRAME 1X4X6
6062650,New Dark Red,D. W. PANES F. FRAME 1X4X6
6443149,Medium Stone Grey,BALL W. CROSS AXLE
6284072,Black,"FLAT TILE 1X1, ROUND, NO. 107"
6514133,Tr. Light Blue,"WALL ELEMENT, ROUND 5X4X2"
6246874,Tr. Light Blue,"WALL ELEMENT, ROUND 5X4X2"
6246885,Not Found,"WALL ELEMENT, ROUND 5X4X2"
6246876,Not Found,"WALL ELEMENT, ROUND 5X4X2"
6514134,Transparent,"WALL ELEMENT, ROUND 5X4X2"
6350734,Black,"WALL ELEMENT, ROUND 5X4X2"
390001,White,SIGN - STOP
4211753,Not Found,SIGN - STOP
6285598,Multicombination 1,"WHEEL, DIA. 14.4 W/ 1.9 AXLE"
6347696,Multicombination 1,BRICK 2X2 W. SNAP AND CROSS
6347704,Not Found,BRICK 2X2 W. SNAP AND CROSS
6347700,Not Found,BRICK 2X2 W. SNAP AND CROSS
6403936,Multicombination 7,BRICK 2X2 W. SNAP AND CROSS
6484779,Earth Green,BOTTOM 2X5X2 1/3
6171066,Black,BOTTOM 2X5X2 1/3
6371445,Not Found,BOTTOM 2X5X2 1/3
6310374,White,BOTTOM 2X5X2 1/3
6171067,Medium Stone Grey,BOTTOM 2X5X2 1/3
6275176,Black,"GAME CONTROLLER, NO. 2"
6522869,Not Found,"BRICK 1X1X1, BOW"
6536331,White,"BRICK 1X1X1, BOW"
6588936,Tr. Bright Orange,"BRICK 1X1X1, BOW"
6554492,Transparent,"BRICK 1X1X1, BOW"
6572735,Earth Blue,"BRICK 1X1X1, BOW"
6065886,Bright Yellow,SLIDE 6 MODULES HIGH
6418270,Not Found,SLIDE 6 MODULES HIGH
6523032,Bright Yellowish Green,SLIDE 6 MODULES HIGH
6329586,Medium Azur,"FLAT TILE 1X2, NO. 302"
6329584,Medium Stone Grey,"FLAT TILE 1X1, NO. 235"
6361361,Sand Yellow,"CHOPSTICKS, NO. 1"
6361953,Bright Yellow,INJECTION SYRINGE
6361949,Light Royal Blue,INJECTION SYRINGE
6256612,Earth Blue,BOX 2x2x2
6595560,Not Found,BOX 2x2x2
6438917,Not Found,"PLATE 10X10, 1/2 CIRCLE, NO. 1"
6428166,Bright Yellowish Green,"PLATE 10X10, 1/2 CIRCLE, NO. 1"
6523035,Dark Green,"PLATE 10X10, 1/2 CIRCLE, NO. 1"
6583497,Bright Yellow,"PLATE 10X10, 1/2 CIRCLE, NO. 1"
4506667,White,RIGHT DOOR W/KNOB HINGE 1X3X4
6307467,White,FLAT TILE 6X6
6147337,Dark Stone Grey,FLAT TILE 6X6
6155125,Black,FLAT TILE 6X6
6261375,Medium Stone Grey,CROSS BLOCK 90°
6261383,Bright Blue,CROSS BLOCK 90°
6261372,White,CROSS BLOCK 90°
6261373,Bright Red,CROSS BLOCK 90°
6466199,Bright Yellowish Green,"PANTS, W/ HIP, NO. 30"
6313603,White,PLATE 2X2 INVERTED W. SNAP
6328479,Not Found,PLATE 2X2 INVERTED W. SNAP
6276849,Sand Yellow,PLATE 2X2 INVERTED W. SNAP
6170693,Black,PROPELLER
6177156,Black,"WALL 4X4X6, DEG. 45., NO. 1"
6524912,Bright Purple,"WALL 4X4X6, DEG. 45., NO. 1"
6539521,Bright Yellowish Green,"WALL 4X4X6, DEG. 45., NO. 1"
6177157,White,"WALL 4X4X6, DEG. 45., NO. 1"
6287844,Light Purple,"FLAT TILE 1X1, ROUND ""NO. 17"""
6096487,Bright Red,"BRICK 4 X 6 W/BOW, INVERTED"
6580008,White,"BRICK 4 X 6 W/BOW, INVERTED"
6383033,Not Found,"BRICK 4 X 6 W/BOW, INVERTED"
4636417,Dark Stone Grey,"BRICK 4 X 6 W/BOW, INVERTED"
4180469,Black,"BRICK 4 X 6 W/BOW, INVERTED"
4568644,Black,TYRE NORMAL WIDE Ø21X12
9551,White,CONSOL W/ST WHEEL WH/BLA
6363148,Silver Metallic,"SPOON, NO. 1"
6338001,White,"ROOF TILE 1X4, INV., DEG. 45, W/ CUTOUT"
6185675,Dark Stone Grey,"ROOF TILE 1X4, INV., DEG. 45, W/ CUTOUT"
6245261,Warm Gold,MIXER TAP
6421680,Flame Yellowish Orange,"MUDGUARD 2X4X2, NO. 1"
6392884,Bright Yellowish Green,"MUDGUARD 2X4X2, NO. 1"
6336510,Not Found,"MUDGUARD 2X4X2, NO. 1"
6293776,White,"MUDGUARD 2X4X2, NO. 1"
6335115,Dark Stone Grey,WHEEL BEARING 2X4X1 1/3 W/ CROSS HOLE
6584788,Medium Stone Grey,WHEEL BEARING 2X4X1 1/3 W/ CROSS HOLE
6570743,Transparent,GLASS FOR FRAME 1X3X2
6520143,Medium Brown,"CAT, W/ 1.5 HOLE, NO. 34"
6527153,Medium Nougat,"PLATE 1X2, W/ 1.5 PLATE 2X6, DOWNWARDS"
6533764,Black,"PLATE 1X2, W/ 1.5 PLATE 2X6, DOWNWARDS"
6586531,Bright Green,"PLANT, W/ PLATE 1X1, NO. 2"
6567510,Bright Yellowish Green,"PLANT, W/ PLATE 1X1, NO. 2"
6315198,Dark Orange,BRICK 2X2 W/GROOVE A.CR.HOLE
6236949,Not Found,BRICK 2X2 W/GROOVE A.CR.HOLE
6454937,Not Found,BRICK 2X2 W/GROOVE A.CR.HOLE
6503208,Not Found,"WHEEL 21X2, W/ 3.2 HOLE"
6342135,Not Found,"WHEEL 21X2, W/ 3.2 HOLE"
6334175,Not Found,"WHEEL 21X2, W/ 3.2 HOLE"
6503207,Multicombination 2,"WHEEL 21X2, W/ 3.2 HOLE"
6585944,Dark Green,"PLATE 1X2, W/ 1.5 PLATE 2X2, CENTERED"
6563402,Black,"PLATE 1X2, W/ 1.5 PLATE 2X2, CENTERED"
6586643,Not Found,"PLATE 1X2, W/ 1.5 PLATE 2X2, CENTERED"
6597672,Not Found,MINI SUITCASE
6268856,Black,MINI SUITCASE
6268857,Reddish Brown,MINI SUITCASE
6325635,Dark Stone Grey,"PLATE 16X16X2/3, W/ 8 CUT OUT"
6296037,Not Found,LEFT DOOR W/KNOB HINGE 1X3X2
6353625,Not Found,LEFT DOOR W/KNOB HINGE 1X3X2
6527159,Dark Azur,LEFT DOOR W/KNOB HINGE 1X3X2
6525854,Flame Yellowish Orange,LEFT DOOR W/KNOB HINGE 1X3X2
6588937,Black,LEFT DOOR W/KNOB HINGE 1X3X2
6383021,Not Found,PLATE 4X6 W. 12 KNOBS
4100378,Black,PLATE 4X6 W. 12 KNOBS
4211838,Medium Stone Grey,PLATE 4X6 W. 12 KNOBS
6199511,Not Found,PLATE 4X6 W. 12 KNOBS
4527637,White,LEFT DOOR 1X3
6024114,Black,LEFT DOOR 1X3
6527933,New Dark Red,LEFT DOOR 1X3
6587460,Bright Yellow,LEFT DOOR 1X3
4537987,White,RIGHT DOOR 1X3
6024113,Black,RIGHT DOOR 1X3
6527930,New Dark Red,RIGHT DOOR 1X3
6587459,Bright Yellow,RIGHT DOOR 1X3
6468074,Bright Red,SHELL
6287639,Vibrant Coral,SHELL
6475608,Not Found,SHELL
6097097,White,SHELL
6092203,Not Found,SHELL
6468345,Light Purple,EPAULETS
6440977,Bright Red,EPAULETS
6306071,Warm Gold,EPAULETS
6514489,Bright Yellowish Green,"BROOM, 1X1 2/3"
6514487,Not Found,"BROOM, 1X1 2/3"
6380013,Not Found,"BROOM, 1X1 2/3"
6514488,Not Found,"BROOM, 1X1 2/3"
6368619,Bright Red,COW HORN
6368620,Brick Yellow,COW HORN
6328195,White,COW HORN
4558957,Black,BRICK 4X4 ROUND W/ Ø4.9 W/ CLICK
6468075,Bright Yellowish Green,"DESIGN PLATE 2X2, W/1.5 HOLE"
6443905,White,"DESIGN PLATE 2X2, W/1.5 HOLE"
6527050,Multicombination 2,"WHEEL 17.6X3.9, W/ 4.85 HOLE"
6503251,Multicombination 1,"WHEEL 17.6X3.9, W/ 4.85 HOLE"
6400773,Not Found,"WHEEL 17.6X3.9, W/ 4.85 HOLE"
6535836,Light Royal Blue,"BRICK, 2X4X1, BOW, W/ CUTOUT"
6535867,Cool Yellow,"BRICK, 2X4X1, BOW, W/ CUTOUT"
6613634,Not Found,"BRICK, 2X4X1, BOW, W/ CUTOUT"
6613637,Not Found,"BRICK, 2X4X1, BOW, W/ CUTOUT"
6506830,Medium Stone Grey,WINDOW ARCH CORNER
6236425,Brick Yellow,WINDOW ARCH CORNER
6300101,White,WINDOW ARCH CORNER
6325913,Medium Nougat,BRICK 1X2 W. GROOVE
4264360,White,BRICK 1X2 W. GROOVE
4617170,Medium Stone Grey,BRICK 1X2 W. GROOVE
6284188,Black,TECHNIC ANGULAR WHEEL
6284189,Bright Yellow,TECHNIC ANGULAR WHEEL
6420915,Bright Green,TECHNIC ANGULAR WHEEL
6510517,Cool Yellow,MINI HAT NO. 17
6474136,Not Found,MINI HAT NO. 17
6284599,White,"FLAT TILE 1X1 - ROUND ""NO. 8"""
6250319,Bright Yellowish Green,BRICK 2X2 W. BOW AND KNOBS
4521852,Bright Red,BRICK 2X2 W. BOW AND KNOBS
4624989,White,BRICK 2X2 W. BOW AND KNOBS
6351381,Medium Nougat,BRICK 2X2 W. BOW AND KNOBS
6150310,Medium Stone Grey,BRICK 2X2 W. BOW AND KNOBS
4539128,Black,WALL ELEMENT 1X2X2 W. WINDOW
4507685,Not Found,WALL ELEMENT 1X2X2 W. WINDOW
6528972,Reddish Brown,"BRICK 1X6 W/BOW, REV."
4210779,Dark Stone Grey,"BRICK 1X6 W/BOW, REV."
6112323,Black,"BRICK 1X6 W/BOW, REV."
4160403,White,"BRICK 1X6 W/BOW, REV."
6007896,Black,ROOF TILE 2X2X3/ 73 GR.
6000852,Sand Yellow,ROOF TILE 2X2X3/ 73 GR.
6007894,Medium Stone Grey,ROOF TILE 2X2X3/ 73 GR.
6007897,Bright Red,ROOF TILE 2X2X3/ 73 GR.
6254808,Black,PLATE 2X2 ANGLE
6313593,White,PLATE 2X2 ANGLE
6254807,Medium Stone Grey,PLATE 2X2 ANGLE
6593081,Olive Green,"PLATE 4X8, ANGLED, 45 DEG."
6311001,Not Found,"PLATE 4X8, ANGLED, 45 DEG."
6234806,Black,SPIDER NO. 2
6158415,Titanium Metallic,Ø3.2 SHAFT W. CORED KNOB
6029774,Reddish Brown,Ø3.2 SHAFT W. CORED KNOB
4640844,Medium Stone Grey,Ø3.2 SHAFT W. CORED KNOB
6328909,Not Found,Ø3.2 SHAFT W. CORED KNOB
6534031,Black,"BRICK 1X2X1 2/3, BOW W/ CUTOUT, NO. 1"
6544404,Brick Yellow,"BRICK 1X2X1 2/3, BOW W/ CUTOUT, NO. 1"
6548933,Medium Stone Grey,"BRICK 1X2X1 2/3, BOW W/ CUTOUT, NO. 1"
6549523,Dark Stone Grey,"BRICK 1X2X1 2/3, BOW W/ CUTOUT, NO. 1"
4221775,Medium Stone Grey,MINI ANTENNA GREY/BLACK
6507933,Transparent,WINDSCREEN 4X3X1 1/3
6613589,Not Found,1/4 SPHERE 1X1X1
6586474,Black,1/4 SPHERE 1X1X1
6590669,Light Royal Blue,1/4 SPHERE 1X1X1
6420635,Dark Green,ANGLE ELEMENT 135 DEG. [4]
6296696,Sand Yellow,ANGLE ELEMENT 135 DEG. [4]
6262905,Medium Stone Grey,ANGLE ELEMENT 135 DEG. [4]
6269040,Dark Green,"PALMLEAF, SMALL"
6446785,Dark Stone Grey,Boomerang
6211335,White,Boomerang
6438836,Medium Stone Grey,"PLATE 1X2, W/ 4.85 HOLE, NO. 1"
6433069,Bright Red,"PLATE 1X2, W/ 4.85 HOLE, NO. 1"
6415991,Reddish Brown,"PLATE 1X2, W/ 4.85 HOLE, NO. 1"
6245206,Not Found,"MINI BOTTLE, W/ KNOB"
6530023,Multicombination 1,"MINI BOTTLE, W/ KNOB"
6530024,Multicombination 2,"MINI BOTTLE, W/ KNOB"
6447576,Not Found,"MINI BOTTLE, W/ KNOB"
6278989,Reddish Brown,BARREL 2X2
6605306,Reddish Brown,BARREL 2X2
6605459,Not Found,BARREL 2X2
6278987,Not Found,BARREL 2X2
4142135,Black,TECHNIC 5M BEAM
4210686,Not Found,TECHNIC 5M BEAM
4211651,Medium Stone Grey,TECHNIC 5M BEAM
6227891,Reddish Brown,FENCE 4X4X2
6529031,Lavender,FENCE 4X4X2
6146188,White,FENCE 4X4X2
6115198,Black,FENCE 4X4X2
6509238,Bright Red,"MINI LOWER PART, 1 1/3"
6509120,White,"MINI LOWER PART, 1 1/3"
6509111,Not Found,"MINI LOWER PART, 1 1/3"
6509114,Not Found,"MINI LOWER PART, 1 1/3"
6028022,Sand Yellow,LEFT PLATE 3X8 W/ANGLE
4258275,Medium Stone Grey,LEFT PLATE 3X8 W/ANGLE
6246845,Brick Yellow,ARCH 1X12X3
6246844,Medium Stone Grey,ARCH 1X12X3
6266298,Dark Stone Grey,"RIGHT PLATE 4X6, DEG. 27"
6258209,Black,"RIGHT PLATE 4X6, DEG. 27"
6449566,Sand Green,"RIGHT PLATE 4X6, DEG. 27"
6262082,Medium Stone Grey,"RIGHT PLATE 4X6, DEG. 27"
6057487,Medium Stone Grey,BUCKET
6003001,Bright Red,BUCKET
6404610,Warm Gold,"WHIP LONG, STICK DIA.3.2"
6359865,Black,"WHIP LONG, STICK DIA.3.2"
6359866,Bright Red,"WHIP LONG, STICK DIA.3.2"
6321747,Medium Stone Grey,2M FRIC. SNAP W/CROSS HOLE
6347790,Not Found,2M FRIC. SNAP W/CROSS HOLE
6321745,Black,2M FRIC. SNAP W/CROSS HOLE
6266299,Dark Stone Grey,"LEFT PLATE 4X6, DEG. 27"
6258214,Black,"LEFT PLATE 4X6, DEG. 27"
6449565,Sand Green,"LEFT PLATE 4X6, DEG. 27"
6262083,Medium Stone Grey,"LEFT PLATE 4X6, DEG. 27"
6148262,Brick Yellow,PROFILE BRICK 1X2 SINGLE GRO.
6292486,Dark Azur,BION. EYE
6288220,Black,BION. EYE
6385549,Warm Gold,BION. EYE
4544140,White,"V-BELT Ø15, WHITE"
4211613,Medium Stone Grey,SLIDING PIECE 1X4
265326,Not Found,SLIDING PIECE 1X4
6507225,White,"BRICK 1X5X3 1/3, CIRCLE ARCH"
6538177,Brick Yellow,"BRICK 1X5X3 1/3, CIRCLE ARCH"
6539520,Bright Bluish Green,"BRICK 1X5X3 1/3, CIRCLE ARCH"
6510154,Reddish Brown,"DESIGN ELEMENT,DEG.135,W/ CROSSHOLE,NO.3"
6510156,Not Found,"DESIGN ELEMENT,DEG.135,W/ CROSSHOLE,NO.3"
6549669,Bright Green,"DESIGN ELEMENT,DEG.135,W/ CROSSHOLE,NO.3"
6359833,Black,UMBRELLA NO. 1
6359834,Light Purple,UMBRELLA NO. 1
6513899,Transparent,"WALL 6X5X3 1/3, W/ ARCH, 1/4 CIRCLE"
6513901,Not Found,"WALL 6X5X3 1/3, W/ ARCH, 1/4 CIRCLE"
6513900,Not Found,"WALL 6X5X3 1/3, W/ ARCH, 1/4 CIRCLE"
6384076,Bright Yellow,"MINI HEAD, NO. 3661"
4666999,Brick Yellow,KRYDSAKSEL M/STOP 4M
6532090,Transparent,"FLAT TILE 1X1, ROUND, NO. 197"
6384069,Transparent,"FLAT TILE 1X1, ROUND, NO. 197"
6512255,Not Found,CORNER BRICK 45 DEG. 3X3
4159550,Black,CORNER BRICK 45 DEG. 3X3
6371416,White,TECHNIC LEVER 2M
6338428,Black,TECHNIC LEVER 2M
6360123,Bright Blue,TECHNIC LEVER 2M
6253856,Medium Stone Grey,PAINT ROLLER W. Ø3.2 SHAFT
6192778,Black,PAINT ROLLER W. Ø3.2 SHAFT
6530004,White,"TORSO, GIRL, W/ ARM, NO. 614"
6530009,Vibrant Coral,"PANTS, W/ HIP, NO. 187"
6466742,Brick Yellow,"FLAT TILE 1X1, ROUND, NO. 278"
6044729,Medium Stone Grey,RIM NARROW Ø18x7 W HOLE Ø4.8
6435037,Not Found,RIM NARROW Ø18x7 W HOLE Ø4.8
6116616,Bright Yellow,MINI HEAD NO. 1675
6268948,Earth Blue,STREAMER
6268946,Bright Red,STREAMER
6393668,Not Found,STREAMER
6268863,Not Found,STREAMER
6293665,White,"FLAT TILE 1X2, NO. 278"
6088550,Black,MICROPHONE W/ Ø3.2 SHAFT
6199163,Medium Stone Grey,MICROPHONE W/ Ø3.2 SHAFT
6004435,Dark Orange,MINI WIG NO. 4
4549990,Cool Yellow,MINI WIG NO. 4
4610232,Black,MINI WIG NO. 4
6310189,Dark Stone Grey,PLATE 4X4 W/ VERT. HOLDER
6310187,Not Found,PLATE 4X4 W/ VERT. HOLDER
6310190,Black,PLATE 4X4 W/ VERT. HOLDER
6503214,Transparent,"ROUND PLATE Ø32X6,4"
6503215,Tr. Light Blue,"ROUND PLATE Ø32X6,4"
6252265,Not Found,"ROUND PLATE Ø32X6,4"
6503216,Medium Stone Grey,"ROUND PLATE Ø32X6,4"
6317090,Not Found,"ROUND PLATE Ø32X6,4"
4295370,Black,TRAINWHEEL Ø8.2/14.6
6348250,Sand Green,FRIC/STUMP WITH CROSS HOLE
6265704,Not Found,FRIC/STUMP WITH CROSS HOLE
6265702,Dark Stone Grey,FRIC/STUMP WITH CROSS HOLE
4567878,White,BRICK 4X3 W. BOW/ANGLE
6529285,Dark Green,BRICK 4X3 W. BOW/ANGLE
6585075,Bright Purple,BRICK 4X3 W. BOW/ANGLE
6329309,Bright Orange,BRICK 4X3 W. BOW/ANGLE
6215396,Not Found,BRICK 4X3 W. BOW/ANGLE
6291068,Not Found,"HUB Ø11,2 X 7,84"
4211758,Medium Stone Grey,"HUB Ø11,2 X 7,84"
6490404,Bright Yellowish Green,GRID PLATE 8X8
6490403,Not Found,GRID PLATE 8X8
6231856,Not Found,GRID PLATE 8X8
6116263,Not Found,GRID PLATE 8X8
6375710,Medium Stone Grey,PLATE W. BOWS 2X1½
6375711,White,PLATE W. BOWS 2X1½
6375706,Black,PLATE W. BOWS 2X1½
6186698,Black,MINI FIGURE CROWBAR
4599453,Bright Red,MINI FIGURE CROWBAR
6512533,Not Found,BANANA
4114584,Bright Yellow,BANANA
4523339,Black,MOTOR 1X2X2/3
6681661,Black,MOTOR 1X2X2/3
6488053,Not Found,"SUSTAINABILITY. COM., CHILD, V29/110/46"
4185583,Not Found,"ROOF TILE 2X4X1, 18°"
6587948,Lavender,"ROOF TILE 2X4X1, 18°"
4210637,Dark Stone Grey,"ROOF TILE 2X4X1, 18°"
6514455,Not Found,"BRICK 1X2X2, W/ 8 KNOBS"
6514456,Dark Stone Grey,"BRICK 1X2X2, W/ 8 KNOBS"
6544445,White,"BRICK 1X2X2, W/ 8 KNOBS"
6276993,Transparent,PLATE 1X2 W/ SHAFT 12M
6277023,Medium Stone Grey,PLATE 1X2 W/ SHAFT 12M
6234539,Not Found,"WALL ELEMENT, ROUND 2X4X4"
6232142,Brick Yellow,"WALL ELEMENT, ROUND 2X4X4"
6422707,Not Found,"WALL ELEMENT, ROUND 2X4X4"
6503213,Not Found,"WALL ELEMENT, ROUND 2X4X4"
6393672,Medium Stone Grey,"WALL ELEMENT, ROUND 2X4X4"
6373590,Tr. Light Blue,DESIGN PLATE 3X3
6514450,Tr. Light Blue,DESIGN PLATE 3X3
6396678,Multicombination 4,MINI BRUSH
6359662,Multicombination 2,MINI BRUSH
6064097,Bright Yellowish Green,SKATEBOARD
6174272,Medium Lilac,SKATEBOARD
6440011,Not Found,"PANTS, W/ HIP, NO. 11"
6454577,Not Found,"PANTS, W/ HIP, NO. 11"
6443058,Not Found,"PANTS, W/ HIP, NO. 11"
6442688,Not Found,"PANTS, W/ HIP, NO. 11"
6443403,Not Found,"PANTS, W/ HIP, NO. 11"
6471108,White,"PANTS, W/ HIP, NO. 11"
6528047,Not Found,"PANTS, W/ HIP, NO. 11"
6440456,Sand Blue,"PANTS, W/ HIP, NO. 11"
6437484,Not Found,HANDLE 1X4X2
4141349,Black,HANDLE 1X4X2
6343601,White,HANDLE 1X4X2
6329662,Medium Stone Grey,"FLAT TILE 1X2, NO. 307"
4640536,Medium Stone Grey,GEAR WHEEL Z16
6074687,Bright Yellow,LATTICE TOWER 2X2X10 W/CROSS
6466717,Not Found,LATTICE TOWER 2X2X10 W/CROSS
4667463,Not Found,LATTICE TOWER 2X2X10 W/CROSS
6470981,Black,LATTICE TOWER 2X2X10 W/CROSS
4495930,Medium Stone Grey,TECHNIC 7M BEAM
4495933,Bright Red,TECHNIC 7M BEAM
4495931,Dark Stone Grey,TECHNIC 7M BEAM
4495935,Black,TECHNIC 7M BEAM
6308236,Not Found,TECHNIC 7M BEAM
6588057,Not Found,TECHNIC 7M BEAM
4495927,Not Found,TECHNIC 7M BEAM
4495934,Bright Yellow,TECHNIC 7M BEAM
6321303,Medium Stone Grey,DOUBLE BUSH 3M Ø4.9
6244793,Not Found,COCKPIT 2X5X2 W/ SHAFT
6469661,Not Found,COCKPIT 2X5X2 W/ SHAFT
6514180,Not Found,COCKPIT 2X5X2 W/ SHAFT
6514176,Tr. Light Blue,COCKPIT 2X5X2 W/ SHAFT
6244795,Not Found,COCKPIT 2X5X2 W/ SHAFT
6097072,Black,LIFEBUOY WITH KNOB
4527354,Not Found,LIFEBUOY WITH KNOB
4297083,White,LIFEBUOY WITH KNOB
6475432,Bright Orange,LIFEBUOY WITH KNOB
6173922,Bright Red,"BRICK 2X2 ROUND WITH HOLE Ø4,85"
6218899,White,"BRICK 2X2 ROUND WITH HOLE Ø4,85"
6372076,Medium Stone Grey,"BRICK 2X2 ROUND W/ HOLE Ø4,85"
6378132,Bright Yellow,"BRICK 2X2 ROUND W/ HOLE Ø4,85"
6585183,Medium Azur,"BRICK 2X2 ROUND W/ HOLE Ø4,85"
4542577,Medium Stone Grey,TECHNIC 15M BEAM
4542573,Not Found,TECHNIC 15M BEAM
6275898,Not Found,TECHNIC 15M BEAM
4522933,Black,TECHNIC 13M BEAM
4522934,Not Found,TECHNIC 13M BEAM
6587296,Not Found,TECHNIC 13M BEAM
6271876,Dark Stone Grey,"ANGLE ELEMENT, 180 DEGREES [2]"
6271870,White,"ANGLE ELEMENT, 180 DEGREES [2]"
6484676,Not Found,"ANGLE ELEMENT, 180 DEGREES [2]"
6271869,Black,"ANGLE ELEMENT, 180 DEGREES [2]"
6351572,Not Found,"ANGLE ELEMENT, 180 DEGREES [2]"
6442144,Medium Stone Grey,PLATE (A) 4M 45°
6133811,Dark Stone Grey,PLATE (A) 4M 45°
6510165,Tr. Light Blue,WALL ELEMENT W. CURVE 3X4X6
6244794,Not Found,WALL ELEMENT W. CURVE 3X4X6
6584787,Spring Yellowish Green,WALL ELEMENT W. CURVE 3X4X6
6468285,Not Found,"BRICK 1X6X4 1/3, W/ 4.85 HOLE, NO. 1"
6263879,Not Found,"BRICK 1X6X4 1/3, W/ 4.85 HOLE, NO. 1"
6508091,Not Found,"WALL 3X3X2, 1/4 CIRCLE"
6508089,Tr. Light Blue,"WALL 3X3X2, 1/4 CIRCLE"
6597836,Not Found,"WALL 3X3X2, 1/4 CIRCLE"
6434779,White,"FLAT TILE 1X2, NO. 376"
4550937,Black,Tyre Street Ø30.4 x 14
6601610,Black,Tyre Street Ø30.4 x 14
6481595,Medium Azur,"PANTS, W/ HIP, NO. 39"
6514323,Tr.medium Reddish Violet,SUNSHADE
6527029,Cool Yellow,SUNSHADE
4619323,Black,"TYRE NORMAL WIDE Ø30,4X14"
6509777,Bright Yellowish Green,"CAP, W/ 1.5 SHAFT, NO. 1"
6152814,Dark Stone Grey,"ROOF TILE 1X2X2/3, ABS NO. 6"
6509803,Vibrant Coral,"SPORT EQUIPMENT, NO. 3"
6481608,Transparent,"FLAT TILE 1X1, ROUND, NO. 330"
6023978,Medium Stone Grey,BRICK 1X14 W. GROOVE
6349727,Brick Yellow,BRICK 1X14 W. GROOVE
6381738,Not Found,BRICK 1X14 W. GROOVE
6039479,Dark Stone Grey,PLATE 1X2 BALL Ø5.9 MIDDLE
6547158,Multicombination 2,"MINI HELMET, NO. 245"
6259946,Not Found,"MINI HELMET, NO. 245"
6472025,Not Found,"MINI HELMET, NO. 245"
6469870,Not Found,"MINI HELMET, NO. 245"
6475149,Not Found,"MINI HELMET, NO. 245"
6218226,Silver Metallic,"RIM NARROW Ø14,6X9,9 HOLE Ø 3,2"
6029209,Medium Stone Grey,"RIM NARROW Ø14,6X9,9 HOLE Ø 3,2"
4193068,White,PLATE 4X4X2/3
4210940,Dark Stone Grey,PLATE 4X4X2/3
6549438,Bright Orange,PLATE 4X4X2/3
4191191,Black,PLATE 4X4X2/3
6390087,Vibrant Yellow,"MINI UPPER PART, NO. 5982"
4541984,Black,"INV. ROOF TILE 4X6, 3XØ4.9"
6345204,White,"INV. ROOF TILE 4X6, 3XØ4.9"
4538252,Reddish Brown,STICK/AERIAL
6514016,Dark Orange,STICK/AERIAL
6514378,Multicombination 3,"CUP, NO. 1006"
6514376,Multicombination 1,"CUP, NO. 1006"
6306748,Multicombination 1,"CUP, NO. 1006"
6429026,Medium Stone Grey,WINDOW ARCH
6278396,White,WINDOW ARCH
6236423,Brick Yellow,WINDOW ARCH
6276864,White,BAD ROBOT ARM
6401028,Sand Yellow,BAD ROBOT ARM
6276867,Black,BAD ROBOT ARM
6253274,Bright Red,"CLAW, W/ 3.2 SNAP"
6254271,Bright Green,"CLAW, W/ 3.2 SNAP"
6359723,Medium Stone Grey,"CLAW, W/ 3.2 SNAP"
6432105,White,"FLAT TILE 1X1, ROUND, NO. 225"
6525777,Transparent,"BRICK 1X2, BOW"
6171058,White,WINDOW ½ FOR FRAME 1X4X3
6171060,Not Found,WINDOW ½ FOR FRAME 1X4X3
6482750,Vibrant Coral,BOW BRICK 1X3X2
6289283,Cool Yellow,BOW BRICK 1X3X2
6467815,Light Purple,BOW BRICK 1X3X2
6468535,Medium Nougat,BOW BRICK 1X3X2
6556066,White,"BRICK 2X2, INVERTED BOW"
6559726,Transparent,"BRICK 2X2, INVERTED BOW"
73587,Black,MINI ANTENNA ASS.BLA/BLA
6227901,Black,"LAMP, NO. 1"
6593084,Bright Blue,"SHELL, 4X6X2/3"
6392874,Black,"SHELL, 4X6X2/3"
6184866,Not Found,"SHELL, 4X6X2/3"
6598626,Nougat,"BICYCLE FRAME, NO. 4"
6525962,Not Found,"BICYCLE FRAME, NO. 4"
6099801,Black,BEAM 1M W. 2 CROSS AXLES 90°
6005331,Dark Stone Grey,BEAM 1M W. 2 CROSS AXLES 90°
6575836,Medium Stone Grey,WHEEL BEARING 4X4X1 W/ CROSS HOLE
6477383,Black,CORNER BRICK 2X2/45 DEG. INSIDE
6477380,Dark Stone Grey,CORNER BRICK 2X2/45 DEG. INSIDE
6337403,Not Found,MINI HANDLE
383926,Black,MINI HANDLE
4211464,Medium Stone Grey,MINI HANDLE
6575575,Not Found,"BRICK, 1X3X2, ARCH"
6585102,Medium Stone Grey,"BRICK, 1X3X2, ARCH"
6372427,Warm Gold,"FLAT TILE 1X1, ROUND, NO. 185"
6292254,Warm Gold,"SKI STICK 3M, W/SHAFT Ø3,2"
6250678,Dark Stone Grey,"SKI STICK 3M, W/SHAFT Ø3,2"
6312358,Black,ROOF TILE CORNER 2X2X3/73°
6333256,White,ROOF TILE CORNER 2X2X3/73°
6436361,Sand Yellow,ROOF TILE CORNER 2X2X3/73°
6014274,White,LAMPPOST 2x2x7
6132809,Not Found,LAMPPOST 2x2x7
6487090,Dark Green,"CLAW, W/ 3.2 HOLDER, NO. 1"
6420198,Black,"CLAW, W/ 3.2 HOLDER, NO. 1"
6440775,Brick Yellow,"CLAW, W/ 3.2 HOLDER, NO. 1"
6525927,Earth Green,"DESIGN BRICK 3X3X1 2/3, NO. 1"
6507603,Not Found,"DESIGN BRICK 3X3X1 2/3, NO. 1"
6518048,White,"PLATE 4X4, W/ HOR. 3.2 SHAFT, NO. 1"
6586621,Bright Reddish Violet,"PLATE 4X4, W/ HOR. 3.2 SHAFT, NO. 1"
6585259,Tr. Light Blue,"PLATE 4X4, W/ HOR. 3.2 SHAFT, NO. 1"
4258358,White,ROOF TILE 2X3/45°
4211773,Medium Stone Grey,ROOF TILE 2X3/45°
6214343,Reddish Brown,FUNCTION ELEMENT MALE
6468173,Warm Gold,FUNCTION ELEMENT MALE
6446786,Dark Stone Grey,RIDGED TILE 2X2/25°
330021,Bright Red,RIDGED TILE 2X2/25°
6407992,New Dark Red,RIDGED TILE 2X2/25°
6508335,Dark Stone Grey,"PLATE 2X2X2/3, BOW, INVERTED BOW"
6511008,Not Found,"PLATE 2X2X2/3, BOW, INVERTED BOW"
6526073,Earth Green,"PLATE 2X2X2/3, BOW, INVERTED BOW"
6581829,Tr. Bright Orange,"CUP, NO. 1008"
6323033,Tr. Bright Orange,"CUP, NO. 1008"
6581830,Transparent,"CUP, NO. 1008"
6454463,Transparent,"CUP, NO. 1008"
6269077,Reddish Brown,"HORN 2,5M Ø3,2 WITH SHAFT"
6269080,Not Found,"HORN 2,5M Ø3,2 WITH SHAFT"
6269074,White,"HORN 2,5M Ø3,2 WITH SHAFT"
6630910,White,MINI HEAD NO. 895
4651445,White,MINI HEAD NO. 895
6031962,Brick Yellow,BEVEL GEAR Z20
6267125,Bright Orange,"VEGETABLE, NO. 3"
6492253,Bright Green,"VEGETABLE, NO. 3"
6028018,Sand Yellow,RIGHT PLATE 3X8 W/ANGLE
4258273,Medium Stone Grey,RIGHT PLATE 3X8 W/ANGLE
6240495,White,SKELETON LEG
6240496,Not Found,SKELETON LEG
6100124,Dark Stone Grey,DOUB. INVERT.ROOF TILE 1X3/45°
6377249,White,DOUB. INVERT.ROOF TILE 1X3/45°
6295686,Warm Gold,BARS FOR FRAME 1X2X2
6477142,Warm Gold,BARS FOR FRAME 1X2X2
6477141,Black,BARS FOR FRAME 1X2X2
6167879,Reddish Brown,"BOOK, NO. 3"
6258352,Bright Yellowish Green,"BOOK, NO. 3"
6392747,White,"LEFT PLATE, 2X6, DEG. 9"
6344427,Black,"LEFT PLATE, 2X6, DEG. 9"
6385281,Not Found,"LEFT PLATE, 2X6, DEG. 9"
6436425,Black,1/4 SPHERE 1X1X1 1/3
6442360,White,1/4 SPHERE 1X1X1 1/3
6452011,Reddish Brown,1/4 SPHERE 1X1X1 1/3
6392746,White,"RIGHT PLATE, 2X6, DEG. 9"
6344428,Black,"RIGHT PLATE, 2X6, DEG. 9"
6385280,Not Found,"RIGHT PLATE, 2X6, DEG. 9"
6399031,Bright Red,"BIRD, NO. 20"
6452834,Light Royal Blue,"MINI UPPER PART, NO. 6759"
6392064,White,"MINI UPPER PART, NO. 5994"
6507709,Bright Green,"FLAT TILE 1X1, ROUND, NO. 324"
6532094,Transparent,"FLAT TILE 1X1, ROUND, NO. 294"
4141580,Black,HOLDER 16 MM
4211644,Medium Stone Grey,HOLDER 16 MM
6504271,Multicombination 3,"WIG, W/ HAT, NO. 6"
6471952,Not Found,"WIG, W/ HAT, NO. 6"
6569034,Not Found,"WIG, W/ HAT, NO. 6"
6384077,Dark Orange,"SQUIRREL, NO. 4"
6469998,Reddish Brown,"DESIGN ELEMENT,DEG.135,W/ CROSSHOLE,NO.2"
6446107,Not Found,"DESIGN ELEMENT,DEG.135,W/ CROSSHOLE,NO.2"
6523917,Not Found,OUTER CABLE 72MM
6409912,Black,OUTER CABLE 72MM
6642300,Bright Yellow,"MINI HEAD, NO. 2948"
6097236,White,IRON FENCE 1X4X2 W. 4 STUDS
6138726,Black,IRON FENCE 1X4X2 W. 4 STUDS
6494417,Dark Brown,"MINI WIG, NO. 331"
6343688,Black,"MINI WIG, NO. 331"
6385058,Medium Nougat,"MINI WIG, NO. 331"
6490742,Sand Yellow,"MINI WIG, NO. 204"
6233922,Black,"MINI WIG, NO. 204"
6152679,Bright Red,MINI UPPER PART NO.3425
9327,White,MINI BODY LOWER PART WH
6406415,White,MINI FEATHER
6406416,Bright Red,MINI FEATHER
4514195,Medium Stone Grey,"NOZZLE W/Ø3.18, SHAFT"
4537551,Black,"NOZZLE W/Ø3.18, SHAFT"
4119474,Bright Yellow,"PLASTIC MOTOR, CRANK/CROSS"
4211609,Not Found,"PLASTIC MOTOR, CRANK/CROSS"
6338384,Black,"3.2 HOLDER W/ 3.2 HOLE, 90 DEG."
6338570,Not Found,"3.2 HOLDER W/ 3.2 HOLE, 90 DEG."
6210496,Black,HARPOON SPIKE
6162580,Warm Gold,HARPOON SPIKE
6642302,Bright Yellow,"MINI HEAD, NO. 2524"
6218310,Bright Yellow,"MINI HEAD, NO. 2524"
6100077,Brick Yellow,"FLAT TILE 2X2 ""NO. 240"""
6642352,Bright Yellow,MINI HEAD NO. 2113
6419144,Bright Yellow,"MINI HEAD, NO. 3903"
6649379,Bright Yellow,"MINI HEAD, NO. 3903"
6662108,Bright Yellow,"MINI HEAD, NO. 3269"
6311265,Bright Yellow,"MINI HEAD, NO. 3269"
6549098,Bright Bluish Green,"MINI HELMET, NO. 243"
6531660,Warm Gold,"MINI HELMET, NO. 243"
6295184,Bright Orange,"MINI HELMET, NO. 243"
6211710,Bright Yellow,"MINI HEAD, NO. 2463"
4107558,Not Found,"TECHNIC BRICK 1X14, Ø4,9"
4211705,Medium Stone Grey,"TECHNIC BRICK 1X14, Ø4,9"
6251544,Black,"WALL 1/2 CIRCLE, 2X4X2 W/ CUTOUT"
6588053,Not Found,"WALL 1/2 CIRCLE, 2X4X2 W/ CUTOUT"
6520283,Brick Yellow,"DOG, W/ 1.5 HOLE, NO. 30"
452226,Black,HAMMER
6575290,Not Found,"PANTS, W/ HIP, NO. 46"
6271810,Black,"TECHNIC LEVER 3X3M, 90°"
6271814,Dark Stone Grey,"TECHNIC LEVER 3X3M, 90°"
6271815,Medium Stone Grey,"TECHNIC LEVER 3X3M, 90°"
4541455,Black,TYRE LOW NARROW Ø24x7MM
6438934,Dark Brown,"MINI WIG, NO. 200"
6438940,Not Found,"MINI WIG, NO. 200"
6391872,Not Found,"MINI WIG, NO. 200"
6219611,White,"MINI UPPER PART, NO. 4200"
6121723,Not Found,ELECTRIC GUITAR SHAFT Ø3.2
6473928,Lavender,ELECTRIC GUITAR SHAFT Ø3.2
4218868,Black,DISK Ø24
6296187,White,DISK Ø24
6296502,Bright Bluish Green,DISK Ø24
6469823,Bright Yellow,TOGGEL JOINT
6457115,White,TOGGEL JOINT
6457112,Black,TOGGEL JOINT
6236570,Earth Blue,RIGHT WING 6X12
6394881,Black,RIGHT WING 6X12
4141476,White,RIGHT WING 6X12
6535640,Earth Blue,LEFT WING 6X12
4143180,Black,LEFT WING 6X12
6535488,White,LEFT WING 6X12
4516843,Black,"TYRE D8, SEBS"
6534684,Black,"BRICK, 5X5, 1/4 CIRCLE"
6583490,Warm Pink,"BRICK, 5X5, 1/4 CIRCLE"
6597673,Dark Azur,"BRICK, 5X5, 1/4 CIRCLE"
6252371,Dark Stone Grey,"GEAR WHEEL 4X4, Z10"
6238331,Medium Azur,"GEAR WHEEL 4X4, Z10"
6143425,Bright Red,PLATE W. BOWS 2X3½
6357918,Warm Gold,PLATE W. BOWS 2X3½
4285883,Black,PLATE W. BOWS 2X3½
329721,Bright Red,ROOF TILE 3X4/25°
6424705,Not Found,ROOF TILE 3X4/25°
329701,White,ROOF TILE 3X4/25°
4286267,Black,"Fric. element, ball Ø 10.2"
6431123,Bright Red,RIGHT ROOF TILE 2X4 W/ANGLE
6394216,Warm Gold,RIGHT ROOF TILE 2X4 W/ANGLE
6469995,Reddish Brown,RIGHT ROOF TILE 2X4 W/ANGLE
6039347,Black,FACET BRICK 4X4X1
6039346,Medium Stone Grey,FACET BRICK 4X4X1
6173055,White,FACET BRICK 4X4X1
6518156,Transparent,BRICK 1X4 W/O PINS
6586859,Tr. Bright Green,BRICK 1X4 W/O PINS
6536711,Not Found,"3.2 SHAFT ELEMENT, NO. 3"
6535446,Not Found,"3.2 SHAFT ELEMENT, NO. 3"
6093058,Medium Stone Grey,Plate 1x2 w. 2 shafts ø 3.2
6396395,Dark Stone Grey,Plate 1x2 w. 2 shafts ø 3.2
6249273,Not Found,Plate 1x2 w. 2 shafts ø 3.2
4645099,Dark Stone Grey,PYRAMID BRICK 2X2X2/73°
6153589,Earth Blue,PYRAMID BRICK 2X2X2/73°
6534130,Not Found,PYRAMID BRICK 2X2X2/73°
6173109,Warm Gold,DIADEM
6605929,Warm Gold,DIADEM
4246901,Black,TYRE LOW NARROW Ø14.58 X 6.24
6416764,Not Found,"DOG W/ WHEELS, NO. 3"
6510642,Dark Orange,"DOG W/ WHEELS, NO. 3"
6411466,Black,"MINI WIG, NO. 224"
6529366,Black,"MINI WIG, NO. 224"
6529365,Medium Stone Grey,"MINI WIG, NO. 224"
6408120,Medium Stone Grey,"MINI WIG, NO. 224"
6361438,Black,"FLAT TILE 1X1, ROUND, NO. 176"
6254219,Not Found,CHEST LID 2X4
6254220,Not Found,CHEST LID 2X4
6390725,Bright Reddish Violet,"PLANT, W/ 3.2 SHAFT, NO. 2"
6292823,Vibrant Coral,"PLANT, W/ 3.2 SHAFT, NO. 2"
6576890,Not Found,"PLANT, W/ 3.2 SHAFT, NO. 2"
4223363,Medium Stone Grey,STEERING NOZZLE
6188696,Bright Yellowish Green,"GRASS, W/ 3.2 TUBE"
6396754,Earth Green,"GRASS, W/ 3.2 TUBE"
6566117,Not Found,"GRASS, W/ 3.2 TUBE"
6222427,Black,"4X4 BRICK, Ø 4,85"
4211640,Not Found,"4X4 BRICK, Ø 4,85"
6416593,Not Found,"FLAT TILE 1X2, NO. 366"
6344176,Bright Blue,TECHNIC LEVER 3M
6364451,Bright Red,TECHNIC LEVER 3M
6331723,Black,TECHNIC LEVER 3M
6147214,Brick Yellow,BREAD BUN
6428177,Not Found,MINI WIG NO. 18
6353774,Not Found,MINI WIG NO. 18
6163633,Medium Nougat,MINI WIG NO. 18
4210963,Dark Stone Grey,"TECHNIC BRICK 1X12, Ø4,9"
6332157,White,"TECHNIC BRICK 1X12, Ø4,9"
6335279,Medium Stone Grey,UNIVERSAL JOINT
6429738,Not Found,"TORSO, GIRL, W/ ARM, NO. 475"
6413634,Not Found,WALL ELEMENT 3X3X6 1/4 BOW
6508077,Not Found,WALL ELEMENT 3X3X6 1/4 BOW
6584782,Spring Yellowish Green,WALL ELEMENT 3X3X6 1/4 BOW
6373413,Not Found,"FLAT TILE 1X1, ROUND, NO. 191"
6192049,White,BANDAGE NO. 1
6408022,Multicombination 1,"BEARING ELEMENT 2X2, DOUBLE"
6482961,Multicombination 2,"BEARING ELEMENT 2X2, DOUBLE"
6371406,Not Found,"BEARING ELEMENT 2X2, DOUBLE"
6310372,Not Found,"RIM, NARROW, W/ 8.0 HOLE"
6194809,White,"RIM, NARROW, W/ 8.0 HOLE"
6194808,Not Found,"RIM, NARROW, W/ 8.0 HOLE"
6257450,White,"BEAM, 1 MODULE W/ 2 CROSS AXLE, 180 DEG."
6167281,Dark Stone Grey,"BEAM, 1 MODULE W/ 2 CROSS AXLE, 180 DEG."
6471951,Medium Stone Grey,"WIRE CLIP, W/ CROSS HOLE"
6263067,Bright Red,"WIRE CLIP, W/ CROSS HOLE"
6474064,Black,"MINI WIG, NO. 223"
6610678,Black,"MINI WIG, NO. 223"
6457875,Dark Orange,"MINI WIG, NO. 223"
6466138,Not Found,"MINI DOLL, CLOTHING, NO. 1"
6457959,Bright Yellow,"MINI DOLL, CLOTHING, NO. 1"
6473185,Not Found,KAYAK 2X15
6540970,Vibrant Coral,KAYAK 2X15
6501060,Not Found,"PADDLE, NO. 1"
6424021,Bright Yellow,"PADDLE, NO. 1"
6467217,White,"TORSO, GIRL, W/ ARM, NO. 539"
6472517,Not Found,SPACE VISOR TR
6469829,Transparent,SPACE VISOR TR
6465627,White,"FLAT TILE 1X1, ROUND, NO. 272"
6444502,Not Found,"SHELL 6M, W/ 3,2 SHAFT"
6389686,Not Found,"SHELL 6M, W/ 3,2 SHAFT"
6480464,Not Found,"SHELL 6M, W/ 3,2 SHAFT"
6514486,Not Found,"SHELL 6M, W/ 3,2 SHAFT"
6508109,White,"BRICK 1X4X1 2/3, OUTSIDE HALF BOW"
6299919,Medium Stone Grey,"PLATE, 6X6X2/3, CIRCLE, W/ REDUCED KNOBS"
6475043,Not Found,"PLATE, 6X6X2/3, CIRCLE, W/ REDUCED KNOBS"
6051422,Silver Ink,"LATTICE PLATE 1X2 ""NO. 1000"""
6416784,Flame Yellowish Orange,"CREATURE, NO. 163"
6489994,Not Found,SCOOTER
6523800,Bright Bluish Green,SCOOTER
6452140,Bright Green,SCOOTER
6277260,Silver Ink,"PARABOLA, DIA. 16"
6528623,Silver Ink,"PARABOLA, DIA. 16"
6275403,White,PLATE 4X4 W/ANGLE
6275399,Bright Red,PLATE 4X4 W/ANGLE
6584796,Not Found,PLATE 4X4 W/ANGLE
6522132,White,"TORSO, GIRL, W/ ARM, NO. 602"
6522369,Multicombination 5,"MINI WIG, W/ HELMET, NO. 12"
6586723,Multicombination 13,"MINI WIG, W/ HELMET, NO. 12"
6585068,Multicombination 6,"MINI WIG, W/ HELMET, NO. 12"
6521882,White,"TORSO, GIRL, W/ ARM, NO. 599"
6632609,White,"BRICK 1X1, NO. 55"
6464399,Bright Bluish Green,CAR CHASSIS 6X16X2
6488436,Not Found,CAR CHASSIS 6X16X2
6524435,Dark Stone Grey,CAR CHASSIS 6X16X2
6476620,Dark Green,"FLAT TILE 1X2, NO. 416"
6523878,Not Found,"FRAME 3X3, W/ BOW, NO. 1"
6343651,Reddish Brown,"FRAME 3X3, W/ BOW, NO. 1"
6550797,Bright Green,"FRAME 3X3, W/ BOW, NO. 1"
6527907,Light Nougat,"TORSO, GIRL, W/ ARM, NO. 610"
6520727,Black,"CAT, W/ 1.5 HOLE, NO. 35"
6524506,Flame Yellowish Orange,"SPHERE 4X4, W/ KNOB"
6360033,Not Found,"SPHERE 4X4, W/ KNOB"
6503230,Transparent,"SPHERE 4X4, W/ KNOB"
6527409,Tr. Bright Green,"SPHERE 1X1, NO. 1"
6509776,Tr. Bright Orange,"SPHERE 1X1, NO. 1"
6530131,White,"TORSO,BOY, W/ ARM, NO. 205"
6109751,Sand Yellow,PLATE 6X16
302726,Black,PLATE 6X16
4226358,Dark Stone Grey,PLATE 6X16
6435103,Flame Yellowish Orange,"FLAT TILE 1X1, ROUND, NO. 259"
6507875,Tr. Green,BOTTLE 1X1X2 M
6507876,Transparent,BOTTLE 1X1X2 M
6528290,White,"TORSO, GIRL, W/ ARM, NO. 611"
6416470,Dark Orange,"DOG, W/ HOLE, DIA. 1.5, NO. 39"
6273227,Medium Stone Grey,PLATE 2X2 W BALL SOCKET W/CROS
6385229,Silver Metallic,LATTICE 3X6 MODULE W/KNOBS
6441065,Warm Gold,LATTICE 3X6 MODULE W/KNOBS
6172984,Black,LATTICE 3X6 MODULE W/KNOBS
6448319,Medium Stone Grey,PLATE 2X2 W. BALL
6490950,Bright Yellow,BRICK 4X4 ROUND W. Ø4.9 W. KL.
4558956,White,BRICK 4X4 ROUND W. Ø4.9 W. KL.
6542234,Nougat,"CAT, W/ 1.5 HOLE, NO. 37"
6458581,White,"MUDGUARD,2 1/2X3X1 1/3 KNOB,TUBE,NO. 1"
6518735,Not Found,"MUDGUARD,2 1/2X3X1 1/3 KNOB,TUBE,NO. 1"
6317345,White,LADDER 1X2X2
6285244,Dark Stone Grey,LADDER 1X2X2
6329576,White,"FLAT TILE 2X2, NO. 443"
6535361,Medium Nougat,LATTICE 1X4 W/ 3.2 SHAFT
6575080,Brick Yellow,LATTICE 1X4 W/ 3.2 SHAFT
6575296,Transparent,"FLAT TILE 1X1, ROUND, NO. 352"
6549519,Reddish Brown,"TAIL, NO. 4"
6561359,Sand Yellow,"TAIL, NO. 4"
6559524,White,"TAIL, NO. 4"
6338416,Black,"BEARING PLATE 1X4, DOUBLE"
6288246,Sand Yellow,PLATE OCTAGONAL 10X10 W. SNAP
6383009,Not Found,PLATE OCTAGONAL 10X10 W. SNAP
6362642,Not Found,PLATE OCTAGONAL 10X10 W. SNAP
6070018,Dark Stone Grey,RAIL STRAIGHT 16 M
4595710,Dark Stone Grey,PLATE 4X5 W. SHAFT Ø3.2
6329580,White,"ROOF TILE 2X2, 45 DEG., NO. 27"
6265148,Black,ANTENNA 1X1X8
4521886,Dark Stone Grey,LATTICE PLATE 1X4X3
4521681,Black,LATTICE PLATE 1X4X3
6324143,Black,ROTOR
6248530,Tr. Light Blue,"MINI VISOR, NO. 13"
6259802,Dark Stone Grey,UNDERCARRIAGE 12X6X1 1/3
4641048,Medium Stone Grey,HANDCUFFS
6138839,Bright Red,BRICK 2X2X3
4109791,White,BRICK 2X2X3
4211650,Medium Stone Grey,BRICK 2X2X3
6143335,Black,"MINI LOWER PART ""NO 408"""
434921,Bright Red,MEGAPHONE
434926,Black,MEGAPHONE
4210698,Dark Stone Grey,MEGAPHONE
6320327,Bright Red,BRICK 1X1X3 W. 2 GRIP
6320355,White,BRICK 1X1X3 W. 2 GRIP
6332022,Black,"MINI UPPER PART, NO. 5419"
6329585,Medium Stone Grey,"FLAT TILE 1X2, NO. 301"
6411000,Not Found,RIM Ø 14.58 X 8
6413493,Not Found,RIM Ø 14.58 X 8
6413492,Silver Metallic,RIM Ø 14.58 X 8
6064174,Black,TYRE Ø 20.9 X 5.8
6204394,Bright Yellow,"MINI FIGUR BABY HEAD, NO. 1"
6329589,Bright Yellow,"MINI HEAD, NO. 3361"
6052312,Not Found,TAKE OUT CUP
6452569,White,TAKE OUT CUP
6416588,Multicombination 1,TAKE OUT CUP
6399256,Earth Blue,MINI CAP
6525447,Not Found,MINI CAP
6139693,Bright Yellowish Green,BRICK 1X6 W/BOW
4160387,White,BRICK 1X6 W/BOW
4160393,Black,BRICK 1X6 W/BOW
6058858,Dark Stone Grey,BRICK 1X6 W/BOW
6093519,Brick Yellow,MINI WIG NO. 6
6491486,Reddish Brown,MINI WIG NO. 6
6093518,Dark Orange,MINI WIG NO. 6
6329661,Not Found,"FLAT TILE 1X4, NO. 158"
6347464,Dark Stone Grey,HOOK W/ BALL 1X3
6182408,Not Found,"MINI WIG, NO. 122"
6357937,Dark Orange,"MINI WIG, NO. 122"
6158322,Not Found,"MINI WIG, NO. 122"
6043639,Medium Stone Grey,PLATE 1X2 BALL CUP / FRICTION END
6267142,Not Found,BRICK 1X2/FRIC/FORK VERT. /END
6417816,Medium Stone Grey,"PLATE 8X16X2/3, W/ 6 CUT OUT, NO. 2"
6427354,Not Found,"PLATE 8X16X2/3, W/ 6 CUT OUT, NO. 2"
6642299,Not Found,"MINI HEAD, NO. 3025"
6283875,Bright Yellow,"MINI HEAD, NO. 3025"
6323457,Not Found,"HUB CAP, DIA. 17.7, NO. 1"
6336204,Not Found,"HUB CAP, DIA. 17.7, NO. 1"
6527160,Dark Azur,RIGHT DOOR W/KNOB HINGE 1X3X2
6525856,Flame Yellowish Orange,RIGHT DOOR W/KNOB HINGE 1X3X2
6588938,Black,RIGHT DOOR W/KNOB HINGE 1X3X2
6515869,Black,CAR CHASSIS 4X14X1
6563343,Black,"PLATE 2X6, W/ DESIGN, NO. 1"
6589680,Bright Yellow,"PLATE 2X6, W/ DESIGN, NO. 1"
6591166,Not Found,"PLATE 2X6, W/ DESIGN, NO. 1"
6449709,Bright Red,"FLAT TILE 1X1, ROUND, NO. 263"
6522392,Reddish Brown,"1/4 ARCH BRICK 5X5, W/ CUTOUT"
6536597,Sand Yellow,"1/4 ARCH BRICK 5X5, W/ CUTOUT"
6529138,Sand Blue,"1/4 ARCH BRICK 5X5, W/ CUTOUT"
6317564,Black,CROSS AXLE 16 MODULE
6546387,Bright Green,CROSS AXLE 16 MODULE
6264167,Gold Ink,"FLAT TILE 1X1, NO. 206"
6528152,Reddish Brown,DESIGN PLATE 1X2X2
6516372,Gold Ink,"BRICK W/ BOW, 1/3, NO. 2"
6535851,Earth Green,ROUND SIGN W. SNAP
6317571,White,ROUND SIGN W. SNAP
6522263,Aqua,"HANDLE, NO. 4"
6400098,Medium Stone Grey,"HANDLE, NO. 4"
6492629,Reddish Brown,"HANDLE, NO. 4"
6504712,Black,"DESIGN PLATE, NO. 1"
6415097,White,"FLAT TILE 2X2, NO. 656"
6514696,Not Found,"FRUIT, NO. 4"
6492704,Cool Yellow,"FRUIT, NO. 4"
6431715,White,"FLAT TILE 1X1, ROUND, NO. 224"
6522847,Not Found,"BRICK 1X2, NO. 129"
6431716,White,"FLAT TILE 1X1, ROUND, NO. 223"
6433501,White,"FLAT TILE 1X1, ROUND, NO. 226"
6522845,Vibrant Coral,"BRICK 1X2, NO. 130"
6434345,White,"FLAT TILE 1X1, ROUND, NO. 229"
6433502,White,"FLAT TILE 1X1, ROUND, NO. 227"
6598264,Dark Orange,"MINI WIG, NO. 106"
6368304,Bright Purple,"MINI WIG, NO. 106"
4220539,Black,ATTIC 1X2/45°
6059271,White,ATTIC 1X2/45°
6514349,Transparent W/ Opalescence,"DESIGN PLATE, 1X1X2/3, NO.3"
4518653,Medium Stone Grey,BOWED ROOF RIDGE 2X4X1
6449596,Sand Yellow,BOWED ROOF RIDGE 2X4X1
6279021,Black,CROSS BLOCK/FORM 2X2X2
6316318,Bright Green,TECHNIC 2M BEAM
4185664,Bright Red,TECHNIC 2M BEAM
4177444,Black,TECHNIC 2M BEAM
4211862,Not Found,TECHNIC 2M BEAM
6151289,Black,TELEPHONE RECEIVER BLACK
6252374,Not Found,MINI HEAD NO. 2764
6525760,Medium Stone Grey,"MUSIC BOX 1X3X1, NO. 3"
6138216,Not Found,"MUSIC BOX 1X3X1, NO. 3"
6661103,Dark Brown,"WIG, W/ 1,5 HOLE, NO. 1"
6494119,Dark Brown,"WIG, W/ 1,5 HOLE, NO. 1"
6565020,Tr. Bright Violet W/ Opalescence,"WIG, W/ 1,5 HOLE, NO. 1"
6662071,Not Found,"WIG, W/ 1,5 HOLE, NO. 1"
6118815,Not Found,"MINI HEAD NO ""1709"""
6313096,Medium Stone Grey,EXHAUST PIPE W/ SNAP
6586462,Medium Stone Grey,SNOW PLOUGH LL
6331688,Not Found,SNOW PLOUGH LL
6451126,Not Found,MINI FIGURE WIG NO. 51
6575706,Medium Stone Grey,"RIM DIA. 14X11, W/ 4.85 HOLE, KNOB"
6594293,Dark Stone Grey,"RIM DIA. 14X11, W/ 4.85 HOLE, KNOB"
6157942,Reddish Brown,"FLAT TILE 2X2, ROUND, NO. 1054"
367526,Black,CORNER OUTSIDE 3X3/25°
6351912,Earth Blue,CORNER OUTSIDE 3X3/25°
6586470,White,"DIAMOND, W/ 3.2 SHAFT"
6551392,Transparent,"DIAMOND, W/ 3.2 SHAFT"
6586464,Bright Blue,WALL ELEMENT 1X2X2 W/ ROUND WINDOW
6534881,Earth Green,WALL ELEMENT 1X2X2 W/ ROUND WINDOW
6364632,Not Found,"MINI HEAD, NO. 3576"
6613590,Not Found,SPIRAL TUBE W/ TUBE STUD
6327402,Multicombination 1,SPIRAL TUBE W/ TUBE STUD
6578921,Not Found,"LEAF, 5X6X1 2/3, NO. 1"
6519960,Not Found,"LEAF, 5X6X1 2/3, NO. 1"
6594872,Not Found,"LEAF, 5X6X1 2/3, NO. 1"
6559758,Not Found,"LEAF, 5X6X1 2/3, NO. 1"
6230281,Dark Stone Grey,ROOF TILE 2X6 45 DEG.
6189120,Dark Stone Grey,RIDGED TILE 2X4/25°
6334233,Bright Yellow,RIDGED TILE 2X4/25°
6252200,Not Found,SKELETON ARM NO. 3
6252203,Medium Stone Grey,SKELETON ARM NO. 3
6270055,Dark Green,"Tail Ø 3,2"
6369999,Earth Green,"Tail Ø 3,2"
6429472,Not Found,"FX LIGHT 2X3X1 1/3, YELLOW"
6555880,Transparent,"FX LIGHT 2X3X1 1/3, YELLOW"
4623113,Black,Function element MALE
6177805,Not Found,TECHNIC BRICK 4X4 ROUND
4203583,White,TECHNIC BRICK 4X4 ROUND
4106513,Black,BAT
6364557,Not Found,"MINI HEAD, NO. 3577"
4542131,Reddish Brown,WINDOW FRAME 1X2X2 2/3
6535152,Bright Blue,WINDOW FRAME 1X2X2 2/3
6276148,White,MINI FIGURE HOCKEY STICK
6182435,Reddish Brown,"FLAT TILE 2X2, ROUND, NO. 1075"
6336210,Not Found,"MINI LEG PART, NO. 2"
6270843,Not Found,"MINI LEG PART, NO. 2"
6447568,Not Found,RIDGED TILE 2X4/45°
6586642,Not Found,RIDGED TILE 2X4/45°
6437959,Reddish Brown,LATTICE LID 4X7 2/3
6359891,White,SKELETON BODY W SHAFT 3.2
6454585,Bright Yellowish Green,"SHELL 5X1X2, W/ CROSS HOLE"
6407066,Not Found,"SHELL 5X1X2, W/ CROSS HOLE"
6312495,Bright Yellow,"MINI HEAD, NO. 3265"
6400766,Brick Yellow,"MINI UPPER PART, NO. 6177"
6465604,Cool Yellow,"BIRD, NO. 28"
6487170,Dark Brown,"MINI UPPER PART, NO. 7065"
6398468,Spring Yellowish Green,EGG NO. 1
6453246,Flame Yellowish Orange,EGG NO. 1
6400296,Reddish Brown,MINI WIG NO. 67
6462451,Not Found,MINI WIG NO. 67
6398599,Earth Blue,SHOULDER BAG
6270078,Reddish Brown,SHOULDER BAG
6528806,Earth Blue,"MINI UPPER PART, NO. 7336"
6507710,Brick Yellow,"FLAT TILE 1X1, NO. 324"
6386209,Light Royal Blue,"MINI UPPER PART, NO. 5955"
6517199,Dark Green,"BANANA, NO. 3"
6464535,Not Found,"BANANA, NO. 3"
6120224,Sand Blue,MINI LOWER PART NO. 900
6270003,Dark Green,BAMBOO LEAVES 3X3
6409581,Sand Green,BAMBOO LEAVES 3X3
6043605,Olive Green,MINI LOWER PART 330/330
6319672,Bright Yellow,"MINI HEAD, NO. 3770"
6507816,White,"DESIGN ELEMENT 2X2X2/3, NO. 1"
6507810,Medium Stone Grey,"DESIGN ELEMENT 2X2X2/3, NO. 1"
6640378,Bright Yellow,"ENGINE 1X2 HALF BEAM, W/ CROSS AXLE"
6445992,Brick Yellow,"BRICK 1X4X1, OUTSIDE HALF BOW"
6522322,Light Royal Blue,"BRICK 1X4X1, OUTSIDE HALF BOW"
6508016,Medium Stone Grey,"ROOF TILE 1X6X1, NO. 1"
6508013,Black,"ROOF TILE 1X6X1, NO. 1"
6218700,Black,"DESIGN PLATE 1X2, NO. 1"
6491608,Not Found,TRIANGULAR SIGN W. SNAP
6317569,White,TRIANGULAR SIGN W. SNAP
6540808,Bright Red,"BRICK 3X3X1, 1/4 CIRCLE"
6507853,Not Found,"BRICK 3X3X1, 1/4 CIRCLE"
4595836,Medium Stone Grey,BUTT
6384051,Bright Yellow,"MINI HEAD, NO. 3667"
4143187,Black,COMB WHEEL
6410764,Not Found,COMB WHEEL
4210759,Not Found,COMB WHEEL
6294592,Brick Yellow,BRICK 4X4 ROUND W. Ø4.9 W. CLICK
4558959,Not Found,BRICK 4X4 ROUND W. Ø4.9 W. CLICK
6396480,Not Found,GEAR WHEEL Z20
6130010,Not Found,CROSS AXLE 9M
6359066,Not Found,"BLOCK 2X2, NO. 1"
6310881,Not Found,BRICK WITH BOW 1X5X4 INV.
4116854,Not Found,BRICK WITH BOW 1X5X4 INV.
6475346,Dark Orange,BRICK WITH BOW 1X5X4 INV.
6435030,Not Found,"PANEL 2X3X1, NO. 1"
6331026,Black,"PANEL 2X3X1, NO. 1"
6523460,White,"TORSO, GIRL, W/ ARM, NO. 605"
6329605,Medium Nougat,"FLAT TILE 1X4, NO. 156"
6416680,Sand Blue,"BUNNY, W/ 1.5 HOLE, NO. 10"
6280393,Bright Red,TECHNIC CROSS BLOCK 2X1
6280396,Not Found,TECHNIC CROSS BLOCK 2X1
623901,White,RUDDER 2X6X4
6584804,Bright Purple,RUDDER 2X6X4
6305431,Not Found,"MINI WIG, NO. 197"
6517633,Not Found,"MINI WIG, NO. 197"
6517635,Bright Orange,"MINI WIG, NO. 197"
6400771,Not Found,"WHEEL CHAIR, W/ 4.85 BUSH, NO. 1"
6432265,Dark Stone Grey,"WHEEL CHAIR, W/ 4.85 BUSH, NO. 1"
6425508,Not Found,"MINI UPPER PART, NO. 6367"
6338029,Bright Yellow,BRICK 1X4X1 1/3
6294284,White,BRICK 1X4X1 1/3
4653226,Black,"MINI WIG, NO. 22"
6162275,Sand Yellow,"MINI WIG, NO. 22"
6078236,Gold Ink,"SATELLITE DISH Ø16 NO. ""1000"""
6469822,Light Purple,ROCKET STEP 3X3X2 W. CROSS
6188466,White,ROCKET STEP 3X3X2 W. CROSS
6378154,Not Found,"PLATE 6X4X2/3, 1/2 CIRCLE, CUT OUT"
6402103,Not Found,"PLATE 6X4X2/3, 1/2 CIRCLE, CUT OUT"
6364403,Bright Yellow,"Turbine ø31,37 w.holes ø 4,85"
4549886,Dark Stone Grey,"Turbine ø31,37 w.holes ø 4,85"
6330136,White,WEDGE-BELT WHEEL Ø24
6335116,Bright Yellowish Green,WEDGE-BELT WHEEL Ø24
6324639,Dark Stone Grey,2X1 ST.Ø4.9 HOLE W. HALF BEAM
6437077,Bright Yellowish Green,"CIRCLE BEAM 15X15, W/ CROSS HOLE"
6482822,Reddish Orange,"CIRCLE BEAM 15X15, W/ CROSS HOLE"
6510208,Not Found,"BRICK 1X4X3, OUTSIDE HALF BOW, NO. 1"
6288587,Transparent,"BRICK 1X4X3, OUTSIDE HALF BOW, NO. 1"
6510199,Transparent,"BRICK 1X4X3, OUTSIDE HALF BOW, NO. 1"
6510207,Sand Green,"BRICK 1X4X3, OUTSIDE HALF BOW, NO. 1"
6474449,Not Found,"BRICK 1X1X3 1/3, W/ ARCH"
6288188,Not Found,"BRICK 1X1X3 1/3, W/ ARCH"
6185956,White,"BRICK 1X1X3 1/3, W/ ARCH"
6513930,Not Found,"BRICK 1X4X1, HALF BOW W/ CUT, LEFT"
6558914,New Dark Red,"BRICK 1X4X1, HALF BOW W/ CUT, LEFT"
6321198,Medium Stone Grey,WHEEL FORK 2X2
6513924,White,"BRICK 1X4X1, HALF BOW W/ CUT, RIGHT"
6558855,New Dark Red,"BRICK 1X4X1, HALF BOW W/ CUT, RIGHT"
6507874,Transparent Black,"FRONT, 2X2, SPORT"
4143875,Not Found,"FRONT, 2X2, SPORT"
6476459,Black,"FRONT, 2X2, SPORT"
4211536,Medium Stone Grey,CATCH
6420462,White,CATCH
6169982,Black,CONICAL WHEEL BLOCK 4X4
6327411,White,HINGE 1X2 UPPER PART
6327414,Dark Stone Grey,HINGE 1X2 UPPER PART
6360826,White,BRICK 2X2 W. CUP FOR BALL
6456527,Black,"BRICK 4X6, W/ 4.85 HOLE, CUT OUT"
6448394,Black,"6X8 BRICK, DIA. 4,85"
6174306,Not Found,"CIRCLE 90D 10X10, WRY 18D"
6442140,Not Found,"CIRCLE 90D 10X10, WRY 18D"
6174300,Not Found,CIRCLE 90G 6X6 ROOF TILE
6250286,White,CIRCLE 90G 6X6 ROOF TILE
6431121,Bright Red,LEFT ROOF TILE 2X4 W/ANGLE
6394215,Not Found,LEFT ROOF TILE 2X4 W/ANGLE
383101,White,HINGE 1X2 LOWER PART
4210795,Dark Stone Grey,HINGE 1X2 LOWER PART
6074878,Not Found,BRICK 4X4 W. BOW/ANGLE
6589153,Not Found,BRICK 4X4 W. BOW/ANGLE
6131571,Black,INV. ROOF 2X6 45 DEG. W/CUT
6182451,Dark Stone Grey,INV. ROOF 2X6 45 DEG. W/CUT
6587921,Earth Blue,"PLATE 2X2, 1/4 CIRCLE"
6578193,Warm Gold,"PLATE 2X2, 1/4 CIRCLE"
6539353,Transparent,"WALL 2X2X5, DEG. 45, NO. 1"
6549869,Cool Yellow,"WALL 2X2X5, DEG. 45, NO. 1"
6513911,Not Found,"PLATE 2X2X2/3, HALF BOW W/ CUT, RIGHT"
6513906,White,"PLATE 2X2X2/3, HALF BOW W/ CUT, RIGHT"
4622937,White,PLATE 1X2 W.Ø3.2 SHAFT 22.5 D.
6336665,Medium Nougat,"PLATE 2X3, W/ CUT OUT"
6336664,Dark Brown,"PLATE 2X3, W/ CUT OUT"
6503571,Dark Azur,"PLATE 2X2X2/3, HALF BOW, W/ CUT, LEFT"
6507844,Not Found,"PLATE 2X2X2/3, HALF BOW, W/ CUT, LEFT"
6515241,Earth Green,"ANGLE ELEMENT, 112,5 DEGR. [5]"
6271351,Reddish Brown,"ANGLE ELEMENT, 112,5 DEGR. [5]"
6375932,Not Found,KEY W/ 3.2 SHAFT NO. 2
6258903,Not Found,"PLATE 2X4, W/ HINGE 4,85, BOTTOM"
6125719,Dark Orange,LUKE SKYWALKER WIG
6551965,Silver Metallic,"FLAT TILE 1X1, ROUND, NO. 347"
6473212,Reddish Orange,"ROOF TILE 1X1X2/3, PC"
6202501,White,"PLATE 1X1, NO. 13"
6248804,Not Found,"DESIGN PLATE, 4X4X2/3, NO. 1"
6470886,Not Found,"DESIGN PLATE, 4X4X2/3, NO. 1"
6326484,Not Found,"BALLOON DOG, NO. 1"
6660799,Not Found,"BALLOON DOG, NO. 1"
6448639,Not Found,"BALLOON DOG, NO. 1"
6602161,Not Found,"BRICK 1X1X1 2/3, W/ 6 KNOBS"
6574782,Bright Purple,"BRICK 1X1X1 2/3, W/ 6 KNOBS"
6428612,Not Found,"TORSO, GIRL, W/ ARM, NO. 476"
6411633,Not Found,LEFT DOOR 1X4X5
6486921,Light Royal Blue,LEFT DOOR 1X4X5
6329606,White,"FLAT TILE 2X2, ROUND, NO. 1172"
6318218,Not Found,"MINI WIG, NO. 318"
6454364,Not Found,"MINI WIG, NO. 318"
6244882,Tr. Brown,GLASS FOR DOOR
6410188,Transparent,GLASS FOR DOOR
6429229,Not Found,"PANTS W/ HIP, NO. 175"
6141902,Not Found,LAPTOP
6087083,Not Found,LAPTOP
6424327,Not Found,MINI BICYCLE FRAME
6350705,Bright Reddish Violet,MINI BICYCLE FRAME
6416616,Not Found,"MINI DOLL, HEAD, NO. 352"
6181575,Warm Gold,"MINI TROPHY, W/ 3.2 SHAFT"
6435173,White,"BRICK 1X1, NO. 33"
6360206,Black,"PROPELLER 3 BLADES M/Ø4,8"
6253363,Bright Red,CRAB
6173003,Medium Azur,TECHNIC ANG. BEAM 3X5 90 DEG.
4144022,Bright Yellow,TECHNIC ANG. BEAM 3X5 90 DEG.
4142823,Black,TECHNIC ANG. BEAM 3X5 90 DEG.
6252655,Bright Bluish Green,FRAME 3X3
6252654,Not Found,FRAME 3X3
6282158,Medium Stone Grey,BEAM 3 MODULE W/ 4 SNAP
4651232,Not Found,PALISADE BRICK 1X4
6230228,Not Found,PALISADE BRICK 1X4
6307999,Not Found,"TECHNIC ROTOR, 3 BLADES"
6328094,Dark Brown,"TECHNIC ROTOR, 3 BLADES"
6300205,Not Found,"BUNNY, NO. 7"
4652235,Medium Stone Grey,LOWER PART FOR TURNTABLE z28
6448634,Not Found,"FLAT TILE, 4X8 INVERTED, NO. 1"
6133119,Dark Stone Grey,GEAR WHEEL Z24
6331437,Black,TRIANGEL
6331431,Dark Stone Grey,TRIANGEL
4611705,Medium Stone Grey,TECHNIC 11M BEAM
4562805,Bright Red,TECHNIC 11M BEAM
6029578,Black,TECHNIC 11M BEAM
6264987,Not Found,FINAL BRICK 2X2 TR.
6326620,Black,UPPER PART FOR TURNTABLE z28
6135555,Not Found,"MINI FIGURE, WIG, NO. 97"
6429477,Not Found,"TORSO, GIRL, W/ ARM, NO. 482"
6395757,Not Found,WIND-UP KEY W. TUBE
6363150,Silver Metallic,WIND-UP KEY W. TUBE
6187085,Not Found,WINDSCREEN FRAME 2X6X2
6517006,Medium Lilac,WINDSCREEN FRAME 2X6X2
6284697,Black,THILL FOR GIG
6440423,Not Found,ROOf ROCK TILE 4X4 W.ANGLE
6172134,Dark Stone Grey,ROOf ROCK TILE 4X4 W.ANGLE
6439433,Not Found,"BALL Ø14,2"
6261264,Not Found,"BALL Ø14,2"
6196796,Not Found,KITCHEN EQUIPMENT NO. 4
6460705,Silver Metallic,KITCHEN EQUIPMENT NO. 4
6452529,White,MINI BAKER'S HAT
6342088,Bright Bluish Green,FROGMAN'S FOOT
6172939,Bright Red,FROGMAN'S FOOT
6435013,White,"CAT, NO. 39"
6416494,Not Found,"PANTS, W/ HIP, NO. 20"
6288031,Black,"MINI WIG, NO. 284"
6265643,Black,FRAME 7X11
6313453,Medium Stone Grey,Angular beam 90degr. w.4 snaps
6432397,Dark Stone Grey,"BEAM 7 MODULE, W/ 4.85 HOLE, NO. 1"
6435016,Black,"BEAM 7 MODULE, W/ 4.85 HOLE, NO. 1"
6546803,Not Found,"BEAM 7 MODULE, W/ 4.85 HOLE, NO. 1"
6322255,Black,1/4 CIRCLE GEAR RACK 11X11
6548936,White,1/4 CIRCLE GEAR RACK 11X11
6325521,Black,"DOUBLE SNAP W/ HOLE, DIA. 4.85"
6563616,Not Found,"DOUBLE SNAP W/ HOLE, DIA. 4.85"
6278412,Black,BEAM 3M Ø4.85 W. FORK
6588040,Black,"BEAM 9 MODULE, W/ 4.85 HOLE, NO. 1"
6508520,Not Found,"BEAM 9 MODULE, W/ 4.85 HOLE, NO. 1"
6453350,Silver Metallic,"BEAM 9 MODULE, W/ 4.85 HOLE, NO. 1"
6331225,Not Found,ROCKET STEP SMALL 1X1
6331222,Dark Stone Grey,ROCKET STEP SMALL 1X1
6408168,Not Found,"BEAM 3 MODULE, W/ 4.85 BUSH, NO. 1"
6417811,Medium Stone Grey,"WORM GEAR, 6 MODULE, W/ CROSS HOLE"
6510782,Not Found,STRING 30M W/ 2 KNOBS
6285528,Multicombination 1,GAME CONTROLLER
6369941,Transparent,"WINDSCREEN 2X4, NO. 1"
6514460,Transparent,"WINDSCREEN 2X4, NO. 1"
6160205,Not Found,LIPSTICK
6528712,Bright Red,LIPSTICK
6462562,Flame Yellowish Orange,"SHORTS, W/ HIP, NO. 134"
4508661,White,"TECHNIC BRICK 1X16, Ø4,9"
4256828,Dark Stone Grey,"TECHNIC BRICK 1X16, Ø4,9"
4514791,White,PARABOLA 6X6
6468511,Not Found,PARABOLA 6X6
6069012,Medium Lilac,PLATE W/ BOW 1X4X2/3
6263494,Medium Stone Grey,BRICK 2X2 FRIC/FORK VERT./END
6458576,White,BOW BOTTOM 8X8X2 Ø4.85
6353713,Not Found,BOW BOTTOM 8X8X2 Ø4.85
6471316,Not Found,"TORSO, GIRL, W/ ARM, NO. 545"
6466195,Not Found,"MINI DOLL, HEAD, NO. 432"
6472227,Not Found,"TORSO,BOY, W/ ARM, NO. 182"
6472137,Not Found,"SHOES, NO. 2"
6458990,Not Found,"SHOES, NO. 2"
6466782,Not Found,"SKIRT W/ HIP, NO. 272"
6471104,Not Found,"TORSO,BOY, W/ ARM, NO. 179"
6395609,Bright Reddish Violet,"BAG, SPORT"
6430919,Not Found,"PANTS, W/ HIP, NO. 179"
6343004,Medium Stone Grey,"ROOF TILE 1X1X2/3, NO. 7"
6478249,Not Found,"DOG, W/ HOLE, DIA. 1.5, NO. 46"
6109685,Not Found,RIM WIDE 18x14 W. HOLE Ø4.8
6109681,Not Found,RIM WIDE 18x14 W. HOLE Ø4.8
4211716,Medium Stone Grey,"4X6 BRICK, Ø 4,85"
6051385,Silver Ink,"ROCKET POINT 1X1, NO ""1000"""
6475195,Not Found,"SKIRT, W/ HIP, NO. 169"
6528413,Light Royal Blue,"SKIRT, W/ HIP, NO. 169"
6458986,Black,"MINI DOLL, CLOTHING, NO. 2"
6581875,Warm Gold,"MINI DOLL, CLOTHING, NO. 2"
6174830,Brick Yellow,"FLAT TILE 2X2, ROUND, NO. 1070"
6267057,Tr. Blue,ICE LOLLY
6514029,Tr. Blue,ICE LOLLY
6514045,Medium Nougat,ICE LOLLY
6417965,Not Found,ICE LOLLY
6485634,Not Found,"WAGGON BOTTOM, ASSEMBLY"
6441388,Not Found,"WAGGON BOTTOM, ASSEMBLY"
6365500,White,BANNER 26 DEG. W/ 2 HOLDERS
6363033,Not Found,BANNER 26 DEG. W/ 2 HOLDERS
6253658,White,"BRICK 1X1, NO. 20"
6527694,Medium Nougat,"TORSO,BOY, W/ ARM, NO. 202"
6375358,Warm Gold,"FLAT TILE 1X1, ROUND, NO. 178"
6465581,White,"ROOF TILE 1X2X2/3, NO. 44"
6545920,Medium Azur,"LEFT, SLIDE, 6X6X6"
6425439,Bright Purple,"LEFT, SLIDE, 6X6X6"
6411552,White,"FLAT TILE 1X1, ROUND, NO. 213"
6528673,Multicombination 5,"WIG, NO. 60"
6503197,Multicombination 1,"WIG, NO. 60"
6315218,Bright Yellow,"ARM, NO. 5"
6514315,Transparent,"MINI HELMET, NO. 253"
6514316,Tr. Light Blue W/ Opalescence,"MINI HELMET, NO. 253"
6100921,Multicombination 1,"HELMET, NO. 68"
6285623,Reddish Brown,"FLAT TILE 1X1, ROUND NO. ""48"""
6285620,White,"FLAT TILE 1X1, ROUND, NO. 81"
6133883,Medium Stone Grey,"FLAT TILE, 1X1, NO. 160"
6524991,Medium Nougat,"TORSO,BOY, W/ ARM, NO. 199"
6468917,Medium Nougat,LATTICE A-MAST 1X6X10
6591384,Not Found,LATTICE A-MAST 1X6X10
6338182,Bright Yellow,"ROOF TILE 1X1X2/3, NO. 6"
6527291,Not Found,"TORSO, GIRL, W/ ARM, NO. 608"
6533749,Nougat,"TORSO, GIRL, W/ ARM, NO. 621"
6287774,Brick Yellow,"FLAT TILE 1X1, ROUND, NO. 121"
6360331,Dark Orange,"TURKEY, DRUMSTICK"
6520273,Not Found,"CAT, NO. 51"
6435099,Bright Green,"FLAT TILE 1X1, ROUND, NO. 255"
6480955,Nougat,"MINI DOLL, HEAD, NO. 479"
6329599,White,"FLAT TILE 1X2, NO. 304"
6541665,Not Found,"TORSO, GIRL, W/ ARM, NO. 630"
6472960,Dark Stone Grey,PLATE 1X2X4 W. BALL
4274405,Black,PLATE 1X2X4 W. BALL
6333949,Not Found,PLATE 1X2X4 W. BALL
6475652,Medium Stone Grey,"ROOF TILE 2X4, DEG. 45, W/O KNOBS"
6548935,Earth Blue,"ROOF TILE 2X4, DEG. 45, W/O KNOBS"
6525958,Aqua,SCREEN 1X6X1 W. EDGE
6526037,Light Royal Blue,SCREEN 1X6X1 W. EDGE
6529231,Warm Tan,"TORSO,BOY, W/ ARM, NO. 204"
6023826,Lavender,BOW NO. 1
6522056,Reddish Brown,"DOOR, W/ WINDOW, 1X4X6, NO. 1"
6526036,Cool Yellow,LAMELLA FOR ROLLING GATE
6510049,Transparent,LAMELLA FOR ROLLING GATE
6443841,Earth Blue,LAMELLA FOR ROLLING GATE
6363149,Silver Metallic,"MINI CLEAVER W/ DIA. 3,2, SHAFT"
6520726,Brick Yellow,"CAT, NO. 50"
6369367,White,"DOOR 4X6, W/ CUT OUT, NO. 1"
6585066,Blue Violet,"DOOR 4X6, W/ CUT OUT, NO. 1"
6532358,White,STOP LAMELLA FOR ROLLING GATE
6280389,Not Found,STOP LAMELLA FOR ROLLING GATE
6471940,Dark Azur,"STROLLER, W/ 3.2 HOLDER & KNOB, NO. 1"
6531023,Multicombination 5,"MINI WIG, W/ HELMET NO. 2"
6520711,Not Found,"MINI DOLL, HEAD, NO. 517"
6294987,Tr.medium Reddish Violet,"MINI, ACCESSORY, NO. 1"
6586856,Tr. Bright Green,"MINI, ACCESSORY, NO. 1"
6527047,Transparent W/ Opalescence,"CONICAL HORN W/ 1.5 SHAFT, NO. 1"
6551137,Not Found,"CONICAL HORN W/ 1.5 SHAFT, NO. 1"
6358288,White,TELEPHONE RECEIVER WHITE
6130012,Not Found,"CROSS AXLE, 11 MODULE"
6178172,Not Found,"CROSS AXLE, 11 MODULE"
6581595,Flame Yellowish Orange,"FLAT TILE 1X2, NO. 504"
6575292,Light Royal Blue,"BRICK 1X1, NO. 46"
6575294,White,"BRICK 1X1, NO. 48"
6581552,White,"FLAT TILE 1X2, NO. 506"
6575293,Bright Orange,"BRICK 1X1, NO. 47"
6537807,Transparent,"FLAT TILE 1X1, ROUND, NO. 343"
6584797,Vibrant Coral,RAMP 8X8X4
6467820,Not Found,RAMP 8X8X4
6302648,Medium Stone Grey,PLATE 1X4 SPLIT-LEVEL
6593290,Not Found,"TORSO,BOY, W/ ARM, NO. 228"
6578873,Medium Azur,"BICYCLE FRAME, NO. 2"
6263884,Not Found,"BICYCLE FRAME, NO. 2"
6584784,Spring Yellowish Green,ARCH 1X6X2
6132772,White,ARCH 1X6X2
6519486,Not Found,"MINI HAT, NO. 54"
6135290,Not Found,"WHEELS, DIA. 8/11 MM, W/ AXLE"
6520906,Not Found,"FLAT TILE 1X2, NO. 456"
6022033,Not Found,ANTIQUE KEY (2 PCS)
4279717,Dark Stone Grey,RAIL CURVED 22½ DEG.
6329624,Dark Stone Grey,"FLAT TILE 2X4, NO. 235"
6268823,Dark Green,"SPRUCE TREE, SMALL"
6389825,Bright Blue,PLATE 6X4 W/ANGLE
6173121,Not Found,PLATE 6X4 W/ANGLE
6468983,Sand Blue,PLATE 6X4 W/ANGLE
6507953,Tr. Light Blue,"COCKPIT 6X4X2, W/ DIA. 3.2 SHAFT"
6254264,Not Found,"COCKPIT 6X4X2, W/ DIA. 3.2 SHAFT"
6414544,Bright Green,MINI PAPER HAT
6388038,Not Found,MINI PAPER HAT
6527287,White,MINI PAPER HAT
6288015,Bright Yellow,"MINI HEAD, NO. 3067"
6179675,Bright Blue,"FRONT 4X3X2/3, W/ BOW"
6179660,Black,"FRONT 4X3X2/3, W/ BOW"
6252270,Light Royal Blue,"MINI UPPER PART, NO. 4527"
4651443,Bright Yellow,MINI HEAD NO. 893
9552,Bright Red,CONSOLE W WHEEL RED/BLAC
6037634,Titanium Metallic,LATTICE DOOR FOR FRAME 1X4X6
6309297,White,"ROOF TILE 2X2, 45 DEG., NO. 25"
6283884,Bright Yellow,"MINI HEAD, NO. 3026"
6254472,Black,"MINI UPPER PART, NO. 4594"
6177181,Not Found,ROOF TILE 4X2/18° INV.
6092950,White,ROOF TILE 4X2/18° INV.
6079036,Dark Stone Grey,ROOF TILE 4X2/18° INV.
6325431,Dark Stone Grey,"PLATE 8X16X2/3, W/ 6 CUT OUT"
6271746,Bright Yellow,"MINI HEAD, NO. 2972"
6380157,Multicombination 2,"MINI HELMET, NO. 328"
6381760,Bright Red,"RUDDER 2X6X4, NO. 23"
4622575,White,STRETCHER 2X6
6391870,Not Found,"MINI HAT, NO. 56"
6223059,Multicombination 4,"MINI HAT, NO. 56"
6153321,Bright Yellow,MINI HEAD NO. 1964
6378271,Vibrant Yellow,"MINI UPPER PART, NO. 5882"
6338007,Not Found,"BICYCLE FRAME, NO. 1"
6349780,Not Found,"BICYCLE FRAME, NO. 1"
6162541,Black,TYRE BALLOON WIDE Ø 24x12
6297209,Not Found,"WHEEL CHAIR, W/ MINI SNAP"
6587047,Medium Stone Grey,"WHEEL CHAIR, W/ MINI SNAP"
6194414,Medium Stone Grey,MINI WIG NO. 39
6194410,Reddish Brown,MINI WIG NO. 39
73737,White,MINI ANTENNA WH/BLA.ASS
6514076,Tr. Brown,WALL ELEMENT 1X4X1
6248102,Not Found,WALL ELEMENT 1X4X1
6514078,Transparent Black,WALL ELEMENT 1X4X1
6333518,Dark Brown,"MINI WIG, NO. 279"
6256101,Black,"MOTORBOGIE, ORNAMENT"
6527255,Black,TRAIN WHEEL W/ O-RING
6284110,Not Found,TRAIN WHEEL W/ O-RING
6172149,Not Found,"TRAIN BUFFER, NO. 2"
6218235,Not Found,"MINI HEAD, NO. 2522"
6168638,Black,METAL DETECTOR
6172283,Not Found,"FLAME 7M SHAFT Ø3,2"
6301397,Not Found,"FLAME 7M SHAFT Ø3,2"
6513991,Multicombination 39,"FLAME 7M SHAFT Ø3,2"
6354604,Multicombination 1,PLATE 2X2 (4M) W. SNAP Ø4.85
6390121,Not Found,"MINI ARMOUR, W/ KNOBS, NO.1"
6474250,Bright Green,"MINI ARMOUR, W/ KNOBS, NO.1"
6005307,Dark Azur,MINI LOWER PART AZURBLUE
6358290,Brick Yellow,LEFT PLATE W. ANGLE 3X12
4586562,Dark Stone Grey,LEFT PLATE W. ANGLE 3X12
6358289,Not Found,RIGHT PLATE W. ANGLE 3X12
4209014,Dark Stone Grey,RIGHT PLATE W. ANGLE 3X12
6312485,Bright Yellow,"MINI HEAD, NO. 3266"
6662046,Bright Yellow,"MINI HEAD, NO. 3266"
6387244,Multicombination 1,BEARING ELEMENT 2X2 2/3
6408330,Not Found,BEARING ELEMENT 2X2 2/3
6332047,Not Found,"WINDSCREEN 3X6, 25 DEG."
6514103,Transparent,"WINDSCREEN 3X6, 25 DEG."
6396803,Not Found,"WINDSCREEN 3X6, 25 DEG."
6331694,Earth Blue,"PLATE 2X3 W/ HOLDER, NO.14"
6292200,Not Found,"PLATE 1X1, W/ TOOTH"
6132559,Not Found,"MINI HEAD ""NO.1826"""
6210111,Not Found,FRONT 6X5X2 W. BOW
6590507,Earth Blue,FRONT 6X5X2 W. BOW
4259422,Not Found,MOTOR 2X2X1 1/3
4502068,Dark Stone Grey,MOTOR 2X2X1 1/3
6399998,Vibrant Yellow,MINI CONTRACTOR'S HELMET
6507860,Transparent,"WINDSCREEN 4X6X1 1/3, NO. 1"
6507858,Transparent Black,"WINDSCREEN 4X6X1 1/3, NO. 1"
6465630,Not Found,"FLAT TILE 1X2, NO. 396"
6469876,Not Found,MINI HELMET NO.87
6195916,Black,"FUNCTION ELEMENT, FEMALE"
6465624,White,"MINI LOWER PART, NO. 2577"
6465831,Not Found,"MINI HEAD, NO. 4236"
6469967,Not Found,"MINI UPPER PART, NO. 6871"
6357617,Not Found,"ANG.BRICK 5X5, Ø4,85"
6170702,Black,"ANG.BRICK 5X5, Ø4,85"
6469015,Tr. Light Blue,"BOOK, NO. 43"
6170597,Black,"MUDGUARD 3X4, W/ PLATE, NO. 1"
6465626,White,"FLAT TILE 2X2, NO. 699"
6471481,Not Found,"MINI CLOTHING, W/ KNOBS, NO. 2"
6197015,Titanium Metallic,"MINI LOWER PART, NO. 1353"
6513112,Not Found,"SHELL 5X6X2/3, W/ WINDOW"
6527931,White,"SHELL 5X6X2/3, W/ WINDOW"
6454959,Dark Stone Grey,WHEEL BEARING 2X6X1 1/3 W/ CROSS HOLE
6303499,Bright Yellow,"MINI HEAD, NO. 3156"
4586410,Medium Lilac,"MINI LOWER PART ""NO. 161"""
6458186,Black,"PLATE 1X6, W/ 1.5 PLATE 6X2, UPWARDS"
6593247,Not Found,"PLATE 1X6, W/ 1.5 PLATE 6X2, UPWARDS"
6494416,Sand Blue,"MINI UPPER PART, NO. 7187"
6288000,Bright Yellow,"MINI HEAD, NO. 3063"
6649383,Bright Yellow,"MINI HEAD, NO. 3063"
6486315,Not Found,"RAIL 8X12, W/ RAMP"
6575837,Black,"PLATE 4X6X2/3, 1/2 CIRCLE"
6588474,White,"PLATE 4X6X2/3, 1/2 CIRCLE"
6117346,Dark Stone Grey,FLAT TILE 2X2 ROUND W/ HOLE Ø4.85 NO. 1
6434831,Not Found,"MINI HEAD, NO. 4057"
6301368,Not Found,"DESIGN BRICK 4X1, W/ BOW"
6301371,Not Found,"DESIGN BRICK 4X1, W/ BOW"
4654944,Not Found,MINI WIG NO. 11
6568528,Sand Yellow,MINI WIG NO. 11
6494418,Bright Bluish Green,"MINI UPPER PART, NO. 7188"
6579960,Not Found,"FLAT TILE 2X2, NO. 804"
6372016,Bright Yellow,"MINI HEAD, NO. 3602"
6284163,Not Found,"FLAT TILE 1X2, NO. 271"
6445157,Not Found,"FLAT TILE 1X1, ROUND, NO. 252"
6494682,Not Found,"BI 3101, 40, 10329 2/3 V29"
6494681,Not Found,"BI 3101, 44, 10329 1/3 V29"
6467694,Sand Green,"FLAT TILE 2X2, ROUND, NO. 1285"
6494685,Not Found,"BI 3101, 40, 10329 2/3 V39"
6462459,Dark Orange,TUB
6494683,Not Found,"BI 3101, 48, 10329 3/3 V29"
6468079,Spring Yellowish Green,SUN HELMET
6494684,Not Found,"BI 3101, 44, 10329 1/3 V39"
6494686,Not Found,"BI 3101, 48, 10329 3/3 V39"
6555770,Not Found,"BI 3106, 44, 10344 V39"
6516513,Warm Gold,"FLAT TILE 2X2, ROUND, NO. 1322"
6265247,Gold Ink,"FLAT TILE 1X2, NO. 263"
6529237,Brick Yellow,"FLAT TILE 2X2, ROUND, NO. 1328"
6555765,Not Found,"BI 3106, 44, 10344 V29"
6582591,Not Found,"BI 3101, 32, 10349 2/2 V29"
6535859,Earth Green,SHIELD
6582590,Not Found,"BI 3101, 32, 10349 1/2 V29"
6537007,Cool Yellow,"FLAT TILE 2X4, NO. 372"
6537006,Light Royal Blue,"TILE 2X6, NO. 58"
6513956,Earth Green,"COCKPIT 4X5X1, W/ 3.2 SHAFT, NO. 1"
6461425,Earth Green,"DESIGN, BRICK 2X2X3, NO. 1"
6523320,Transparent,"BOOK, NO. 48"
6525734,Dark Green,BOW WINDOW 1X4X1 2/3
6076677,Silver Metallic,ROUND SHIELD
6569872,Transparent,"GLASS FOR FRAME 1X2X2, NO. 13"
6570744,Transparent,"GLASS FOR FRAME 1X3X2, NO. 1"
6522783,Black,"FLAG, W/ 2 HOLDERS, NO. 23"
6523323,Warm Gold,"TILE 2X4, CIRCLE, NO. 56"
6522784,Transparent,"DOOR 3X6, NO. 3"
6508326,Reddish Orange,"RING 3X3, W/ 3.2 SHAFT, NO. 1"
6186129,Medium Stone Grey,WEAPON BARREL
6533549,Not Found,"BI 3106, 56, 10369 V39"
6404402,Gold Ink,"ROOF TILE 1X2, DEG. 45, W/O KNOBS, NO. 4"
6533548,Not Found,"BI 3106, 56, 10369 V29"
6273219,Dark Brown,3 BRANCH CROSSHOLE W. HOLE
6194397,Not Found,DUPLO PLATE 24X24
6555451,Not Found,"BI 3102, 48/65G 11039 V39"
6432104,Bright Yellowish Green,"BRICK 1X2, NO. 103"
6555447,Not Found,"BI 3102, 48/65G 11039 V29"
6555450,Not Found,"BI 3101, 52, 11042 2/2 V29"
6347820,Bright Purple,"BRICK 1X2X2, W/ FUNCTION, NO. 1"
6451948,Not Found,"BRICK 1X2X2, W/ FUNCTION, NO. 1"
6522218,Bright Yellowish Green,"BRICK 2X4, INVERTED, OUTSIDE BOW"
6522219,Vibrant Yellow,"BRICK 2X4, INVERTED, OUTSIDE BOW"
6461062,White,"BRICK 2X4, INVERTED, OUTSIDE BOW"
6461063,Not Found,"BRICK 2X4, INVERTED, OUTSIDE BOW"
6508987,White,"PLATE 2X2, W/ 3.2 SHAFT, NO. 1"
6555454,Not Found,"BI 3101, 52, 11042 2/2 V39"
6432103,Not Found,"BRICK 1X2, NO. 104"
6522846,Not Found,"BRICK 1X2, NO. 131"
6555453,Not Found,"BI 3101, 56, 11042 1/2 V39"
6555449,Not Found,"BI 3101, 56, 11042 1/2 V29"
6432102,Not Found,"BRICK 1X2, NO. 102"
6004345,Silver Metallic,CLAWS
6522844,White,"FLAT TILE 2X2, ROUND, NO. 1326"
6244698,Black,"STEERING GEAR, 9 MODULE"
4182751,Dark Stone Grey,"FLEX JOINT 6M, Ø24, MALE"
6587973,Ochre Yellow,"WIG, NO. 119"
6596239,Ochre Yellow,"MINI WIG, NO. 27"
6170705,Dark Stone Grey,ANGLE BEAM 4X6
6593080,Reddish Brown,BRICK 4X16 W/ BOW AND ANGLE
6655870,Medium Stone Grey,"BRICK 2X4X1, FULL BOW"
6332151,Medium Stone Grey,"FLEX JOINT 6M, Ø24, FEMALE"
6586495,Not Found,"HAND, W/ 3.2 SHAFT, NO. 2"
6531017,Black,"ROOF TILE 4X4, OUTSIDE CORNER, DEG. 45"
6398773,Bright Red,TECHNIC 6M HALF BEAM
6523972,Reddish Brown,"LEFT SHELL 2X6, W/ BOW AND ANGLE"
6055640,Black,ANAKIN WIG
6123814,Dark Stone Grey,PLATE 1X2 W/5.9 BALL END
6598217,Reddish Brown,CROSS AXLE W. EYES 16M
6595712,Dark Azur,"MINI CLOTHING, NO. 36"
6575786,Black,"WIG, NO. 118"
6595786,Reddish Brown,WIG NO. 50
4629920,Dark Stone Grey,"TRACK ROD 6M,"
6586348,Flame Yellowish Orange,"CAPE, NO. 68"
6501129,Reddish Brown,RIGHT SHELL 2X6 W/ BOW W/ ANGLE
6508518,Black,TRACK ROD 4M
6436362,Medium Nougat,MINI FIGURE WIG NO. 34
6396165,Dark Brown,FEDORA HAT
4656764,Black,CHASSIS 4X10 W. BOT. 2X4
4654046,Medium Stone Grey,"FLAT TILE 1X2, VIDEO TAPE"
6476878,Not Found,"MINI HEAD, NO. 4258"
6584843,Not Found,"RING 3X3, W/3.2 SHAFT, NO. 2"
6615223,Not Found,"FLAT TILE 2X4, NO. 429"
6615224,Not Found,"TILE 2X6, NO. 91"
6584688,Bright Yellow,"FLAT TILE 2X2, ROUND, NO. 1357"
6578888,Light Purple,"DESIGN ELEMENT, 4X5X1, 2/3"
6323899,Not Found,"FLAT TILE 1X8, NO. 91"
6435053,Not Found,"BI 3104, 172+4, V39/142"
6347532,Gold Ink,"END RIDGED TILE 1X2/45°, NO. 2"
6394212,Brick Yellow,RIGHT BRICK 2X4 W/ANGLE
6323898,Not Found,"FLAT TILE 1X8, NO. 90"
6590113,Not Found,"BI 3104, 172+4, 21058 V29/118"
6435052,Not Found,"BI 3104, 172+4, 21058 V29/118"
6096956,Black,STRING 30M W. 2 KNOBS
6590114,Not Found,"BI 3104, 172+4, 21058 V39/142"
6488055,Not Found,"SUSTAINABILITY COM., ADULT, V29/110/46"
6493762,Not Found,"BI 3104, 204+4, 21060 V29"
6454243,Not Found,"FLAT TILE 1X8, NO. 100"
6454242,Not Found,"FLAT TILE 1X8, NO. 99"
6474321,Not Found,"BI 3104, 204+4, 21060 V39"
6537198,Not Found,"CAT, NO. 38"
6440385,Not Found,"CAT, NO. 38"
6296799,Not Found,"SKELETON, LEG NO.2"
6570742,Black,"SKELETON, LEG NO.2"
4667977,Dark Stone Grey,GRATING 1X4X6 M. 4 SNAP
6454362,Not Found,"MULTIPACK – 3 SINGLE-HOLE CAPES (ELEMENT IDS 6454362, 6454361, 6305110)"
6636861,Not Found,"MINI HEAD, NO. 2688"
6236271,Not Found,"MINI HEAD, NO. 2688"
6413079,Not Found,MINI WIG NO. 12
6450348,Not Found,"MINI UPPER PART, NO. 6748"
6447567,Not Found,MINI POT
6363146,Not Found,MINI POT
6329820,Sand Yellow,"FLAT TILE 1X3, NO. 36"
6353089,Not Found,HOURGLASS
6503205,Multicombination 2,HOURGLASS
6359881,Not Found,"MINI CLOTHING, NO. 17"
6450245,Not Found,"MINI UPPER PART, NO. 6746"
6440392,Not Found,"MINI HEAD, NO. 4097"
4525078,Black,FABULAND POT
6500755,Not Found,"BI 3104, 260+4, 21341 V29"
6450235,Not Found,"MINI UPPER PART, 6744"
6514393,Not Found,"MINI ACCESSORY, NO. 17"
6447569,Not Found,"MINI ACCESSORY, NO. 17"
6514338,Multicombination 7,LIGHTENING BOLT CO-INJ.
6447572,Not Found,LIGHTENING BOLT CO-INJ.
6342671,Not Found,MOP HEAD NO. 1
6326425,Not Found,"CANDLESTICK, NO. 1"
6440381,Not Found,"FLAT TILE 1X2, NO. 385"
6549520,White,SPIDER'S WEB W. SHAFT Ø 3.2
6006221,Not Found,SPIDER'S WEB W. SHAFT Ø 3.2
6355727,Brick Yellow,"PLASTIC MOTOR, CRANK"
6536150,Not Found,ELECTRONIC LEAFLET 40
6485316,Not Found,"WIG, NO. 74"
6440394,Not Found,"MINI SKIRT, NO. 73"
6435521,Not Found,"GIRL WIG, LONG CURLY"
4541873,Warm Gold,LATTIC 1/2 FOR FRAME 1X4X3
6452575,Not Found,"HORN, W/ 4.85 BUSH"
6524702,Not Found,"HORN, W/ 4.85 BUSH"
6549696,Not Found,"WIG, W/ HAT, NO. 5"
6455389,Not Found,"WIG, W/ HAT, NO. 5"
6454361,Not Found,"MULTIPACK – 3 SINGLE-HOLE CAPES (ELEMENT IDS 6454361, 6454362, 6305110)"
6450240,Not Found,"MINI UPPER PART, 6745"
6443327,Not Found,"WIG, NO. 73"
6440389,Not Found,"MINI HEAD, NO. 4096"
4505757,Not Found,"SPACE ARM, ANGLED H."
6440384,Not Found,"MINI HEAD, NO. 4094"
6305110,Bright Red,"CAPE, 1 HOLE, NO. 5"
6237120,Silver Ink,"FLAT TILE 1X1, NO. 186"
6268855,Reddish Brown,FABULAND BROOM
6076674,Medium Nougat,MINI SACK W. 3.2 SHAFT
6278548,Reddish Brown,FABULAND SHIP WHEEL
6440397,Not Found,"MINI LOWER PART, NO. 2519"
6440383,Not Found,"ROUND BRICK 1X1, NO. 38"
6450260,Not Found,"MINI UPPER PART, NO. 6747"
6440391,Not Found,"MINI SKIRT, NO. 72"
6450369,Not Found,"MINI UPPER PART, NO. 6750"
6440382,Not Found,"ROUND BRICK 1X1, NO. 37"
6469476,Not Found,"BI 3104, 260+4, 21341 V39"
6440388,Not Found,"MINI SKIRT, NO. 71"
6440386,Not Found,"MINI HEAD, NO. 4095"
6319295,Sand Blue,"MINI LOWER PART, NO. 2359"
6468167,Not Found,"PUNCHED FOIL ELEMENT, NO. 20"
6291069,Black,GEAR MIDDLE RING
6464143,Not Found,"TILE 2X6, NO. 31"
6464144,Not Found,"FLAT TILE 6X6, NO. 18"
6468168,Not Found,"PUNCHED FOIL ELEMENT, NO. 21"
6494182,Not Found,"BI 3106, 120+4, 21345 V29"
6464145,Not Found,"FLAT TILE 2X2, ROUND, NO. 1291"
6468166,Not Found,"PUNCHED FOIL ELEMENT, NO. 19"
6494183,Not Found,"BI 3106, 120+4, 21345 V39"
6546829,Not Found,"BI 3104, 392+4, 21353 V29"
6544205,Dark Orange,BEARD FOR MINI FIGURE 2
6483284,Not Found,"BIRD, NO. 31"
6483392,Reddish Brown,ASSEMBLY ELEMENT Ø3.2
6360029,Brick Yellow,MINI COLLAR NO 3
6426061,White,FENCE 3X3X2
6480727,Bright Yellow,"MINI HEAD, NO. 4363"
6546830,Not Found,"BI 3104, 392+4, 21353 V39"
6401022,Sand Yellow,SEA GRASS SAND YELLOW
6434719,Black,"FLAT TILE 2X2, NO. 683"
6487827,Dark Orange,"PLATE 4X4X2/3, CIRCLE, 2X2 HOLE"
6464451,Bright Yellow,"MINI HEAD, NO. 4206"
6662107,Bright Yellow,"MINI HEAD, NO. 2224"
6182787,Bright Yellow,"MINI HEAD, NO. 2224"
6461276,White,"BUNNY, NO. 5"
6046381,White,1X2 PLATE WITH 3 TEETH
6335769,Sand Yellow,"MINI UPPER PART, NO. 5448"
6352820,Bright Yellow,"MINI HEAD, NO. 3560"
6657287,Not Found,"MINI HEAD, NO. 3560"
6517838,Bright Yellow,"MINI HEAD, NO. 4464"
6419079,Medium Nougat,"DOG, NO. 45"
6425976,Dark Stone Grey,"PLANT, W/ 3.2 SHAFT, NO. 5"
6430887,White,"HORN W/ 3.2 SHAFT, NO. 2"
6301284,Bright Green,"4.85 BUSH,W/ SINGLE TUBE"
6493321,Spring Yellowish Green,"MINI UPPER PART, NO. 7178"
6556062,Not Found,"WALL 5X5X3 1/3, CIRCLE ARCH, SQUARE"
6468371,Medium Stone Grey,"MINI UPPER PART, NO. 6850"
6517968,Sand Green,"MINI UPPER PART, NO. 7338"
6468472,Not Found,"FLAT TILE 1X1, NO. 304"
6547112,Sand Yellow,MINI WIG NO. 13
6544403,Brick Yellow,"BRICK 2X6X1, INV. ARCH"
6219463,Black,"MINI SKIRT, NO. 3"
4517737,Black,RIM WIDE 18X14 W/ CROSS Ø4.8
6360034,Black,"3.2 SHAFT, DIA. 7M W/ CROSS HOLE"
6546844,Sand Green,"MINI UPPER PART, NO. 7576"
6546832,Reddish Brown,"MINI UPPER PART, NO. 7574"
6468833,Dark Orange,"BOW WINDOW 4X3, NO. 1"
6468829,Reddish Brown,"DESIGN BRICK 4X4, NO. 1"
6051541,Silver Ink,"AERIAL Ø24X6.4 ""NO 1000"""
6546834,Black,"MINI UPPER PART, NO. 7575"
6051527,Black,GUN BASE 1X2X2/3 W.KNOB/SHAFT
6527759,White Glow,"FLAT TILE 1X1, NO. 334"
6527760,Transparent,"FLAT TILE 1X1, ROUND, NO. 344"
6531638,Bright Red,"BEAM 2M, W/ CROSS AXLE"
6527753,Umber Brown,"MINI HEAD, NO. 4570"
6544405,Brick Yellow,BRICK W/ BOW 1X6X1
6541885,Black,OUTER CABLE 200 MM
6352997,Medium Stone Grey,"FLAT TILE 2X2, ROUND, NO. 1211"
6484902,Medium Stone Grey,"BEAM 1 MODULE, W/ CROSS AXLE 3M"
6492106,Not Found,SWORD
6178520,Multicombination 2,"BIRD, NO. 1"
6550811,Bright Bluish Green,MINI OXYGEN BOTTLES
6531658,Warm Gold,MINI OXYGEN BOTTLES
6553088,Not Found,"MINI UPPER PART, NO. 7655"
6553668,Not Found,"MINI UPPER PART, NO. 7677"
6309203,Earth Green,MINI MASK NO. 1
6551868,Not Found,"MINI LOWER PART, NO. 2840"
6344738,Titanium Metallic,MINI FLINTLOCK PISTOL
6553089,Black,"MINI UPPER PART, NO. 7656"
6553073,Bright Blue,"MINI UPPER PART, NO. 7651"
6537237,Not Found,"MULTIPACK 4X, WALL ELEMENT 8X8X6, 1/4 CIRCLE"
6401395,Reddish Brown,WHIP
6613882,Not Found,WHIP
6542336,Not Found,"SHIELD, NO. 47"
6553226,Not Found,"MINI UPPER PART, NO. 7660"
6552650,Bright Bluish Green,"MINI UPPER PART, NO. 7647"
6552651,Not Found,"MINI UPPER PART, NO. 7648"
6097174,Not Found,"MINI HEAD ""NO 1557"""
6434805,Bright Yellow,"MINI HEAD, NO. 4031"
6553087,Reddish Brown,"MINI HELMET, NO. 288"
6595303,Bright Yellow,"1/2 SPHERE 5X5X3, W/ CROSS HOLE"
6595301,Not Found,"1/2 SPHERE 5X5X3, W/ CROSS HOLE"
6595304,Not Found,"1/2 SPHERE 5X5X3, W/ CROSS HOLE"
6594233,Not Found,"BI 3104, 176+4, 21358 V29"
6542343,Not Found,"MINI LOWER PART, NO. 2841"
6542341,Not Found,"MINI COSTUME, NO. 80"
6542337,Silver Metallic,"SHIELD, NO. 46"
6097192,Bright Red,HAT NO. 30
6553193,White,"MINI UPPER PART, NO. 7659"
6626717,Medium Stone Grey,"MINI HAT, NO. 240"
6551874,Not Found,"MINI HAT, NO. 240"
6487209,Not Found,DARK KNIGHT HELMET
6594234,Not Found,"BI 3104, 176+4, 21358 V39"
6542335,Bright Yellow,"FLAT TILE 2X2, ROUND, NO. 1340"
6551870,Bright Yellow,"MINI LOWER PART, NO. 2844"
6553083,Not Found,"MINI UPPER PART, NO. 7654"
6372359,Dark Brown,"MINI WIG, NO. 267"
9342,Not Found,MINI BODY LOWERPART RED
6093532,Silver Metallic,MINI SHORT SWORD
9336,Not Found,"MINI HEAD NO.""447"""
6547742,Not Found,"BI LEAFLET 9005, 2 30689 V39"
6547736,Not Found,"BI LEAFLET 9005, 2 30689 V29/V110"
6329607,White,"FLAT TILE 1X1, ROUND, NO. 150"
6548401,Not Found,"BI LEAFLET 9005, 2 30697 V29/V110"
6548406,Not Found,"BI LEAFLET 9005, 2 30697 V39"
6547782,Not Found,"BI LEAFLET 9005, 2 30701 V29/V110"
6391160,Bright Yellow,"ANGLED GEAR Z22 F. DIFF. 3M,NO. 1"
6547792,Not Found,"BI LEAFLET 9005, 2 30701 V39/V140"
4490127,Medium Stone Grey,RIM WIDE 18X14 W. CROSS Ø4.8
6508519,Medium Stone Grey,"ANGLE ELEMENT, 4 BRANCH, 60 DEG."
6132299,Black,TYRE LOW WIDE Ø24 X 14
6452846,Bright Yellow,"PISTON, NO. 5"
6327162,Black,HALFBEAM CURVE 3X5
6452845,Medium Stone Grey,"CRANK, NO. 1"
6457822,Not Found,"BI 3102, 44, 31134 2/3 V39"
6457820,Not Found,"BI 3102, 60, 31134 1/3 V39"
6457824,Not Found,"BI 3102, 36, 31134 3/3 V39"
6457823,Not Found,"BI 3102, 36, 31134 3/3 V29"
6488660,Not Found,"BI 3102, 60, 31134 1/3 V29"
6457821,Not Found,"BI 3102, 44, 31134 2/3 V29"
6294404,Not Found,"MINI UPPER PART, NO. 5038"
6419095,Bright Yellow,"MINI HEAD, NO. 3921"
6331411,Not Found,"FLAT TILE 2X2, NO. 445"
6500756,Not Found,"BI 3106, 252+4, 31141 1/3 V29"
6430537,Not Found,"MINI UPPER PART, NO. 6416"
4633881,Not Found,"FLAT TILE 2X2 ""NO. 197"""
6474730,Not Found,"BI 3106, 144+4, 31141 2/3 V29"
6474738,Not Found,"BI 3106, 252+4, 31141 1/3 V39/V142"
6306822,Not Found,"MINI HEAD, NO. 3158"
6474740,Not Found,"BI 3106, 172+4, 31141 3/3 V39/V142"
6323423,Not Found,"FLAT TILE 2X2, ROUND, W/ HOLE, NO. 7"
6429741,Not Found,"MINI LOWER PART, NO. 2432"
6153341,Bright Yellow,MINI HEAD NO. 1967
6474731,Not Found,"BI 3106, 172+4, 31141 3/3 V29"
6288537,White,"FLAT TILE 2X2, NO. 416"
6427516,Not Found,"MINI UPPER PART, NO.6376"
6474739,Not Found,"BI 3106, 144+4, 31141 2/3 V39/V142"
6122977,Reddish Brown,"FLAT TILE 2X2 ""NO.273"""
6497663,Not Found,"BI 3101, 40, 31147 3/3 V39"
6497658,Not Found,"BI 3101, 72+4, 31147 1/3 V29"
6497661,Not Found,"BI 3101, 72+4, 31147 1/3 V39"
6497660,Not Found,"BI 3101, 40, 31147 3/3 V29"
6276858,Black,"RIM WIDE 43,2X26 W/ 6 HOL.Ø 4.8"
6533406,Not Found,"PUNCHED TEXTILE ELEMENT, NO. 17"
6497662,Not Found,"BI 3101, 44, 31147 2/3 V39"
6497659,Not Found,"BI 3101, 44, 31147 2/3 V29"
6151728,White,RIM WIDE W.CROSS 30x20
6497668,Not Found,"BI 3101, 44, 31148 2/3 V39"
6497669,Not Found,"BI 3101, 32, 31148 3/3 V39"
6497666,Not Found,"BI 3101, 32, 31148 3/3 V29"
6466349,Light Purple,"TYRE NORMAL WIDE Ø43,2X22"
6497664,Not Found,"BI 3101, 80+4, 31148 1/3 V29"
6497665,Not Found,"BI 3101, 44, 31148 2/3 V29"
6497667,Not Found,"BI 3101, 80+4, 31148 1/3 V39"
6497673,Not Found,"BI 3101, 80+4, 31149 1/3 V39"
6497674,Not Found,"BI 3101, 64+4, 31149 2/3 V39"
6497675,Not Found,"BI 3101, 60+4, 31149 3/3 V39"
6497671,Not Found,"BI 3101, 64+4, 31149 2/3 V29"
6497672,Not Found,"BI 3101, 60+4, 31149 3/3 V29"
6369779,Bright Yellow,"DESIGN ELEMENT,DEG.135,W/ CROSSHOLE,NO.1"
6497670,Not Found,"BI 3101, 80+4, 31149 1/3 V29"
6497677,Not Found,"BI 3101, 64+4, 31155 2/3 V29"
6497680,Not Found,"BI 3101, 64+4, 31155 2/3 V39"
6497682,Not Found,"BI 3101, 56, 31155 3/3 V39"
6497679,Not Found,"BI 3101, 112+4, 31155 1/3 V39"
6497678,Not Found,"BI 3101, 56, 31155 3/3 V29"
6497676,Not Found,"BI 3101, 112+4, 31155 1/3 V29"
6499861,Not Found,"BI 3101, 60, 31156 2/3 V39"
6499860,Not Found,"BI 3101, 104+4 31156 1/3 V39"
6499854,Not Found,"BI 3101, 104+4 31156 1/3 V29"
6499856,Not Found,"BI 3101, 56, 31156 3/3 V29"
6499855,Not Found,"BI 3101, 60, 31156 2/3 V29"
6210590,Silver Metallic,"FLEX TUBE, 21 MODULE, W/ 3.2 HOLE"
6499862,Not Found,"BI 3101, 56, 31156 3/3 V39"
6556257,Not Found,"BI 3101, 48, 31160 2/3 V39"
6055123,Black,PROPELLER Ø71.84
6556256,Not Found,"BI 3101, 60+4, 31160 1/3 V39"
6556258,Not Found,"BI 3101, 40, 31160 3/3 V39"
6556232,Not Found,"BI 3101, 40, 31160 3/3 V29"
6250222,Earth Blue,LEFT SHELL 3x10
6250220,Earth Blue,RIGHT SHELL 3x10
6556230,Not Found,"BI 3101, 60+4, 31160 1/3 V29"
6556231,Not Found,"BI 3101, 48, 31160 2/3 V29"
6556276,Not Found,"BI 3101, 36, 31169 3/3 V39"
6556250,Not Found,"BI 3101, 36, 31169 3/3 V29"
6556248,Not Found,"BI 3101, 84+4 31169 1/3 V29"
6556275,Not Found,"BI 3101, 52, 31169 2/3 V39"
6556274,Not Found,"BI 3101, 84+4 31169 1/3 V39"
373726,Black,CROSS AXLE 10M
6556249,Not Found,"BI 3101, 52, 31169 2/3 V29"
6252373,Black,"TURNTABLE 2X2X1, W/ FUNCTION"
6383079,Light Royal Blue,"BRICK 2X8,OUTSIDE BOW,W/ CUT OUT,NO. 1"
6173095,Medium Stone Grey,PLATE 1X4 W. REV. HOOK
6302094,Black,"PANEL 3X5, W/ 4.85 HOLE"
6474692,Not Found,"BI 3104, 272+4, 31209 V39"
6434915,Not Found,"FLAT TILE 2X4, NO. 304"
6504256,Not Found,"BI 3104, 272+4, 31209 V29"
4296264,White,FLEX ROD 12M
6434914,Not Found,"FLAT TILE 6X6, NO. 16"
6434916,Not Found,"PLATE 6X12, W/ 22 KNOBS, NO. 7"
6545176,Not Found,"ANGLE ELEMENT, 3 BRANCH, 60 DEG."
6596015,Not Found,"DESIGN PLATE, 2X2, NO. 1"
6485882,White,"FLAT TILE 1X1, ROUND, NO. 291"
6580402,Medium Azur,"BRICK 1X4, W/ BOW"
6578745,Bright Yellowish Green,"BRICK 1X4, W/ BOW"
6566851,Not Found,"BRICK 1X3X2/3, BOW"
6139602,Not Found,"ROOF TILE 2X2X2/65 DEG.""NO.10"""
6139568,Not Found,MINI UPPER PART NO.1949
6359858,Not Found,MINI HAIR W. CROWN
6304837,White,"FLAT TILE 1X2, NO. 286"
6139545,Sand Green,"MINI HEAD ""NO. 878"""
6504240,Not Found,"BI 3102, 80+4, 40519 V29"
6453313,Not Found,"BI 3102, 80+4, 40519 V39"
6397596,Not Found,"BI 3101, 100+4, 40528 V39"
6397595,Not Found,"BI 3101, 100+4, 40528 V29"
6444772,Not Found,"BI 3102, 88+4, 40569 V39"
6504242,Not Found,"BI 3102, 88+4, 40569 V29"
6505932,Not Found,"BI 3102, 32, 40619 V29 1/2"
6430740,Not Found,"BRICK 1X4, NO. 86"
6454747,Not Found,"BI 3102, 32, 40619 V39 2/2"
6267112,Medium Stone Grey,LINK 1M FRIC/FORK/STUMPF
6514543,Bright Red,MINI TOOLBOX
6060843,Not Found,MINI TOOLBOX
6430739,Not Found,"FLAT TILE 2X2, ROUND, NO. 1251"
6454744,Not Found,"BI 3102, 32, 40619 V39 1/2"
6454746,Not Found,"BI 3102, 32, 40619 V29 2/2"
6522063,Not Found,"BI 3102, 64+4, 40713 V39"
6522061,Not Found,"BI 3102, 64+4, 40713 V29"
6521410,Not Found,"BI 3104, 64+4, 40719 V29 2/2"
6521406,Not Found,"BI 3104, 64, 40719 V29 1/2"
6486926,Reddish Brown,WING PROFILE 6X8X 2/3
6521407,Not Found,"BI 3104, 64, 40719 V39 1/2"
6347715,Medium Stone Grey,3 w.arch w.knob and shaft ø3.2
6521411,Not Found,"BI 3104, 64+4, 40719 V39 2/2"
6357783,Warm Gold,ROOF TILE 4X2 W. ANGL./SL.BOT.
6566156,Bright Red,"WALL ELEMENT 1X6X5, NO. 43"
6153512,Medium Stone Grey,MINI UPPER PART NO. 3451
6562990,Black,"FLAT TILE 6X6, NO. 22"
6270135,Not Found,MINI SAI W/Ø3.2
6581725,Not Found,"BI 3105, 56, 40815 V29"
6539391,New Dark Red,"FLAT TILE 2X3, NO. 162"
6184647,Warm Gold,STAR SYMBOL STAR W/TUBE AND HOLE ø1.5
6278421,Tr. Light Blue,ICE CRYSTAL
6540702,White,"DESIGN PLATE 4X4, W/1.5 HOLE"
6508677,Transparent,"BRICK 2X4, TRANSPARENT"
6575838,Not Found,"CHASSIS 6X10X2/3, NO.1"
6483839,Not Found,"BI 3101, 36, 41727 1/2 V39/V142"
6416595,Not Found,"FLAT TILE 2X2, NO. 658"
6487190,Not Found,"BI 3101, 36, 41727 1/2 V29/V118"
6427493,Not Found,"MINI WIG, W/ ACCESSORY, NO.32"
6501228,Not Found,"MINI WIG, W/ ACCESSORY, NO.32"
6325525,Not Found,MAGNIFYING GLASS
6499140,Multicombination 1,MAGNIFYING GLASS
6416780,Not Found,"DOG, NO. 44"
6416651,Not Found,"DOG, W/ HOLE, DIA. 1.5, NO. 38"
6483841,Not Found,"BI 3106, 168+4, 41727 2/2 V39/V142"
6427249,Not Found,"TORSO, GIRL, W/ ARM, NO. 474"
6483840,Not Found,"BI 3106, 168+4, 41727 2/2 V29/V118"
6416534,Not Found,"MINI DOLL, HEAD, NO. 348"
6427431,Not Found,"TORSO, BOY, W/ ARM, NO. 144"
4600307,White,5 M. Ø3.2 BONE
6424328,Not Found,"FLAG 3X8, W/ 3.2 SHAFT"
6416504,Not Found,"MINI DOLL, HEAD, NO. 356"
6532091,Transparent,"FLAT TILE 1X1, ROUND, NO. 164"
6350656,Transparent,"FLAT TILE 1X1, ROUND, NO. 164"
6384433,Medium Nougat,"MINI PALET, NO. 2"
6395410,Not Found,"FLAT TILE 1X1, ROUND, NO. 196"
6483950,Not Found,"BI 3104, 68+4, 41731 2/3 V29/V118"
6483970,Not Found,"BI 3104, 68+4, 41731 2/3 V39/V142"
6487201,Not Found,"BI 3104, 76+4, 41731 1/3 V29/V118"
6430306,Not Found,"HAMSTER, W/ 1.5 HOLE, NO. 11"
6429220,Not Found,"TORSO,BOY, W/ ARM, NO. 145"
6515917,Not Found,PANNIER
6269007,Not Found,PANNIER
6430049,Not Found,"TORSO, WOMAN, W/ ARM, NO. 123"
6440473,Not Found,"TORSO, GIRL, W/ ARM, NO. 507"
6483952,Not Found,"BI 3104, 68+4, 41731 3/3 V29/V118"
6483969,Not Found,"BI 3104, 76+4, 41731 1/3 V39/V142"
6430046,Not Found,"SKIRT W/ HIP, NO. 257"
6441569,Not Found,"TORSO,BOY, W/ ARM, NO. 147"
6483971,Not Found,"BI 3104, 68+4, 41731 3/3 V39/V142"
6435171,Not Found,"OTTER, NO. 2"
6435172,Not Found,"TURTLE, W/ 1.5 HOLE, NO. 14"
6440009,Not Found,"TORSO, GIRL, W/ ARM, NO. 505"
6438364,Not Found,ROOF TILE 4X6/18° INV.
6493771,Not Found,"BI 3104, 132+4, 41736 V29"
6439992,Not Found,"TORSO, WOMAN, W/ ARM, NO. 127"
6435164,Not Found,"MINI DOLL, HEAD, NO. 381"
6469856,Not Found,"MINI FIGURE WIG, NO. 84"
6440058,Not Found,"TORSO,BOY, W/ ARM, NO. 156"
6269992,Bright Green,SEA GRASS BRIGHT GREEN
6462879,Not Found,"BI 3104, 132+4, 41736 V39"
6435174,Not Found,"SEAHORSE, W/1.5 HOLE, NO. 7"
6501866,Not Found,"BI 3104, 296+4, 41737 V29/V118"
6449751,Not Found,"SWORD, NO. 20"
6435121,Not Found,"MINI DOLL, HEAD, NO. 399"
4296152,Not Found,MINI ANTENNA BLUE/BLACK
6000022,Bright Yellow,FLOWER
6435123,Not Found,"MINI DOLL, HEAD, NO. 398"
6447089,Not Found,"TORSO,BOY, W/ ARM, NO. 166"
6428507,Not Found,"MINI DOLL, HEAD, NO. 355"
6416641,Not Found,"MINI DOLL, HEAD, NO. 343"
6435007,Not Found,"MINI DOLL, HEAD, NO. 392"
6446759,Not Found,"TORSO,BOY, W/ ARM, NO. 165"
6447035,Not Found,"TORSO, WOMAN, W/ ARM, NO. 132"
6259270,Medium Stone Grey,ANGLED GEAR WHEEL Z28
6467045,Not Found,"BI 3104, 296+4, 41737 V39/V142"
6444779,Not Found,MINI WIG NO. 10
6448621,Not Found,"BI 3106, 152+4, 41743 V29"
6429558,Not Found,"TORSO,BOY, W/ ARM, NO. 148"
6448622,Not Found,"BI 3106, 152+4, 41743 V39"
6429725,Not Found,"TORSO, GIRL, W/ ARM, NO. 483"
4296997,Not Found,HUB FOR FORK
6416456,Not Found,"MINI DOLL, HEAD, NO. 354"
6314886,Black,ROUND SIGN 1X5X3
6416451,Not Found,"MINI DOLL, HEAD, NO. 353"
6422091,Not Found,"SCOOTER, NO. 2"
6443045,Not Found,"TORSO, GIRL, W/ ARM, NO. 511"
6435153,Not Found,"MINI DOLL, HEAD, NO. 387"
6435147,Not Found,"MINI DOLL, HEAD, NO. 384"
6289428,Not Found,FLAT TILE 8X16
6435152,Not Found,"MINI DOLL, HEAD, NO. 385"
6444521,Not Found,"TORSO,BOY, W/ ARM, NO. 159"
6435157,Not Found,"PARABOLA 6X6, NO. 16"
6438913,Not Found,"BRICK 4X6, OUTSIDE BOW W/ CUT OUT"
6263451,Not Found,RACKET Ø3.2 SHAFT
6170385,Medium Stone Grey,FRAME 2X4X6
6443294,Not Found,"TORSO, GIRL, W/ ARM, NO. 512"
6435092,Not Found,"FLAT TILE 1X2, NO. 377"
6375900,Not Found,"MINI MEDAL, NO. 4"
6273323,Not Found,BRICK W. SHAFT 1X8X1
6082975,Silver Ink,"BALL 10.2,W/ CROSS HOLE,NO. 1,NO. ""1000"""
6463082,Not Found,"BI 3101, 72+4, 41744 1/2 V39/V142"
6463084,Not Found,"BI 3104, 200+4, 41744 2/2 V39/V142"
6501867,Not Found,"BI 3101, 72+4, 41744 1/2 V29/V118"
6463083,Not Found,"BI 3104, 200+4, 41744 2/2 V29/V118"
6448375,White,"1/4 CONE 5X5, W/ CUTOUT"
6435150,Not Found,"MINI DOLL, HEAD, NO. 388"
6443401,Not Found,"TORSO, BOY, W/ ARM, NO. 160"
6225386,Black,CATAPULT ARM 1X4
6483999,Not Found,"BI 3105, 112+4, 41754 V39"
6430144,Not Found,"TORSO,BOY, W/ ARM, NO. 151"
6430052,Not Found,"PANTS W/ HIP, NO. 177"
6487192,Not Found,"BI 3105, 112+4, 41754 V29"
6244761,Tr. Light Blue,DIVERS MASK
6429228,Not Found,"TORSO,BOY, W/ ARM, NO. 146"
6484001,Not Found,"BI 3106, 128+4, 41759 V39"
6405646,Multicombination 4,BEARING ELEMENT 2X2 W.D. SNAP
6445413,Not Found,"MUDGUARD, W/ 3.2 SHAFT"
6434983,Not Found,"MINI DOLL, HEAD, NO. 393"
6434985,Not Found,"MINI DOLL, HEAD, NO. 394"
6240378,Not Found,"BRICK 1X6, W/ BOW"
6514068,Tr. Light Blue,"BRICK 1X6, W/ BOW"
6157985,White,"FLAT TILE 1X2, NO. 145"
4580509,Black,STEERING WHEEL Ø24
6445414,Not Found,"3.2 HOLDER, W/ 3.2 SHAFT"
6484000,Not Found,"BI 3106, 128+4, 41759 V29"
6334081,Not Found,"PANTS, W/ HIP, NO. 156"
6266310,Not Found,SHELL 4X8X2 W/FORKS
6444579,Not Found,"TORSO, BOY, W/ ARM, NO. 161"
6444606,Not Found,"TORSO, WOMAN, W/ ARM, NO. 131"
6276045,Medium Stone Grey,PLATE 1X4 W/STUMPS VERTICAL
6426650,Not Found,"TORSO, GIRL, W/ ARM, NO. 473"
6413529,Black,"UPPER PART FOR TURNTABLE Z60, NO. 2"
6408182,Black,"BEAM 3X5, 90 DEG., NO. 1"
6321716,Black,"BEAM 15 MODULE, W/ 4.85 HOLE, NO. 1"
6532263,Not Found,"DOME 5X5X2.5, W/ CROSS HOLE, NO. 1"
6507183,Not Found,"BI 3104, 140+4, 42179 V29"
6460559,Multicombination 13,WHEEL DIA.56
6224999,Bright Blue,"ANGLED GEAR WHEEL Z20, W/ 4.85 HOLE"
6016154,Black,BEAM FRAME 5X7 Ø 4.85
6507113,Not Found,"BI 3104, 140+4, 42179 V39"
6510120,Flame Yellowish Orange,"DOME 11X11X5.5, W/ CROSS HOLE"
6411632,Dark Stone Grey,"CIRCLE BEAM 11X11, W/ CROSS HOLE, NO. 1"
4255563,Black,DOUBLE CONICAL WHEEL Z36
6532261,Not Found,"DOME 5X5X2.5, W/ CROSS HOLE, NO. 2"
6109285,Medium Stone Grey,LOWER PART FOR TURNTABLE Z60
6338962,Medium Stone Grey,"4.85 BUSH 3 MODULE, W/ END STOP"
6510991,Black,"LEFT BASE PLATE 2X3, W/ CROSS HOLE"
6396964,Dark Stone Grey,FRAME 3X19
6258887,Dark Stone Grey,CHAIN 16 M
6349281,Black,"TECHNIC CROSS BLOCK, FORK 2X2"
6563323,White,"GEAR BLOCK 5 MODULE, W/ 4.85 HOLE"
6588058,Dark Orange,CONE Ø32/Ø16
6563271,White,"DESIGN ELEMENT, W/ CROSSHOLE, NO. 1"
6588041,Dark Orange,BOWED PANEL 3X7X2 W/ 4.85 HOLE
6246996,Not Found,BOWED PANEL 3X7X2 W/ 4.85 HOLE
6524895,Black,"CONE 2X2X2, INVERTED"
6210821,Not Found,CROSS AXLE 32M
6475314,Not Found,"BEAM U-FRAME, 2X3, NO. 1"
6396479,Not Found,GEAR WHEEL Z12
6276836,Not Found,TECHNIC ANGULAR BEAM 3X7
6589318,Not Found,"BRICK 2X1, DIA. 4.9 HOLE, W/ HALF BEAM"
6261793,Not Found,"CARDAN CUP W/ CROSS AXLE, NO. 2"
4503425,Not Found,TECHNIC 5M HALF BEAM
6513874,Not Found,"RIGHT BASE PLATE 2X3, W/ CROSS HOLE"
6268012,Not Found,ANGULAR PANEL 3X5X3 W/ 4.85 HOLE
6470746,Black,PANEL CURVED 3X9X2
6080356,Not Found,FLAT PANEL 3X11M
6331935,Black,"FLAT PANEL 3X7, NO. 1"
6330585,Not Found,"BEAM 11 MODULE, W/ 4.85 HOLE, NO. 1"
6338424,Not Found,"CARDAN BALL W/ CROSS HOLE, NO. 3"
6100930,Not Found,"GEAR WHEEL Z16 W. Ø.4,85"
6493630,Not Found,"BI 3104, 60, 42604 2/3 V29"
6493646,Not Found,"BI 3104, 132+4, 42604 1/3 V39"
6466181,Not Found,"MINI DOLL, HEAD, NO. 455"
6474066,Not Found,"TORSO, WOMAN, W/ ARM, NO. 146"
6523625,Tr. Light Blue,"FLAT TILE 1X2, NO. 386"
6435012,Not Found,"FLAT TILE 1X2, NO. 386"
6493648,Not Found,"BI 3104, 116+4, 42604 3/3 V39"
6466735,Not Found,"MINI DOLL, HEAD, NO. 447"
6474875,Not Found,"PANTS, W/ HIP, NO. 183"
6475556,Not Found,"TORSO,BOY, W/ ARM, NO. 186"
6466331,Medium Nougat,"FLAT TILE 1X1, ROUND, NO. 274"
6493631,Not Found,"BI 3104, 116+4, 42604 3/3 V29"
6493647,Not Found,"BI 3104, 60, 42604 2/3 V39"
6493629,Not Found,"BI 3104, 132+4, 42604 1/3 V29"
6471116,Not Found,"BRICK 1X3X3,INSIDE ARCH,W/ CUTOUT, KNOB"
6466192,Not Found,"MICRO BODY, SKIRT, NO. 39"
6454148,Not Found,MINI FIGURE SNOW BOARD
6474869,Not Found,"TORSO, GIRL, W/ ARM, NO. 555"
6322917,Not Found,"ESCALATOR LINK, NO. 1"
6185471,Medium Stone Grey,"WORM GEAR, 2 MODULE, FOR GEAR WHEEL"
4662228,Black,"SPROCKET, Ø25,8"
6474868,Not Found,"MINI WIG, NO. 290"
6568595,Not Found,"MINI WIG, NO. 290"
6466737,Not Found,"MINI DOLL, HEAD, NO. 448"
6466193,Not Found,"MINI DOLL, HEAD, NO. 456"
6475152,Not Found,"TORSO, GIRL, W/ ARM, NO. 547"
6474073,Not Found,"SKIRT W/ HIP, NO. 277"
6245512,Tr.medium Reddish Violet,MAGIC WAND
6494768,Not Found,"BI 3101, 52, 42605 5/6 V39"
6494769,Not Found,"BI 3101, 76+4, 42605 6/6 V39"
6494765,Not Found,"BI 3101, 52, 42605 2/6 V39"
6472513,Not Found,Dome ø47.84 w. combi hinge
6514329,Transparent,Dome ø47.84 w. combi hinge
6466389,Not Found,"MINI DOLL, HEAD, NO. 443"
6494763,Not Found,"BI 3101, 76+4, 42605 6/6 V29"
6494761,Not Found,"BI 3101, 56, 42605 4/6 V29"
6466394,Not Found,"PANTS, W/ HIP, NO. 33"
6494767,Not Found,"BI 3101, 56, 42605 4/6 V39"
6494764,Not Found,"BI 3101, 76+4, 42605 1/6 V39"
6494766,Not Found,"BI 3101, 56, 42605 3/6 V39"
6508202,Not Found,"WINDSCREEN 6X6X1 1/3, NO. 1"
6494758,Not Found,"BI 3101, 76+4, 42605 1/6 V29"
6438518,Silver Metallic,ICE AXE
6494762,Not Found,"BI 3101, 52, 42605 5/6 V29"
6466390,Not Found,"MINI DOLL, HEAD, NO. 453"
6466388,Not Found,"PANTS, W/ HIP, NO. 32"
6466395,Not Found,"CAT, NO. 45"
6472515,White,"ROOF TILE 6X8, INV. DEG. 45 W/ BOW"
6494759,Not Found,"BI 3101, 52, 42605 2/6 V29"
6466384,Not Found,"MINI DOLL, HEAD, NO. 451"
6469018,Not Found,"FINAL BRICK 2X2, NO. 1034"
6240205,Reddish Brown,MINI WIG NO. 3
6474285,Not Found,"TORSO,BOY, W/ ARM, NO. 184"
6494760,Not Found,"BI 3101, 56, 42605 3/6 V29"
6474755,Not Found,"TORSO, BOY, W/ ARM, NO. 185"
6507878,Tr. Bright Green,ROCK 4X4X1 1/3 UPPER PART
6273330,Black,"WHEEL, DIA. 18X14, W/ 4.85 HOLE, NO. 1"
4179869,White,BRICK 4X6 W/BOW/ANGLE
6108662,White,ROCKET STEP 4X4X2
6512334,Tr. Bright Green,ROCK 4X4X1 2/3 LOWER PART
6299469,Not Found,ROCK 4X4X1 2/3 LOWER PART
6460332,Not Found,"HELMET, NO. 38"
6301425,Medium Stone Grey,PLATE 2X4/2X2X1 W. VERTICAL SN
6493314,Not Found,"BI 3101, 72+4, 42610 V29"
6327722,Black,"MICROPHONE, W/ SHAFT, DIA. 3.2, NO. 8"
6493317,Not Found,"BI 3101, 72+4, 42610 V39"
6466347,Not Found,"FLAT TILE 1X2, NO. 401"
6466332,Not Found,"MINI DOLL, HEAD, NO. 452"
6466183,Not Found,"CAT, NO. 43"
6493634,Not Found,"BI 3102, 60, 42612 V29"
6466184,Not Found,"FLAT TILE 2X4, NO. 322"
6493651,Not Found,"BI 3102, 60, 42612 V39"
6416450,Not Found,"CAT, W/ 1.5 HOLE, NO. 30"
6527362,Not Found,"BI 3106, 156+4, 42614 V29"
6265497,Bright Yellow,"PROPELLER, W/ 1.5 SHAFT, NO. 1"
6416645,Black,"CAT, W/ 1.5 HOLE, NO. 28"
6371960,Black,"MINI WIG, NO. 353"
6466346,Not Found,"FLAT TILE 1X4, NO. 202"
6527363,Not Found,"BI 3106, 156+4, 42614 V39"
6470980,Not Found,"TORSO, GIRL, W/ ARM, NO. 544"
6466342,Not Found,"MINI DOLL, HEAD, NO. 431"
6521564,Not Found,"BI 3106, 144+4, 42618 V29"
6521584,Not Found,"BI 3106, 144+4, 42618 V39"
6484986,Not Found,"TORSO, GIRL, W/ ARM,NO. 570"
6478245,Not Found,"MINI DOLL, HEAD, NO. 469"
6484987,Not Found,"TORSO, WOMAN, W/ ARM, NO. 151"
6170695,Dark Stone Grey,FLYING GOGGLES
6475188,Not Found,"TORSO, GIRL, W/ ARM, NO. 557"
6494756,Not Found,"BI 3104, 228+4, 42619 V29"
6494757,Not Found,"BI 3104, 228+4, 42619 V39"
6466378,Not Found,"MINI DOLL, HEAD, NO. 458"
6345264,Black,MINI LANCE
6466377,Not Found,"FLAT TILE 1X2, NO. 403"
6507907,Transparent,PLANE FRONT 2X10X3
6442317,Black,"FLAT TILE 2X4, INV."
6462470,Not Found,"WIG, NO. 82"
6521566,Not Found,"BI 3102, 56, 42623 V29"
6478819,Not Found,SLANTING STANDARD 2X4/2X2
6483445,Not Found,"TORSO, BOY, W/ ARM, NO. 187"
6476635,Not Found,"FLAT TILE 2X2, ROUND, W/ HOLE, NO. 10"
6510728,Not Found,"MINI WIG, NO. 100"
6476634,Not Found,"DOLPHIN, NO. 5"
6521586,Not Found,"BI 3102, 56, 42623 V39"
6465576,Not Found,"MINI DOLL, HEAD, NO. 420"
6483442,Not Found,"TORSO, GIRL, W/ ARM, NO. 564"
6510643,Not Found,"DOG W/ WHEELS, NO. 5"
6521595,Not Found,"BI 3100, 64+4, 42635 V39"
6484613,Not Found,"TORSO, GIRL, W/ ARM, NO. 567"
6478250,Not Found,"PLATE W/ BOW 3X4X2/3 W/ KNOBS, NO. 17"
6521575,Not Found,"BI 3100, 64+4, 42635 V29"
6438425,Not Found,"TORSO, GIRL, W/ ARM, NO. 502"
6522140,Not Found,"SKIRT W/ HIP, NO. 297"
6522122,Not Found,"TORSO, GIRL, W/ ARM, NO. 601"
6517953,White,"DOG, W/ 1.5 HOLE, NO. 25"
4578677,Black,TYRE HIGH NARROW Ø15 X 6
6554524,Not Found,"BI 3102, 60+4, 42641 V29"
6517951,Not Found,"DOG, W/ 1.5 HOLE, NO. 24"
6554551,Not Found,"BI 3102, 60+4, 42641 V39"
6481602,Nougat,"MINI DOLL, HEAD, NO. 507"
4617848,Black,"TYRE Ø17,6 X 6,24"
6569876,Transparent,"GLASS FOR FRAME 1X2X2, NO. 14"
6580115,Not Found,"BI 3102, 52, 42642 2/2 V29"
6569879,Transparent,"GLASS FOR FRAME 1X2X2, NO. 15"
6580114,Not Found,"BI 3102, 44, 42642 1/2 V29"
6535986,Not Found,ELECTRONIC LEAFLET 39
6409712,Black,OUTER CABLE 64MM
6481614,Reddish Brown,"MINI DOLL, HEAD, NO. 508"
6517216,Black,"MINI WIG, NO. 345"
6481619,White,"ROOF 4X6X2/3, NO. 4"
6481617,White,"BRICK 1X4X3, NO. 20"
6554527,Not Found,"BI 3101, 68+4, 42644 2/2 V29"
6554526,Not Found,"BI 3102, 36, 42644 1/2 V29"
6554553,Not Found,"BI 3102, 36, 42644 1/2 V39"
6522896,White,"TORSO, GIRL, W/ ARM, NO. 603"
6554529,Not Found,"BI 3105, 104+4 42646 V29"
6481630,Not Found,"FERRET, W/ 1.5 HOLE, NO. 3"
6554556,Not Found,"BI 3105, 104+4 42646 V39"
6515613,Not Found,"MINI HEAD, NO. 4338"
6467587,Not Found,"ARM, NO. 8"
6139454,White,"FLAT TILE 2X2, ROUND NO. ""1040"""
6331690,Earth Blue,PLATE 2X3 W. HOLDER
6548976,Vibrant Coral,"RACERS GUARD 2,5 X 4"
6539543,White,"PANDA, NO. 3"
6561468,White,"PANDA, NO. 4"
6561484,White,"PANDA, NO. 5"
6411924,Light Nougat,"TORSO, GIRL, W/ ARM, NO. 465"
6554559,Not Found,"BI 3101, 28, 42649 2/3 V39"
6528428,White,"TORSO, GIRL, W/ ARM, NO. 612"
6466330,Aqua,"MICRO BODY, SKIRT, NO. 38"
6554558,Not Found,"BI 3101, 64+4, 42649 1/3 V39"
6554531,Not Found,"BI 3101, 64+4, 42649 1/3 V29"
6520136,Sienna Brown,"MINI DOLL, HEAD, NO. 511"
6554560,Not Found,"BI 3101, 28, 42649 3/3 V39"
6466329,Medium Nougat,"MINI DOLL, HEAD, NO. 450"
6554533,Not Found,"BI 3101, 28, 42649 3/3 V29"
6554532,Not Found,"BI 3101, 28, 42649 2/3 V29"
6476897,Dark Orange,"LEFT SHELL 2X10X2, OUTSIDE BOW, W/ CUT"
6554535,Not Found,"BI 3104, 156+4, 42652 V29"
6530026,Black,"STRING 500 MM, DIA. 0,5"
6483136,Medium Stone Grey,"RACCOON, W/ HOLE, DIA. 1.5, NO. 4"
6430210,Silver Metallic,CIRCULAR SAW
4521532,Medium Stone Grey,"Spool ø 15,83 x 7,99"
74156,Bright Yellow,MINI ANTENNA YELL./BLACK
6523031,Bright Yellowish Green,"SLIDE, STRAIGHT, 4X6X6"
6554562,Not Found,"BI 3104, 156+4, 42652 V39"
6545267,White,"ROUND TILE 2X2, NO. 1003"
6470074,Dark Orange,"RIGHT SHELL 2X10X2, OUTSIDE BOW, W/ CUT"
6554754,Not Found,"BI 3106, 204+4, 42655 V39"
6554753,Not Found,"BI 3106, 204+4, 42655 V29"
6533452,Not Found,"MINI WIG,W/ HAT, NO. 2"
6574493,Not Found,"MINI WIG,W/ HAT, NO. 2"
6533443,Not Found,"TORSO,BOY, W/ ARM, NO. 211"
6509784,Not Found,"HEADGEAR ACCESSORIES,W/1.5 SHAFT, NO. 4"
6533270,Not Found,"SKIRT W/ HIP, NO. 301"
6520279,Not Found,"MINI DOLL, HEAD, NO. 529"
6508751,Brick Yellow,DUMPLING
6533456,Not Found,"SKIRT W/ HIP, NO. 302"
6372781,Medium Stone Grey,"KITCHEN EQUIPMENT, NO. 2"
6533527,Not Found,"TORSO, WOMAN, W/ ARM, NO. 159"
6520276,Not Found,"MINI DOLL, HEAD, NO. 531"
6520266,Not Found,"MINI DOLL, HEAD, NO. 530"
6580123,Not Found,"BI 3101, 88+4 42659 V29"
6542056,White,"FLAT TILE 1X2, NO. 477"
6554568,Not Found,"BI 3101, 44, 42662 3/3 V39"
6445354,Not Found,"ACCESSORY, W/ 1.5 SHAFT, NO. 1"
6554567,Not Found,"BI 3101, 60+4, 42662 2/3 V39"
6523402,Not Found,"MINI WIG, NO. 376"
6520954,Not Found,"FLAT TILE 1X3, NO. 57"
6469315,Not Found,"PANTS W/ HIP, NO. 182"
6554539,Not Found,"BI 3101, 32, 42662 1/3 V29"
6531743,Not Found,"TORSO,BOY, W/ ARM, NO. 208"
6530536,Not Found,"MINI DOLL, HEAD, NO. 522"
6531977,Not Found,"WIG, W/ 1.5 HOLE, NO. 5"
6554541,Not Found,"BI 3101, 44, 42662 3/3 V29"
6554566,Not Found,"BI 3101, 32, 42662 1/3 V39"
6524913,Not Found,"WIG, W/ 1,5 HOLE, NO. 5"
6531576,Not Found,"PANTS, W/ HIP, NO. 188"
6554540,Not Found,"BI 3101, 60+4, 42662 2/3 V29"
6531558,Not Found,"TORSO, GIRL, W/ ARM, NO. 617"
6329696,White,"ROOF TILE 2X2, 45 DEG., NO. 29"
6554542,Not Found,"BI 3104, 176+4, 42663 V29"
6287847,Warm Gold,"FLAT TILE 1X1, ROUND ""NO. 51"""
6554569,Not Found,"BI 3104, 176+4, 42663 V39"
6378415,White,"PLATE 2X6, W/ FUNCTION, NO. 1"
6520119,Brick Yellow,"FERRET, W/ 1.5 HOLE, NO. 4"
6580021,Not Found,"BI 3100, 28, 42665 1/2 V29"
6580022,Not Found,"BI 3100, 64+4, 42665 2/2 V29"
4243920,Flame Yellowish Orange,DISH Ø24
6547056,Tr.medium Reddish Violet,"TUBE, STRAIGHT"
6534812,Dark Brown,"DOG, W/ HOLE, DIA. 1.5, NO. 50"
6513944,Not Found,DESIGN BRICK 2X2X1 1/3
6096955,Black,STRING 11M W. 2 KNOBS
6542233,Dark Stone Grey,"CAT, NO. 55"
6287612,Warm Gold,"HAT, W/ 1.5 SHAFT"
6554580,Not Found,"BI 3104, 72+4, 42669 3/3 V39"
6554543,Not Found,"BI 3101, 40, 42669 1/3 V29"
6481599,Not Found,"FLAT TILE 2X2, NO. 736"
6527052,Not Found,"TORSO,BOY, W/ ARM, NO. 200"
6199468,Black,"MINI HAT, NO. 46"
6554544,Not Found,"BI 3104, 124+4, 42669 2/3 V29"
6554578,Not Found,"BI 3104, 72+4, 42669 3/3 V29"
6527699,Not Found,"TORSO, BOY, W/ ARM, NO. 203"
6323421,Black,"ROOF TILE 1X2X2/3, ABS, NO. 4"
6481605,White,"BUNNY, W/ 1.5 HOLE, NO. 11"
6520147,Not Found,"MINI DOLL, HEAD, NO. 509"
6556758,Not Found,"MINI HAT, NO. 140"
6554570,Not Found,"BI 3101, 40, 42669 1/3 V39"
6554571,Not Found,"BI 3104, 124+4, 42669 2/3 V39"
6520142,White,"FLAT TILE 1X2, NO. 447"
6520144,Not Found,"MINI DOLL, HEAD, NO. 510"
6522746,Not Found,"CREATURE, NO. 198"
6520716,Umber Brown,"MINI DOLL, HEAD, NO. 521"
6532680,Brick Yellow,"PANTS, W/ HIP, NO. 42"
6520720,Sienna Brown,"MINI DOLL, HEAD, NO. 518"
6520713,Medium Nougat,"MINI DOLL, HEAD, NO. 516"
6530917,White,"TORSO, WOMAN, W/ ARM, NO. 157"
6520117,Light Nougat,"MINI DOLL, HEAD, NO. 520"
6520722,Light Nougat,"MINI DOLL, HEAD, NO. 519"
6510657,Not Found,"FLAT TILE 1X1, ROUND, NO. 325"
6586962,Medium Lavender,MINI DOLL BABY BODY
6532471,Medium Lavender,MINI DOLL BABY BODY
6520725,Bright Yellowish Green,"MINI DOLL BABY HEAD, NO. 3"
6554572,Not Found,"BI 3104, 128+4, 42670 1/2 V39"
6554546,Not Found,"BI 3104, 320+4, 42670 2/2 V29"
6554545,Not Found,"BI 3104, 128+4, 42670 1/2 V29"
6530798,Medium Nougat,"TORSO,BOY, W/ ARM, NO. 206"
6465587,Cool Yellow,"MICRO BODY, SKIRT, NO. 34"
6481838,Not Found,"OWL, NO. 18"
6530916,New Dark Red,"MINI WIG, NO. 143"
6531001,Light Nougat,"TORSO, WOMAN, W/ ARM, NO. 158"
6466352,Reddish Brown,"HEDGEHOG, W/ 1,5 HOLE, NO. 2"
6530835,White,"TORSO,BOY, W/ ARM, NO. 207"
6520724,Tr. Light Blue,"PARABOLIC REFLECTOR DIA. 24X6.4, NO. 6"
6531177,Cool Yellow,"SKIRT W/ HIP, NO. 300"
6554573,Not Found,"BI 3104, 320+4, 42670 2/2 V39"
6474483,Bright Yellowish Green,"WIG, NO. 61"
6531025,White,"TORSO, GIRL, W/ ARM, NO. 616"
6549861,White,SNAKE W/ 3.2 SHAFT NO. 1
6550595,Not Found,"TORSO, GIRL, W/ ARM, NO. 638"
6519109,Reddish Brown,"SHAFT 6 MODULE, W/ FLANGE"
6132824,White,TEA POT
6546544,Not Found,"MINI DOLL, HEAD, NO. 547"
6543136,Bright Bluish Green,"MINI COSTUME, NO. 79"
6543142,White,"CREATURE, W/ 1.5 HOLE, NO. 66"
6540019,Medium Lavender,"CAPE, NO. 103"
6403581,Silver Metallic,VISIR
6483114,Dark Brown,"WIG, W/ ACCESSORY, NO. 9"
6601726,Dark Brown,"WIG, W/ ACCESSORY, NO. 9"
6543137,Spring Yellowish Green,"FLAT TILE 1X1, ROUND, NO. 341"
6078442,Silver Metallic,MINI LONG SWORD
4539951,Black,ADMIRAL'S HAT
6580030,Not Found,"BI 3106, 112+4, 42674 2/3V29"
6509759,Bright Yellowish Green,"ANTENNA W/ 1.5 SHAFT, NO. 1"
6046398,Silver Metallic,LASER PISTOL
6523577,Medium Azur,DOME Ø32
6537800,Warm Gold,"MINI SHIELD, NO. 35"
6543140,Medium Azur,"FLAT TILE 1X1, ROUND, NO. 342"
6589003,Bright Yellow,"HAT, W/ 1.5 SHAFT, NO. 11"
6514414,Not Found,"DESIGN PLATE, 5X5X2/3, NO. 1"
6589004,Bright Yellowish Green,"SHOPPING CART, NO. 1"
6581551,White,"FLAT TILE 2X2, ROUND, NO. 1356"
6581550,White,"TILE 3X3, CIRCLE, NO. 53"
4582437,Brick Yellow,WHITE BREAD
6329597,White,"FLAT TILE 1X2, NO. 303"
6581575,Light Purple,"FLAT TILE 2X2, NO. 797"
6581576,Medium Azur,"FLAT TILE 2X2, NO. 799"
6453335,Dark Stone Grey,"RAMP, 8X5X2/3"
6581578,Light Purple,"CREATURE, NO. 242"
6659884,Light Purple,"CREATURE, NO. 242"
6575379,Not Found,"MINI DOLL, HEAD, NO. 563"
6581526,Bright Yellow,"FLAT TILE 2X2, NO. 806"
6575386,Bright Purple,"FLAT TILE 2X2, NO. 798"
6581594,White,"TILE, 6X6, CIRCLE, NO. 4"
6591230,Bright Green,OUTER CABLE 272MM
6591323,Medium Lavender,"BICYCLE FRAME, NO. 5"
6581599,Not Found,"BUNNY, W/ 1.5 HOLE, NO. 15"
6581617,Bright Blue,"FLAT TILE 2X2, NO. 815"
6575432,Reddish Orange,"CAT, NO. 58"
6581616,White,"FLAT TILE 2X2, NO. 814"
6588999,Silver Ink,"TEA POT, NO. 5"
6581618,Transparent,"FLAT TILE 1X2, NO. 508"
6286351,Gold Ink,"PLATE 1X1X2/3, OUTSIDE BOW, NO. 1"
6546105,Silver Ink,"ROUND PLATE 1X1 ""NO. 1000"""
6593280,Not Found,"TORSO,BOY, W/ ARM, NO. 227"
6370531,Black,"MINI DOLL WIG, NO. 53"
6575298,Ochre Yellow,"FOAL, W/ HOLE, DIA. 1.5, NO. 11"
6533019,Multicombination 5,"MINI WIG, W/ HELMET, NO. 11"
6566162,Medium Lavender,"HORSE BLANKET, NO. 1"
6440111,Bright Bluish Green,SADDLE 2X2 W 1 KNOB
6575297,Bright Yellowish Green,"FROG, NO. 7"
6466780,Brick Yellow,"HORSE, NO. 32"
6600030,Multicombination 15,"WIG, W/ HAT, NO. 28"
6580456,Cool Yellow,SHUTTER 1X2X3 W. SHAFT Ø3.2
6581643,Medium Brown,"SEAL, W/ 1.5 HOLE, NO. 2"
6584648,Light Purple,"PUNCHED TEXTILE ELEMENT, NO. 21"
6593116,Not Found,TECHNIC STICK
6340682,Not Found,"PLATE 8X4X2/3, 1/2 CIRCLE, CUT OUT"
6353587,Not Found,"PLATE 8X4X2/3, 1/2 CIRCLE, CUT OUT"
6567386,Not Found,"ACCESSORY, W/ 1.5 SHAFT, NO. 5"
6578194,Not Found,"LEAF 1X3X2/3, NO. 1"
6659807,Not Found,"SHELL, W/ 3.2 SHAFT, NO. 14"
6545848,Vibrant Yellow,"ACCESSORIES, MARINE LIFE, NO. 1"
6576896,Not Found,"DESIGN ELEMENT, NO. 8"
6452863,Reddish Orange,"ANGLE ELEMENT, DEG. 168.75"
6270116,Not Found,TRIDENT W. Ø3.2 SHAFT
6410056,Not Found,"PLATE 1X1, W/ 3.2 SHAFT & 1.5 HOLE, NO.1"
6009771,Not Found,"RING Ø.7.5 ""NO.1"""
6573821,Tr. Light Blue,"TILE 2X2, W/ BOW, NO. 21"
6592326,Not Found,"PLATE 5X8, 1/2 CIRCLE, W/ CUTOUT, NO. 1"
6485111,Not Found,"HAT, W/ 1.5 SHAFT, NO. 8"
6437702,White,STEERING WHEEL NO. 1
6541847,Not Found,"FLAT TILE 2X2, ROUND, NO. 1341"
6584274,Not Found,"BI 3102, 96+4 43271 1/2 V29"
6541845,Not Found,"PLATE W/ BOW 2X4X2/3, NO. 4"
4535745,Dark Stone Grey,FLEX RAIL 4x8
6353833,Not Found,"BI 3106, 40, 60304 V29"
6170708,Medium Stone Grey,STANDARD WITH FOOT 2X2X5
6329595,White,"FOUR-SIDED SIGN W/ SNAP, NO. 6"
6353834,Not Found,"BI 3106, 40, 60304 V39"
6317588,White,"ROUND SIGN, 50"
6328358,Not Found,"PLATE 8X16X2/3, W/ 6 CUT OUT, NO. 1"
6215341,Earth Blue,"FLAT TILE 1X4, NO. 115"
6404602,Not Found,"BI 3106, 164+4, 60316 2/3 V29/V118"
6590106,Not Found,"BI 3106, 164+4, 60316 2/3 V29/V118"
6247801,Not Found,INVERTED WINDSCREEN 3X4X4
6507940,Tr. Light Blue,INVERTED WINDSCREEN 3X4X4
6360824,Dark Stone Grey,BALL CUP 3M Ø10.2
6387165,Bright Blue,"BRICK 1X4, NO. 84"
6590108,Not Found,"BI 3101, 64+4, 60316 3/3 V29/V118"
6404604,Not Found,"BI 3101, 64+4, 60316 3/3 V29/V118"
6404600,Not Found,"BI 3101, 52, 60316 1/3 V29/V118"
6590104,Not Found,"BI 3101, 52, 60316 1/3 V29/V118"
6389822,Not Found,ROOF TILE 1X6X5
6448374,Bright Blue,ROOF TILE 1X6X5
6288016,Bright Yellow,"MINI HEAD, NO. 3068"
6176658,Light Royal Blue,"MINI UPPER PART, NO. 3699"
6384850,Bright Yellow,"MINI HEAD, NO. 3672"
6404603,Not Found,"BI 3106, 164+4, 60316 2/3 V39/V142"
6390143,Bright Green,"MINI UPPER PART, NO. 5984"
6062482,Dark Stone Grey,BALUSTRADE 1X8X2
6143247,Titanium Metallic,LATTICE FOR FRAME 4X6
6384846,Sand Yellow,"MINI LOWER PART, NO. 2245"
6404601,Not Found,"BI 3101, 52, 60316 1/3 V39/V142"
6407164,Reddish Brown,WIG W/ BEARD NO. 1
6268924,Medium Stone Grey,"ANGLE ELEMENT, 90 DEGREES [6]"
6268922,Bright Red,"ANGLE ELEMENT, 90 DEGREES [6]"
6016165,Bright Blue,PLATE 4X6 26 DEGREES
6404605,Not Found,"BI 3101, 64+4, 60316 3/3 V39/V142"
6618626,Bright Green,"MINI HAT, NO. 262"
6369923,Multicombination 1,"BEARING ELEMENT 2X4, MINI SNAP"
6384853,Not Found,"MINI HEAD, NO. 3375"
6047056,Medium Blue,MINI LOWER PART 102
6293876,Not Found,"MINI UPPER PART, NO. 4945"
6390146,New Dark Red,"MINI UPPER PART, NO. 5985"
6291791,Dark Stone Grey,"FLAT TILE 1X2, NO. 276"
4614195,Medium Nougat,DOG W. DECO
6325437,Multicombination 1,"ARROW W/ 3.2 SHAFT, NO. 2"
6512338,Multicombination 1,"ARROW W/ 3.2 SHAFT, NO. 2"
6400456,Not Found,"BI 3101, 72+4, 60320 2/3 V39/V142"
6025192,Not Found,DOG WITH DECO NO. 3
6205341,Bright Yellow,"MINI HEAD, NO. 2399"
6271639,Dark Stone Grey,ROTORBLAD 8M
6400453,Not Found,"BI 3101, 40, 60320 1/3 V29/V118"
6250502,Not Found,"MINI LOWER PART, NO. 1598"
4525236,Not Found,PLATE 2X4X1 1/3 W. SIDE BOW
6133554,Bright Red,PLATE 2X4X1 1/3 W. SIDE BOW
6175184,White,"FLAT TILE 2X2, NO. 321"
6351294,Medium Stone Grey,DISK SHOOTER 1 X 4
6400458,Not Found,"BI 3106, 132+4, 60320 3/3 V39/V142"
6271640,Not Found,GARAGE PANEL
4582155,Not Found,BRICK 1X2X5 W. GROOVE
6169980,Not Found,WICKET 4X4
6400455,Not Found,"BI 3101, 72+4, 60320 2/3 V29/V118"
6271751,Not Found,"MINI UPPER PART, NO. 4818"
6107171,Not Found,JET ENGINE
6248542,Multicombination 2,"AXE, NO. 2"
6375490,Dark Stone Grey,"CAT, NO. 16"
6296378,Dark Stone Grey,"BRICK 2X6X11/3, W/ SHOOTER"
6381754,Not Found,"MINI UPPER PART, NO. 5893"
6325390,Tr. Bright Orange,DESIGN BRICK 1X4
6400454,Not Found,"BI 3101, 40, 60320 1/3 V39/V142"
6400457,Not Found,"BI 3106, 132+4, 60320 3/3 V29/V118"
6381740,Not Found,PLATE 6X12 W. 22 KNOBS
6404679,Not Found,"BI 3104, 128+4, 60330 3/3 V39/V142"
6404677,Not Found,"BI 3101, 60, 60330 2/3 V39/V142"
6404678,Not Found,"BI 3104, 128+4, 60330 3/3 V29/V118"
6303538,Not Found,"MINI HEAD, NO. 3677"
6357677,Not Found,"MINI UPPER PART, NO. 5747"
6392062,White,"MINI UPPER PART, NO. 5993"
6404676,Not Found,"BI 3101, 60, 60330 2/3 V29/V118"
6404675,Not Found,"BI 3101, 44, 60330 1/3 V39/V142"
6102769,Not Found,HINGE PLATE 1X2
6339078,Not Found,"VISOR, NO. 24"
6384080,Not Found,"FLAT TILE 2X2, NO. 608"
6402798,Not Found,"MINI WIG, NO. 111"
6392173,Not Found,"MINI UPPER PART, NO. 6001"
6404674,Not Found,"BI 3101, 44, 60330 1/3 V29/V118"
6352891,Not Found,"MINI UPPER PART, NO. 5670"
6305730,Bright Yellow,"MINI HEAD, NO. 3680"
6283869,Not Found,"MINI UPPER PART, NO. 4900"
6407074,Not Found,MINI WIG NO. 7
6039464,Bright Yellow,"MINI HEAD NO. ""752"""
6392114,Bright Green,"MINI UPPER PART, NO. 5997"
6052204,Medium Stone Grey,"FLAT TILE 2X2, ROUND ""UDLUFT"""
6303546,Not Found,"MINI HEAD, NO. 3679"
6356437,Not Found,"MINI UPPER PART, NO. 5726"
6339079,Not Found,"MINI HEAD, NO. 3535"
6392156,Not Found,"MINI UPPER PART, NO. 5998"
6384086,Not Found,"MINI HEAD, NO. 3676"
6382532,Black,"MINI WIG, NO. 337"
6329579,Not Found,"FOUR-SIDED SIGN W/ SNAP, NO. 5"
6269048,Bright Green,LEAVES 3 ELEMENTS
6424313,Not Found,"BI 3106, 36, 60337 1/4 V39/V142"
6607938,Not Found,"BI 3106, 84+4, 60337 2/4 V29/V118"
6447728,Not Found,"BI 3106, 84+4, 60337 2/4 V29/V118"
6145779,Not Found,"CABLE LIGHT, NO. 2"
6556061,Not Found,"CABLE LIGHT, NO. 2"
6490645,Not Found,"BI 3106, 36, 60337 1/4 V29/V118"
6607939,Not Found,"BI 3106, 36, 60337 1/4 V29/V118"
6424309,Not Found,"BI 3106, 36, 60337 1/4 V29/V118"
6400050,Bright Bluish Green,"MINI UPPER PART, NO. 6165"
6031896,Dark Stone Grey,BOTTOM 6X8 W. DOUBLE BOW INVERTED
4594847,Dark Stone Grey,CHASSIS 6X28X6.4
6400053,Bright Bluish Green,"MINI UPPER PART, NO. 6166"
6388304,Not Found,BACKPACK
6524549,Not Found,BACKPACK
6415250,Not Found,BACKPACK
6254293,Not Found,COCKPIT 4X8X2 3.2
6507964,Tr. Brown,COCKPIT 4X8X2 3.2
6607936,Not Found,"BI 3106, 48, 60337 3/4 V29/V118"
6424311,Not Found,"BI 3106, 48, 60337 3/4 V29/V118"
6607937,Not Found,"BI 3106, 44, 60337 4/4 V29/V118"
6424312,Not Found,"BI 3106, 44, 60337 4/4 V29/V118"
6334384,Not Found,CHASSIS 6X16X2 2/3
6448372,Dark Stone Grey,CHASSIS 6X16X2 2/3
6048746,Black,FRONT 4X6X1
6214559,Not Found,"MOTOR, NO. 4"
6253474,Black,BOGIE 3X6
6424314,Not Found,"BI 3106, 84+4, 60337 2/4 V39/V142"
6306824,Bright Yellow,"MINI HEAD, NO. 3159"
6413626,Bright Yellow,BOGIE PLATE 4X6
6424315,Not Found,"BI 3106, 48, 60337 3/4 V39/V142"
6370369,Not Found,HUB NO. 4
6569775,Not Found,HUB NO. 4
6400763,Bright Blue,"MINI UPPER PART, NO. 6176"
6329582,White,"ROOF TILE 2X2, 45 DEG., NO. 28"
6398324,Dark Stone Grey,TANK BOTTOM 8X6X2
6569777,Not Found,"HANDSET, NO. 2"
6353152,Not Found,"HANDSET, NO. 2"
6465872,Not Found,"HANDSET, NO. 2"
6356563,Not Found,"MINI UPPER PART, NO. 5735"
6275092,Not Found,"MINI UPPER PART, NO. 4838"
6424316,Not Found,"BI 3106, 44, 60337 4/4 V39/V142"
6253473,Black,"TRAIN WHEEL, DIA. 16.6/23 MM"
6392866,Bright Yellowish Green,"ROOF TILE 1X8X3, DEG. 25, NO. 1"
6124264,Bright Yellow,"MINI HEAD ""NO. 1776"""
6404761,Not Found,"BI 3101, 36, 60350 1/3 V39/V142"
6387880,Not Found,CLAW 2X7X2.5 SH. Ø3.2 NO FRIC.
6390119,Not Found,SPACE VISOR
6384566,Not Found,"MINI LOWER PART, NO. 2252"
6315195,Not Found,"PLATE, 4X4X2/3, CIRCLE, W/ REDUCED KNOBS"
6382572,Not Found,"ROCK 4X4X1 2/3 LOWER PART, NO. 2"
6343889,Not Found,"DRUM 2X2X2, NO. 1"
6404765,Not Found,"BI 3104, 132+4, 60350 3/3 V39/V142"
6390206,Not Found,"RIM NO.2 Ø11,176X6,2"
6103444,Silver Metallic,TOOL WHEEL
6384572,Not Found,"PLATE, W/ BOW 2X2X2/3, NO. 58"
6390702,Not Found,"MINI UPPER PART, NO. 5988"
6389712,White,"SHELL 6X9X4 1/3, OUTSIDE BOW"
6389899,Not Found,"MINI UPPER PART, NO. 5976"
4211487,Medium Stone Grey,PARABOLA Ø48
3200126,Black,1PLATE 2X6 W. HOLES
6096957,Black,STRING 40 M W. 2 KNOBS
6115160,Not Found,"FLAT TILE 1X2 ""NO. 144"""
4284006,White,BOW TOP 8X8X2 Ø4.85
6248885,Tr. Light Blue,CRYSTAL W/CORED KNOB
6404762,Not Found,"BI 3105, 44, 60350 2/3 V29/V118"
6404764,Not Found,"BI 3104, 132+4, 60350 3/3 V29/V118"
6250155,Not Found,"COCKPIT DIA. 47,79 W/ SHAFT DIA. 3,2"
6287500,Not Found,PLATE 1X2X4 W. TUBE
6138752,Dark Stone Grey,MOUNTAIN BRICK 8X8X6
6404763,Not Found,"BI 3105, 44, 60350 2/3 V39/V142"
4163984,Not Found,ROOF TILE 2X8/45°
6295159,Not Found,"SHELL 7X15X2, W/ 4.85 HOLE, NO. 1"
6384301,Not Found,"MINI LOWER PART, NO. 2255"
6382567,Not Found,"ROCK 4X4X1 1/3 UPPER PART, NO. 1"
6174454,Not Found,"MINI HEAD, NO. 2109"
6387879,Medium Stone Grey,"WALL 3X3X6, WRY 45 DEGR."
6263432,Not Found,"SPACE VISOR, NO. 1002"
6404760,Not Found,"BI 3101, 36, 60350 1/3 V29/V118"
6389826,Not Found,"MINI UPPER PART, NO. 5974"
6389713,Not Found,"SHELL 6X7X2 2/3, OUTSIDE BOW"
6376547,Not Found,"ROCK LOWER PART, NO. 1"
6442992,Not Found,"MINI UPPER PART, NO. 6608"
6466350,Not Found,"BI 3106, 40, 60363 3/3 V29"
6491752,Not Found,"BI 3101, 40, 60363 1/3 V29"
6466313,Not Found,"BI 3106, 48, 60363 2/3 V29"
6446684,Not Found,"MINI UPPER PART, NO. 6693"
6442278,Not Found,BRICK 4X4 ¼ CIRCLE
6446178,Not Found,"MINI COSTUME, NO. 60"
6466312,Not Found,"BI 3101, 40, 60363 1/3 V39"
6466351,Not Found,"BI 3106, 40, 60363 3/3 V39"
6446179,Not Found,"MINI UPPER PART, NO. 6682"
6447378,Not Found,"MINI HEAD, NO. 4071"
6440959,Not Found,"PLATE 8X8, DEG. 90, NO. 1"
6466315,Not Found,"BI 3106, 48, 60363 2/3 V39"
6329591,Medium Blue,"BRICK 1X1, NO. 26"
6143596,Not Found,SPHERE 2X2X1 1/3 INVERTED
6267133,Not Found,"BRICK 1X2, FORK W/ FRICTION, HOR., END"
6449329,Not Found,"BI 3101, 52, 60371 1/4 V29/V118"
6449335,Not Found,"BI 3101, 60+4, 60371 3/4 V39/V142"
6449337,Not Found,"BI 3106, 108+4, 60371 4/4 V39/V142"
6449336,Not Found,"BI 3106, 108+4, 60371 4/4 V29/V118"
6331421,Not Found,PLATE 2X6X2/3 W/ 4 HOR. KNOB
6266348,Black,FLAP 2X8 FRICTION/FORK
6449333,Not Found,"BI 3101, 60+4, 60371 3/4 V29/V118"
6449331,Not Found,"BI 3101, 56, 60371 2/4 V29/V118"
6419091,Not Found,"MINI HEAD, NO. 3916"
6449330,Not Found,"BI 3101, 52, 60371 1/4 V39/V142"
6419093,Not Found,"MINI HEAD, NO. 3919"
6419089,Not Found,"MINI HEAD, NO. 3918"
6432298,Bright Green,"PLATE 8X8X2/3, W/ 4 CUT OUT, NO. 1"
6430528,Not Found,"MINI UPPER PART, NO. 6417"
6360675,Dark Stone Grey,"TRIGGER, NO. 1"
6152450,Medium Lavender,MINI UPPER PART NO. 3424
6449332,Not Found,"BI 3101, 56, 60371 2/4 V39/V142"
6301841,Not Found,COCKPIT 8X4X2 W/ 3.2 SHAFT
6360382,Not Found,"PLATE 1X2, W/ SHOOTER, NO. 1"
4658974,Not Found,ROOF TILE 4X4/45° INV.
4157108,Black,MINI PIXIE CAP
6493804,Not Found,"BI 3101, 56, 60375 1/3 V29"
6044636,Silver Metallic,FLEX HOSE 19M W/3. 18 STICK
6419118,Bright Red,"BRICK 1X4X3, NO. 10"
6428819,Dark Stone Grey,LID ½ FOR FRAME 1X4X3
6377230,Not Found,"3.2 SHAFT ELEMENT, NO. 2"
6270480,White,"MINI UPPER PART, NO. 4792"
383526,Black,MINI FIREMAN'S AXE
6449352,Not Found,"BI 3101, 52, 60375 2/3 V29"
6419116,Not Found,"GLASS FOR FRAME 1X6X6, NO. 1"
6511472,Not Found,"GLASS FOR FRAME 1X6X6, NO. 1"
6449354,Not Found,"BI 3101, 56, 60375 3/3 V29"
6351352,Not Found,"MINI HEAD, NO. 3540"
4528164,Not Found,FRAME 2X4X3
6449353,Not Found,"BI 3101, 52, 60375 2/3 V39"
6449351,Not Found,"BI 3101, 56, 60375 1/3 V39"
6449355,Not Found,"BI 3101, 56, 60375 3/3 V39"
6419117,Not Found,"FLAT TILE 2X4, NO. 297"
6422248,Not Found,FRAME 2X8X6
6425483,Dark Azur,"MINI UPPER PART, NO. 6366"
6493768,Not Found,"BI 3101, 100+4, 60384 V29"
6419171,Not Found,"MINI HAT, NO. 190"
6444313,Not Found,"BI 3101, 100+4, 60384 V39"
6444348,Not Found,"BI 3101, 52, 60386 3/3 V29"
6444321,Not Found,"BI 3101, 60, 60386 2/3 V39"
6444320,Not Found,"BI 3101, 60, 60386 2/3 V29"
6405725,Not Found,"CAT, NO. 25"
6444319,Not Found,"BI 3101, 36, 60386 1/3 V39"
6424033,Not Found,"MINI UPPER PART, NO. 6358"
6493774,Not Found,"BI 3101, 36, 60386 1/3 V29"
6167025,Not Found,WING REAR
6444349,Not Found,"BI 3101, 52, 60386 3/3 V39"
6240526,Not Found,CRASH BAR 4X6X3
6490977,Not Found,"BI 3102, 56, 60401 V39"
6490960,Not Found,"BI 3102, 56, 60401 V29"
6248793,Not Found,"TYRE, OFF-ROAD, WIDE, DIA. 37X14, NO. 1"
6518604,Black,"TYRE, OFF-ROAD, WIDE, DIA. 37X14, NO. 1"
6510170,Not Found,"WINDSCREEN 4X5X1, 1/3 W/ STUDS"
6468323,Not Found,"FLAT TILE 1X6, NO. 41"
6315899,Black,MODULE BUSH
6490981,Not Found,"BI 3101, 52, 60404 1/2 V39"
6490964,Not Found,"BI 3101, 52, 60404 1/2 V29"
6490982,Not Found,"BI 3102, 48/65G 60404 2/2 V39"
6438262,Not Found,"WIG, W/ ACCESSORY, NO. 6"
6461942,Not Found,"FLAT TILE 2X2, ROUND, NO. 1286"
6490965,Not Found,"BI 3102, 48/65G 60404 2/2 V29"
6469346,Not Found,"TILE 4X4, NO. 4"
6469138,Not Found,"MINI UPPER PART, NO. 6857"
6461941,Not Found,"TILE 2X6, NO. 30"
6492732,Not Found,"BI 3101, 76+4, 60415 V29"
6471326,Vibrant Yellow,"MINI UPPER PART, NO. 6892"
6492742,Not Found,"BI 3101, 76+4, 60415 V39"
6170384,Not Found,"CHASSIS 6X12, NO. 1"
6465425,Not Found,"FLAT TILE 2X3, NO. 128"
6155002,Not Found,WIG LADY PAGE
6472492,Not Found,"MINI UPPER PART, NO. 6905"
6517777,Not Found,"BI 3104, 140+4, 60434 2/4 V39"
6443861,Not Found,TELESCOPIC ARM 2X1 1/3X16
4211007,Dark Stone Grey,MINI PICKAXE
6096944,Medium Stone Grey,ROUND PLATE Ø64X9.6
6517776,Not Found,"BI 3104, 140+4, 60434 2/4 V29"
6465828,Not Found,"MINI HEAD, NO. 4237"
6379168,Not Found,RUDDER 1X8 W/ SHAPE
4209683,Not Found,SHELL 6X10X2 INV.
6507948,Not Found,COCKPIT 6X6X2
6021678,Black,SEAT 2X3X2
6492840,Not Found,"BI 3101, 56, 60434 1/4 V29"
6475304,Not Found,"MINI UPPER PART, NO. 6944"
6507928,Not Found,"SHELL 6X10X2 W/BOW/ANGLE, PC"
6492854,Not Found,"BI 3101, 80+4, 60434 3/4 V39"
6492852,Not Found,"BI 3101, 56, 60434 1/4 V39"
6431485,Not Found,"STRING 1500MM, DIA. 1,0"
6168708,Not Found,ARMOR FOR HAND W/Ø 3.2 SHAFT
6475190,Not Found,"MINI UPPER PART, NO. 6941"
6475181,Not Found,"MINI HELMET, NO. 438"
6462019,Not Found,"MINI HELMET, NO. 438"
4239891,Dark Stone Grey,BOBBIN
6492855,Not Found,"BI 3106, 36, 60434 4/4 V39"
6465826,Not Found,"FLAT TILE 1X2, NO. 402"
6010831,Not Found,ROUND PLATE 2X2 W/EYE
6429739,Not Found,"MINI HEAD, NO. 3926"
6419094,Not Found,"MINI HEAD, NO. 3920"
6492842,Not Found,"BI 3101, 80+4, 60434 3/4 V29"
6492843,Not Found,"BI 3106, 36, 60434 4/4 V29"
6465625,Not Found,"MINI CLOTHING, W/ KNOBS, NO. 5"
6473469,Not Found,"MINI UPPER PART, NO. 6907"
6469938,Not Found,"MINI UPPER PART, NO. 6870"
6466716,Reddish Orange,PARABOLIC REFLECTOR Ø48
6480736,Not Found,"FRONT SHELL 6X6X2 1/3, NO. 3"
6438265,Not Found,"WIG, W/ ACCESSORY, NO. 7"
6369933,Not Found,"FRONT SHELL 6X6X2 1/3, NO. 1"
6413328,Not Found,BRICK 2X2 W/STUB VERTICAL
6521775,Not Found,"BI 3101, 36, 60435 2/2 V29"
6521774,Not Found,"BI 3101, 72+4, 60435 1/2 V29"
6418390,Not Found,BRICK 1X6 FRIC/STUB/FORK VERT.
6480737,Not Found,"PLATE W/ BOW 3X4X2/3 W/ KNOBS, NO. 18"
6489458,Sand Blue,"MINI UPPER PART, NO. 7092"
6352696,Multicombination 1,WAGGON BOTTOM 4X10
6271205,Not Found,"MINI UPPER PART, NO. 4813"
6480738,Medium Stone Grey,"FLAT TILE 2X4, NO. 333"
6521799,Not Found,"BI 3101, 72+4, 60435 1/2 V39"
6521800,Not Found,"BI 3101, 36, 60435 2/2 V39"
6058966,Not Found,SPOILER W. SHAFT Ø 3.2
6266320,Not Found,BALL COUPLING FRICTION/FORK
6480739,White,"FLAT TILE 1X6, NO. 45"
6515501,Not Found,"BI 3101, 48, 60439 2/4 V29"
6475147,Not Found,"MINI UPPER PART, NO. 6939"
6515502,Not Found,"BI 3101, 44, 60439 3/4 V29"
6515504,Not Found,"BI 3101, 60+4, 60439 1/4 V39"
6329640,Not Found,"MINI HEAD, NO. 3376"
6515500,Not Found,"BI 3101, 60+4, 60439 1/4 V29"
6515506,Not Found,"BI 3101, 44, 60439 3/4 V39"
6515505,Not Found,"BI 3101, 48, 60439 2/4 V39"
6515507,Not Found,"BI 3106, 52, 60439 4/4 V39"
6477192,Not Found,"CREATURE BODY, NO. 48"
6515503,Not Found,"BI 3106, 52, 60439 4/4 V29"
6465631,Bright Yellow,"MINI HEAD, NO. 4221"
6547788,Not Found,"BI 3101, 84+4 60452 1/2 V39"
6519477,White,"FLAT TILE 2X3, NO. 152"
6519476,White,"FLAT TILE 2X3, NO. 151"
6547779,Not Found,"BI 3101, 64+4, 60452 2/2 V29"
6470966,Light Royal Blue,"MINI UPPER PART, NO. 6884"
6547789,Not Found,"BI 3101, 64+4, 60452 2/2 V39"
6519475,Bright Purple,"TILE 2X2, W/ BOW, NO. 19"
6528050,Not Found,"MINI UPPER PART, NO. 7373"
6547778,Not Found,"BI 3101, 84+4 60452 1/2 V29"
6519478,White,"TILE 2X6, NO. 45"
6525731,Brick Yellow,CIRCLE BRICK 6X6 W/4.85 HOLE
6547780,Not Found,"BI 3101, 96+4 60453 V29"
6387143,Not Found,"MINI LOWER PART, NO. 2054"
6434820,Medium Stone Grey,"SHARK, JAW, NO. 5"
6547790,Not Found,"BI 3101, 96+4 60453 V39"
6525020,Medium Stone Grey,"MINI UPPER PART, NO. 7358"
6437968,Not Found,SHARK BODY 6X9
6484901,Not Found,"BRICK, W/ PLATE 1X5X1 1/3​"
6525964,Not Found,RESCUE CAN 3M
6525018,Not Found,"MINI UPPER PART, NO. 7356"
6521194,Not Found,"GLASS DOOR FOR FRAME 1X4X6, NO. 3"
6160320,Not Found,"MINI GUITAR, NO. 3"
6557542,Not Found,"BI 3101, 176+4, 60454 V29"
6226749,Not Found,"MINI HEAD, NO. 2614"
6233539,Not Found,"MINI CONTAINER, NO. 4"
6421752,Not Found,"FLAT TILE 1X2, NO. 364"
4211443,Not Found,"BRICK 1X16, Ø4,9"
6310580,Bright Bluish Green,"MINI UPPER PART, NO. 5207"
6310366,Dark Brown,OPEN BOX 1X3
6581990,Not Found,"BI 3106, 64+4, 60469 2/3 V29"
6314473,Medium Stone Grey,BRICK 1X4 FRIC/STUB/FORK VERT.
6523304,Not Found,"TILE 3X3, CIRCLE, NO. 46"
6472889,Black,GEAR BLOCK 6X6X5
6524799,Not Found,"CRUTCH, NO. 2"
6356860,Black,"MINI WIG, NO. 334"
4568933,Not Found,MINI WIG NO. 8
6648020,Not Found,MINI WIG NO. 8
6271542,Not Found,STUB W/ FRICTION BUSH 3 M
6524887,Not Found,"BIRD, NO. 32"
6528985,Not Found,"MINI UPPER PART, NO. 7386"
6427520,Not Found,"FRAME 3X6X6, W/ REDUCED KNOBS, CUT OUT"
6224063,Not Found,MINI HEAD NO. 2590
6581989,Not Found,"BI 3102, 32, 60469 1/3 V29"
6476009,Not Found,BASKET 2X3X2 WITH FORK
6105708,Not Found,"MINI HEAD ""NO. 1635"""
6581991,Not Found,"BI 3104, 168+4, 60469 3/3 V29"
6539540,Not Found,"RAIL STRAIGHT 16 MODULE, NO. 1"
6530288,Not Found,"PLATE, W/ BOW 2X2X2/3, NO. 102"
6579689,Not Found,"BRICK 1X4, NO. 109"
6606823,Not Found,"BI 3108, 60+4, 60481 V29"
6583785,Not Found,"MINI FIGURE, BABY HEAD, NO. 17"
6606824,Not Found,"BI 3108, 60+4, 60482 V29"
6583786,Vibrant Yellow,"MINI FIGURE, BABY HEAD, NO. 18"
6588088,Not Found,"BRICK 1X2X2, NO. 286"
6579692,Not Found,"PLATE 4X4, W/ 4 KNOBS, NO. 41"
6579693,Not Found,"PLATE 4X4X2/3, NO. 31"
6514072,Not Found,"WINDSCREEN 4X3X3, W/ SHARP EDGE"
6583787,Not Found,"MINI FIGURE, BABY HEAD, NO. 19"
6593088,Not Found,SHOVEL 4X6X2 1/3 FRIC/FORK
6593091,Not Found,HOOK W. BALL 1X3
6493199,Not Found,"FLAT TILE 1X1, NO. 315"
6579695,Not Found,"FLAT TILE 2X2, NO. 794"
6586858,Not Found,WINDSCREEN 36 GR. 3X4X1 1/3
6579696,Not Found,"PLATE 3X4, W/ 4 KNOBS, NO. 10"
6583790,Not Found,"MINI FIGURE, BABY HEAD, NO. 20"
6584272,Not Found,FRONT/DISPLAY 3X4X1 2/3
6579699,Not Found,"TILE 2X2, 1/2 CIRCLE, NO. 4"
6584068,Not Found,"MINI UPPER PART, 7902"
6579698,Medium Lilac,"BRICK 2X4, W/ BOW, NO. 31"
6579947,Not Found,"TILE 2X6, NO. 73"
6492300,Reddish Orange,"MINI UPPER PART, NO. 7155"
6579948,Transparent,"GLASS FOR FRAME 1X4X3, NO. 9"
6590022,White,"MINI UPPER PART, NO. 7945"
6432153,Black,"WIG, NO. 70"
6480747,Dark Stone Grey,"MINI LOWER PART, NO. 2676"
6588972,Not Found,"FLAT TILE 1X4, NO. 235"
6482745,Not Found,"LEFT ROOF TILE 2X5, 45 DEG."
6475203,Not Found,"LEFT ROOF TILE 2X5, 45 DEG."
6314784,Not Found,BRICK 4X4/18°
6195436,Not Found,"ROOF TILE 6X6X1, INV. DEG. 45/18"
6588257,Not Found,"MINI UPPER PART, NO. 7930"
6589006,Not Found,"FLAT TILE 1X4, NO. 236"
6475202,Black,"RIGHT ROOF TILE 2X5, 45 DEG."
6482744,Not Found,"RIGHT ROOF TILE 2X5, 45 DEG."
6579955,Bright Bluish Green,"RUDDER 2X6X4, NO. 26"
6467071,Not Found,"MINI UPPER PART, NO. 6843"
6628232,Not Found,"MOTOR CYCLE, FRAME, NO. 2"
6579952,Not Found,"FLAT TILE 2X4, NO. 402"
6591495,Bright Orange,"MOTOR CYCLE FAIRING, NO. 36"
6591507,Not Found,"MINI UPPER PART, NO. 7965"
6219621,White,"MINI UPPER PART, NO. 4202"
6419110,Bright Yellow,"MINI HEAD, NO. 3909"
6575801,Not Found,"CHASSIS 6X12X1, NO. 1"
4504187,Not Found,Plate 1x2 w. spoiler
6313481,Black,ROTOR BLADES Ø24 W. SNAP
6588038,Medium Azur,"FLAT TILE 1X2, NO. 502"
6579963,Not Found,"FLAT TILE 2X3, NO. 186"
6589870,Not Found,"PLATE 1X2, W/ 1.5 PLATE 2X4, UPWARDS"
6579959,Not Found,"TILE, 6X8, NO. 3"
6589677,Not Found,"SHELL 4X6X1 2/3, NO. 1"
6579962,Bright Blue,"FLAT TILE 2X3, NO. 185"
6134617,Not Found,MINI WIG NO. 105
6579961,Not Found,"FLAT TILE 2X2, NO. 805"
6587292,Not Found,SACK TRUCK
6579958,Not Found,"TILE, 6X8, NO. 2"
6579957,Bright Yellow,"FLAT TILE 2X2, NO. 801"
6577401,White,MUDGUARD 2X4X2/3
6551545,Not Found,"MINI UPPER PART, NO. 7624"
6589010,Not Found,"MINI UPPER PART, NO. 7940"
6597674,Not Found,RAMP 6X8
6594319,Tr. Light Blue,"WALL, CONE 5X10X6"
6659871,Tr. Light Blue,"WALL, CONE 5X10X6"
6329649,Bright Yellow,"FLAT TILE 1X2, NO. 305"
6520905,Not Found,"FLAT TILE 1X2, NO. 455"
6365695,Not Found,"4.85 BUSH 3 M, FRICTION, W/ 5.9 BALL"
6518001,White,"ROOF TILE 6X8, DEG. 45, W/ CUTOUT"
6518003,Not Found,"PLANE DOOR 4X1X5, W/ 3.2 SHAFT, NO. 1"
6591386,Not Found,LATTICE WALL 1X6X5
6112622,Bright Yellow,"MINI HEAD ""NO. 1663"""
6649380,Not Found,"MINI HEAD ""NO. 1663"""
6580001,Not Found,"FLAT TILE 1X4, NO. 240"
6580002,Bright Yellow,"FLAT TILE 1X4, NO. 241"
6580000,Bright Yellow,"FLAT TILE 1X4, NO. 239"
6662136,Not Found,"PLANE FRONT, TOP 6X10X4, NO.3"
6587101,Not Found,"PLANE FRONT, TOP 6X10X4, NO.3"
6472688,Not Found,"ROOF TILE 6X10, INV. DEG. 45 W/ BOW"
6594938,Black,Roof tile 6x10 w. double bow
6597564,Earth Blue,"MINI UPPER PART, NO. 8030"
6472684,Not Found,"ROOF TILE 8X8, INV. DEG. 45 W/ PLATE"
6594937,Not Found,"ROOF TILE 6X8, W/ 4.85 HOLE, W/ CUTOUT"
6384570,Not Found,"MINI HEAD, NO. 3671"
6472692,Not Found,"ROOF TILE 6X8, DEG. 45 W/ CUT OUT"
6580003,Not Found,"FLAT TILE 1X4, NO. 242"
6592506,Not Found,"RUDDER 2X6X4, NO. 28"
6576403,Not Found,"CAR CHASSIS 2X6, NO. 2"
4521846,Not Found,WALL W/WINDOW W.RADIUS 1x4x2
6587960,White,"MINI UPPER PART, NO. 7929"
6592505,Not Found,"WALL ELEMENT, ROUND 5X4X2, NO. 5"
6586614,Not Found,"MINI BADGE, NO. 2"
6592933,Not Found,"MINI UPPER PART, NO. 7983"
6591660,Not Found,"PLANE BACK, 6X10X4, BOTTOM, NO. 1"
6395631,Black,"Fric. element, cylinder"
6385547,Not Found,DISC Ø 80
6219624,Not Found,"MINI UPPER PART, NO. 4203"
6510631,Medium Stone Grey,"WHEEL BEARING 2X2X1 2/3, W/ MINI SNAP"
6234738,Not Found,MINI WIG NO. 103
273026,Black,TECHNIC BRICK 1X10 Ø4.9
6566722,Light Royal Blue,"MINI UPPER PART, NO. 7774"
6453944,Not Found,"MINI UPPER PART, NO. 6766"
287826,Not Found,BEARING ELEMENT 3X6
4496343,Not Found,TRAIN WHEEL Ø16.6/Ø23
6236464,Black,3 TRAIN WHEEL Ø30 M+U FLANGE
4298979,Not Found,MULTIPACK 2 AXLES F. BEAR.ELEM. Ø2X44
6205345,Brick Yellow,"MINI UPPER PART, NO. 4023"
6237879,Not Found,"MINI HEAD, NO. 2709"
6455322,Not Found,"TILE 3X3, CIRCLE, NO. 30"
6477035,Not Found,"BI 3104, 184+4, 76417 1/4 V39"
6405179,Not Found,"MINI HEAD, NO. 3829"
6457117,Not Found,"MINI UPPER PART, NO. 6787"
6456683,Not Found,"MINI UPPER PART, NO. 6783"
6401398,Earth Blue,SNAKE
6401399,Earth Green,SNAKE
6454416,Not Found,"MINI HEAD, NO. 4121"
6451658,Titanium Metallic,RAIL 2X4
6510459,Not Found,"TORSO, NO. 2"
6457123,Not Found,"MINI UPPER PART, NO. 6788"
6499551,Not Found,"BI 3104, 184+4, 76417 1/4 V29"
6454421,Not Found,"MINI HEAD, NO. 4126"
6445155,Not Found,"MINI HEAD, NO. 4075"
6322231,Not Found,"MINI UPPER PART, NO. 5324"
6452510,Not Found,"WING, NO. 121"
6381750,Not Found,"CAT, NO. 13"
6281919,Not Found,"MINI HAT, NO. 110"
6450979,Earth Blue,"FLAT TILE 1X1, ROUND, NO. 258"
6528031,Medium Nougat,"RIGHT ARM, NO. 2"
6477030,Not Found,"BI 3104, 248+4, 76417 3/4 V29"
6398662,Not Found,"BRICK 1X2X4/3 W/ CLICK, NO. 1"
6170811,Dark Stone Grey,MINI FIG. BACK PLATE W. KNOB
6039482,Dark Stone Grey,PLATE 1X2 BALL Ø5.9/CUP/FRICTION
4596335,Reddish Brown,"OWL ""NO. 1"""
6457509,Not Found,"MINI UPPER PART, NO. 6795"
6457336,Not Found,"MINI UPPER PART, NO. 6792"
4289258,Dark Stone Grey,Beam 2M w. ball ø 10.2
6477031,Not Found,"BI 3104, 280+4, 76417 4/4 V29"
6399036,Not Found,"FLAT TILE 2X2, NO. 644"
6307640,White,BRICK 2X2 W/ BALL Ø 10.2
6134848,Medium Stone Grey,GEAR WHEEL Z12 W/ HOLE / CROSSAXLE
6454414,Not Found,"MINI HEAD, NO. 4120"
6456672,Not Found,"MINI UPPER PART, NO. 6782"
6435317,Reddish Brown,"CHASSIS 4X5, FOR RAIL"
6139364,Dark Stone Grey,BASE PLATE 32X32
6055306,Not Found,HAT NO. 18
6454982,Not Found,"ANIMAL JAW, NO. 4"
6454418,Not Found,"MINI SKIRT, NO. 74"
6457506,Not Found,"MINI UPPER PART, NO. 6794"
6457489,Not Found,"MINI UPPER PART, NO. 6793"
6477036,Not Found,"BI 3104, 196+4, 76417 2/4 V39"
6503228,Not Found,"SWORD, NO. 19"
6457513,Not Found,"MINI WIG, W/ EARS, NO. 9"
6457493,Not Found,"MINI WIG, W/ EARS, NO. 9"
6457476,Not Found,"MINI WIG, W/ EARS, NO. 9"
6454427,Not Found,"MINI HEAD, NO. 4130"
6457137,Not Found,"MINI UPPER PART, NO. 6789"
6287323,Titanium Metallic,"RAIL 2X16, W/ 3.2 SHAFT"
6445154,Not Found,"BALL 10.2, W/ CROSS HOLE, NO. 1026"
6459549,Reddish Brown,"MINI WIG, NO. 332"
6454419,Not Found,"MINI HEAD, NO. 4125"
6477029,Not Found,"BI 3104, 196+4, 76417 2/4 V29"
6477037,Not Found,"BI 3104, 248+4, 76417 3/4 V39"
6359227,Dark Stone Grey,"BEAM 1 MODULE W/ 3 BALLS, DIA. 5,9"
6308975,Not Found,"MINI LOWER PART, NO.1907"
6455324,Not Found,"FLAT TILE 1X2, NO. 390"
6454441,Not Found,"CREATURE HEAD, NO. 118"
6352203,White,JOINT LINK W. BUSH
6310823,Not Found,BELLATRIX WIG
6435637,Not Found,"RAIL 13X13X3 1/3, 1/4 CIRCLE"
6270119,Reddish Brown,PITCHFORK
6492115,Dark Stone Grey,BRICK 2X2 Ø4.85 VERTIC. SNAP
6403831,Not Found,"WIG, NO. 46"
6454431,Not Found,"MINI HEAD, NO. 4134"
6454425,Not Found,"MINI HEAD, NO. 4127"
6477038,Not Found,"BI 3104, 280+4, 76417 4/4 V39"
6527712,Medium Nougat,"LEFT ARM, NO. 2"
6457517,Not Found,"MINI UPPER PART, NO. 6796"
6455321,Not Found,"MINI HEAD, NO. 4131"
6450658,Black,1/2 CONE 2X4X3
6236629,Not Found,"FLAT TILE 2X2, NO. 376"
6455325,Not Found,"MINI HEAD, NO. 4117"
6455323,Not Found,"BOWED ROOF RIDGE 2X4X1, NO. 1"
6381997,Not Found,"OWL, NO. 13"
6441284,Sand Green,"1/4 SPHERE 4X4X2 2/3, W/ KNOB"
6365618,Transparent,LIGHT SWORD BLADE
6489507,Not Found,"MINI UPPER PART, NO. 7095"
6525445,Not Found,"WIG, NO. 96"
6516474,Not Found,"MINI HEAD, NO. 4488"
6554644,Not Found,"BI 3106, 112+4, 76446 V29"
6516470,Not Found,"DOG, W/ KNOB, NO. 11"
6516477,Not Found,"MINI HEAD, NO. 4489"
6265371,Not Found,"MINI HEAD, NO. 2903"
6554654,Not Found,"BI 3106, 112+4, 76446 V39"
6415048,Black,"MINI WIG W/ HAT, NO. 4"
6588855,Black,"MINI WIG W/ HAT, NO. 4"
6529704,Not Found,"MINI UPPER PART, NO. 7406"
6516472,Not Found,"MINI HEAD, NO. 4487"
6507909,Transparent,GLASS FOR WINDSCREEN 2X6X2
6517010,Medium Lilac,LEFT BRICK 2X4 W/ANGLE
6529800,Not Found,"MINI UPPER PART, NO. 7410"
6529728,Not Found,"MINI UPPER PART, NO. 7409"
6516476,Not Found,"FLAT TILE 2X2, NO. 740"
