0 Cliffside Hotel — 3,275-piece refined coastal draft
0 Physical assembly untested.
0 H03079 ELEMENT 6094066 MODULE site-foundation
1 0 160 -8 80 1 0 0 0 1 0 -0 0 1 92438.dat
0 H03080 ELEMENT 6094066 MODULE site-foundation
1 0 480 -8 80 1 0 0 0 1 0 -0 0 1 92438.dat
0 H03081 ELEMENT 6094066 MODULE site-foundation
1 0 800 -8 80 1 0 0 0 1 0 -0 0 1 92438.dat
0 H03082 ELEMENT 4598522 MODULE site-foundation
1 71 1040 -8 160 0 0 1 0 1 0 -1 0 0 92438.dat
0 H03083 ELEMENT 4598522 MODULE site-foundation
1 71 160 -8 240 1 0 0 0 1 0 -0 0 1 92438.dat
0 H03084 ELEMENT 4598522 MODULE site-foundation
1 71 480 -8 240 1 0 0 0 1 0 -0 0 1 92438.dat
0 H03085 ELEMENT 4598522 MODULE site-foundation
1 71 800 -8 240 1 0 0 0 1 0 -0 0 1 92438.dat
0 H03086 ELEMENT 4210720 MODULE site-foundation
1 72 140 -8 380 1 0 0 0 1 0 -0 0 1 3456.dat
0 H03087 ELEMENT 4210720 MODULE site-foundation
1 72 420 -8 380 1 0 0 0 1 0 -0 0 1 3456.dat
0 H03088 ELEMENT 4210720 MODULE site-foundation
1 72 700 -8 380 1 0 0 0 1 0 -0 0 1 3456.dat
0 H03089 ELEMENT 4293831 MODULE site-foundation
1 71 980 -8 380 1 0 0 0 1 0 -0 0 1 3456.dat
0 H03090 ELEMENT 4293831 MODULE site-foundation
1 71 140 -8 500 1 0 0 0 1 0 -0 0 1 3456.dat
0 H03091 ELEMENT 302826 MODULE site-foundation
1 0 400 -8 500 1 0 0 0 1 0 -0 0 1 3028.dat
0 H03092 ELEMENT 302826 MODULE site-foundation
1 0 640 -8 500 1 0 0 0 1 0 -0 0 1 3028.dat
0 H03093 ELEMENT 302826 MODULE site-foundation
1 0 880 -8 500 1 0 0 0 1 0 -0 0 1 3028.dat
0 H03094 ELEMENT 302826 MODULE site-foundation
1 0 1060 -8 560 0 0 1 0 1 0 -1 0 0 3028.dat
0 H03095 ELEMENT 4211400 MODULE site-foundation
1 71 120 -8 620 1 0 0 0 1 0 -0 0 1 3028.dat
0 H03096 ELEMENT 4211400 MODULE site-foundation
1 71 360 -8 620 1 0 0 0 1 0 -0 0 1 3028.dat
0 H03097 ELEMENT 4211400 MODULE site-foundation
1 71 600 -8 620 1 0 0 0 1 0 -0 0 1 3028.dat
0 H03098 ELEMENT 303326 MODULE site-foundation
1 0 820 -8 620 1 0 0 0 1 0 -0 0 1 3033.dat
0 H03099 ELEMENT 302926 MODULE site-foundation
1 0 960 -8 680 0 0 1 0 1 0 -1 0 0 3029.dat
0 H03100 ELEMENT 303326 MODULE site-foundation
1 0 100 -8 740 1 0 0 0 1 0 -0 0 1 3033.dat
0 H03101 ELEMENT 4211114 MODULE site-foundation
1 72 300 -8 740 1 0 0 0 1 0 -0 0 1 3033.dat
0 H03102 ELEMENT 4211114 MODULE site-foundation
1 72 500 -8 740 1 0 0 0 1 0 -0 0 1 3033.dat
0 H03103 ELEMENT 4211114 MODULE site-foundation
1 72 700 -8 740 1 0 0 0 1 0 -0 0 1 3033.dat
0 H03104 ELEMENT 4211405 MODULE site-foundation
1 71 860 -8 780 0 0 1 0 1 0 -1 0 0 3033.dat
0 H03105 ELEMENT 4211405 MODULE site-foundation
1 71 1060 -8 780 0 0 1 0 1 0 -1 0 0 3033.dat
0 H03106 ELEMENT 302926 MODULE site-foundation
1 0 120 -8 840 1 0 0 0 1 0 -0 0 1 3029.dat
0 H03107 ELEMENT 302926 MODULE site-foundation
1 0 360 -8 840 1 0 0 0 1 0 -0 0 1 3029.dat
0 H03108 ELEMENT 302926 MODULE site-foundation
1 0 600 -8 840 1 0 0 0 1 0 -0 0 1 3029.dat
0 H03109 ELEMENT 4243819 MODULE site-foundation
1 0 760 -8 840 1 0 0 0 1 0 -0 0 1 3031.dat
0 H03110 ELEMENT 4243819 MODULE site-foundation
1 0 960 -8 840 1 0 0 0 1 0 -0 0 1 3031.dat
0 H03111 ELEMENT 4211405 MODULE site-foundation
1 71 100 -16 60 1 0 0 0 1 0 -0 0 1 3033.dat
0 H03112 ELEMENT 4211405 MODULE site-foundation
1 71 300 -16 60 1 0 0 0 1 0 -0 0 1 3033.dat
0 H03113 ELEMENT 4211405 MODULE site-foundation
1 71 500 -16 60 1 0 0 0 1 0 -0 0 1 3033.dat
0 H03114 ELEMENT 4211405 MODULE site-foundation
1 71 700 -16 60 1 0 0 0 1 0 -0 0 1 3033.dat
0 H03115 ELEMENT 4211405 MODULE site-foundation
1 71 900 -16 60 1 0 0 0 1 0 -0 0 1 3033.dat
0 H03116 ELEMENT 4210794 MODULE site-foundation
1 72 1060 -16 80 0 0 1 0 1 0 -1 0 0 3036.dat
0 H03117 ELEMENT 4210794 MODULE site-foundation
1 72 80 -16 180 1 0 0 0 1 0 -0 0 1 3036.dat
0 H03118 ELEMENT 4210794 MODULE site-foundation
1 72 240 -16 180 1 0 0 0 1 0 -0 0 1 3036.dat
0 H03119 ELEMENT 4210794 MODULE site-foundation
1 72 400 -16 180 1 0 0 0 1 0 -0 0 1 3036.dat
0 H03120 ELEMENT 4210794 MODULE site-foundation
1 72 560 -16 180 1 0 0 0 1 0 -0 0 1 3036.dat
0 H03121 ELEMENT 4210706 MODULE site-foundation
1 72 760 -16 160 1 0 0 0 1 0 -0 0 1 3029.dat
0 H03122 ELEMENT 4210794 MODULE site-foundation
1 72 940 -16 200 0 0 1 0 1 0 -1 0 0 3036.dat
0 H03123 ELEMENT 4210706 MODULE site-foundation
1 72 1040 -16 280 0 0 1 0 1 0 -1 0 0 3029.dat
0 H03124 ELEMENT 4210796 MODULE site-foundation
1 72 1100 -16 320 0 0 1 0 1 0 -1 0 0 4282.dat
0 H03125 ELEMENT 4210794 MODULE site-foundation
1 72 720 -16 260 1 0 0 0 1 0 -0 0 1 3036.dat
0 H03126 ELEMENT 302926 MODULE site-foundation
1 0 840 -16 320 0 0 1 0 1 0 -1 0 0 3029.dat
0 H03127 ELEMENT 303626 MODULE site-foundation
1 0 80 -16 300 1 0 0 0 1 0 -0 0 1 3036.dat
0 H03128 ELEMENT 303626 MODULE site-foundation
1 0 240 -16 300 1 0 0 0 1 0 -0 0 1 3036.dat
0 H03129 ELEMENT 303626 MODULE site-foundation
1 0 400 -16 300 1 0 0 0 1 0 -0 0 1 3036.dat
0 H03130 ELEMENT 303626 MODULE site-foundation
1 0 560 -16 300 1 0 0 0 1 0 -0 0 1 3036.dat
0 H03131 ELEMENT 302926 MODULE site-foundation
1 0 920 -16 400 0 0 1 0 1 0 -1 0 0 3029.dat
0 H03132 ELEMENT 4210796 MODULE site-foundation
1 72 980 -16 440 0 0 1 0 1 0 -1 0 0 4282.dat
0 H03133 ELEMENT 303626 MODULE site-foundation
1 0 720 -16 380 1 0 0 0 1 0 -0 0 1 3036.dat
0 H03134 ELEMENT 302926 MODULE site-foundation
1 0 120 -16 400 1 0 0 0 1 0 -0 0 1 3029.dat
0 H03135 ELEMENT 303626 MODULE site-foundation
1 0 320 -16 420 1 0 0 0 1 0 -0 0 1 3036.dat
0 H03136 ELEMENT 4211408 MODULE site-foundation
1 71 480 -16 420 1 0 0 0 1 0 -0 0 1 3036.dat
0 H03137 ELEMENT 4211401 MODULE site-foundation
1 71 600 -16 480 0 0 1 0 1 0 -1 0 0 3029.dat
0 H03138 ELEMENT 4211401 MODULE site-foundation
1 71 1040 -16 520 0 0 1 0 1 0 -1 0 0 3029.dat
0 H03139 ELEMENT 4211408 MODULE site-foundation
1 71 80 -16 500 1 0 0 0 1 0 -0 0 1 3036.dat
0 H03140 ELEMENT 4211401 MODULE site-foundation
1 71 200 -16 560 0 0 1 0 1 0 -1 0 0 3029.dat
0 H03141 ELEMENT 4211408 MODULE site-foundation
1 71 720 -16 500 1 0 0 0 1 0 -0 0 1 3036.dat
0 H03142 ELEMENT 4211401 MODULE site-foundation
1 71 840 -16 560 0 0 1 0 1 0 -1 0 0 3029.dat
0 H03143 ELEMENT 4211408 MODULE site-foundation
1 71 320 -16 540 1 0 0 0 1 0 -0 0 1 3036.dat
0 H03144 ELEMENT 4211408 MODULE site-foundation
1 71 480 -16 540 1 0 0 0 1 0 -0 0 1 3036.dat
0 H03145 ELEMENT 4210796 MODULE site-foundation
1 72 1100 -16 640 0 0 1 0 1 0 -1 0 0 4282.dat
0 H03146 ELEMENT 4211401 MODULE site-foundation
1 71 920 -16 640 0 0 1 0 1 0 -1 0 0 3029.dat
0 H03147 ELEMENT 4211408 MODULE site-foundation
1 71 80 -16 620 1 0 0 0 1 0 -0 0 1 3036.dat
0 H03148 ELEMENT 4211408 MODULE site-foundation
1 71 720 -16 620 1 0 0 0 1 0 -0 0 1 3036.dat
0 H03149 ELEMENT 4211408 MODULE site-foundation
1 71 320 -16 660 1 0 0 0 1 0 -0 0 1 3036.dat
0 H03150 ELEMENT 4211408 MODULE site-foundation
1 71 480 -16 660 1 0 0 0 1 0 -0 0 1 3036.dat
0 H03151 ELEMENT 4211401 MODULE site-foundation
1 71 600 -16 720 0 0 1 0 1 0 -1 0 0 3029.dat
0 H03152 ELEMENT 4211067 MODULE site-foundation
1 72 980 -16 720 0 0 1 0 1 0 -1 0 0 2445.dat
0 H03153 ELEMENT 303026 MODULE site-foundation
1 0 1040 -16 740 0 0 1 0 1 0 -1 0 0 3030.dat
0 H03154 ELEMENT 4211408 MODULE site-foundation
1 71 80 -16 740 1 0 0 0 1 0 -0 0 1 3036.dat
0 H03155 ELEMENT 303026 MODULE site-foundation
1 0 200 -16 780 0 0 1 0 1 0 -1 0 0 3030.dat
0 H03156 ELEMENT 303026 MODULE site-foundation
1 0 740 -16 720 1 0 0 0 1 0 -0 0 1 3030.dat
0 H03157 ELEMENT 4210678 MODULE site-foundation
1 72 860 -16 780 0 0 1 0 1 0 -1 0 0 3832.dat
0 H03158 ELEMENT 303026 MODULE site-foundation
1 0 340 -16 760 1 0 0 0 1 0 -0 0 1 3030.dat
0 H03159 ELEMENT 4211134 MODULE site-foundation
1 72 500 -16 780 1 0 0 0 1 0 -0 0 1 3958.dat
0 H03160 ELEMENT 4211402 MODULE site-foundation
1 71 740 -16 800 1 0 0 0 1 0 -0 0 1 3030.dat
0 H03161 ELEMENT 4211115 MODULE site-foundation
1 72 920 -16 820 0 0 1 0 1 0 -1 0 0 3032.dat
0 H03162 ELEMENT 4211061 MODULE site-foundation
1 72 80 -16 840 1 0 0 0 1 0 -0 0 1 3035.dat
0 H03163 ELEMENT 4211402 MODULE site-foundation
1 71 340 -16 840 1 0 0 0 1 0 -0 0 1 3030.dat
0 H03164 ELEMENT 4211065 MODULE site-foundation
1 72 1100 -16 840 0 0 1 0 1 0 -1 0 0 3020.dat
0 H03165 ELEMENT 4210796 MODULE site-foundation
1 72 600 -16 860 1 0 0 0 1 0 -0 0 1 4282.dat
0 H03166 ELEMENT 4211065 MODULE site-foundation
1 72 800 -16 860 1 0 0 0 1 0 -0 0 1 3020.dat
0 H03167 ELEMENT 4211002 MODULE site-foundation
1 72 1020 -16 860 1 0 0 0 1 0 -0 0 1 3795.dat
0 STEP
0 H03670 ELEMENT 6256127 MODULE retaining-masonry
1 15 140 -160 50 1 0 0 0 1 0 -0 0 1 42205.dat
0 H03671 ELEMENT 6511024 MODULE retaining-masonry
1 47 140 -155.5 55 1 0 0 0 1 0 -0 0 1 42509.dat
0 H03672 ELEMENT 6256127 MODULE retaining-masonry
1 15 260 -160 50 1 0 0 0 1 0 -0 0 1 42205.dat
0 H03673 ELEMENT 6256127 MODULE retaining-masonry
1 15 380 -160 50 1 0 0 0 1 0 -0 0 1 42205.dat
0 H03674 ELEMENT 6511024 MODULE retaining-masonry
1 47 380 -155.5 55 1 0 0 0 1 0 -0 0 1 42509.dat
0 H03675 ELEMENT 6256127 MODULE retaining-masonry
1 15 500 -160 50 1 0 0 0 1 0 -0 0 1 42205.dat
0 H03676 ELEMENT 6256127 MODULE retaining-masonry
1 15 620 -160 50 1 0 0 0 1 0 -0 0 1 42205.dat
0 H03677 ELEMENT 6511024 MODULE retaining-masonry
1 47 620 -155.5 55 1 0 0 0 1 0 -0 0 1 42509.dat
0 H03678 ELEMENT 6256127 MODULE retaining-masonry
1 15 740 -160 50 1 0 0 0 1 0 -0 0 1 42205.dat
0 H03679 ELEMENT 6256127 MODULE retaining-masonry
1 15 860 -160 50 1 0 0 0 1 0 -0 0 1 42205.dat
0 H03680 ELEMENT 6511024 MODULE retaining-masonry
1 47 860 -155.5 55 1 0 0 0 1 0 -0 0 1 42509.dat
0 H03681 ELEMENT 6256127 MODULE retaining-masonry
1 15 980 -160 50 1 0 0 0 1 0 -0 0 1 42205.dat
0 H03682 ELEMENT 4513539 MODULE retaining-masonry
1 0 140 -136 70 1 0 0 0 1 0 -0 0 1 59349.dat
0 H03683 ELEMENT 4513539 MODULE retaining-masonry
1 0 260 -136 70 1 0 0 0 1 0 -0 0 1 59349.dat
0 H03684 ELEMENT 4513539 MODULE retaining-masonry
1 0 380 -136 70 1 0 0 0 1 0 -0 0 1 59349.dat
0 H03685 ELEMENT 246526 MODULE retaining-masonry
1 0 600 -40 70 1 0 0 0 1 0 -0 0 1 2465.dat
0 H03686 ELEMENT 4558209 MODULE retaining-masonry
1 0 800 -88 70 1 0 0 0 1 0 -0 0 1 60581.dat
0 H03687 ELEMENT 4558209 MODULE retaining-masonry
1 0 880 -88 70 1 0 0 0 1 0 -0 0 1 60581.dat
0 H03688 ELEMENT 4558209 MODULE retaining-masonry
1 0 960 -88 70 1 0 0 0 1 0 -0 0 1 60581.dat
0 H03689 ELEMENT 245426 MODULE retaining-masonry
1 0 1020 -136 70 1 0 0 0 1 0 -0 0 1 2454.dat
0 H03690 ELEMENT 246526 MODULE retaining-masonry
1 0 600 -64 70 1 0 0 0 1 0 -0 0 1 2465.dat
0 H03691 ELEMENT 246526 MODULE retaining-masonry
1 0 600 -88 70 1 0 0 0 1 0 -0 0 1 2465.dat
0 H03692 ELEMENT 246526 MODULE retaining-masonry
1 0 600 -112 70 1 0 0 0 1 0 -0 0 1 2465.dat
0 H03693 ELEMENT 4558209 MODULE retaining-masonry
1 0 800 -160 70 1 0 0 0 1 0 -0 0 1 60581.dat
0 H03694 ELEMENT 6008715 MODULE retaining-masonry
1 72 880 -160 70 1 0 0 0 1 0 -0 0 1 60581.dat
0 H03695 ELEMENT 4614788 MODULE retaining-masonry
1 0 940 -160 70 1 0 0 0 1 0 -0 0 1 87544.dat
0 H03696 ELEMENT 4614788 MODULE retaining-masonry
1 0 980 -160 70 1 0 0 0 1 0 -0 0 1 87544.dat
0 H03697 ELEMENT 246526 MODULE retaining-masonry
1 0 600 -136 70 1 0 0 0 1 0 -0 0 1 2465.dat
0 H03698 ELEMENT 246526 MODULE retaining-masonry
1 0 240 -160 70 1 0 0 0 1 0 -0 0 1 2465.dat
0 H03699 ELEMENT 246526 MODULE retaining-masonry
1 0 560 -160 70 1 0 0 0 1 0 -0 0 1 2465.dat
0 H03700 ELEMENT 300426 MODULE retaining-masonry
1 0 740 -160 70 1 0 0 0 1 0 -0 0 1 3004.dat
0 H03701 ELEMENT 300426 MODULE retaining-masonry
1 0 1020 -160 70 1 0 0 0 1 0 -0 0 1 3004.dat
0 H03702 ELEMENT 4504228 MODULE retaining-masonry
1 15 50 -136 100 0 0 1 0 1 0 -1 0 0 59349.dat
0 H03703 ELEMENT 6001824 MODULE retaining-masonry
1 28 70 -40 50 1 0 0 0 1 0 -0 0 1 3005.dat
0 H03704 ELEMENT 6300317 MODULE retaining-masonry
1 19 1060 -88 50 1 0 0 0 1 0 -0 0 1 87544.dat
0 H03705 ELEMENT 4504228 MODULE retaining-masonry
1 15 1070 -136 120 0 0 1 0 1 0 -1 0 0 59349.dat
0 H03706 ELEMENT 4504228 MODULE retaining-masonry
1 15 50 -136 220 0 0 1 0 1 0 -1 0 0 59349.dat
0 H03707 ELEMENT 4504228 MODULE retaining-masonry
1 15 1070 -136 240 0 0 1 0 1 0 -1 0 0 59349.dat
0 H03708 ELEMENT 4504228 MODULE retaining-masonry
1 15 50 -136 340 0 0 1 0 1 0 -1 0 0 59349.dat
0 H03709 ELEMENT 4504228 MODULE retaining-masonry
1 15 1070 -136 360 0 0 1 0 1 0 -1 0 0 59349.dat
0 H03710 ELEMENT 4504228 MODULE retaining-masonry
1 15 50 -136 460 0 0 1 0 1 0 -1 0 0 59349.dat
0 H03711 ELEMENT 4504228 MODULE retaining-masonry
1 15 1070 -136 480 0 0 1 0 1 0 -1 0 0 59349.dat
0 H03712 ELEMENT 4504228 MODULE retaining-masonry
1 15 50 -136 580 0 0 1 0 1 0 -1 0 0 59349.dat
0 H03713 ELEMENT 6059033 MODULE retaining-masonry
1 71 1070 -88 580 0 0 1 0 1 0 -1 0 0 60581.dat
0 H03714 ELEMENT 4504228 MODULE retaining-masonry
1 15 120 -136 630 1 0 0 0 1 0 -0 0 1 59349.dat
0 H03715 ELEMENT 4211522 MODULE retaining-masonry
1 71 300 -40 630 1 0 0 0 1 0 -0 0 1 6112.dat
0 H03716 ELEMENT 6001824 MODULE retaining-masonry
1 28 430 -40 630 1 0 0 0 1 0 -0 0 1 3005.dat
0 H03717 ELEMENT 246501 MODULE retaining-masonry
1 15 760 -40 630 1 0 0 0 1 0 -0 0 1 2465.dat
0 H03718 ELEMENT 6146877 MODULE retaining-masonry
1 19 960 -88 630 1 0 0 0 1 0 -0 0 1 60581.dat
0 H03719 ELEMENT 4558208 MODULE retaining-masonry
1 15 1040 -88 630 1 0 0 0 1 0 -0 0 1 60581.dat
0 H03720 ELEMENT 6001824 MODULE retaining-masonry
1 28 70 -64 50 1 0 0 0 1 0 -0 0 1 3005.dat
0 H03721 ELEMENT 4211522 MODULE retaining-masonry
1 71 300 -64 630 1 0 0 0 1 0 -0 0 1 6112.dat
0 H03722 ELEMENT 6001824 MODULE retaining-masonry
1 28 430 -64 630 1 0 0 0 1 0 -0 0 1 3005.dat
0 H03723 ELEMENT 246501 MODULE retaining-masonry
1 15 760 -64 630 1 0 0 0 1 0 -0 0 1 2465.dat
0 H03724 ELEMENT 6001824 MODULE retaining-masonry
1 28 70 -88 50 1 0 0 0 1 0 -0 0 1 3005.dat
0 H03725 ELEMENT 4211522 MODULE retaining-masonry
1 71 300 -88 630 1 0 0 0 1 0 -0 0 1 6112.dat
0 H03726 ELEMENT 6001824 MODULE retaining-masonry
1 28 430 -88 630 1 0 0 0 1 0 -0 0 1 3005.dat
0 H03727 ELEMENT 246501 MODULE retaining-masonry
1 15 760 -88 630 1 0 0 0 1 0 -0 0 1 2465.dat
0 H03728 ELEMENT 6001824 MODULE retaining-masonry
1 28 70 -112 50 1 0 0 0 1 0 -0 0 1 3005.dat
0 H03729 ELEMENT 6300317 MODULE retaining-masonry
1 19 1060 -160 50 1 0 0 0 1 0 -0 0 1 87544.dat
0 H03730 ELEMENT 4558208 MODULE retaining-masonry
1 15 1070 -160 580 0 0 1 0 1 0 -1 0 0 60581.dat
0 H03731 ELEMENT 4210798 MODULE retaining-masonry
1 72 300 -112 630 1 0 0 0 1 0 -0 0 1 6112.dat
0 H03732 ELEMENT 6001824 MODULE retaining-masonry
1 28 430 -112 630 1 0 0 0 1 0 -0 0 1 3005.dat
0 H03733 ELEMENT 246501 MODULE retaining-masonry
1 15 760 -112 630 1 0 0 0 1 0 -0 0 1 2465.dat
0 H03734 ELEMENT 4558208 MODULE retaining-masonry
1 15 960 -160 630 1 0 0 0 1 0 -0 0 1 60581.dat
0 H03735 ELEMENT 4558208 MODULE retaining-masonry
1 15 1040 -160 630 1 0 0 0 1 0 -0 0 1 60581.dat
0 H03736 ELEMENT 6001824 MODULE retaining-masonry
1 28 70 -136 50 1 0 0 0 1 0 -0 0 1 3005.dat
0 H03737 ELEMENT 4210798 MODULE retaining-masonry
1 72 300 -136 630 1 0 0 0 1 0 -0 0 1 6112.dat
0 H03738 ELEMENT 6001824 MODULE retaining-masonry
1 28 430 -136 630 1 0 0 0 1 0 -0 0 1 3005.dat
0 H03739 ELEMENT 246501 MODULE retaining-masonry
1 15 760 -136 630 1 0 0 0 1 0 -0 0 1 2465.dat
0 H03740 ELEMENT 246501 MODULE retaining-masonry
1 15 50 -160 200 0 0 1 0 1 0 -1 0 0 2465.dat
0 H03741 ELEMENT 6001824 MODULE retaining-masonry
1 28 70 -160 50 1 0 0 0 1 0 -0 0 1 3005.dat
0 H03742 ELEMENT 246501 MODULE retaining-masonry
1 15 1070 -160 220 0 0 1 0 1 0 -1 0 0 2465.dat
0 H03743 ELEMENT 4210798 MODULE retaining-masonry
1 72 50 -160 480 0 0 1 0 1 0 -1 0 0 6112.dat
0 H03744 ELEMENT 4558208 MODULE retaining-masonry
1 15 1070 -208 420 0 0 1 0 1 0 -1 0 0 60581.dat
0 H03745 ELEMENT 4558208 MODULE retaining-masonry
1 15 1070 -208 500 0 0 1 0 1 0 -1 0 0 60581.dat
0 H03746 ELEMENT 6300317 MODULE retaining-masonry
1 19 50 -208 620 0 0 1 0 1 0 -1 0 0 87544.dat
0 H03747 ELEMENT 246501 MODULE retaining-masonry
1 15 220 -160 630 1 0 0 0 1 0 -0 0 1 2465.dat
0 H03748 ELEMENT 6300317 MODULE retaining-masonry
1 19 400 -208 630 1 0 0 0 1 0 -0 0 1 87544.dat
0 H03749 ELEMENT 6001824 MODULE retaining-masonry
1 28 430 -160 630 1 0 0 0 1 0 -0 0 1 3005.dat
0 H03750 ELEMENT 4558208 MODULE retaining-masonry
1 15 640 -208 630 1 0 0 0 1 0 -0 0 1 60581.dat
0 H03751 ELEMENT 4558208 MODULE retaining-masonry
1 15 720 -208 630 1 0 0 0 1 0 -0 0 1 60581.dat
0 H03752 ELEMENT 4558208 MODULE retaining-masonry
1 15 800 -208 630 1 0 0 0 1 0 -0 0 1 60581.dat
0 H03753 ELEMENT 4558208 MODULE retaining-masonry
1 15 880 -208 630 1 0 0 0 1 0 -0 0 1 60581.dat
0 H03754 ELEMENT 4558208 MODULE retaining-masonry
1 15 80 -232 50 1 0 0 0 1 0 -0 0 1 60581.dat
0 H03755 ELEMENT 4558208 MODULE retaining-masonry
1 15 160 -232 50 1 0 0 0 1 0 -0 0 1 60581.dat
0 H03756 ELEMENT 4558208 MODULE retaining-masonry
1 15 240 -232 50 1 0 0 0 1 0 -0 0 1 60581.dat
0 H03757 ELEMENT 4558208 MODULE retaining-masonry
1 15 320 -232 50 1 0 0 0 1 0 -0 0 1 60581.dat
0 H03758 ELEMENT 4112982 MODULE retaining-masonry
1 19 420 -184 50 1 0 0 0 1 0 -0 0 1 3009.dat
0 H03759 ELEMENT 4112982 MODULE retaining-masonry
1 19 540 -184 50 1 0 0 0 1 0 -0 0 1 3009.dat
0 H03760 ELEMENT 4112982 MODULE retaining-masonry
1 19 660 -184 50 1 0 0 0 1 0 -0 0 1 3009.dat
0 H03761 ELEMENT 4112982 MODULE retaining-masonry
1 19 780 -184 50 1 0 0 0 1 0 -0 0 1 3009.dat
0 H03762 ELEMENT 4112982 MODULE retaining-masonry
1 19 900 -184 50 1 0 0 0 1 0 -0 0 1 3009.dat
0 H03763 ELEMENT 4112982 MODULE retaining-masonry
1 19 1020 -184 50 1 0 0 0 1 0 -0 0 1 3009.dat
0 H03764 ELEMENT 4112982 MODULE retaining-masonry
1 19 50 -184 120 0 0 1 0 1 0 -1 0 0 3009.dat
0 H03765 ELEMENT 4112982 MODULE retaining-masonry
1 19 1070 -184 120 0 0 1 0 1 0 -1 0 0 3009.dat
0 H03766 ELEMENT 4112982 MODULE retaining-masonry
1 19 50 -184 240 0 0 1 0 1 0 -1 0 0 3009.dat
0 H03767 ELEMENT 4112982 MODULE retaining-masonry
1 19 1070 -184 240 0 0 1 0 1 0 -1 0 0 3009.dat
0 H03768 ELEMENT 4112982 MODULE retaining-masonry
1 19 50 -184 360 0 0 1 0 1 0 -1 0 0 3009.dat
0 H03769 ELEMENT 6300317 MODULE retaining-masonry
1 19 1070 -232 320 0 0 1 0 1 0 -1 0 0 87544.dat
0 H03770 ELEMENT 6300317 MODULE retaining-masonry
1 19 1070 -232 360 0 0 1 0 1 0 -1 0 0 87544.dat
0 H03771 ELEMENT 4112982 MODULE retaining-masonry
1 19 50 -184 480 0 0 1 0 1 0 -1 0 0 3009.dat
0 H03772 ELEMENT 6300317 MODULE retaining-masonry
1 19 50 -232 560 0 0 1 0 1 0 -1 0 0 87544.dat
0 H03773 ELEMENT 6300317 MODULE retaining-masonry
1 19 1070 -232 560 0 0 1 0 1 0 -1 0 0 87544.dat
0 H03774 ELEMENT 6001824 MODULE retaining-masonry
1 28 50 -184 590 1 0 0 0 1 0 -0 0 1 3005.dat
0 H03775 ELEMENT 6300317 MODULE retaining-masonry
1 19 1070 -232 600 0 0 1 0 1 0 -1 0 0 87544.dat
0 H03776 ELEMENT 4112982 MODULE retaining-masonry
1 19 120 -184 630 1 0 0 0 1 0 -0 0 1 3009.dat
0 H03777 ELEMENT 4112982 MODULE retaining-masonry
1 19 240 -184 630 1 0 0 0 1 0 -0 0 1 3009.dat
0 H03778 ELEMENT 4585448 MODULE retaining-masonry
1 15 320 -232 630 1 0 0 0 1 0 -0 0 1 87544.dat
0 H03779 ELEMENT 4585448 MODULE retaining-masonry
1 15 360 -232 630 1 0 0 0 1 0 -0 0 1 87544.dat
0 H03780 ELEMENT 6001824 MODULE retaining-masonry
1 28 430 -184 630 1 0 0 0 1 0 -0 0 1 3005.dat
0 H03781 ELEMENT 4112982 MODULE retaining-masonry
1 19 980 -184 630 1 0 0 0 1 0 -0 0 1 3009.dat
0 H03782 ELEMENT 4585448 MODULE retaining-masonry
1 15 1060 -232 630 1 0 0 0 1 0 -0 0 1 87544.dat
0 H03783 ELEMENT 300901 MODULE retaining-masonry
1 15 420 -208 50 1 0 0 0 1 0 -0 0 1 3009.dat
0 H03784 ELEMENT 300901 MODULE retaining-masonry
1 15 540 -208 50 1 0 0 0 1 0 -0 0 1 3009.dat
0 H03785 ELEMENT 300901 MODULE retaining-masonry
1 15 660 -208 50 1 0 0 0 1 0 -0 0 1 3009.dat
0 H03786 ELEMENT 300901 MODULE retaining-masonry
1 15 780 -208 50 1 0 0 0 1 0 -0 0 1 3009.dat
0 H03787 ELEMENT 300901 MODULE retaining-masonry
1 15 900 -208 50 1 0 0 0 1 0 -0 0 1 3009.dat
0 H03788 ELEMENT 300901 MODULE retaining-masonry
1 15 1020 -208 50 1 0 0 0 1 0 -0 0 1 3009.dat
0 H03789 ELEMENT 300901 MODULE retaining-masonry
1 15 50 -208 120 0 0 1 0 1 0 -1 0 0 3009.dat
0 H03790 ELEMENT 4585448 MODULE retaining-masonry
1 15 1070 -256 80 0 0 1 0 1 0 -1 0 0 87544.dat
0 H03791 ELEMENT 4585448 MODULE retaining-masonry
1 15 1070 -256 120 0 0 1 0 1 0 -1 0 0 87544.dat
0 H03792 ELEMENT 4211394 MODULE retaining-masonry
1 71 1070 -208 180 0 0 1 0 1 0 -1 0 0 3010.dat
0 H03793 ELEMENT 4211394 MODULE retaining-masonry
1 71 50 -208 220 0 0 1 0 1 0 -1 0 0 3010.dat
0 H03794 ELEMENT 4211394 MODULE retaining-masonry
1 71 1070 -208 260 0 0 1 0 1 0 -1 0 0 3010.dat
0 H03795 ELEMENT 4514846 MODULE retaining-masonry
1 71 50 -192 380 0 0 1 0 1 0 -1 0 0 60479.dat
0 H03796 ELEMENT 6146223 MODULE retaining-masonry
1 71 50 -208 520 0 0 1 0 1 0 -1 0 0 4865b.dat
0 H03797 ELEMENT 6001824 MODULE retaining-masonry
1 28 50 -208 590 1 0 0 0 1 0 -0 0 1 3005.dat
0 H03798 ELEMENT 4514846 MODULE retaining-masonry
1 71 180 -192 630 1 0 0 0 1 0 -0 0 1 60479.dat
0 H03799 ELEMENT 6001824 MODULE retaining-masonry
1 28 430 -208 630 1 0 0 0 1 0 -0 0 1 3005.dat
0 H03800 ELEMENT 6071299 MODULE retaining-masonry
1 71 960 -208 630 1 0 0 0 1 0 -0 0 1 15207.dat
0 H03801 ELEMENT 6146223 MODULE retaining-masonry
1 71 1020 -208 630 1 0 0 0 1 0 -0 0 1 4865b.dat
0 H03802 ELEMENT 4514846 MODULE retaining-masonry
1 71 50 -200 380 0 0 1 0 1 0 -1 0 0 60479.dat
0 H03803 ELEMENT 4514846 MODULE retaining-masonry
1 71 180 -200 630 1 0 0 0 1 0 -0 0 1 60479.dat
0 H03804 ELEMENT 4211103 MODULE retaining-masonry
1 72 50 -224 300 0 0 1 0 1 0 -1 0 0 3010.dat
0 H03805 ELEMENT 4211103 MODULE retaining-masonry
1 72 50 -224 380 0 0 1 0 1 0 -1 0 0 3010.dat
0 H03806 ELEMENT 4211103 MODULE retaining-masonry
1 72 50 -224 460 0 0 1 0 1 0 -1 0 0 3010.dat
0 H03807 ELEMENT 4211103 MODULE retaining-masonry
1 72 100 -224 630 1 0 0 0 1 0 -0 0 1 3010.dat
0 H03808 ELEMENT 4211103 MODULE retaining-masonry
1 72 180 -224 630 1 0 0 0 1 0 -0 0 1 3010.dat
0 H03809 ELEMENT 4211103 MODULE retaining-masonry
1 72 260 -224 630 1 0 0 0 1 0 -0 0 1 3010.dat
0 H03810 ELEMENT 4211103 MODULE retaining-masonry
1 72 400 -232 50 1 0 0 0 1 0 -0 0 1 3010.dat
0 H03811 ELEMENT 4211103 MODULE retaining-masonry
1 72 480 -232 50 1 0 0 0 1 0 -0 0 1 3010.dat
0 H03812 ELEMENT 4211103 MODULE retaining-masonry
1 72 560 -232 50 1 0 0 0 1 0 -0 0 1 3010.dat
0 H03813 ELEMENT 4211103 MODULE retaining-masonry
1 72 640 -232 50 1 0 0 0 1 0 -0 0 1 3010.dat
0 H03814 ELEMENT 4211103 MODULE retaining-masonry
1 72 720 -232 50 1 0 0 0 1 0 -0 0 1 3010.dat
0 H03815 ELEMENT 4211103 MODULE retaining-masonry
1 72 800 -232 50 1 0 0 0 1 0 -0 0 1 3010.dat
0 H03816 ELEMENT 4211103 MODULE retaining-masonry
1 72 880 -232 50 1 0 0 0 1 0 -0 0 1 3010.dat
0 H03817 ELEMENT 4211103 MODULE retaining-masonry
1 72 960 -232 50 1 0 0 0 1 0 -0 0 1 3010.dat
0 H03818 ELEMENT 4211103 MODULE retaining-masonry
1 72 1040 -232 50 1 0 0 0 1 0 -0 0 1 3010.dat
0 H03819 ELEMENT 4211103 MODULE retaining-masonry
1 72 50 -232 100 0 0 1 0 1 0 -1 0 0 3010.dat
0 H03820 ELEMENT 4211103 MODULE retaining-masonry
1 72 50 -232 180 0 0 1 0 1 0 -1 0 0 3010.dat
0 H03821 ELEMENT 4211103 MODULE retaining-masonry
1 72 1070 -232 180 0 0 1 0 1 0 -1 0 0 3010.dat
0 H03822 ELEMENT 6146223 MODULE retaining-masonry
1 71 50 -232 240 0 0 1 0 1 0 -1 0 0 4865b.dat
0 H03823 ELEMENT 6092649 MODULE retaining-masonry
1 72 1070 -232 260 0 0 1 0 1 0 -1 0 0 15207.dat
0 H03824 ELEMENT 6092649 MODULE retaining-masonry
1 72 1070 -232 420 0 0 1 0 1 0 -1 0 0 15207.dat
0 H03825 ELEMENT 6092649 MODULE retaining-masonry
1 72 1070 -232 500 0 0 1 0 1 0 -1 0 0 15207.dat
0 H03826 ELEMENT 6146223 MODULE retaining-masonry
1 71 50 -232 520 0 0 1 0 1 0 -1 0 0 4865b.dat
0 H03827 ELEMENT 362201 MODULE retaining-masonry
1 15 50 -232 610 0 0 1 0 1 0 -1 0 0 3622.dat
0 H03828 ELEMENT 362201 MODULE retaining-masonry
1 15 410 -232 630 1 0 0 0 1 0 -0 0 1 3622.dat
0 H03829 ELEMENT 6092649 MODULE retaining-masonry
1 72 640 -232 630 1 0 0 0 1 0 -0 0 1 15207.dat
0 H03830 ELEMENT 6092649 MODULE retaining-masonry
1 72 720 -232 630 1 0 0 0 1 0 -0 0 1 15207.dat
0 H03831 ELEMENT 6092649 MODULE retaining-masonry
1 72 800 -232 630 1 0 0 0 1 0 -0 0 1 15207.dat
0 H03832 ELEMENT 4113916 MODULE retaining-masonry
1 19 880 -232 630 1 0 0 0 1 0 -0 0 1 3010.dat
0 H03833 ELEMENT 4113916 MODULE retaining-masonry
1 19 960 -232 630 1 0 0 0 1 0 -0 0 1 3010.dat
0 H03834 ELEMENT 6146225 MODULE retaining-masonry
1 72 1020 -232 630 1 0 0 0 1 0 -0 0 1 4865b.dat
0 H03835 ELEMENT 6133611 MODULE retaining-masonry
1 72 50 -232 380 0 0 1 0 1 0 -1 0 0 60479.dat
0 H03836 ELEMENT 6133611 MODULE retaining-masonry
1 72 180 -232 630 1 0 0 0 1 0 -0 0 1 60479.dat
0 H03837 ELEMENT 6133611 MODULE retaining-masonry
1 72 160 -240 50 1 0 0 0 1 0 -0 0 1 60479.dat
0 H03838 ELEMENT 4113916 MODULE retaining-masonry
1 19 320 -256 50 1 0 0 0 1 0 -0 0 1 3010.dat
0 H03839 ELEMENT 4113916 MODULE retaining-masonry
1 19 400 -256 50 1 0 0 0 1 0 -0 0 1 3010.dat
0 H03840 ELEMENT 4113916 MODULE retaining-masonry
1 19 480 -256 50 1 0 0 0 1 0 -0 0 1 3010.dat
0 H03841 ELEMENT 4113916 MODULE retaining-masonry
1 19 560 -256 50 1 0 0 0 1 0 -0 0 1 3010.dat
0 H03842 ELEMENT 4113916 MODULE retaining-masonry
1 19 640 -256 50 1 0 0 0 1 0 -0 0 1 3010.dat
0 H03843 ELEMENT 4113916 MODULE retaining-masonry
1 19 720 -256 50 1 0 0 0 1 0 -0 0 1 3010.dat
0 H03844 ELEMENT 4113916 MODULE retaining-masonry
1 19 800 -256 50 1 0 0 0 1 0 -0 0 1 3010.dat
0 H03845 ELEMENT 4113916 MODULE retaining-masonry
1 19 880 -256 50 1 0 0 0 1 0 -0 0 1 3010.dat
0 H03846 ELEMENT 4113916 MODULE retaining-masonry
1 19 960 -256 50 1 0 0 0 1 0 -0 0 1 3010.dat
0 H03847 ELEMENT 4113916 MODULE retaining-masonry
1 19 1040 -256 50 1 0 0 0 1 0 -0 0 1 3010.dat
0 H03848 ELEMENT 4113916 MODULE retaining-masonry
1 19 50 -256 100 0 0 1 0 1 0 -1 0 0 3010.dat
0 H03849 ELEMENT 4113916 MODULE retaining-masonry
1 19 50 -256 180 0 0 1 0 1 0 -1 0 0 3010.dat
0 H03850 ELEMENT 4113916 MODULE retaining-masonry
1 19 1070 -256 180 0 0 1 0 1 0 -1 0 0 3010.dat
0 H03851 ELEMENT 4113916 MODULE retaining-masonry
1 19 50 -256 260 0 0 1 0 1 0 -1 0 0 3010.dat
0 H03852 ELEMENT 4113916 MODULE retaining-masonry
1 19 1070 -256 260 0 0 1 0 1 0 -1 0 0 3010.dat
0 H03853 ELEMENT 6156462 MODULE retaining-masonry
1 19 50 -240 420 0 0 1 0 1 0 -1 0 0 60479.dat
0 H03854 ELEMENT 6156462 MODULE retaining-masonry
1 19 1070 -240 420 0 0 1 0 1 0 -1 0 0 60479.dat
0 H03855 ELEMENT 6213676 MODULE retaining-masonry
1 19 50 -256 580 0 0 1 0 1 0 -1 0 0 15207.dat
0 H03856 ELEMENT 6213676 MODULE retaining-masonry
1 19 1070 -256 580 0 0 1 0 1 0 -1 0 0 15207.dat
0 H03857 ELEMENT 6156462 MODULE retaining-masonry
1 19 160 -240 630 1 0 0 0 1 0 -0 0 1 60479.dat
0 H03858 ELEMENT 6213676 MODULE retaining-masonry
1 19 320 -256 630 1 0 0 0 1 0 -0 0 1 15207.dat
0 H03859 ELEMENT 6213676 MODULE retaining-masonry
1 19 400 -256 630 1 0 0 0 1 0 -0 0 1 15207.dat
0 H03860 ELEMENT 6156462 MODULE retaining-masonry
1 19 720 -240 630 1 0 0 0 1 0 -0 0 1 60479.dat
0 H03861 ELEMENT 6156462 MODULE retaining-masonry
1 19 960 -240 630 1 0 0 0 1 0 -0 0 1 60479.dat
0 H03862 ELEMENT 6156462 MODULE retaining-masonry
1 19 160 -248 50 1 0 0 0 1 0 -0 0 1 60479.dat
0 H03863 ELEMENT 6156462 MODULE retaining-masonry
1 19 50 -248 420 0 0 1 0 1 0 -1 0 0 60479.dat
0 H03864 ELEMENT 6156462 MODULE retaining-masonry
1 19 1070 -248 420 0 0 1 0 1 0 -1 0 0 60479.dat
0 H03865 ELEMENT 6156462 MODULE retaining-masonry
1 19 160 -248 630 1 0 0 0 1 0 -0 0 1 60479.dat
0 H03866 ELEMENT 6156462 MODULE retaining-masonry
1 19 720 -248 630 1 0 0 0 1 0 -0 0 1 60479.dat
0 H03867 ELEMENT 301001 MODULE retaining-masonry
1 15 880 -264 630 1 0 0 0 1 0 -0 0 1 3010.dat
0 H03868 ELEMENT 301001 MODULE retaining-masonry
1 15 960 -264 630 1 0 0 0 1 0 -0 0 1 3010.dat
0 H03869 ELEMENT 301001 MODULE retaining-masonry
1 15 1040 -264 630 1 0 0 0 1 0 -0 0 1 3010.dat
0 H03870 ELEMENT 301001 MODULE retaining-masonry
1 15 80 -272 50 1 0 0 0 1 0 -0 0 1 3010.dat
0 H03871 ELEMENT 301001 MODULE retaining-masonry
1 15 160 -272 50 1 0 0 0 1 0 -0 0 1 3010.dat
0 H03872 ELEMENT 301001 MODULE retaining-masonry
1 15 240 -272 50 1 0 0 0 1 0 -0 0 1 3010.dat
0 H03873 ELEMENT 301001 MODULE retaining-masonry
1 15 50 -272 340 0 0 1 0 1 0 -1 0 0 3010.dat
0 H03874 ELEMENT 301001 MODULE retaining-masonry
1 15 1070 -272 340 0 0 1 0 1 0 -1 0 0 3010.dat
0 H03875 ELEMENT 301001 MODULE retaining-masonry
1 15 50 -272 420 0 0 1 0 1 0 -1 0 0 3010.dat
0 H03876 ELEMENT 301001 MODULE retaining-masonry
1 15 1070 -272 420 0 0 1 0 1 0 -1 0 0 3010.dat
0 H03877 ELEMENT 301001 MODULE retaining-masonry
1 15 50 -272 500 0 0 1 0 1 0 -1 0 0 3010.dat
0 H03878 ELEMENT 6514504 MODULE retaining-masonry
1 15 1070 -272 500 0 0 1 0 1 0 -1 0 0 15207.dat
0 H03879 ELEMENT 6514504 MODULE retaining-masonry
1 15 80 -272 630 1 0 0 0 1 0 -0 0 1 15207.dat
0 H03880 ELEMENT 6514504 MODULE retaining-masonry
1 15 160 -272 630 1 0 0 0 1 0 -0 0 1 15207.dat
0 H03881 ELEMENT 6514504 MODULE retaining-masonry
1 15 240 -272 630 1 0 0 0 1 0 -0 0 1 15207.dat
0 H03882 ELEMENT 6514504 MODULE retaining-masonry
1 15 640 -272 630 1 0 0 0 1 0 -0 0 1 15207.dat
0 H03883 ELEMENT 6001822 MODULE retaining-masonry
1 28 720 -272 630 1 0 0 0 1 0 -0 0 1 3010.dat
0 H03884 ELEMENT 6001822 MODULE retaining-masonry
1 28 800 -272 630 1 0 0 0 1 0 -0 0 1 3010.dat
0 H03885 ELEMENT 6001822 MODULE retaining-masonry
1 28 320 -280 50 1 0 0 0 1 0 -0 0 1 3010.dat
0 H03886 ELEMENT 6001822 MODULE retaining-masonry
1 28 400 -280 50 1 0 0 0 1 0 -0 0 1 3010.dat
0 H03887 ELEMENT 6001822 MODULE retaining-masonry
1 28 480 -280 50 1 0 0 0 1 0 -0 0 1 3010.dat
0 H03888 ELEMENT 6275088 MODULE retaining-masonry
1 28 640 -264 50 1 0 0 0 1 0 -0 0 1 60479.dat
0 H03889 ELEMENT 4251149 MODULE retaining-masonry
1 71 860 -264 50 1 0 0 0 1 0 -0 0 1 4477.dat
0 H03890 ELEMENT 362201 MODULE retaining-masonry
1 15 990 -280 50 1 0 0 0 1 0 -0 0 1 3622.dat
0 H03891 ELEMENT 362201 MODULE retaining-masonry
1 15 1050 -280 50 1 0 0 0 1 0 -0 0 1 3622.dat
0 H03892 ELEMENT 4251149 MODULE retaining-masonry
1 71 50 -264 160 0 0 1 0 1 0 -1 0 0 4477.dat
0 H03893 ELEMENT 4251149 MODULE retaining-masonry
1 71 1070 -264 160 0 0 1 0 1 0 -1 0 0 4477.dat
0 H03894 ELEMENT 4109995 MODULE retaining-masonry
1 19 50 -280 280 0 0 1 0 1 0 -1 0 0 3004.dat
0 H03895 ELEMENT 4109995 MODULE retaining-masonry
1 19 1070 -280 280 0 0 1 0 1 0 -1 0 0 3004.dat
0 H03896 ELEMENT 362201 MODULE retaining-masonry
1 15 50 -280 570 0 0 1 0 1 0 -1 0 0 3622.dat
0 H03897 ELEMENT 362201 MODULE retaining-masonry
1 15 1070 -280 570 0 0 1 0 1 0 -1 0 0 3622.dat
0 H03898 ELEMENT 6001824 MODULE retaining-masonry
1 28 50 -280 610 1 0 0 0 1 0 -0 0 1 3005.dat
0 H03899 ELEMENT 6001824 MODULE retaining-masonry
1 28 1070 -280 610 1 0 0 0 1 0 -0 0 1 3005.dat
0 H03900 ELEMENT 362201 MODULE retaining-masonry
1 15 310 -280 630 1 0 0 0 1 0 -0 0 1 3622.dat
0 H03901 ELEMENT 362201 MODULE retaining-masonry
1 15 370 -280 630 1 0 0 0 1 0 -0 0 1 3622.dat
0 H03902 ELEMENT 6146221 MODULE retaining-masonry
1 19 420 -280 630 1 0 0 0 1 0 -0 0 1 4865b.dat
0 H03903 ELEMENT 4251149 MODULE retaining-masonry
1 71 620 -272 50 1 0 0 0 1 0 -0 0 1 4477.dat
0 H03904 ELEMENT 4251149 MODULE retaining-masonry
1 71 820 -272 50 1 0 0 0 1 0 -0 0 1 4477.dat
0 H03905 ELEMENT 6146221 MODULE retaining-masonry
1 19 940 -288 50 1 0 0 0 1 0 -0 0 1 4865b.dat
0 H03906 ELEMENT 4251149 MODULE retaining-masonry
1 71 50 -272 160 0 0 1 0 1 0 -1 0 0 4477.dat
0 H03907 ELEMENT 4251149 MODULE retaining-masonry
1 71 1070 -272 160 0 0 1 0 1 0 -1 0 0 4477.dat
0 H03908 ELEMENT 4251149 MODULE retaining-masonry
1 71 940 -272 630 1 0 0 0 1 0 -0 0 1 4477.dat
0 H03909 ELEMENT 6146221 MODULE retaining-masonry
1 19 1060 -288 630 1 0 0 0 1 0 -0 0 1 4865b.dat
0 H03910 ELEMENT 4251149 MODULE retaining-masonry
1 71 140 -280 50 1 0 0 0 1 0 -0 0 1 4477.dat
0 H03911 ELEMENT 6146221 MODULE retaining-masonry
1 19 260 -296 50 1 0 0 0 1 0 -0 0 1 4865b.dat
0 H03912 ELEMENT 4257526 MODULE retaining-masonry
1 72 620 -280 50 1 0 0 0 1 0 -0 0 1 4477.dat
0 H03913 ELEMENT 4257526 MODULE retaining-masonry
1 72 820 -280 50 1 0 0 0 1 0 -0 0 1 4477.dat
0 H03914 ELEMENT 4257526 MODULE retaining-masonry
1 72 50 -280 160 0 0 1 0 1 0 -1 0 0 4477.dat
0 H03915 ELEMENT 4257526 MODULE retaining-masonry
1 72 1070 -280 160 0 0 1 0 1 0 -1 0 0 4477.dat
0 H03916 ELEMENT 4257526 MODULE retaining-masonry
1 72 50 -280 400 0 0 1 0 1 0 -1 0 0 4477.dat
0 H03917 ELEMENT 4257526 MODULE retaining-masonry
1 72 1070 -280 400 0 0 1 0 1 0 -1 0 0 4477.dat
0 H03918 ELEMENT 6148262 MODULE retaining-masonry
1 19 50 -296 520 0 0 1 0 1 0 -1 0 0 98283.dat
0 H03919 ELEMENT 6148262 MODULE retaining-masonry
1 19 1070 -296 520 0 0 1 0 1 0 -1 0 0 98283.dat
0 H03920 ELEMENT 4143409 MODULE retaining-masonry
1 19 140 -280 630 1 0 0 0 1 0 -0 0 1 4477.dat
0 H03921 ELEMENT 6148262 MODULE retaining-masonry
1 19 260 -296 630 1 0 0 0 1 0 -0 0 1 98283.dat
0 H03922 ELEMENT 4143409 MODULE retaining-masonry
1 19 700 -280 630 1 0 0 0 1 0 -0 0 1 4477.dat
0 H03923 ELEMENT 4143409 MODULE retaining-masonry
1 19 900 -280 630 1 0 0 0 1 0 -0 0 1 4477.dat
0 H03924 ELEMENT 6148262 MODULE retaining-masonry
1 19 1020 -296 630 1 0 0 0 1 0 -0 0 1 98283.dat
0 H03925 ELEMENT 4143409 MODULE retaining-masonry
1 19 140 -288 50 1 0 0 0 1 0 -0 0 1 4477.dat
0 H03926 ELEMENT 4143409 MODULE retaining-masonry
1 19 380 -288 50 1 0 0 0 1 0 -0 0 1 4477.dat
0 H03927 ELEMENT 4143409 MODULE retaining-masonry
1 19 580 -288 50 1 0 0 0 1 0 -0 0 1 4477.dat
0 H03928 ELEMENT 4143409 MODULE retaining-masonry
1 19 780 -288 50 1 0 0 0 1 0 -0 0 1 4477.dat
0 H03929 ELEMENT 6148262 MODULE retaining-masonry
1 19 900 -304 50 1 0 0 0 1 0 -0 0 1 98283.dat
0 H03930 ELEMENT 362201 MODULE retaining-masonry
1 15 990 -304 50 1 0 0 0 1 0 -0 0 1 3622.dat
0 H03931 ELEMENT 362201 MODULE retaining-masonry
1 15 1050 -304 50 1 0 0 0 1 0 -0 0 1 3622.dat
0 H03932 ELEMENT 4143409 MODULE retaining-masonry
1 19 50 -288 160 0 0 1 0 1 0 -1 0 0 4477.dat
0 H03933 ELEMENT 4143409 MODULE retaining-masonry
1 19 1070 -288 160 0 0 1 0 1 0 -1 0 0 4477.dat
0 H03934 ELEMENT 4143409 MODULE retaining-masonry
1 19 50 -288 360 0 0 1 0 1 0 -1 0 0 4477.dat
0 H03935 ELEMENT 4143409 MODULE retaining-masonry
1 19 1070 -288 360 0 0 1 0 1 0 -1 0 0 4477.dat
0 H03936 ELEMENT 6148262 MODULE retaining-masonry
1 19 50 -304 480 0 0 1 0 1 0 -1 0 0 98283.dat
0 H03937 ELEMENT 6148262 MODULE retaining-masonry
1 19 1070 -304 480 0 0 1 0 1 0 -1 0 0 98283.dat
0 H03938 ELEMENT 362201 MODULE retaining-masonry
1 15 50 -304 570 0 0 1 0 1 0 -1 0 0 3622.dat
0 H03939 ELEMENT 362201 MODULE retaining-masonry
1 15 1070 -304 570 0 0 1 0 1 0 -1 0 0 3622.dat
0 H03940 ELEMENT 6148262 MODULE retaining-masonry
1 19 50 -304 620 0 0 1 0 1 0 -1 0 0 98283.dat
0 H03941 ELEMENT 6001824 MODULE retaining-masonry
1 28 1070 -304 610 1 0 0 0 1 0 -0 0 1 3005.dat
0 H03942 ELEMENT 362201 MODULE retaining-masonry
1 15 90 -304 630 1 0 0 0 1 0 -0 0 1 3622.dat
0 H03943 ELEMENT 362201 MODULE retaining-masonry
1 15 150 -304 630 1 0 0 0 1 0 -0 0 1 3622.dat
0 H03944 ELEMENT 362201 MODULE retaining-masonry
1 15 210 -304 630 1 0 0 0 1 0 -0 0 1 3622.dat
0 H03945 ELEMENT 362201 MODULE retaining-masonry
1 15 310 -304 630 1 0 0 0 1 0 -0 0 1 3622.dat
0 H03946 ELEMENT 6148262 MODULE retaining-masonry
1 19 360 -304 630 1 0 0 0 1 0 -0 0 1 98283.dat
0 H03947 ELEMENT 6148262 MODULE retaining-masonry
1 19 400 -304 630 1 0 0 0 1 0 -0 0 1 98283.dat
0 H03948 ELEMENT 6001824 MODULE retaining-masonry
1 28 430 -304 630 1 0 0 0 1 0 -0 0 1 3005.dat
0 H03949 ELEMENT 4143409 MODULE retaining-masonry
1 19 700 -288 630 1 0 0 0 1 0 -0 0 1 4477.dat
0 H03950 ELEMENT 4143409 MODULE retaining-masonry
1 19 900 -288 630 1 0 0 0 1 0 -0 0 1 4477.dat
0 H03951 ELEMENT 4143409 MODULE retaining-masonry
1 19 140 -296 50 1 0 0 0 1 0 -0 0 1 4477.dat
0 H03952 ELEMENT 4143409 MODULE retaining-masonry
1 19 380 -296 50 1 0 0 0 1 0 -0 0 1 4477.dat
0 H03953 ELEMENT 4143409 MODULE retaining-masonry
1 19 580 -296 50 1 0 0 0 1 0 -0 0 1 4477.dat
0 H03954 ELEMENT 4143409 MODULE retaining-masonry
1 19 780 -296 50 1 0 0 0 1 0 -0 0 1 4477.dat
0 H03955 ELEMENT 6148262 MODULE retaining-masonry
1 19 940 -312 50 1 0 0 0 1 0 -0 0 1 98283.dat
0 H03956 ELEMENT 6232137 MODULE retaining-masonry
1 28 50 -296 160 0 0 1 0 1 0 -1 0 0 4477.dat
0 H03957 ELEMENT 6232137 MODULE retaining-masonry
1 28 1070 -296 160 0 0 1 0 1 0 -1 0 0 4477.dat
0 H03958 ELEMENT 4211425 MODULE retaining-masonry
1 71 50 -296 340 0 0 1 0 1 0 -1 0 0 3460.dat
0 H03959 ELEMENT 4211425 MODULE retaining-masonry
1 71 1070 -296 340 0 0 1 0 1 0 -1 0 0 3460.dat
0 H03960 ELEMENT 6148262 MODULE retaining-masonry
1 19 50 -312 440 0 0 1 0 1 0 -1 0 0 98283.dat
0 H03961 ELEMENT 6148262 MODULE retaining-masonry
1 19 1070 -312 440 0 0 1 0 1 0 -1 0 0 98283.dat
0 H03962 ELEMENT 4211425 MODULE retaining-masonry
1 71 680 -296 630 1 0 0 0 1 0 -0 0 1 3460.dat
0 H03963 ELEMENT 4211425 MODULE retaining-masonry
1 71 840 -296 630 1 0 0 0 1 0 -0 0 1 3460.dat
0 H03964 ELEMENT 6148262 MODULE retaining-masonry
1 19 940 -312 630 1 0 0 0 1 0 -0 0 1 98283.dat
0 H03965 ELEMENT 6148262 MODULE retaining-masonry
1 19 980 -312 630 1 0 0 0 1 0 -0 0 1 98283.dat
0 H03966 ELEMENT 6148262 MODULE retaining-masonry
1 19 1060 -312 630 1 0 0 0 1 0 -0 0 1 98283.dat
0 H03967 ELEMENT 4210998 MODULE retaining-masonry
1 72 120 -304 50 1 0 0 0 1 0 -0 0 1 3460.dat
0 H03968 ELEMENT 4210998 MODULE retaining-masonry
1 72 280 -304 50 1 0 0 0 1 0 -0 0 1 3460.dat
0 H03969 ELEMENT 4210998 MODULE retaining-masonry
1 72 440 -304 50 1 0 0 0 1 0 -0 0 1 3460.dat
0 H03970 ELEMENT 4210998 MODULE retaining-masonry
1 72 600 -304 50 1 0 0 0 1 0 -0 0 1 3460.dat
0 H03971 ELEMENT 4210998 MODULE retaining-masonry
1 72 760 -304 50 1 0 0 0 1 0 -0 0 1 3460.dat
0 H03972 ELEMENT 6148262 MODULE retaining-masonry
1 19 860 -320 50 1 0 0 0 1 0 -0 0 1 98283.dat
0 H03973 ELEMENT 4210998 MODULE retaining-masonry
1 72 50 -304 140 0 0 1 0 1 0 -1 0 0 3460.dat
0 H03974 ELEMENT 4210998 MODULE retaining-masonry
1 72 1070 -304 140 0 0 1 0 1 0 -1 0 0 3460.dat
0 H03975 ELEMENT 4210998 MODULE retaining-masonry
1 72 50 -304 300 0 0 1 0 1 0 -1 0 0 3460.dat
0 H03976 ELEMENT 4210998 MODULE retaining-masonry
1 72 1070 -304 300 0 0 1 0 1 0 -1 0 0 3460.dat
0 H03977 ELEMENT 6148262 MODULE retaining-masonry
1 19 50 -320 400 0 0 1 0 1 0 -1 0 0 98283.dat
0 H03978 ELEMENT 6148262 MODULE retaining-masonry
1 19 1070 -320 400 0 0 1 0 1 0 -1 0 0 98283.dat
0 H03979 ELEMENT 6148262 MODULE retaining-masonry
1 19 50 -320 520 0 0 1 0 1 0 -1 0 0 98283.dat
0 H03980 ELEMENT 6148262 MODULE retaining-masonry
1 19 1070 -320 520 0 0 1 0 1 0 -1 0 0 98283.dat
0 H03981 ELEMENT 6148262 MODULE retaining-masonry
1 19 260 -320 630 1 0 0 0 1 0 -0 0 1 98283.dat
0 H03982 ELEMENT 4210998 MODULE retaining-masonry
1 72 680 -304 630 1 0 0 0 1 0 -0 0 1 3460.dat
0 H03983 ELEMENT 4210998 MODULE retaining-masonry
1 72 840 -304 630 1 0 0 0 1 0 -0 0 1 3460.dat
0 H03984 ELEMENT 6148262 MODULE retaining-masonry
1 19 1020 -320 630 1 0 0 0 1 0 -0 0 1 98283.dat
0 H03985 ELEMENT 4210998 MODULE retaining-masonry
1 72 120 -312 50 1 0 0 0 1 0 -0 0 1 3460.dat
0 H03986 ELEMENT 4210998 MODULE retaining-masonry
1 72 280 -312 50 1 0 0 0 1 0 -0 0 1 3460.dat
0 H03987 ELEMENT 4210998 MODULE retaining-masonry
1 72 440 -312 50 1 0 0 0 1 0 -0 0 1 3460.dat
0 H03988 ELEMENT 4114324 MODULE retaining-masonry
1 19 600 -312 50 1 0 0 0 1 0 -0 0 1 3460.dat
0 H03989 ELEMENT 4114324 MODULE retaining-masonry
1 19 760 -312 50 1 0 0 0 1 0 -0 0 1 3460.dat
0 H03990 ELEMENT 6148262 MODULE retaining-masonry
1 19 900 -328 50 1 0 0 0 1 0 -0 0 1 98283.dat
0 H03991 ELEMENT 4211438 MODULE retaining-masonry
1 71 1020 -312 50 1 0 0 0 1 0 -0 0 1 3666.dat
0 H03992 ELEMENT 4114324 MODULE retaining-masonry
1 19 50 -312 140 0 0 1 0 1 0 -1 0 0 3460.dat
0 H03993 ELEMENT 4114324 MODULE retaining-masonry
1 19 1070 -312 140 0 0 1 0 1 0 -1 0 0 3460.dat
0 H03994 ELEMENT 4114324 MODULE retaining-masonry
1 19 50 -312 300 0 0 1 0 1 0 -1 0 0 3460.dat
0 H03995 ELEMENT 4114324 MODULE retaining-masonry
1 19 1070 -312 300 0 0 1 0 1 0 -1 0 0 3460.dat
0 H03996 ELEMENT 6148262 MODULE retaining-masonry
1 19 50 -328 480 0 0 1 0 1 0 -1 0 0 98283.dat
0 H03997 ELEMENT 6148262 MODULE retaining-masonry
1 19 1070 -328 480 0 0 1 0 1 0 -1 0 0 98283.dat
0 H03998 ELEMENT 6148262 MODULE retaining-masonry
1 19 50 -328 560 0 0 1 0 1 0 -1 0 0 98283.dat
0 H03999 ELEMENT 6148262 MODULE retaining-masonry
1 19 1070 -328 560 0 0 1 0 1 0 -1 0 0 98283.dat
0 H04000 ELEMENT 6148262 MODULE retaining-masonry
1 19 50 -328 600 0 0 1 0 1 0 -1 0 0 98283.dat
0 H04001 ELEMENT 6148262 MODULE retaining-masonry
1 19 1070 -328 600 0 0 1 0 1 0 -1 0 0 98283.dat
0 H04002 ELEMENT 6156492 MODULE retaining-masonry
1 28 120 -312 630 1 0 0 0 1 0 -0 0 1 3460.dat
0 H04003 ELEMENT 6148262 MODULE retaining-masonry
1 19 220 -328 630 1 0 0 0 1 0 -0 0 1 98283.dat
0 H04004 ELEMENT 6156492 MODULE retaining-masonry
1 28 360 -312 630 1 0 0 0 1 0 -0 0 1 3460.dat
0 H04005 ELEMENT 6156492 MODULE retaining-masonry
1 28 680 -312 630 1 0 0 0 1 0 -0 0 1 3460.dat
0 H04006 ELEMENT 6156492 MODULE retaining-masonry
1 28 840 -312 630 1 0 0 0 1 0 -0 0 1 3460.dat
0 H04007 ELEMENT 6156492 MODULE retaining-masonry
1 28 120 -320 50 1 0 0 0 1 0 -0 0 1 3460.dat
0 H04008 ELEMENT 4211438 MODULE retaining-masonry
1 71 260 -320 50 1 0 0 0 1 0 -0 0 1 3666.dat
0 H04009 ELEMENT 4211438 MODULE retaining-masonry
1 71 380 -320 50 1 0 0 0 1 0 -0 0 1 3666.dat
0 H04010 ELEMENT 4211438 MODULE retaining-masonry
1 71 500 -320 50 1 0 0 0 1 0 -0 0 1 3666.dat
0 H04011 ELEMENT 4211438 MODULE retaining-masonry
1 71 620 -320 50 1 0 0 0 1 0 -0 0 1 3666.dat
0 H04012 ELEMENT 4211438 MODULE retaining-masonry
1 71 740 -320 50 1 0 0 0 1 0 -0 0 1 3666.dat
0 H04013 ELEMENT 4211398 MODULE retaining-masonry
1 71 820 -320 50 1 0 0 0 1 0 -0 0 1 3023b.dat
0 H04014 ELEMENT 4211438 MODULE retaining-masonry
1 71 980 -320 50 1 0 0 0 1 0 -0 0 1 3666.dat
0 H04015 ELEMENT 4211398 MODULE retaining-masonry
1 71 1060 -320 50 1 0 0 0 1 0 -0 0 1 3023b.dat
0 H04016 ELEMENT 4211438 MODULE retaining-masonry
1 71 50 -320 120 0 0 1 0 1 0 -1 0 0 3666.dat
0 H04017 ELEMENT 4211438 MODULE retaining-masonry
1 71 1070 -320 120 0 0 1 0 1 0 -1 0 0 3666.dat
0 H04018 ELEMENT 4211438 MODULE retaining-masonry
1 71 50 -320 240 0 0 1 0 1 0 -1 0 0 3666.dat
0 H04019 ELEMENT 4211438 MODULE retaining-masonry
1 71 1070 -320 240 0 0 1 0 1 0 -1 0 0 3666.dat
0 H04020 ELEMENT 4211445 MODULE retaining-masonry
1 71 50 -320 340 0 0 1 0 1 0 -1 0 0 3710.dat
0 H04021 ELEMENT 4211445 MODULE retaining-masonry
1 71 1070 -320 340 0 0 1 0 1 0 -1 0 0 3710.dat
0 H04022 ELEMENT 4211398 MODULE retaining-masonry
1 71 50 -320 440 0 0 1 0 1 0 -1 0 0 3023b.dat
0 H04023 ELEMENT 4211398 MODULE retaining-masonry
1 71 1070 -320 440 0 0 1 0 1 0 -1 0 0 3023b.dat
0 H04024 ELEMENT 4211438 MODULE retaining-masonry
1 71 100 -320 630 1 0 0 0 1 0 -0 0 1 3666.dat
0 H04025 ELEMENT 4211398 MODULE retaining-masonry
1 71 180 -320 630 1 0 0 0 1 0 -0 0 1 3023b.dat
0 H04026 ELEMENT 4211438 MODULE retaining-masonry
1 71 340 -320 630 1 0 0 0 1 0 -0 0 1 3666.dat
0 H04027 ELEMENT 4211398 MODULE retaining-masonry
1 71 420 -320 630 1 0 0 0 1 0 -0 0 1 3023b.dat
0 H04028 ELEMENT 4211438 MODULE retaining-masonry
1 71 660 -320 630 1 0 0 0 1 0 -0 0 1 3666.dat
0 H04029 ELEMENT 4211438 MODULE retaining-masonry
1 71 780 -320 630 1 0 0 0 1 0 -0 0 1 3666.dat
0 H04030 ELEMENT 4211438 MODULE retaining-masonry
1 71 900 -320 630 1 0 0 0 1 0 -0 0 1 3666.dat
0 H04031 ELEMENT 4211398 MODULE retaining-masonry
1 71 980 -320 630 1 0 0 0 1 0 -0 0 1 3023b.dat
0 H04032 ELEMENT 4211398 MODULE retaining-masonry
1 71 1060 -320 630 1 0 0 0 1 0 -0 0 1 3023b.dat
0 H04033 ELEMENT 4211438 MODULE retaining-masonry
1 71 100 -328 50 1 0 0 0 1 0 -0 0 1 3666.dat
0 H04034 ELEMENT 4211438 MODULE retaining-masonry
1 71 220 -328 50 1 0 0 0 1 0 -0 0 1 3666.dat
0 H04035 ELEMENT 4211438 MODULE retaining-masonry
1 71 340 -328 50 1 0 0 0 1 0 -0 0 1 3666.dat
0 H04036 ELEMENT 4211438 MODULE retaining-masonry
1 71 460 -328 50 1 0 0 0 1 0 -0 0 1 3666.dat
0 H04037 ELEMENT 4211438 MODULE retaining-masonry
1 71 580 -328 50 1 0 0 0 1 0 -0 0 1 3666.dat
0 H04038 ELEMENT 4211056 MODULE retaining-masonry
1 72 700 -328 50 1 0 0 0 1 0 -0 0 1 3666.dat
0 H04039 ELEMENT 4211056 MODULE retaining-masonry
1 72 820 -328 50 1 0 0 0 1 0 -0 0 1 3666.dat
0 H04040 ELEMENT 4211056 MODULE retaining-masonry
1 72 980 -328 50 1 0 0 0 1 0 -0 0 1 3666.dat
0 H04041 ELEMENT 4211398 MODULE retaining-masonry
1 71 1060 -328 50 1 0 0 0 1 0 -0 0 1 3023b.dat
0 H04042 ELEMENT 4211056 MODULE retaining-masonry
1 72 50 -328 120 0 0 1 0 1 0 -1 0 0 3666.dat
0 H04043 ELEMENT 4211056 MODULE retaining-masonry
1 72 1070 -328 120 0 0 1 0 1 0 -1 0 0 3666.dat
0 H04044 ELEMENT 4211056 MODULE retaining-masonry
1 72 50 -328 240 0 0 1 0 1 0 -1 0 0 3666.dat
0 H04045 ELEMENT 4211056 MODULE retaining-masonry
1 72 1070 -328 240 0 0 1 0 1 0 -1 0 0 3666.dat
0 H04046 ELEMENT 4211056 MODULE retaining-masonry
1 72 50 -328 360 0 0 1 0 1 0 -1 0 0 3666.dat
0 H04047 ELEMENT 4211056 MODULE retaining-masonry
1 72 1070 -328 360 0 0 1 0 1 0 -1 0 0 3666.dat
0 H04048 ELEMENT 4211398 MODULE retaining-masonry
1 71 50 -328 440 0 0 1 0 1 0 -1 0 0 3023b.dat
0 H04049 ELEMENT 4211398 MODULE retaining-masonry
1 71 1070 -328 440 0 0 1 0 1 0 -1 0 0 3023b.dat
0 H04050 ELEMENT 4211398 MODULE retaining-masonry
1 71 50 -328 520 0 0 1 0 1 0 -1 0 0 3023b.dat
0 H04051 ELEMENT 4211398 MODULE retaining-masonry
1 71 1070 -328 520 0 0 1 0 1 0 -1 0 0 3023b.dat
0 H04052 ELEMENT 4211056 MODULE retaining-masonry
1 72 100 -328 630 1 0 0 0 1 0 -0 0 1 3666.dat
0 H04053 ELEMENT 4211398 MODULE retaining-masonry
1 71 180 -328 630 1 0 0 0 1 0 -0 0 1 3023b.dat
0 H04054 ELEMENT 4211056 MODULE retaining-masonry
1 72 300 -328 630 1 0 0 0 1 0 -0 0 1 3666.dat
0 H04055 ELEMENT 4211445 MODULE retaining-masonry
1 71 400 -328 630 1 0 0 0 1 0 -0 0 1 3710.dat
0 H04056 ELEMENT 4211056 MODULE retaining-masonry
1 72 660 -328 630 1 0 0 0 1 0 -0 0 1 3666.dat
0 H04057 ELEMENT 4211056 MODULE retaining-masonry
1 72 780 -328 630 1 0 0 0 1 0 -0 0 1 3666.dat
0 H04058 ELEMENT 4211056 MODULE retaining-masonry
1 72 900 -328 630 1 0 0 0 1 0 -0 0 1 3666.dat
0 H04059 ELEMENT 4124067 MODULE retaining-masonry
1 19 1020 -328 630 1 0 0 0 1 0 -0 0 1 3666.dat
0 H04060 ELEMENT 245426 MODULE concealed-piers
1 0 120 -136 110 1 0 0 0 1 0 -0 0 1 2454.dat
0 H04061 ELEMENT 245426 MODULE concealed-piers
1 0 120 -136 130 1 0 0 0 1 0 -0 0 1 2454.dat
0 H04062 ELEMENT 6055104 MODULE concealed-piers
1 1 120 -256 110 1 0 0 0 1 0 -0 0 1 2454.dat
0 H04063 ELEMENT 6055104 MODULE concealed-piers
1 1 120 -256 130 1 0 0 0 1 0 -0 0 1 2454.dat
0 H04064 ELEMENT 300326 MODULE concealed-piers
1 0 120 -280 120 1 0 0 0 1 0 -0 0 1 3003.dat
0 H04065 ELEMENT 300326 MODULE concealed-piers
1 0 120 -304 120 1 0 0 0 1 0 -0 0 1 3003.dat
0 H04066 ELEMENT 300326 MODULE concealed-piers
1 0 120 -328 120 1 0 0 0 1 0 -0 0 1 3003.dat
0 H04067 ELEMENT 4212414 MODULE concealed-piers
1 4 120 -136 270 1 0 0 0 1 0 -0 0 1 2454.dat
0 H04068 ELEMENT 4212414 MODULE concealed-piers
1 4 120 -136 290 1 0 0 0 1 0 -0 0 1 2454.dat
0 H04069 ELEMENT 6143721 MODULE concealed-piers
1 29 120 -256 270 1 0 0 0 1 0 -0 0 1 2454.dat
0 H04070 ELEMENT 6290505 MODULE concealed-piers
1 31 120 -256 290 1 0 0 0 1 0 -0 0 1 2454.dat
0 H04071 ELEMENT 300326 MODULE concealed-piers
1 0 120 -280 280 1 0 0 0 1 0 -0 0 1 3003.dat
0 H04072 ELEMENT 300326 MODULE concealed-piers
1 0 120 -304 280 1 0 0 0 1 0 -0 0 1 3003.dat
0 H04073 ELEMENT 300326 MODULE concealed-piers
1 0 120 -328 280 1 0 0 0 1 0 -0 0 1 3003.dat
0 H04074 ELEMENT 6252586 MODULE concealed-piers
1 37 120 -136 430 1 0 0 0 1 0 -0 0 1 2454.dat
0 H04075 ELEMENT 6251284 MODULE concealed-piers
1 43 120 -136 450 1 0 0 0 1 0 -0 0 1 2454.dat
0 H04076 ELEMENT 6251285 MODULE concealed-piers
1 47 120 -256 430 1 0 0 0 1 0 -0 0 1 2454.dat
0 H04077 ELEMENT 6251285 MODULE concealed-piers
1 47 120 -256 450 1 0 0 0 1 0 -0 0 1 2454.dat
0 H04078 ELEMENT 300326 MODULE concealed-piers
1 0 120 -280 440 1 0 0 0 1 0 -0 0 1 3003.dat
0 H04079 ELEMENT 300326 MODULE concealed-piers
1 0 120 -304 440 1 0 0 0 1 0 -0 0 1 3003.dat
0 H04080 ELEMENT 300326 MODULE concealed-piers
1 0 120 -328 440 1 0 0 0 1 0 -0 0 1 3003.dat
0 H04081 ELEMENT 6251285 MODULE concealed-piers
1 47 280 -136 110 1 0 0 0 1 0 -0 0 1 2454.dat
0 H04082 ELEMENT 6186400 MODULE concealed-piers
1 84 280 -136 130 1 0 0 0 1 0 -0 0 1 2454.dat
0 H04083 ELEMENT 6186400 MODULE concealed-piers
1 84 280 -256 110 1 0 0 0 1 0 -0 0 1 2454.dat
0 H04084 ELEMENT 6377001 MODULE concealed-piers
1 322 280 -256 130 1 0 0 0 1 0 -0 0 1 2454.dat
0 H04085 ELEMENT 300326 MODULE concealed-piers
1 0 280 -280 120 1 0 0 0 1 0 -0 0 1 3003.dat
0 H04086 ELEMENT 300323 MODULE concealed-piers
1 1 280 -304 120 1 0 0 0 1 0 -0 0 1 3003.dat
0 H04087 ELEMENT 300323 MODULE concealed-piers
1 1 280 -328 120 1 0 0 0 1 0 -0 0 1 3003.dat
0 H04088 ELEMENT 6377001 MODULE concealed-piers
1 322 280 -136 270 1 0 0 0 1 0 -0 0 1 2454.dat
0 H04089 ELEMENT 6135112 MODULE concealed-piers
1 323 280 -136 290 1 0 0 0 1 0 -0 0 1 2454.dat
0 H04090 ELEMENT 6472295 MODULE concealed-piers
1 326 280 -256 270 1 0 0 0 1 0 -0 0 1 2454.dat
0 H04091 ELEMENT 6472295 MODULE concealed-piers
1 326 280 -256 290 1 0 0 0 1 0 -0 0 1 2454.dat
0 H04092 ELEMENT 300323 MODULE concealed-piers
1 1 280 -280 280 1 0 0 0 1 0 -0 0 1 3003.dat
0 H04093 ELEMENT 300323 MODULE concealed-piers
1 1 280 -304 280 1 0 0 0 1 0 -0 0 1 3003.dat
0 H04094 ELEMENT 300328 MODULE concealed-piers
1 2 280 -328 280 1 0 0 0 1 0 -0 0 1 3003.dat
0 H04095 ELEMENT 4566308 MODULE concealed-piers
1 0 270 -136 430 1 0 0 0 1 0 -0 0 1 2453b.dat
0 H04096 ELEMENT 4566308 MODULE concealed-piers
1 0 290 -136 430 1 0 0 0 1 0 -0 0 1 2453b.dat
0 H04097 ELEMENT 4566308 MODULE concealed-piers
1 0 270 -136 450 1 0 0 0 1 0 -0 0 1 2453b.dat
0 H04098 ELEMENT 4566308 MODULE concealed-piers
1 0 290 -136 450 1 0 0 0 1 0 -0 0 1 2453b.dat
0 H04099 ELEMENT 4212410 MODULE concealed-piers
1 4 270 -256 430 1 0 0 0 1 0 -0 0 1 2453a.dat
0 H04100 ELEMENT 6377003 MODULE concealed-piers
1 27 290 -256 430 1 0 0 0 1 0 -0 0 1 2453b.dat
0 H04101 ELEMENT 6099351 MODULE concealed-piers
1 31 270 -256 450 1 0 0 0 1 0 -0 0 1 2453b.dat
0 H04102 ELEMENT 6099351 MODULE concealed-piers
1 31 290 -256 450 1 0 0 0 1 0 -0 0 1 2453b.dat
0 H04103 ELEMENT 300328 MODULE concealed-piers
1 2 280 -280 440 1 0 0 0 1 0 -0 0 1 3003.dat
0 H04104 ELEMENT 300328 MODULE concealed-piers
1 2 280 -304 440 1 0 0 0 1 0 -0 0 1 3003.dat
0 H04105 ELEMENT 6314091 MODULE concealed-piers
1 3 280 -328 440 1 0 0 0 1 0 -0 0 1 3003.dat
0 H04106 ELEMENT 6099351 MODULE concealed-piers
1 31 430 -136 110 1 0 0 0 1 0 -0 0 1 2453b.dat
0 H04107 ELEMENT 6339311 MODULE concealed-piers
1 84 450 -136 110 1 0 0 0 1 0 -0 0 1 2453b.dat
0 H04108 ELEMENT 6339311 MODULE concealed-piers
1 84 430 -136 130 1 0 0 0 1 0 -0 0 1 2453b.dat
0 H04109 ELEMENT 6339311 MODULE concealed-piers
1 84 450 -136 130 1 0 0 0 1 0 -0 0 1 2453b.dat
0 H04110 ELEMENT 6298819 MODULE concealed-piers
1 323 430 -256 110 1 0 0 0 1 0 -0 0 1 2453b.dat
0 H04111 ELEMENT 6298819 MODULE concealed-piers
1 323 450 -256 110 1 0 0 0 1 0 -0 0 1 2453b.dat
0 H04112 ELEMENT 6065496 MODULE concealed-piers
1 0 430 -208 130 1 0 0 0 1 0 -0 0 1 14716.dat
0 H04113 ELEMENT 6065496 MODULE concealed-piers
1 0 450 -208 130 1 0 0 0 1 0 -0 0 1 14716.dat
0 H04114 ELEMENT 6065496 MODULE concealed-piers
1 0 430 -280 130 1 0 0 0 1 0 -0 0 1 14716.dat
0 H04115 ELEMENT 6065496 MODULE concealed-piers
1 0 450 -280 130 1 0 0 0 1 0 -0 0 1 14716.dat
0 H04116 ELEMENT 6469934 MODULE concealed-piers
1 1 430 -328 110 1 0 0 0 1 0 -0 0 1 14716.dat
0 H04117 ELEMENT 6061700 MODULE concealed-piers
1 4 450 -328 110 1 0 0 0 1 0 -0 0 1 14716.dat
0 H04118 ELEMENT 300426 MODULE concealed-piers
1 0 440 -304 130 1 0 0 0 1 0 -0 0 1 3004.dat
0 H04119 ELEMENT 300426 MODULE concealed-piers
1 0 440 -328 130 1 0 0 0 1 0 -0 0 1 3004.dat
0 H04120 ELEMENT 6314091 MODULE concealed-piers
1 3 440 -40 280 1 0 0 0 1 0 -0 0 1 3003.dat
0 H04121 ELEMENT 6314091 MODULE concealed-piers
1 3 440 -64 280 1 0 0 0 1 0 -0 0 1 3003.dat
0 H04122 ELEMENT 6314091 MODULE concealed-piers
1 3 440 -88 280 1 0 0 0 1 0 -0 0 1 3003.dat
0 H04123 ELEMENT 6314091 MODULE concealed-piers
1 3 440 -112 280 1 0 0 0 1 0 -0 0 1 3003.dat
0 H04124 ELEMENT 6314091 MODULE concealed-piers
1 3 440 -136 280 1 0 0 0 1 0 -0 0 1 3003.dat
0 H04125 ELEMENT 300321 MODULE concealed-piers
1 4 440 -160 280 1 0 0 0 1 0 -0 0 1 3003.dat
0 H04126 ELEMENT 300321 MODULE concealed-piers
1 4 440 -184 280 1 0 0 0 1 0 -0 0 1 3003.dat
0 H04127 ELEMENT 300321 MODULE concealed-piers
1 4 440 -208 280 1 0 0 0 1 0 -0 0 1 3003.dat
0 H04128 ELEMENT 300321 MODULE concealed-piers
1 4 440 -232 280 1 0 0 0 1 0 -0 0 1 3003.dat
0 H04129 ELEMENT 300321 MODULE concealed-piers
1 4 440 -256 280 1 0 0 0 1 0 -0 0 1 3003.dat
0 H04130 ELEMENT 300321 MODULE concealed-piers
1 4 440 -280 280 1 0 0 0 1 0 -0 0 1 3003.dat
0 H04131 ELEMENT 300321 MODULE concealed-piers
1 4 440 -304 280 1 0 0 0 1 0 -0 0 1 3003.dat
0 H04132 ELEMENT 300321 MODULE concealed-piers
1 4 440 -328 280 1 0 0 0 1 0 -0 0 1 3003.dat
0 H04133 ELEMENT 4517992 MODULE concealed-piers
1 5 440 -40 440 1 0 0 0 1 0 -0 0 1 3003.dat
0 H04134 ELEMENT 300324 MODULE concealed-piers
1 14 440 -64 440 1 0 0 0 1 0 -0 0 1 3003.dat
0 H04135 ELEMENT 300324 MODULE concealed-piers
1 14 440 -88 440 1 0 0 0 1 0 -0 0 1 3003.dat
0 H04136 ELEMENT 300324 MODULE concealed-piers
1 14 440 -112 440 1 0 0 0 1 0 -0 0 1 3003.dat
0 H04137 ELEMENT 300324 MODULE concealed-piers
1 14 440 -136 440 1 0 0 0 1 0 -0 0 1 3003.dat
0 H04138 ELEMENT 300324 MODULE concealed-piers
1 14 440 -160 440 1 0 0 0 1 0 -0 0 1 3003.dat
0 H04139 ELEMENT 300324 MODULE concealed-piers
1 14 440 -184 440 1 0 0 0 1 0 -0 0 1 3003.dat
0 H04140 ELEMENT 4153825 MODULE concealed-piers
1 25 440 -208 440 1 0 0 0 1 0 -0 0 1 3003.dat
0 H04141 ELEMENT 4153825 MODULE concealed-piers
1 25 440 -232 440 1 0 0 0 1 0 -0 0 1 3003.dat
0 H04142 ELEMENT 4220632 MODULE concealed-piers
1 27 440 -256 440 1 0 0 0 1 0 -0 0 1 3003.dat
0 H04143 ELEMENT 4220632 MODULE concealed-piers
1 27 440 -280 440 1 0 0 0 1 0 -0 0 1 3003.dat
0 H04144 ELEMENT 4220632 MODULE concealed-piers
1 27 440 -304 440 1 0 0 0 1 0 -0 0 1 3003.dat
0 H04145 ELEMENT 4220632 MODULE concealed-piers
1 27 440 -328 440 1 0 0 0 1 0 -0 0 1 3003.dat
0 H04146 ELEMENT 4550359 MODULE concealed-piers
1 29 600 -40 120 1 0 0 0 1 0 -0 0 1 3003.dat
0 H04147 ELEMENT 4550359 MODULE concealed-piers
1 29 600 -64 120 1 0 0 0 1 0 -0 0 1 3003.dat
0 H04148 ELEMENT 4550359 MODULE concealed-piers
1 29 600 -88 120 1 0 0 0 1 0 -0 0 1 3003.dat
0 H04149 ELEMENT 4550359 MODULE concealed-piers
1 29 600 -112 120 1 0 0 0 1 0 -0 0 1 3003.dat
0 H04150 ELEMENT 6514093 MODULE concealed-piers
1 47 600 -136 120 1 0 0 0 1 0 -0 0 1 3003.dat
0 H04151 ELEMENT 6514093 MODULE concealed-piers
1 47 600 -160 120 1 0 0 0 1 0 -0 0 1 3003.dat
0 H04152 ELEMENT 6514093 MODULE concealed-piers
1 47 600 -184 120 1 0 0 0 1 0 -0 0 1 3003.dat
0 H04153 ELEMENT 6514093 MODULE concealed-piers
1 47 600 -208 120 1 0 0 0 1 0 -0 0 1 3003.dat
0 H04154 ELEMENT 6514093 MODULE concealed-piers
1 47 600 -232 120 1 0 0 0 1 0 -0 0 1 3003.dat
0 H04155 ELEMENT 6514093 MODULE concealed-piers
1 47 600 -256 120 1 0 0 0 1 0 -0 0 1 3003.dat
0 H04156 ELEMENT 6514093 MODULE concealed-piers
1 47 600 -280 120 1 0 0 0 1 0 -0 0 1 3003.dat
0 H04157 ELEMENT 6297283 MODULE concealed-piers
1 78 600 -304 120 1 0 0 0 1 0 -0 0 1 3003.dat
0 H04158 ELEMENT 6058085 MODULE concealed-piers
1 84 600 -328 120 1 0 0 0 1 0 -0 0 1 3003.dat
0 H04159 ELEMENT 6058085 MODULE concealed-piers
1 84 600 -40 280 1 0 0 0 1 0 -0 0 1 3003.dat
0 H04160 ELEMENT 6058085 MODULE concealed-piers
1 84 600 -64 280 1 0 0 0 1 0 -0 0 1 3003.dat
0 H04161 ELEMENT 6058085 MODULE concealed-piers
1 84 600 -88 280 1 0 0 0 1 0 -0 0 1 3003.dat
0 H04162 ELEMENT 6058085 MODULE concealed-piers
1 84 600 -112 280 1 0 0 0 1 0 -0 0 1 3003.dat
0 H04163 ELEMENT 4653960 MODULE concealed-piers
1 85 600 -136 280 1 0 0 0 1 0 -0 0 1 3003.dat
0 H04164 ELEMENT 6295078 MODULE concealed-piers
1 191 600 -160 280 1 0 0 0 1 0 -0 0 1 3003.dat
0 H04165 ELEMENT 6295078 MODULE concealed-piers
1 191 600 -184 280 1 0 0 0 1 0 -0 0 1 3003.dat
0 H04166 ELEMENT 6212064 MODULE concealed-piers
1 226 600 -208 280 1 0 0 0 1 0 -0 0 1 3003.dat
0 H04167 ELEMENT 4296785 MODULE concealed-piers
1 272 600 -232 280 1 0 0 0 1 0 -0 0 1 3003.dat
0 H04168 ELEMENT 4296785 MODULE concealed-piers
1 272 600 -256 280 1 0 0 0 1 0 -0 0 1 3003.dat
0 H04169 ELEMENT 4296785 MODULE concealed-piers
1 272 600 -280 280 1 0 0 0 1 0 -0 0 1 3003.dat
0 H04170 ELEMENT 4539104 MODULE concealed-piers
1 320 600 -304 280 1 0 0 0 1 0 -0 0 1 3003.dat
0 H04171 ELEMENT 4653970 MODULE concealed-piers
1 322 600 -328 280 1 0 0 0 1 0 -0 0 1 3003.dat
0 H04172 ELEMENT 4653970 MODULE concealed-piers
1 322 600 -40 440 1 0 0 0 1 0 -0 0 1 3003.dat
0 H04173 ELEMENT 4653970 MODULE concealed-piers
1 322 600 -64 440 1 0 0 0 1 0 -0 0 1 3003.dat
0 H04174 ELEMENT 6426720 MODULE concealed-piers
1 323 600 -88 440 1 0 0 0 1 0 -0 0 1 3003.dat
0 H04175 ELEMENT 6422920 MODULE concealed-piers
1 353 600 -112 440 1 0 0 0 1 0 -0 0 1 3003.dat
0 H04176 ELEMENT 6422920 MODULE concealed-piers
1 353 600 -136 440 1 0 0 0 1 0 -0 0 1 3003.dat
0 H04177 ELEMENT 6422920 MODULE concealed-piers
1 353 600 -160 440 1 0 0 0 1 0 -0 0 1 3003.dat
0 H04178 ELEMENT 6422920 MODULE concealed-piers
1 353 600 -184 440 1 0 0 0 1 0 -0 0 1 3003.dat
0 H04179 ELEMENT 6427903 MODULE concealed-piers
1 368 600 -208 440 1 0 0 0 1 0 -0 0 1 3003.dat
0 H04180 ELEMENT 6061700 MODULE concealed-piers
1 4 590 -280 430 1 0 0 0 1 0 -0 0 1 14716.dat
0 H04181 ELEMENT 6061700 MODULE concealed-piers
1 4 610 -280 430 1 0 0 0 1 0 -0 0 1 14716.dat
0 H04182 ELEMENT 6061700 MODULE concealed-piers
1 4 590 -280 450 1 0 0 0 1 0 -0 0 1 14716.dat
0 H04183 ELEMENT 6378362 MODULE concealed-piers
1 84 610 -280 450 1 0 0 0 1 0 -0 0 1 14716.dat
0 H04184 ELEMENT 300426 MODULE concealed-piers
1 0 600 -304 430 1 0 0 0 1 0 -0 0 1 3004.dat
0 H04185 ELEMENT 300426 MODULE concealed-piers
1 0 600 -304 450 1 0 0 0 1 0 -0 0 1 3004.dat
0 H04186 ELEMENT 300426 MODULE concealed-piers
1 0 600 -328 430 1 0 0 0 1 0 -0 0 1 3004.dat
0 H04187 ELEMENT 300426 MODULE concealed-piers
1 0 600 -328 450 1 0 0 0 1 0 -0 0 1 3004.dat
0 H04188 ELEMENT 6378362 MODULE concealed-piers
1 84 750 -88 110 1 0 0 0 1 0 -0 0 1 14716.dat
0 H04189 ELEMENT 6378362 MODULE concealed-piers
1 84 770 -88 110 1 0 0 0 1 0 -0 0 1 14716.dat
0 H04190 ELEMENT 6378362 MODULE concealed-piers
1 84 750 -88 130 1 0 0 0 1 0 -0 0 1 14716.dat
0 H04191 ELEMENT 6378362 MODULE concealed-piers
1 84 770 -88 130 1 0 0 0 1 0 -0 0 1 14716.dat
0 H04192 ELEMENT 6253939 MODULE concealed-piers
1 226 750 -160 110 1 0 0 0 1 0 -0 0 1 14716.dat
0 H04193 ELEMENT 6253939 MODULE concealed-piers
1 226 770 -160 110 1 0 0 0 1 0 -0 0 1 14716.dat
0 H04194 ELEMENT 6420725 MODULE concealed-piers
1 321 750 -160 130 1 0 0 0 1 0 -0 0 1 14716.dat
0 H04195 ELEMENT 6420725 MODULE concealed-piers
1 321 770 -160 130 1 0 0 0 1 0 -0 0 1 14716.dat
0 H04196 ELEMENT 6149781 MODULE concealed-piers
1 322 750 -232 110 1 0 0 0 1 0 -0 0 1 14716.dat
0 H04197 ELEMENT 6149781 MODULE concealed-piers
1 322 770 -232 110 1 0 0 0 1 0 -0 0 1 14716.dat
0 H04198 ELEMENT 6149781 MODULE concealed-piers
1 322 750 -232 130 1 0 0 0 1 0 -0 0 1 14716.dat
0 H04199 ELEMENT 6149781 MODULE concealed-piers
1 322 770 -232 130 1 0 0 0 1 0 -0 0 1 14716.dat
0 H04200 ELEMENT 6149781 MODULE concealed-piers
1 322 750 -304 110 1 0 0 0 1 0 -0 0 1 14716.dat
0 H04201 ELEMENT 6473440 MODULE concealed-piers
1 330 770 -304 110 1 0 0 0 1 0 -0 0 1 14716.dat
0 H04202 ELEMENT 6397875 MODULE concealed-piers
1 484 750 -304 130 1 0 0 0 1 0 -0 0 1 14716.dat
0 H04203 ELEMENT 6397875 MODULE concealed-piers
1 484 770 -304 130 1 0 0 0 1 0 -0 0 1 14716.dat
0 H04204 ELEMENT 300426 MODULE concealed-piers
1 0 760 -328 110 1 0 0 0 1 0 -0 0 1 3004.dat
0 H04205 ELEMENT 300423 MODULE concealed-piers
1 1 760 -328 130 1 0 0 0 1 0 -0 0 1 3004.dat
0 H04206 ELEMENT 300423 MODULE concealed-piers
1 1 760 -40 270 1 0 0 0 1 0 -0 0 1 3004.dat
0 H04207 ELEMENT 300423 MODULE concealed-piers
1 1 760 -40 290 1 0 0 0 1 0 -0 0 1 3004.dat
0 H04208 ELEMENT 300423 MODULE concealed-piers
1 1 760 -64 270 1 0 0 0 1 0 -0 0 1 3004.dat
0 H04209 ELEMENT 300423 MODULE concealed-piers
1 1 760 -64 290 1 0 0 0 1 0 -0 0 1 3004.dat
0 H04210 ELEMENT 300423 MODULE concealed-piers
1 1 760 -88 270 1 0 0 0 1 0 -0 0 1 3004.dat
0 H04211 ELEMENT 300423 MODULE concealed-piers
1 1 760 -88 290 1 0 0 0 1 0 -0 0 1 3004.dat
0 H04212 ELEMENT 300423 MODULE concealed-piers
1 1 760 -112 270 1 0 0 0 1 0 -0 0 1 3004.dat
0 H04213 ELEMENT 4107736 MODULE concealed-piers
1 2 760 -112 290 1 0 0 0 1 0 -0 0 1 3004.dat
0 H04214 ELEMENT 4107736 MODULE concealed-piers
1 2 760 -136 270 1 0 0 0 1 0 -0 0 1 3004.dat
0 H04215 ELEMENT 4107736 MODULE concealed-piers
1 2 760 -136 290 1 0 0 0 1 0 -0 0 1 3004.dat
0 H04216 ELEMENT 6217659 MODULE concealed-piers
1 3 760 -160 270 1 0 0 0 1 0 -0 0 1 3004.dat
0 H04217 ELEMENT 6217659 MODULE concealed-piers
1 3 760 -160 290 1 0 0 0 1 0 -0 0 1 3004.dat
0 H04218 ELEMENT 6217659 MODULE concealed-piers
1 3 760 -184 270 1 0 0 0 1 0 -0 0 1 3004.dat
0 H04219 ELEMENT 6217659 MODULE concealed-piers
1 3 760 -184 290 1 0 0 0 1 0 -0 0 1 3004.dat
0 H04220 ELEMENT 6217659 MODULE concealed-piers
1 3 760 -208 270 1 0 0 0 1 0 -0 0 1 3004.dat
0 H04221 ELEMENT 6217659 MODULE concealed-piers
1 3 760 -208 290 1 0 0 0 1 0 -0 0 1 3004.dat
0 H04222 ELEMENT 6217659 MODULE concealed-piers
1 3 760 -232 270 1 0 0 0 1 0 -0 0 1 3004.dat
0 H04223 ELEMENT 300421 MODULE concealed-piers
1 4 760 -232 290 1 0 0 0 1 0 -0 0 1 3004.dat
0 H04224 ELEMENT 300421 MODULE concealed-piers
1 4 760 -256 270 1 0 0 0 1 0 -0 0 1 3004.dat
0 H04225 ELEMENT 300421 MODULE concealed-piers
1 4 760 -256 290 1 0 0 0 1 0 -0 0 1 3004.dat
0 H04226 ELEMENT 300421 MODULE concealed-piers
1 4 760 -280 270 1 0 0 0 1 0 -0 0 1 3004.dat
0 H04227 ELEMENT 300421 MODULE concealed-piers
1 4 760 -280 290 1 0 0 0 1 0 -0 0 1 3004.dat
0 H04228 ELEMENT 300421 MODULE concealed-piers
1 4 760 -304 270 1 0 0 0 1 0 -0 0 1 3004.dat
0 H04229 ELEMENT 300421 MODULE concealed-piers
1 4 760 -304 290 1 0 0 0 1 0 -0 0 1 3004.dat
0 H04230 ELEMENT 300421 MODULE concealed-piers
1 4 760 -328 270 1 0 0 0 1 0 -0 0 1 3004.dat
0 H04231 ELEMENT 300421 MODULE concealed-piers
1 4 760 -328 290 1 0 0 0 1 0 -0 0 1 3004.dat
0 H04232 ELEMENT 300421 MODULE concealed-piers
1 4 760 -40 430 1 0 0 0 1 0 -0 0 1 3004.dat
0 H04233 ELEMENT 4621545 MODULE concealed-piers
1 5 760 -40 450 1 0 0 0 1 0 -0 0 1 3004.dat
0 H04234 ELEMENT 4621545 MODULE concealed-piers
1 5 760 -64 430 1 0 0 0 1 0 -0 0 1 3004.dat
0 H04235 ELEMENT 4621545 MODULE concealed-piers
1 5 760 -64 450 1 0 0 0 1 0 -0 0 1 3004.dat
0 H04236 ELEMENT 4621545 MODULE concealed-piers
1 5 760 -88 430 1 0 0 0 1 0 -0 0 1 3004.dat
0 H04237 ELEMENT 4621545 MODULE concealed-piers
1 5 760 -88 450 1 0 0 0 1 0 -0 0 1 3004.dat
0 H04238 ELEMENT 300424 MODULE concealed-piers
1 14 760 -112 430 1 0 0 0 1 0 -0 0 1 3004.dat
0 H04239 ELEMENT 300424 MODULE concealed-piers
1 14 760 -112 450 1 0 0 0 1 0 -0 0 1 3004.dat
0 H04240 ELEMENT 300424 MODULE concealed-piers
1 14 760 -136 430 1 0 0 0 1 0 -0 0 1 3004.dat
0 H04241 ELEMENT 300424 MODULE concealed-piers
1 14 760 -136 450 1 0 0 0 1 0 -0 0 1 3004.dat
0 H04242 ELEMENT 300424 MODULE concealed-piers
1 14 760 -160 430 1 0 0 0 1 0 -0 0 1 3004.dat
0 H04243 ELEMENT 300424 MODULE concealed-piers
1 14 760 -160 450 1 0 0 0 1 0 -0 0 1 3004.dat
0 H04244 ELEMENT 300424 MODULE concealed-piers
1 14 760 -184 430 1 0 0 0 1 0 -0 0 1 3004.dat
0 H04245 ELEMENT 300424 MODULE concealed-piers
1 14 760 -184 450 1 0 0 0 1 0 -0 0 1 3004.dat
0 H04246 ELEMENT 300424 MODULE concealed-piers
1 14 760 -208 430 1 0 0 0 1 0 -0 0 1 3004.dat
0 H04247 ELEMENT 300424 MODULE concealed-piers
1 14 760 -208 450 1 0 0 0 1 0 -0 0 1 3004.dat
0 H04248 ELEMENT 300424 MODULE concealed-piers
1 14 760 -232 430 1 0 0 0 1 0 -0 0 1 3004.dat
0 H04249 ELEMENT 300424 MODULE concealed-piers
1 14 760 -232 450 1 0 0 0 1 0 -0 0 1 3004.dat
0 H04250 ELEMENT 300424 MODULE concealed-piers
1 14 760 -256 430 1 0 0 0 1 0 -0 0 1 3004.dat
0 H04251 ELEMENT 300424 MODULE concealed-piers
1 14 760 -256 450 1 0 0 0 1 0 -0 0 1 3004.dat
0 H04252 ELEMENT 4121739 MODULE concealed-piers
1 25 760 -280 430 1 0 0 0 1 0 -0 0 1 3004.dat
0 H04253 ELEMENT 4121739 MODULE concealed-piers
1 25 760 -280 450 1 0 0 0 1 0 -0 0 1 3004.dat
0 H04254 ELEMENT 4121739 MODULE concealed-piers
1 25 760 -304 430 1 0 0 0 1 0 -0 0 1 3004.dat
0 H04255 ELEMENT 4121739 MODULE concealed-piers
1 25 760 -304 450 1 0 0 0 1 0 -0 0 1 3004.dat
0 H04256 ELEMENT 4121739 MODULE concealed-piers
1 25 760 -328 430 1 0 0 0 1 0 -0 0 1 3004.dat
0 H04257 ELEMENT 4121739 MODULE concealed-piers
1 25 760 -328 450 1 0 0 0 1 0 -0 0 1 3004.dat
0 H04258 ELEMENT 4164022 MODULE concealed-piers
1 27 920 -40 110 1 0 0 0 1 0 -0 0 1 3004.dat
0 H04259 ELEMENT 4164022 MODULE concealed-piers
1 27 920 -40 130 1 0 0 0 1 0 -0 0 1 3004.dat
0 H04260 ELEMENT 4164022 MODULE concealed-piers
1 27 920 -64 110 1 0 0 0 1 0 -0 0 1 3004.dat
0 H04261 ELEMENT 4164022 MODULE concealed-piers
1 27 920 -64 130 1 0 0 0 1 0 -0 0 1 3004.dat
0 H04262 ELEMENT 4164022 MODULE concealed-piers
1 27 920 -88 110 1 0 0 0 1 0 -0 0 1 3004.dat
0 H04263 ELEMENT 4164022 MODULE concealed-piers
1 27 920 -88 130 1 0 0 0 1 0 -0 0 1 3004.dat
0 H04264 ELEMENT 4164022 MODULE concealed-piers
1 27 920 -112 110 1 0 0 0 1 0 -0 0 1 3004.dat
0 H04265 ELEMENT 4164022 MODULE concealed-piers
1 27 920 -112 130 1 0 0 0 1 0 -0 0 1 3004.dat
0 H04266 ELEMENT 4164022 MODULE concealed-piers
1 27 920 -136 110 1 0 0 0 1 0 -0 0 1 3004.dat
0 H04267 ELEMENT 4164022 MODULE concealed-piers
1 27 920 -136 130 1 0 0 0 1 0 -0 0 1 3004.dat
0 H04268 ELEMENT 4517993 MODULE concealed-piers
1 29 920 -160 110 1 0 0 0 1 0 -0 0 1 3004.dat
0 H04269 ELEMENT 4517993 MODULE concealed-piers
1 29 920 -160 130 1 0 0 0 1 0 -0 0 1 3004.dat
0 H04270 ELEMENT 4623598 MODULE concealed-piers
1 30 920 -184 110 1 0 0 0 1 0 -0 0 1 3004.dat
0 H04271 ELEMENT 4623598 MODULE concealed-piers
1 30 920 -184 130 1 0 0 0 1 0 -0 0 1 3004.dat
0 H04272 ELEMENT 4623598 MODULE concealed-piers
1 30 920 -208 110 1 0 0 0 1 0 -0 0 1 3004.dat
0 H04273 ELEMENT 4623598 MODULE concealed-piers
1 30 920 -208 130 1 0 0 0 1 0 -0 0 1 3004.dat
0 H04274 ELEMENT 4623598 MODULE concealed-piers
1 30 920 -232 110 1 0 0 0 1 0 -0 0 1 3004.dat
0 H04275 ELEMENT 6099352 MODULE concealed-piers
1 31 920 -232 130 1 0 0 0 1 0 -0 0 1 3004.dat
0 H04276 ELEMENT 6099352 MODULE concealed-piers
1 31 920 -256 110 1 0 0 0 1 0 -0 0 1 3004.dat
0 H04277 ELEMENT 6099352 MODULE concealed-piers
1 31 920 -256 130 1 0 0 0 1 0 -0 0 1 3004.dat
0 H04278 ELEMENT 6099352 MODULE concealed-piers
1 31 920 -280 110 1 0 0 0 1 0 -0 0 1 3004.dat
0 H04279 ELEMENT 6099352 MODULE concealed-piers
1 31 920 -280 130 1 0 0 0 1 0 -0 0 1 3004.dat
0 H04280 ELEMENT 6369189 MODULE concealed-piers
1 78 920 -304 110 1 0 0 0 1 0 -0 0 1 3004.dat
0 H04281 ELEMENT 6369189 MODULE concealed-piers
1 78 920 -304 130 1 0 0 0 1 0 -0 0 1 3004.dat
0 H04282 ELEMENT 6369189 MODULE concealed-piers
1 78 920 -328 110 1 0 0 0 1 0 -0 0 1 3004.dat
0 H04283 ELEMENT 6369189 MODULE concealed-piers
1 78 920 -328 130 1 0 0 0 1 0 -0 0 1 3004.dat
0 H04284 ELEMENT 4569382 MODULE concealed-piers
1 84 920 -40 270 1 0 0 0 1 0 -0 0 1 3004.dat
0 H04285 ELEMENT 4569382 MODULE concealed-piers
1 84 920 -40 290 1 0 0 0 1 0 -0 0 1 3004.dat
0 H04286 ELEMENT 4569382 MODULE concealed-piers
1 84 920 -64 270 1 0 0 0 1 0 -0 0 1 3004.dat
0 H04287 ELEMENT 4569382 MODULE concealed-piers
1 84 920 -64 290 1 0 0 0 1 0 -0 0 1 3004.dat
0 H04288 ELEMENT 4569382 MODULE concealed-piers
1 84 920 -88 270 1 0 0 0 1 0 -0 0 1 3004.dat
0 H04289 ELEMENT 4569382 MODULE concealed-piers
1 84 920 -88 290 1 0 0 0 1 0 -0 0 1 3004.dat
0 H04290 ELEMENT 4569382 MODULE concealed-piers
1 84 920 -112 270 1 0 0 0 1 0 -0 0 1 3004.dat
0 H04291 ELEMENT 4569382 MODULE concealed-piers
1 84 920 -112 290 1 0 0 0 1 0 -0 0 1 3004.dat
0 H04292 ELEMENT 4569382 MODULE concealed-piers
1 84 920 -136 270 1 0 0 0 1 0 -0 0 1 3004.dat
0 H04293 ELEMENT 4656783 MODULE concealed-piers
1 84 920 -136 290 1 0 0 0 1 0 -0 0 1 98283.dat
0 H04294 ELEMENT 4656783 MODULE concealed-piers
1 84 920 -160 270 1 0 0 0 1 0 -0 0 1 98283.dat
0 H04295 ELEMENT 4656783 MODULE concealed-piers
1 84 920 -160 290 1 0 0 0 1 0 -0 0 1 98283.dat
0 H04296 ELEMENT 4656783 MODULE concealed-piers
1 84 920 -184 270 1 0 0 0 1 0 -0 0 1 98283.dat
0 H04297 ELEMENT 4656783 MODULE concealed-piers
1 84 920 -184 290 1 0 0 0 1 0 -0 0 1 98283.dat
0 H04298 ELEMENT 4656783 MODULE concealed-piers
1 84 920 -208 270 1 0 0 0 1 0 -0 0 1 98283.dat
0 H04299 ELEMENT 4656783 MODULE concealed-piers
1 84 920 -208 290 1 0 0 0 1 0 -0 0 1 98283.dat
0 H04300 ELEMENT 6104154 MODULE concealed-piers
1 85 920 -232 270 1 0 0 0 1 0 -0 0 1 3004.dat
0 H04301 ELEMENT 6104154 MODULE concealed-piers
1 85 920 -232 290 1 0 0 0 1 0 -0 0 1 3004.dat
0 H04302 ELEMENT 6003003 MODULE concealed-piers
1 191 920 -256 270 1 0 0 0 1 0 -0 0 1 3004.dat
0 H04303 ELEMENT 6003003 MODULE concealed-piers
1 191 920 -256 290 1 0 0 0 1 0 -0 0 1 3004.dat
0 H04304 ELEMENT 6003003 MODULE concealed-piers
1 191 920 -280 270 1 0 0 0 1 0 -0 0 1 3004.dat
0 H04305 ELEMENT 6100322 MODULE concealed-piers
1 212 920 -280 290 1 0 0 0 1 0 -0 0 1 3004.dat
0 H04306 ELEMENT 6100322 MODULE concealed-piers
1 212 920 -304 270 1 0 0 0 1 0 -0 0 1 3004.dat
0 H04307 ELEMENT 6100322 MODULE concealed-piers
1 212 920 -304 290 1 0 0 0 1 0 -0 0 1 3004.dat
0 H04308 ELEMENT 6100322 MODULE concealed-piers
1 212 920 -328 270 1 0 0 0 1 0 -0 0 1 3004.dat
0 H04309 ELEMENT 6100322 MODULE concealed-piers
1 212 920 -328 290 1 0 0 0 1 0 -0 0 1 3004.dat
0 H04310 ELEMENT 6100322 MODULE concealed-piers
1 212 920 -40 430 1 0 0 0 1 0 -0 0 1 3004.dat
0 H04311 ELEMENT 6022083 MODULE concealed-piers
1 226 920 -40 450 1 0 0 0 1 0 -0 0 1 3004.dat
0 H04312 ELEMENT 6022083 MODULE concealed-piers
1 226 920 -64 430 1 0 0 0 1 0 -0 0 1 3004.dat
0 H04313 ELEMENT 6022083 MODULE concealed-piers
1 226 920 -64 450 1 0 0 0 1 0 -0 0 1 3004.dat
0 H04314 ELEMENT 6022083 MODULE concealed-piers
1 226 920 -88 430 1 0 0 0 1 0 -0 0 1 3004.dat
0 H04315 ELEMENT 4249891 MODULE concealed-piers
1 272 920 -88 450 1 0 0 0 1 0 -0 0 1 3004.dat
0 H04316 ELEMENT 4249891 MODULE concealed-piers
1 272 920 -112 430 1 0 0 0 1 0 -0 0 1 3004.dat
0 H04317 ELEMENT 4249891 MODULE concealed-piers
1 272 920 -112 450 1 0 0 0 1 0 -0 0 1 3004.dat
0 H04318 ELEMENT 4249891 MODULE concealed-piers
1 272 920 -136 430 1 0 0 0 1 0 -0 0 1 3004.dat
0 H04319 ELEMENT 4249891 MODULE concealed-piers
1 272 920 -136 450 1 0 0 0 1 0 -0 0 1 3004.dat
0 H04320 ELEMENT 4249891 MODULE concealed-piers
1 272 920 -160 430 1 0 0 0 1 0 -0 0 1 3004.dat
0 H04321 ELEMENT 4539102 MODULE concealed-piers
1 320 920 -160 450 1 0 0 0 1 0 -0 0 1 3004.dat
0 H04322 ELEMENT 6093908 MODULE concealed-piers
1 320 920 -184 430 1 0 0 0 1 0 -0 0 1 98283.dat
0 H04323 ELEMENT 6004943 MODULE concealed-piers
1 321 920 -184 450 1 0 0 0 1 0 -0 0 1 3004.dat
0 H04324 ELEMENT 6004943 MODULE concealed-piers
1 321 920 -208 430 1 0 0 0 1 0 -0 0 1 3004.dat
0 H04325 ELEMENT 6004943 MODULE concealed-piers
1 321 920 -208 450 1 0 0 0 1 0 -0 0 1 3004.dat
0 H04326 ELEMENT 6004943 MODULE concealed-piers
1 321 920 -232 430 1 0 0 0 1 0 -0 0 1 3004.dat
0 H04327 ELEMENT 6004943 MODULE concealed-piers
1 321 920 -232 450 1 0 0 0 1 0 -0 0 1 3004.dat
0 H04328 ELEMENT 6004943 MODULE concealed-piers
1 321 920 -256 430 1 0 0 0 1 0 -0 0 1 3004.dat
0 H04329 ELEMENT 6004943 MODULE concealed-piers
1 321 920 -256 450 1 0 0 0 1 0 -0 0 1 3004.dat
0 H04330 ELEMENT 6092674 MODULE concealed-piers
1 322 920 -280 430 1 0 0 0 1 0 -0 0 1 3004.dat
0 H04331 ELEMENT 6092674 MODULE concealed-piers
1 322 920 -280 450 1 0 0 0 1 0 -0 0 1 3004.dat
0 H04332 ELEMENT 6092674 MODULE concealed-piers
1 322 920 -304 430 1 0 0 0 1 0 -0 0 1 3004.dat
0 H04333 ELEMENT 6092674 MODULE concealed-piers
1 322 920 -304 450 1 0 0 0 1 0 -0 0 1 3004.dat
0 H04334 ELEMENT 6092674 MODULE concealed-piers
1 322 920 -328 430 1 0 0 0 1 0 -0 0 1 3004.dat
0 H04335 ELEMENT 6092674 MODULE concealed-piers
1 322 920 -328 450 1 0 0 0 1 0 -0 0 1 3004.dat
0 H04598 ELEMENT 300523 MODULE cliff-internal-supports
1 1 870 -40 670 1 0 0 0 1 0 -0 0 1 3005.dat
0 H04599 ELEMENT 300523 MODULE cliff-internal-supports
1 1 870 -64 670 1 0 0 0 1 0 -0 0 1 3005.dat
0 H04600 ELEMENT 300523 MODULE cliff-internal-supports
1 1 870 -88 670 1 0 0 0 1 0 -0 0 1 3005.dat
0 H04601 ELEMENT 300523 MODULE cliff-internal-supports
1 1 870 -112 670 1 0 0 0 1 0 -0 0 1 3005.dat
0 H04602 ELEMENT 300523 MODULE cliff-internal-supports
1 1 870 -136 670 1 0 0 0 1 0 -0 0 1 3005.dat
0 H04603 ELEMENT 6213776 MODULE cliff-internal-supports
1 3 870 -160 670 1 0 0 0 1 0 -0 0 1 3005.dat
0 H04604 ELEMENT 6213776 MODULE cliff-internal-supports
1 3 870 -184 670 1 0 0 0 1 0 -0 0 1 3005.dat
0 H04605 ELEMENT 6213776 MODULE cliff-internal-supports
1 3 870 -208 670 1 0 0 0 1 0 -0 0 1 3005.dat
0 H04606 ELEMENT 6213776 MODULE cliff-internal-supports
1 3 870 -232 670 1 0 0 0 1 0 -0 0 1 3005.dat
0 H04607 ELEMENT 6213776 MODULE cliff-internal-supports
1 3 870 -256 670 1 0 0 0 1 0 -0 0 1 3005.dat
0 H04608 ELEMENT 302426 MODULE cliff-internal-supports
1 0 870 -264 670 1 0 0 0 1 0 -0 0 1 3024.dat
0 H04609 ELEMENT 302426 MODULE cliff-internal-supports
1 0 870 -272 670 1 0 0 0 1 0 -0 0 1 3024.dat
0 H04610 ELEMENT 6213776 MODULE cliff-internal-supports
1 3 90 -40 770 1 0 0 0 1 0 -0 0 1 3005.dat
0 H04611 ELEMENT 6213776 MODULE cliff-internal-supports
1 3 90 -64 770 1 0 0 0 1 0 -0 0 1 3005.dat
0 H04612 ELEMENT 300521 MODULE cliff-internal-supports
1 4 90 -88 770 1 0 0 0 1 0 -0 0 1 3005.dat
0 H04613 ELEMENT 300521 MODULE cliff-internal-supports
1 4 90 -112 770 1 0 0 0 1 0 -0 0 1 3005.dat
0 H04614 ELEMENT 300521 MODULE cliff-internal-supports
1 4 90 -136 770 1 0 0 0 1 0 -0 0 1 3005.dat
0 H04615 ELEMENT 302426 MODULE cliff-internal-supports
1 0 90 -144 770 1 0 0 0 1 0 -0 0 1 3024.dat
0 H04616 ELEMENT 302426 MODULE cliff-internal-supports
1 0 90 -152 770 1 0 0 0 1 0 -0 0 1 3024.dat
0 H04617 ELEMENT 300521 MODULE cliff-internal-supports
1 4 70 -40 670 1 0 0 0 1 0 -0 0 1 3005.dat
0 H04618 ELEMENT 300521 MODULE cliff-internal-supports
1 4 70 -64 670 1 0 0 0 1 0 -0 0 1 3005.dat
0 H04619 ELEMENT 300521 MODULE cliff-internal-supports
1 4 70 -88 670 1 0 0 0 1 0 -0 0 1 3005.dat
0 H04620 ELEMENT 300521 MODULE cliff-internal-supports
1 4 70 -112 670 1 0 0 0 1 0 -0 0 1 3005.dat
0 H04621 ELEMENT 4492224 MODULE cliff-internal-supports
1 5 70 -136 670 1 0 0 0 1 0 -0 0 1 3005.dat
0 H04622 ELEMENT 4492224 MODULE cliff-internal-supports
1 5 70 -160 670 1 0 0 0 1 0 -0 0 1 3005.dat
0 H04623 ELEMENT 4492224 MODULE cliff-internal-supports
1 5 70 -184 670 1 0 0 0 1 0 -0 0 1 3005.dat
0 H04624 ELEMENT 300524 MODULE cliff-internal-supports
1 14 70 -208 670 1 0 0 0 1 0 -0 0 1 3005.dat
0 H04625 ELEMENT 300524 MODULE cliff-internal-supports
1 14 70 -232 670 1 0 0 0 1 0 -0 0 1 3005.dat
0 H04626 ELEMENT 302426 MODULE cliff-internal-supports
1 0 70 -240 670 1 0 0 0 1 0 -0 0 1 3024.dat
0 H04627 ELEMENT 302426 MODULE cliff-internal-supports
1 0 70 -248 670 1 0 0 0 1 0 -0 0 1 3024.dat
0 H04628 ELEMENT 300524 MODULE cliff-internal-supports
1 14 830 -40 670 1 0 0 0 1 0 -0 0 1 3005.dat
0 H04629 ELEMENT 300524 MODULE cliff-internal-supports
1 14 830 -64 670 1 0 0 0 1 0 -0 0 1 3005.dat
0 H04630 ELEMENT 300524 MODULE cliff-internal-supports
1 14 830 -88 670 1 0 0 0 1 0 -0 0 1 3005.dat
0 H04631 ELEMENT 300524 MODULE cliff-internal-supports
1 14 830 -112 670 1 0 0 0 1 0 -0 0 1 3005.dat
0 H04632 ELEMENT 300524 MODULE cliff-internal-supports
1 14 830 -136 670 1 0 0 0 1 0 -0 0 1 3005.dat
0 H04633 ELEMENT 300524 MODULE cliff-internal-supports
1 14 830 -160 670 1 0 0 0 1 0 -0 0 1 3005.dat
0 H04634 ELEMENT 300524 MODULE cliff-internal-supports
1 14 830 -184 670 1 0 0 0 1 0 -0 0 1 3005.dat
0 H04635 ELEMENT 300524 MODULE cliff-internal-supports
1 14 830 -208 670 1 0 0 0 1 0 -0 0 1 3005.dat
0 H04636 ELEMENT 300524 MODULE cliff-internal-supports
1 14 830 -232 670 1 0 0 0 1 0 -0 0 1 3005.dat
0 H04637 ELEMENT 4173805 MODULE cliff-internal-supports
1 25 830 -256 670 1 0 0 0 1 0 -0 0 1 3005.dat
0 H04638 ELEMENT 302426 MODULE cliff-internal-supports
1 0 830 -264 670 1 0 0 0 1 0 -0 0 1 3024.dat
0 H04639 ELEMENT 302426 MODULE cliff-internal-supports
1 0 830 -272 670 1 0 0 0 1 0 -0 0 1 3024.dat
0 H04640 ELEMENT 4173805 MODULE cliff-internal-supports
1 25 90 -40 730 1 0 0 0 1 0 -0 0 1 3005.dat
0 H04641 ELEMENT 4173805 MODULE cliff-internal-supports
1 25 90 -64 730 1 0 0 0 1 0 -0 0 1 3005.dat
0 H04642 ELEMENT 4173805 MODULE cliff-internal-supports
1 25 90 -88 730 1 0 0 0 1 0 -0 0 1 3005.dat
0 H04643 ELEMENT 4173805 MODULE cliff-internal-supports
1 25 90 -112 730 1 0 0 0 1 0 -0 0 1 3005.dat
0 H04644 ELEMENT 4173805 MODULE cliff-internal-supports
1 25 90 -136 730 1 0 0 0 1 0 -0 0 1 3005.dat
0 H04645 ELEMENT 302426 MODULE cliff-internal-supports
1 0 90 -144 730 1 0 0 0 1 0 -0 0 1 3024.dat
0 H04646 ELEMENT 302426 MODULE cliff-internal-supports
1 0 90 -152 730 1 0 0 0 1 0 -0 0 1 3024.dat
0 STEP
0 H03168 ELEMENT 4157277 MODULE turning-staircase
1 19 500 -336 490 1 0 0 0 1 0 -0 0 1 6636.dat
0 H03169 ELEMENT 4114026 MODULE turning-staircase
1 19 580 -336 490 1 0 0 0 1 0 -0 0 1 3069b.dat
0 H03170 ELEMENT 4157277 MODULE turning-staircase
1 19 500 -320 510 1 0 0 0 1 0 -0 0 1 6636.dat
0 H03171 ELEMENT 4114026 MODULE turning-staircase
1 19 580 -320 510 1 0 0 0 1 0 -0 0 1 3069b.dat
0 H03172 ELEMENT 4157277 MODULE turning-staircase
1 19 500 -304 530 1 0 0 0 1 0 -0 0 1 6636.dat
0 H03173 ELEMENT 4114026 MODULE turning-staircase
1 19 580 -304 530 1 0 0 0 1 0 -0 0 1 3069b.dat
0 H03174 ELEMENT 4157277 MODULE turning-staircase
1 19 500 -288 550 1 0 0 0 1 0 -0 0 1 6636.dat
0 H03175 ELEMENT 306901 MODULE turning-staircase
1 15 580 -288 550 1 0 0 0 1 0 -0 0 1 3069b.dat
0 H03176 ELEMENT 4550324 MODULE turning-staircase
1 19 480 -272 570 1 0 0 0 1 0 -0 0 1 2431.dat
0 H03177 ELEMENT 6131896 MODULE turning-staircase
1 19 550 -272 570 1 0 0 0 1 0 -0 0 1 63864.dat
0 H03178 ELEMENT 307001 MODULE turning-staircase
1 15 590 -272 570 1 0 0 0 1 0 -0 0 1 3070b.dat
0 H03179 ELEMENT 6131896 MODULE turning-staircase
1 19 470 -256 590 1 0 0 0 1 0 -0 0 1 63864.dat
0 H03180 ELEMENT 243101 MODULE turning-staircase
1 15 540 -256 590 1 0 0 0 1 0 -0 0 1 2431.dat
0 H03181 ELEMENT 307001 MODULE turning-staircase
1 15 590 -256 590 1 0 0 0 1 0 -0 0 1 3070b.dat
0 H03182 ELEMENT 416201 MODULE turning-staircase
1 15 520 -240 610 1 0 0 0 1 0 -0 0 1 4162.dat
0 H03183 ELEMENT 416201 MODULE turning-staircase
1 15 520 -224 630 1 0 0 0 1 0 -0 0 1 4162.dat
0 H03184 ELEMENT 416201 MODULE turning-staircase
1 15 520 -208 650 1 0 0 0 1 0 -0 0 1 4162.dat
0 H03185 ELEMENT 416201 MODULE turning-staircase
1 15 250 -32 740 0 0 1 0 1 0 -1 0 0 4162.dat
0 H03186 ELEMENT 416201 MODULE turning-staircase
1 15 270 -48 740 0 0 1 0 1 0 -1 0 0 4162.dat
0 H03187 ELEMENT 416201 MODULE turning-staircase
1 15 290 -64 740 0 0 1 0 1 0 -1 0 0 4162.dat
0 H03188 ELEMENT 416201 MODULE turning-staircase
1 15 310 -80 740 0 0 1 0 1 0 -1 0 0 4162.dat
0 H03189 ELEMENT 416201 MODULE turning-staircase
1 15 330 -96 740 0 0 1 0 1 0 -1 0 0 4162.dat
0 H03190 ELEMENT 416201 MODULE turning-staircase
1 15 350 -112 740 0 0 1 0 1 0 -1 0 0 4162.dat
0 H03191 ELEMENT 416201 MODULE turning-staircase
1 15 370 -128 740 0 0 1 0 1 0 -1 0 0 4162.dat
0 H03192 ELEMENT 416201 MODULE turning-staircase
1 15 390 -144 740 0 0 1 0 1 0 -1 0 0 4162.dat
0 H03193 ELEMENT 416201 MODULE turning-staircase
1 15 410 -160 740 0 0 1 0 1 0 -1 0 0 4162.dat
0 H03194 ELEMENT 416201 MODULE turning-staircase
1 15 430 -176 740 0 0 1 0 1 0 -1 0 0 4162.dat
0 H03195 ELEMENT 6033776 MODULE turning-staircase
1 15 520 -40 500 1 0 0 0 1 0 -0 0 1 3007.dat
0 H03196 ELEMENT 6033776 MODULE turning-staircase
1 15 520 -40 540 1 0 0 0 1 0 -0 0 1 3007.dat
0 H03197 ELEMENT 6037398 MODULE turning-staircase
1 19 520 -40 580 1 0 0 0 1 0 -0 0 1 3007.dat
0 H03198 ELEMENT 6037398 MODULE turning-staircase
1 19 520 -40 620 1 0 0 0 1 0 -0 0 1 3007.dat
0 H03199 ELEMENT 4114064 MODULE turning-staircase
1 19 460 -136 650 1 0 0 0 1 0 -0 0 1 2454.dat
0 H03200 ELEMENT 4114064 MODULE turning-staircase
1 19 500 -136 650 1 0 0 0 1 0 -0 0 1 2454.dat
0 H03201 ELEMENT 4114064 MODULE turning-staircase
1 19 540 -136 650 1 0 0 0 1 0 -0 0 1 2454.dat
0 H03202 ELEMENT 4114064 MODULE turning-staircase
1 19 580 -136 650 1 0 0 0 1 0 -0 0 1 2454.dat
0 H03203 ELEMENT 4509897 MODULE turning-staircase
1 19 320 -24 700 1 0 0 0 1 0 -0 0 1 3035.dat
0 H03204 ELEMENT 4181142 MODULE turning-staircase
1 15 420 -40 720 0 0 1 0 1 0 -1 0 0 2456.dat
0 H03205 ELEMENT 4509897 MODULE turning-staircase
1 19 320 -24 780 1 0 0 0 1 0 -0 0 1 3035.dat
0 H03206 ELEMENT 4211363 MODULE turning-staircase
1 71 420 -136 790 1 0 0 0 1 0 -0 0 1 2454.dat
0 H03207 ELEMENT 4211363 MODULE turning-staircase
1 71 420 -136 810 1 0 0 0 1 0 -0 0 1 2454.dat
0 H03208 ELEMENT 4509897 MODULE turning-staircase
1 19 300 -32 740 0 0 1 0 1 0 -1 0 0 3035.dat
0 H03209 ELEMENT 4181142 MODULE turning-staircase
1 15 360 -48 720 0 0 1 0 1 0 -1 0 0 2456.dat
0 H03210 ELEMENT 300801 MODULE turning-staircase
1 15 390 -48 740 0 0 1 0 1 0 -1 0 0 3008.dat
0 H03211 ELEMENT 300301 MODULE turning-staircase
1 15 360 -48 800 1 0 0 0 1 0 -0 0 1 3003.dat
0 H03212 ELEMENT 4509897 MODULE turning-staircase
1 19 300 -40 740 0 0 1 0 1 0 -1 0 0 3035.dat
0 H03213 ELEMENT 4181142 MODULE turning-staircase
1 15 500 -64 500 1 0 0 0 1 0 -0 0 1 2456.dat
0 H03214 ELEMENT 4181142 MODULE turning-staircase
1 15 580 -64 540 0 0 1 0 1 0 -1 0 0 2456.dat
0 H03215 ELEMENT 4181142 MODULE turning-staircase
1 15 500 -64 540 1 0 0 0 1 0 -0 0 1 2456.dat
0 H03216 ELEMENT 4181142 MODULE turning-staircase
1 15 500 -64 580 1 0 0 0 1 0 -0 0 1 2456.dat
0 H03217 ELEMENT 4181142 MODULE turning-staircase
1 15 500 -64 620 1 0 0 0 1 0 -0 0 1 2456.dat
0 H03218 ELEMENT 4211363 MODULE turning-staircase
1 71 580 -160 610 1 0 0 0 1 0 -0 0 1 2454.dat
0 H03219 ELEMENT 4112980 MODULE turning-staircase
1 19 570 -160 630 1 0 0 0 1 0 -0 0 1 2453a.dat
0 H03220 ELEMENT 4112980 MODULE turning-staircase
1 19 590 -160 630 1 0 0 0 1 0 -0 0 1 2453a.dat
0 H03221 ELEMENT 4113988 MODULE turning-staircase
1 19 300 -48 740 0 0 1 0 1 0 -1 0 0 3034.dat
0 H03222 ELEMENT 300801 MODULE turning-staircase
1 15 330 -64 740 0 0 1 0 1 0 -1 0 0 3008.dat
0 H03223 ELEMENT 4181142 MODULE turning-staircase
1 15 420 -64 720 0 0 1 0 1 0 -1 0 0 2456.dat
0 H03224 ELEMENT 4113988 MODULE turning-staircase
1 19 300 -56 740 0 0 1 0 1 0 -1 0 0 3034.dat
0 H03225 ELEMENT 4181142 MODULE turning-staircase
1 15 360 -72 720 0 0 1 0 1 0 -1 0 0 2456.dat
0 H03226 ELEMENT 300801 MODULE turning-staircase
1 15 390 -72 740 0 0 1 0 1 0 -1 0 0 3008.dat
0 H03227 ELEMENT 300301 MODULE turning-staircase
1 15 360 -72 800 1 0 0 0 1 0 -0 0 1 3003.dat
0 H03228 ELEMENT 346001 MODULE turning-staircase
1 15 310 -64 740 0 0 1 0 1 0 -1 0 0 3460.dat
0 H03229 ELEMENT 4181142 MODULE turning-staircase
1 15 500 -88 500 1 0 0 0 1 0 -0 0 1 2456.dat
0 H03230 ELEMENT 4181142 MODULE turning-staircase
1 15 580 -88 540 0 0 1 0 1 0 -1 0 0 2456.dat
0 H03231 ELEMENT 4181142 MODULE turning-staircase
1 15 500 -88 540 1 0 0 0 1 0 -0 0 1 2456.dat
0 H03232 ELEMENT 4181142 MODULE turning-staircase
1 15 500 -88 580 1 0 0 0 1 0 -0 0 1 2456.dat
0 H03233 ELEMENT 4181142 MODULE turning-staircase
1 15 500 -88 620 1 0 0 0 1 0 -0 0 1 2456.dat
0 H03234 ELEMENT 4113988 MODULE turning-staircase
1 19 320 -72 740 0 0 1 0 1 0 -1 0 0 3034.dat
0 H03235 ELEMENT 4181142 MODULE turning-staircase
1 15 420 -88 720 0 0 1 0 1 0 -1 0 0 2456.dat
0 H03236 ELEMENT 4509897 MODULE turning-staircase
1 19 360 -80 740 0 0 1 0 1 0 -1 0 0 3035.dat
0 H03237 ELEMENT 4509897 MODULE turning-staircase
1 19 360 -88 740 0 0 1 0 1 0 -1 0 0 3035.dat
0 H03238 ELEMENT 4181134 MODULE turning-staircase
1 19 500 -112 500 1 0 0 0 1 0 -0 0 1 2456.dat
0 H03239 ELEMENT 4181134 MODULE turning-staircase
1 19 580 -112 540 0 0 1 0 1 0 -1 0 0 2456.dat
0 H03240 ELEMENT 4181134 MODULE turning-staircase
1 19 500 -112 540 1 0 0 0 1 0 -0 0 1 2456.dat
0 H03241 ELEMENT 4181134 MODULE turning-staircase
1 19 500 -112 580 1 0 0 0 1 0 -0 0 1 2456.dat
0 H03242 ELEMENT 4181134 MODULE turning-staircase
1 19 500 -112 620 1 0 0 0 1 0 -0 0 1 2456.dat
0 H03243 ELEMENT 4114001 MODULE turning-staircase
1 19 380 -96 720 0 0 1 0 1 0 -1 0 0 3032.dat
0 H03244 ELEMENT 300901 MODULE turning-staircase
1 15 430 -112 720 0 0 1 0 1 0 -1 0 0 3009.dat
0 H03245 ELEMENT 302101 MODULE turning-staircase
1 15 370 -96 800 1 0 0 0 1 0 -0 0 1 3021.dat
0 H03246 ELEMENT 4114001 MODULE turning-staircase
1 19 380 -104 720 0 0 1 0 1 0 -1 0 0 3032.dat
0 H03247 ELEMENT 302101 MODULE turning-staircase
1 15 370 -104 800 1 0 0 0 1 0 -0 0 1 3021.dat
0 H03248 ELEMENT 4113988 MODULE turning-staircase
1 19 380 -112 740 0 0 1 0 1 0 -1 0 0 3034.dat
0 H03249 ELEMENT 300901 MODULE turning-staircase
1 15 410 -128 720 0 0 1 0 1 0 -1 0 0 3009.dat
0 H03250 ELEMENT 4181134 MODULE turning-staircase
1 19 500 -136 500 1 0 0 0 1 0 -0 0 1 2456.dat
0 H03251 ELEMENT 4181134 MODULE turning-staircase
1 19 580 -136 540 0 0 1 0 1 0 -1 0 0 2456.dat
0 H03252 ELEMENT 4181134 MODULE turning-staircase
1 19 500 -136 540 1 0 0 0 1 0 -0 0 1 2456.dat
0 H03253 ELEMENT 4181134 MODULE turning-staircase
1 19 500 -136 580 1 0 0 0 1 0 -0 0 1 2456.dat
0 H03254 ELEMENT 4181134 MODULE turning-staircase
1 19 500 -136 620 1 0 0 0 1 0 -0 0 1 2456.dat
0 H03255 ELEMENT 4113988 MODULE turning-staircase
1 19 380 -120 740 0 0 1 0 1 0 -1 0 0 3034.dat
0 H03256 ELEMENT 300901 MODULE turning-staircase
1 15 430 -136 720 0 0 1 0 1 0 -1 0 0 3009.dat
0 H03257 ELEMENT 346001 MODULE turning-staircase
1 15 390 -128 740 0 0 1 0 1 0 -1 0 0 3460.dat
0 H03258 ELEMENT 4113993 MODULE turning-staircase
1 19 400 -136 720 0 0 1 0 1 0 -1 0 0 3795.dat
0 H03259 ELEMENT 302301 MODULE turning-staircase
1 15 390 -136 800 0 0 1 0 1 0 -1 0 0 3023b.dat
0 H03260 ELEMENT 4211795 MODULE turning-staircase
1 71 500 -160 500 1 0 0 0 1 0 -0 0 1 2456.dat
0 H03261 ELEMENT 4211795 MODULE turning-staircase
1 71 580 -160 540 0 0 1 0 1 0 -1 0 0 2456.dat
0 H03262 ELEMENT 4211795 MODULE turning-staircase
1 71 500 -160 540 1 0 0 0 1 0 -0 0 1 2456.dat
0 H03263 ELEMENT 4211795 MODULE turning-staircase
1 71 500 -160 580 1 0 0 0 1 0 -0 0 1 2456.dat
0 H03264 ELEMENT 4211795 MODULE turning-staircase
1 71 500 -160 620 1 0 0 0 1 0 -0 0 1 2456.dat
0 H03265 ELEMENT 300801 MODULE turning-staircase
1 15 520 -160 650 1 0 0 0 1 0 -0 0 1 3008.dat
0 H03266 ELEMENT 4113988 MODULE turning-staircase
1 19 420 -144 740 0 0 1 0 1 0 -1 0 0 3034.dat
0 H03267 ELEMENT 4113988 MODULE turning-staircase
1 19 420 -152 740 0 0 1 0 1 0 -1 0 0 3034.dat
0 H03268 ELEMENT 346001 MODULE turning-staircase
1 15 430 -160 740 0 0 1 0 1 0 -1 0 0 3460.dat
0 H03269 ELEMENT 4211795 MODULE turning-staircase
1 71 500 -184 500 1 0 0 0 1 0 -0 0 1 2456.dat
0 H03270 ELEMENT 4211795 MODULE turning-staircase
1 71 580 -184 540 0 0 1 0 1 0 -1 0 0 2456.dat
0 H03271 ELEMENT 4211795 MODULE turning-staircase
1 71 500 -184 540 1 0 0 0 1 0 -0 0 1 2456.dat
0 H03272 ELEMENT 4211795 MODULE turning-staircase
1 71 500 -184 580 1 0 0 0 1 0 -0 0 1 2456.dat
0 H03273 ELEMENT 4211795 MODULE turning-staircase
1 71 500 -184 620 1 0 0 0 1 0 -0 0 1 2456.dat
0 H03274 ELEMENT 300201 MODULE turning-staircase
1 15 580 -184 630 0 0 1 0 1 0 -1 0 0 3002.dat
0 H03275 ELEMENT 300901 MODULE turning-staircase
1 15 500 -184 650 1 0 0 0 1 0 -0 0 1 3009.dat
0 H03276 ELEMENT 346001 MODULE turning-staircase
1 15 430 -168 740 0 0 1 0 1 0 -1 0 0 3460.dat
0 H03277 ELEMENT 4211795 MODULE turning-staircase
1 71 500 -208 500 1 0 0 0 1 0 -0 0 1 2456.dat
0 H03278 ELEMENT 4211795 MODULE turning-staircase
1 71 580 -208 540 0 0 1 0 1 0 -1 0 0 2456.dat
0 H03279 ELEMENT 4211795 MODULE turning-staircase
1 71 500 -208 540 1 0 0 0 1 0 -0 0 1 2456.dat
0 H03280 ELEMENT 4211795 MODULE turning-staircase
1 71 500 -208 580 1 0 0 0 1 0 -0 0 1 2456.dat
0 H03281 ELEMENT 4210875 MODULE turning-staircase
1 72 500 -208 620 1 0 0 0 1 0 -0 0 1 2456.dat
0 H03282 ELEMENT 300301 MODULE turning-staircase
1 15 580 -208 620 1 0 0 0 1 0 -0 0 1 3003.dat
0 H03283 ELEMENT 346001 MODULE turning-staircase
1 15 520 -192 650 1 0 0 0 1 0 -0 0 1 3460.dat
0 H03284 ELEMENT 346001 MODULE turning-staircase
1 15 520 -200 650 1 0 0 0 1 0 -0 0 1 3460.dat
0 H03285 ELEMENT 4509897 MODULE turning-staircase
1 19 520 -216 520 1 0 0 0 1 0 -0 0 1 3035.dat
0 H03286 ELEMENT 4509897 MODULE turning-staircase
1 19 520 -216 600 1 0 0 0 1 0 -0 0 1 3035.dat
0 H03287 ELEMENT 4509897 MODULE turning-staircase
1 19 520 -224 520 1 0 0 0 1 0 -0 0 1 3035.dat
0 H03288 ELEMENT 300101 MODULE turning-staircase
1 15 480 -240 580 1 0 0 0 1 0 -0 0 1 3001.dat
0 H03289 ELEMENT 300101 MODULE turning-staircase
1 15 560 -240 580 1 0 0 0 1 0 -0 0 1 3001.dat
0 H03290 ELEMENT 346001 MODULE turning-staircase
1 15 520 -224 610 1 0 0 0 1 0 -0 0 1 3460.dat
0 H03291 ELEMENT 4509897 MODULE turning-staircase
1 19 520 -232 520 1 0 0 0 1 0 -0 0 1 3035.dat
0 H03292 ELEMENT 346001 MODULE turning-staircase
1 15 520 -232 610 1 0 0 0 1 0 -0 0 1 3460.dat
0 H03293 ELEMENT 4509897 MODULE turning-staircase
1 19 520 -240 520 1 0 0 0 1 0 -0 0 1 3035.dat
0 H03294 ELEMENT 4211407 MODULE turning-staircase
1 71 520 -248 520 1 0 0 0 1 0 -0 0 1 3035.dat
0 H03295 ELEMENT 4211392 MODULE turning-staircase
1 71 520 -264 570 1 0 0 0 1 0 -0 0 1 3008.dat
0 H03296 ELEMENT 346001 MODULE turning-staircase
1 15 520 -248 590 1 0 0 0 1 0 -0 0 1 3460.dat
0 H03297 ELEMENT 4211407 MODULE turning-staircase
1 71 520 -256 520 1 0 0 0 1 0 -0 0 1 3035.dat
0 H03298 ELEMENT 4211407 MODULE turning-staircase
1 71 520 -264 520 1 0 0 0 1 0 -0 0 1 3035.dat
0 H03299 ELEMENT 4211407 MODULE turning-staircase
1 71 520 -272 520 1 0 0 0 1 0 -0 0 1 3035.dat
0 H03300 ELEMENT 4211407 MODULE turning-staircase
1 71 520 -280 520 1 0 0 0 1 0 -0 0 1 3035.dat
0 H03301 ELEMENT 300101 MODULE turning-staircase
1 15 480 -304 500 1 0 0 0 1 0 -0 0 1 3001.dat
0 H03302 ELEMENT 300101 MODULE turning-staircase
1 15 560 -304 500 1 0 0 0 1 0 -0 0 1 3001.dat
0 H03303 ELEMENT 4114324 MODULE turning-staircase
1 19 520 -288 530 1 0 0 0 1 0 -0 0 1 3460.dat
0 H03304 ELEMENT 4114324 MODULE turning-staircase
1 19 520 -296 530 1 0 0 0 1 0 -0 0 1 3460.dat
0 H03305 ELEMENT 4211392 MODULE turning-staircase
1 71 520 -328 490 1 0 0 0 1 0 -0 0 1 3008.dat
0 H03306 ELEMENT 4114324 MODULE turning-staircase
1 19 520 -312 510 1 0 0 0 1 0 -0 0 1 3460.dat
0 H03307 ELEMENT 6138752 MODULE faceted-cliff
1 72 930 -160 730 -0 0 -1 0 1 0 1 0 -0 23996.dat
0 H03308 ELEMENT 4211366 MODULE faceted-cliff
1 71 200 -40 650 1 0 0 0 1 0 -0 0 1 2465.dat
0 H03309 ELEMENT 4211362 MODULE faceted-cliff
1 71 370 -136 650 1 0 0 0 1 0 -0 0 1 2453a.dat
0 H03310 ELEMENT 4211362 MODULE faceted-cliff
1 71 390 -136 650 1 0 0 0 1 0 -0 0 1 2453a.dat
0 H03311 ELEMENT 4211392 MODULE faceted-cliff
1 71 680 -40 650 1 0 0 0 1 0 -0 0 1 3008.dat
0 H03312 ELEMENT 4211521 MODULE faceted-cliff
1 71 900 -40 650 1 0 0 0 1 0 -0 0 1 6111.dat
0 H03313 ELEMENT 4211362 MODULE faceted-cliff
1 71 50 -136 670 1 0 0 0 1 0 -0 0 1 2453a.dat
0 H03314 ELEMENT 4211392 MODULE faceted-cliff
1 71 190 -40 740 0 0 1 0 1 0 -1 0 0 3008.dat
0 H03315 ELEMENT 4211362 MODULE faceted-cliff
1 71 610 -136 670 1 0 0 0 1 0 -0 0 1 2453a.dat
0 H03316 ELEMENT 4211428 MODULE faceted-cliff
1 71 750 -40 690 0 0 1 0 1 0 -1 0 0 3622.dat
0 H03317 ELEMENT 4211428 MODULE faceted-cliff
1 71 810 -40 690 0 0 1 0 1 0 -1 0 0 3622.dat
0 H03318 ELEMENT 4211393 MODULE faceted-cliff
1 71 940 -40 670 1 0 0 0 1 0 -0 0 1 3009.dat
0 H03319 ELEMENT 6061702 MODULE faceted-cliff
1 71 50 -88 690 1 0 0 0 1 0 -0 0 1 14716.dat
0 H03320 ELEMENT 6061702 MODULE faceted-cliff
1 71 610 -88 690 1 0 0 0 1 0 -0 0 1 14716.dat
0 H03321 ELEMENT 4211392 MODULE faceted-cliff
1 71 870 -40 760 0 0 1 0 1 0 -1 0 0 3008.dat
0 H03322 ELEMENT 6061702 MODULE faceted-cliff
1 71 50 -88 710 1 0 0 0 1 0 -0 0 1 14716.dat
0 H03323 ELEMENT 6061702 MODULE faceted-cliff
1 71 610 -88 710 1 0 0 0 1 0 -0 0 1 14716.dat
0 H03324 ELEMENT 6061702 MODULE faceted-cliff
1 71 630 -88 710 1 0 0 0 1 0 -0 0 1 14716.dat
0 H03325 ELEMENT 6057517 MODULE faceted-cliff
1 19 830 -88 710 1 0 0 0 1 0 -0 0 1 14716.dat
0 H03326 ELEMENT 6057517 MODULE faceted-cliff
1 19 850 -88 710 1 0 0 0 1 0 -0 0 1 14716.dat
0 H03327 ELEMENT 4211394 MODULE faceted-cliff
1 71 70 -40 760 0 0 1 0 1 0 -1 0 0 3010.dat
0 H03328 ELEMENT 4211394 MODULE faceted-cliff
1 71 650 -40 760 0 0 1 0 1 0 -1 0 0 3010.dat
0 H03329 ELEMENT 6057517 MODULE faceted-cliff
1 19 770 -88 730 1 0 0 0 1 0 -0 0 1 14716.dat
0 H03330 ELEMENT 4211394 MODULE faceted-cliff
1 71 790 -40 760 0 0 1 0 1 0 -1 0 0 3010.dat
0 H03331 ELEMENT 4211428 MODULE faceted-cliff
1 71 1050 -40 750 0 0 1 0 1 0 -1 0 0 3622.dat
0 H03332 ELEMENT 6057517 MODULE faceted-cliff
1 19 90 -88 790 1 0 0 0 1 0 -0 0 1 14716.dat
0 H03333 ELEMENT 6057517 MODULE faceted-cliff
1 19 110 -88 790 1 0 0 0 1 0 -0 0 1 14716.dat
0 H03334 ELEMENT 4211393 MODULE faceted-cliff
1 71 720 -40 790 1 0 0 0 1 0 -0 0 1 3009.dat
0 H03335 ELEMENT 4211428 MODULE faceted-cliff
1 71 850 -40 810 0 0 1 0 1 0 -1 0 0 3622.dat
0 H03336 ELEMENT 6057517 MODULE faceted-cliff
1 19 130 -88 810 1 0 0 0 1 0 -0 0 1 14716.dat
0 H03337 ELEMENT 4211394 MODULE faceted-cliff
1 71 160 -40 830 1 0 0 0 1 0 -0 0 1 3010.dat
0 H03338 ELEMENT 6057517 MODULE faceted-cliff
1 19 210 -88 830 1 0 0 0 1 0 -0 0 1 14716.dat
0 H03339 ELEMENT 4211366 MODULE faceted-cliff
1 71 200 -64 650 1 0 0 0 1 0 -0 0 1 2465.dat
0 H03340 ELEMENT 4211392 MODULE faceted-cliff
1 71 680 -64 650 1 0 0 0 1 0 -0 0 1 3008.dat
0 H03341 ELEMENT 4211521 MODULE faceted-cliff
1 71 900 -64 650 1 0 0 0 1 0 -0 0 1 6111.dat
0 H03342 ELEMENT 4211392 MODULE faceted-cliff
1 71 190 -64 740 0 0 1 0 1 0 -1 0 0 3008.dat
0 H03343 ELEMENT 4211428 MODULE faceted-cliff
1 71 750 -64 690 0 0 1 0 1 0 -1 0 0 3622.dat
0 H03344 ELEMENT 4211428 MODULE faceted-cliff
1 71 810 -64 690 0 0 1 0 1 0 -1 0 0 3622.dat
0 H03345 ELEMENT 4211393 MODULE faceted-cliff
1 71 940 -64 670 1 0 0 0 1 0 -0 0 1 3009.dat
0 H03346 ELEMENT 4211392 MODULE faceted-cliff
1 71 870 -64 760 0 0 1 0 1 0 -1 0 0 3008.dat
0 H03347 ELEMENT 4211394 MODULE faceted-cliff
1 71 70 -64 760 0 0 1 0 1 0 -1 0 0 3010.dat
0 H03348 ELEMENT 4211394 MODULE faceted-cliff
1 71 650 -64 760 0 0 1 0 1 0 -1 0 0 3010.dat
0 H03349 ELEMENT 4211394 MODULE faceted-cliff
1 71 790 -64 760 0 0 1 0 1 0 -1 0 0 3010.dat
0 H03350 ELEMENT 4211428 MODULE faceted-cliff
1 71 1050 -64 750 0 0 1 0 1 0 -1 0 0 3622.dat
0 H03351 ELEMENT 4211393 MODULE faceted-cliff
1 71 720 -64 790 1 0 0 0 1 0 -0 0 1 3009.dat
0 H03352 ELEMENT 4211428 MODULE faceted-cliff
1 71 850 -64 810 0 0 1 0 1 0 -1 0 0 3622.dat
0 H03353 ELEMENT 4211394 MODULE faceted-cliff
1 71 160 -64 830 1 0 0 0 1 0 -0 0 1 3010.dat
0 H03354 ELEMENT 4211366 MODULE faceted-cliff
1 71 200 -88 650 1 0 0 0 1 0 -0 0 1 2465.dat
0 H03355 ELEMENT 4211392 MODULE faceted-cliff
1 71 680 -88 650 1 0 0 0 1 0 -0 0 1 3008.dat
0 H03356 ELEMENT 4211521 MODULE faceted-cliff
1 71 900 -88 650 1 0 0 0 1 0 -0 0 1 6111.dat
0 H03357 ELEMENT 4211099 MODULE faceted-cliff
1 72 190 -88 740 0 0 1 0 1 0 -1 0 0 3008.dat
0 H03358 ELEMENT 4211428 MODULE faceted-cliff
1 71 750 -88 690 0 0 1 0 1 0 -1 0 0 3622.dat
0 H03359 ELEMENT 4211428 MODULE faceted-cliff
1 71 810 -88 690 0 0 1 0 1 0 -1 0 0 3622.dat
0 H03360 ELEMENT 4211393 MODULE faceted-cliff
1 71 940 -88 670 1 0 0 0 1 0 -0 0 1 3009.dat
0 H03361 ELEMENT 4211099 MODULE faceted-cliff
1 72 870 -88 760 0 0 1 0 1 0 -1 0 0 3008.dat
0 H03362 ELEMENT 4211394 MODULE faceted-cliff
1 71 70 -88 760 0 0 1 0 1 0 -1 0 0 3010.dat
0 H03363 ELEMENT 4211394 MODULE faceted-cliff
1 71 650 -88 760 0 0 1 0 1 0 -1 0 0 3010.dat
0 H03364 ELEMENT 4211394 MODULE faceted-cliff
1 71 790 -88 760 0 0 1 0 1 0 -1 0 0 3010.dat
0 H03365 ELEMENT 4211428 MODULE faceted-cliff
1 71 1050 -88 750 0 0 1 0 1 0 -1 0 0 3622.dat
0 H03366 ELEMENT 4211100 MODULE faceted-cliff
1 72 720 -88 790 1 0 0 0 1 0 -0 0 1 3009.dat
0 H03367 ELEMENT 4211428 MODULE faceted-cliff
1 71 850 -88 810 0 0 1 0 1 0 -1 0 0 3622.dat
0 H03368 ELEMENT 4211387 MODULE faceted-cliff
1 71 160 -88 820 1 0 0 0 1 0 -0 0 1 3003.dat
0 H03369 ELEMENT 4211389 MODULE faceted-cliff
1 71 130 -88 830 1 0 0 0 1 0 -0 0 1 3005.dat
0 H03370 ELEMENT 4211389 MODULE faceted-cliff
1 71 190 -88 830 1 0 0 0 1 0 -0 0 1 3005.dat
0 H03371 ELEMENT 4211366 MODULE faceted-cliff
1 71 200 -112 650 1 0 0 0 1 0 -0 0 1 2465.dat
0 H03372 ELEMENT 4211100 MODULE faceted-cliff
1 72 660 -112 650 1 0 0 0 1 0 -0 0 1 3009.dat
0 H03373 ELEMENT 6057517 MODULE faceted-cliff
1 19 730 -160 650 1 0 0 0 1 0 -0 0 1 14716.dat
0 H03374 ELEMENT 4211394 MODULE faceted-cliff
1 71 750 -112 680 0 0 1 0 1 0 -1 0 0 3010.dat
0 H03375 ELEMENT 4211521 MODULE faceted-cliff
1 71 900 -112 650 1 0 0 0 1 0 -0 0 1 6111.dat
0 H03376 ELEMENT 4211100 MODULE faceted-cliff
1 72 190 -112 720 0 0 1 0 1 0 -1 0 0 3009.dat
0 H03377 ELEMENT 4211428 MODULE faceted-cliff
1 71 810 -112 690 0 0 1 0 1 0 -1 0 0 3622.dat
0 H03378 ELEMENT 4211100 MODULE faceted-cliff
1 72 940 -112 670 1 0 0 0 1 0 -0 0 1 3009.dat
0 H03379 ELEMENT 6057517 MODULE faceted-cliff
1 19 50 -160 690 1 0 0 0 1 0 -0 0 1 14716.dat
0 H03380 ELEMENT 6057517 MODULE faceted-cliff
1 19 610 -160 690 1 0 0 0 1 0 -0 0 1 14716.dat
0 H03381 ELEMENT 4211394 MODULE faceted-cliff
1 71 870 -112 720 0 0 1 0 1 0 -1 0 0 3010.dat
0 H03382 ELEMENT 6057517 MODULE faceted-cliff
1 19 50 -160 710 1 0 0 0 1 0 -0 0 1 14716.dat
0 H03383 ELEMENT 6057517 MODULE faceted-cliff
1 19 610 -160 710 1 0 0 0 1 0 -0 0 1 14716.dat
0 H03384 ELEMENT 6057517 MODULE faceted-cliff
1 19 630 -160 710 1 0 0 0 1 0 -0 0 1 14716.dat
0 H03385 ELEMENT 6057517 MODULE faceted-cliff
1 19 830 -160 710 1 0 0 0 1 0 -0 0 1 14716.dat
0 H03386 ELEMENT 6057517 MODULE faceted-cliff
1 19 850 -160 710 1 0 0 0 1 0 -0 0 1 14716.dat
0 H03387 ELEMENT 4211394 MODULE faceted-cliff
1 71 70 -112 760 0 0 1 0 1 0 -1 0 0 3010.dat
0 H03388 ELEMENT 4211394 MODULE faceted-cliff
1 71 650 -112 760 0 0 1 0 1 0 -1 0 0 3010.dat
0 H03389 ELEMENT 4211388 MODULE faceted-cliff
1 71 780 -112 730 1 0 0 0 1 0 -0 0 1 3004.dat
0 H03390 ELEMENT 4211428 MODULE faceted-cliff
1 71 1050 -112 750 0 0 1 0 1 0 -1 0 0 3622.dat
0 H03391 ELEMENT 4211428 MODULE faceted-cliff
1 71 790 -112 770 0 0 1 0 1 0 -1 0 0 3622.dat
0 H03392 ELEMENT 4211445 MODULE faceted-cliff
1 71 870 -96 800 0 0 1 0 1 0 -1 0 0 3710.dat
0 H03393 ELEMENT 4211100 MODULE faceted-cliff
1 72 140 -112 790 1 0 0 0 1 0 -0 0 1 3009.dat
0 H03394 ELEMENT 4211100 MODULE faceted-cliff
1 72 720 -112 790 1 0 0 0 1 0 -0 0 1 3009.dat
0 H03395 ELEMENT 4211429 MODULE faceted-cliff
1 71 850 -96 810 0 0 1 0 1 0 -1 0 0 3623.dat
0 H03396 ELEMENT 4211389 MODULE faceted-cliff
1 71 870 -120 770 1 0 0 0 1 0 -0 0 1 3005.dat
0 H03397 ELEMENT 4210783 MODULE faceted-cliff
1 72 200 -136 650 1 0 0 0 1 0 -0 0 1 2465.dat
0 H03398 ELEMENT 4211100 MODULE faceted-cliff
1 72 660 -136 650 1 0 0 0 1 0 -0 0 1 3009.dat
0 H03399 ELEMENT 4211394 MODULE faceted-cliff
1 71 750 -136 680 0 0 1 0 1 0 -1 0 0 3010.dat
0 H03400 ELEMENT 4211521 MODULE faceted-cliff
1 71 900 -136 650 1 0 0 0 1 0 -0 0 1 6111.dat
0 H03401 ELEMENT 4211100 MODULE faceted-cliff
1 72 190 -136 720 0 0 1 0 1 0 -1 0 0 3009.dat
0 H03402 ELEMENT 4211104 MODULE faceted-cliff
1 72 810 -136 690 0 0 1 0 1 0 -1 0 0 3622.dat
0 H03403 ELEMENT 4211100 MODULE faceted-cliff
1 72 940 -136 670 1 0 0 0 1 0 -0 0 1 3009.dat
0 H03404 ELEMENT 4211394 MODULE faceted-cliff
1 71 870 -136 720 0 0 1 0 1 0 -1 0 0 3010.dat
0 H03405 ELEMENT 4211394 MODULE faceted-cliff
1 71 70 -136 760 0 0 1 0 1 0 -1 0 0 3010.dat
0 H03406 ELEMENT 4211394 MODULE faceted-cliff
1 71 650 -136 760 0 0 1 0 1 0 -1 0 0 3010.dat
0 H03407 ELEMENT 4211388 MODULE faceted-cliff
1 71 780 -136 730 1 0 0 0 1 0 -0 0 1 3004.dat
0 H03408 ELEMENT 4211104 MODULE faceted-cliff
1 72 1050 -136 750 0 0 1 0 1 0 -1 0 0 3622.dat
0 H03409 ELEMENT 4211104 MODULE faceted-cliff
1 72 790 -136 770 0 0 1 0 1 0 -1 0 0 3622.dat
0 H03410 ELEMENT 4247151 MODULE faceted-cliff
1 28 140 -136 790 1 0 0 0 1 0 -0 0 1 3009.dat
0 H03411 ELEMENT 4247151 MODULE faceted-cliff
1 28 720 -136 790 1 0 0 0 1 0 -0 0 1 3009.dat
0 H03412 ELEMENT 4211389 MODULE faceted-cliff
1 71 870 -144 770 1 0 0 0 1 0 -0 0 1 3005.dat
0 H03413 ELEMENT 4210783 MODULE faceted-cliff
1 72 200 -160 650 1 0 0 0 1 0 -0 0 1 2465.dat
0 H03414 ELEMENT 4211388 MODULE faceted-cliff
1 71 380 -160 650 1 0 0 0 1 0 -0 0 1 3004.dat
0 H03415 ELEMENT 4247151 MODULE faceted-cliff
1 28 660 -160 650 1 0 0 0 1 0 -0 0 1 3009.dat
0 H03416 ELEMENT 4112982 MODULE faceted-cliff
1 19 750 -160 700 0 0 1 0 1 0 -1 0 0 3009.dat
0 H03417 ELEMENT 4211107 MODULE faceted-cliff
1 72 900 -160 650 1 0 0 0 1 0 -0 0 1 6111.dat
0 H03418 ELEMENT 4211389 MODULE faceted-cliff
1 71 50 -160 670 1 0 0 0 1 0 -0 0 1 3005.dat
0 H03419 ELEMENT 4112982 MODULE faceted-cliff
1 19 190 -160 720 0 0 1 0 1 0 -1 0 0 3009.dat
0 H03420 ELEMENT 4211389 MODULE faceted-cliff
1 71 610 -160 670 1 0 0 0 1 0 -0 0 1 3005.dat
0 H03421 ELEMENT 4211104 MODULE faceted-cliff
1 72 810 -160 690 0 0 1 0 1 0 -1 0 0 3622.dat
0 H03422 ELEMENT 4112982 MODULE faceted-cliff
1 19 940 -160 670 1 0 0 0 1 0 -0 0 1 3009.dat
0 H03423 ELEMENT 4211394 MODULE faceted-cliff
1 71 870 -160 720 0 0 1 0 1 0 -1 0 0 3010.dat
0 H03424 ELEMENT 4211394 MODULE faceted-cliff
1 71 70 -160 760 0 0 1 0 1 0 -1 0 0 3010.dat
0 H03425 ELEMENT 4211385 MODULE faceted-cliff
1 71 680 -160 740 1 0 0 0 1 0 -0 0 1 3001.dat
0 H03426 ELEMENT 4211394 MODULE faceted-cliff
1 71 730 -160 760 0 0 1 0 1 0 -1 0 0 3010.dat
0 H03427 ELEMENT 4211385 MODULE faceted-cliff
1 71 780 -160 760 0 0 1 0 1 0 -1 0 0 3001.dat
0 H03428 ELEMENT 4211104 MODULE faceted-cliff
1 72 1050 -160 750 0 0 1 0 1 0 -1 0 0 3622.dat
0 H03429 ELEMENT 4211385 MODULE faceted-cliff
1 71 680 -160 780 1 0 0 0 1 0 -0 0 1 3001.dat
0 H03430 ELEMENT 4211388 MODULE faceted-cliff
1 71 750 -160 780 0 0 1 0 1 0 -1 0 0 3004.dat
0 H03431 ELEMENT 4112982 MODULE faceted-cliff
1 19 140 -160 790 1 0 0 0 1 0 -0 0 1 3009.dat
0 H03432 ELEMENT 4211389 MODULE faceted-cliff
1 71 870 -168 770 1 0 0 0 1 0 -0 0 1 3005.dat
0 H03433 ELEMENT 4211385 MODULE faceted-cliff
1 71 120 -176 740 1 0 0 0 1 0 -0 0 1 3001.dat
0 H03434 ELEMENT 4211388 MODULE faceted-cliff
1 71 170 -176 740 0 0 1 0 1 0 -1 0 0 3004.dat
0 H03435 ELEMENT 4211394 MODULE faceted-cliff
1 71 120 -176 770 1 0 0 0 1 0 -0 0 1 3010.dat
0 H03436 ELEMENT 4211389 MODULE faceted-cliff
1 71 170 -176 770 1 0 0 0 1 0 -0 0 1 3005.dat
0 H03437 ELEMENT 4211522 MODULE faceted-cliff
1 71 160 -184 650 1 0 0 0 1 0 -0 0 1 6112.dat
0 H03438 ELEMENT 4112982 MODULE faceted-cliff
1 19 340 -184 650 1 0 0 0 1 0 -0 0 1 3009.dat
0 H03439 ELEMENT 4112982 MODULE faceted-cliff
1 19 660 -184 650 1 0 0 0 1 0 -0 0 1 3009.dat
0 H03440 ELEMENT 4211388 MODULE faceted-cliff
1 71 740 -184 650 1 0 0 0 1 0 -0 0 1 3004.dat
0 H03441 ELEMENT 4211107 MODULE faceted-cliff
1 72 900 -184 650 1 0 0 0 1 0 -0 0 1 6111.dat
0 H03442 ELEMENT 4211388 MODULE faceted-cliff
1 71 50 -184 680 0 0 1 0 1 0 -1 0 0 3004.dat
0 H03443 ELEMENT 4211388 MODULE faceted-cliff
1 71 190 -184 680 0 0 1 0 1 0 -1 0 0 3004.dat
0 H03444 ELEMENT 4211388 MODULE faceted-cliff
1 71 610 -184 680 0 0 1 0 1 0 -1 0 0 3004.dat
0 H03445 ELEMENT 4211388 MODULE faceted-cliff
1 71 750 -184 680 0 0 1 0 1 0 -1 0 0 3004.dat
0 H03446 ELEMENT 4211388 MODULE faceted-cliff
1 71 810 -184 680 0 0 1 0 1 0 -1 0 0 3004.dat
0 H03447 ELEMENT 4112982 MODULE faceted-cliff
1 19 940 -184 670 1 0 0 0 1 0 -0 0 1 3009.dat
0 H03448 ELEMENT 4211394 MODULE faceted-cliff
1 71 870 -184 720 0 0 1 0 1 0 -1 0 0 3010.dat
0 H03449 ELEMENT 4211389 MODULE faceted-cliff
1 71 50 -184 710 1 0 0 0 1 0 -0 0 1 3005.dat
0 H03450 ELEMENT 4211445 MODULE faceted-cliff
1 71 190 -168 740 0 0 1 0 1 0 -1 0 0 3710.dat
0 H03451 ELEMENT 4112982 MODULE faceted-cliff
1 19 660 -184 710 1 0 0 0 1 0 -0 0 1 3009.dat
0 H03452 ELEMENT 4211388 MODULE faceted-cliff
1 71 740 -184 710 1 0 0 0 1 0 -0 0 1 3004.dat
0 H03453 ELEMENT 4211388 MODULE faceted-cliff
1 71 820 -184 710 1 0 0 0 1 0 -0 0 1 3004.dat
0 H03454 ELEMENT 4211389 MODULE faceted-cliff
1 71 850 -184 710 1 0 0 0 1 0 -0 0 1 3005.dat
0 H03455 ELEMENT 4211445 MODULE faceted-cliff
1 71 70 -168 760 0 0 1 0 1 0 -1 0 0 3710.dat
0 H03456 ELEMENT 4211388 MODULE faceted-cliff
1 71 1050 -184 740 0 0 1 0 1 0 -1 0 0 3004.dat
0 H03457 ELEMENT 4211389 MODULE faceted-cliff
1 71 1050 -184 770 1 0 0 0 1 0 -0 0 1 3005.dat
0 H03458 ELEMENT 4211438 MODULE faceted-cliff
1 71 140 -168 790 1 0 0 0 1 0 -0 0 1 3666.dat
0 H03459 ELEMENT 4211445 MODULE faceted-cliff
1 71 190 -176 740 0 0 1 0 1 0 -1 0 0 3710.dat
0 H03460 ELEMENT 4211445 MODULE faceted-cliff
1 71 70 -176 760 0 0 1 0 1 0 -1 0 0 3710.dat
0 H03461 ELEMENT 4211389 MODULE faceted-cliff
1 71 870 -192 770 1 0 0 0 1 0 -0 0 1 3005.dat
0 H03462 ELEMENT 4211438 MODULE faceted-cliff
1 71 140 -176 790 1 0 0 0 1 0 -0 0 1 3666.dat
0 H03463 ELEMENT 4112982 MODULE faceted-cliff
1 19 120 -200 710 1 0 0 0 1 0 -0 0 1 3009.dat
0 H03464 ELEMENT 4211389 MODULE faceted-cliff
1 71 190 -200 710 1 0 0 0 1 0 -0 0 1 3005.dat
0 H03465 ELEMENT 4211522 MODULE faceted-cliff
1 71 160 -208 650 1 0 0 0 1 0 -0 0 1 6112.dat
0 H03466 ELEMENT 4112982 MODULE faceted-cliff
1 19 340 -208 650 1 0 0 0 1 0 -0 0 1 3009.dat
0 H03467 ELEMENT 4112982 MODULE faceted-cliff
1 19 660 -208 650 1 0 0 0 1 0 -0 0 1 3009.dat
0 H03468 ELEMENT 4211388 MODULE faceted-cliff
1 71 740 -208 650 1 0 0 0 1 0 -0 0 1 3004.dat
0 H03469 ELEMENT 4112982 MODULE faceted-cliff
1 19 860 -208 650 1 0 0 0 1 0 -0 0 1 3009.dat
0 H03470 ELEMENT 4211385 MODULE faceted-cliff
1 71 960 -208 660 1 0 0 0 1 0 -0 0 1 3001.dat
0 H03471 ELEMENT 4211388 MODULE faceted-cliff
1 71 50 -208 680 0 0 1 0 1 0 -1 0 0 3004.dat
0 H03472 ELEMENT 4211388 MODULE faceted-cliff
1 71 190 -208 680 0 0 1 0 1 0 -1 0 0 3004.dat
0 H03473 ELEMENT 4211388 MODULE faceted-cliff
1 71 610 -208 680 0 0 1 0 1 0 -1 0 0 3004.dat
0 H03474 ELEMENT 4211388 MODULE faceted-cliff
1 71 750 -208 680 0 0 1 0 1 0 -1 0 0 3004.dat
0 H03475 ELEMENT 4211388 MODULE faceted-cliff
1 71 810 -208 680 0 0 1 0 1 0 -1 0 0 3004.dat
0 H03476 ELEMENT 4211388 MODULE faceted-cliff
1 71 900 -208 670 1 0 0 0 1 0 -0 0 1 3004.dat
0 H03477 ELEMENT 4211394 MODULE faceted-cliff
1 71 870 -208 720 0 0 1 0 1 0 -1 0 0 3010.dat
0 H03478 ELEMENT 4211389 MODULE faceted-cliff
1 71 50 -208 710 1 0 0 0 1 0 -0 0 1 3005.dat
0 H03479 ELEMENT 4112982 MODULE faceted-cliff
1 19 660 -208 710 1 0 0 0 1 0 -0 0 1 3009.dat
0 H03480 ELEMENT 4211388 MODULE faceted-cliff
1 71 740 -208 710 1 0 0 0 1 0 -0 0 1 3004.dat
0 H03481 ELEMENT 4211388 MODULE faceted-cliff
1 71 820 -208 710 1 0 0 0 1 0 -0 0 1 3004.dat
0 H03482 ELEMENT 4211389 MODULE faceted-cliff
1 71 850 -208 710 1 0 0 0 1 0 -0 0 1 3005.dat
0 H03483 ELEMENT 4211388 MODULE faceted-cliff
1 71 1050 -208 740 0 0 1 0 1 0 -1 0 0 3004.dat
0 H03484 ELEMENT 4211389 MODULE faceted-cliff
1 71 1050 -208 770 1 0 0 0 1 0 -0 0 1 3005.dat
0 H03485 ELEMENT 4211399 MODULE faceted-cliff
1 71 870 -200 770 1 0 0 0 1 0 -0 0 1 3024.dat
0 H03486 ELEMENT 4112982 MODULE faceted-cliff
1 19 120 -224 710 1 0 0 0 1 0 -0 0 1 3009.dat
0 H03487 ELEMENT 4211389 MODULE faceted-cliff
1 71 190 -224 710 1 0 0 0 1 0 -0 0 1 3005.dat
0 H03488 ELEMENT 4211399 MODULE faceted-cliff
1 71 870 -208 770 1 0 0 0 1 0 -0 0 1 3024.dat
0 H03489 ELEMENT 4112982 MODULE faceted-cliff
1 19 100 -232 650 1 0 0 0 1 0 -0 0 1 3009.dat
0 H03490 ELEMENT 4514846 MODULE faceted-cliff
1 71 280 -216 650 1 0 0 0 1 0 -0 0 1 60479.dat
0 H03491 ELEMENT 4112982 MODULE faceted-cliff
1 19 660 -232 650 1 0 0 0 1 0 -0 0 1 3009.dat
0 H03492 ELEMENT 4211388 MODULE faceted-cliff
1 71 740 -232 650 1 0 0 0 1 0 -0 0 1 3004.dat
0 H03493 ELEMENT 4112982 MODULE faceted-cliff
1 19 860 -232 650 1 0 0 0 1 0 -0 0 1 3009.dat
0 H03494 ELEMENT 4211385 MODULE faceted-cliff
1 71 960 -232 660 1 0 0 0 1 0 -0 0 1 3001.dat
0 H03495 ELEMENT 4211388 MODULE faceted-cliff
1 71 50 -232 680 0 0 1 0 1 0 -1 0 0 3004.dat
0 H03496 ELEMENT 6000066 MODULE faceted-cliff
1 71 190 -232 680 0 0 1 0 1 0 -1 0 0 98283.dat
0 H03497 ELEMENT 6000066 MODULE faceted-cliff
1 71 610 -232 680 0 0 1 0 1 0 -1 0 0 98283.dat
0 H03498 ELEMENT 6000066 MODULE faceted-cliff
1 71 750 -232 680 0 0 1 0 1 0 -1 0 0 98283.dat
0 H03499 ELEMENT 6000066 MODULE faceted-cliff
1 71 810 -232 680 0 0 1 0 1 0 -1 0 0 98283.dat
0 H03500 ELEMENT 4211088 MODULE faceted-cliff
1 72 900 -232 670 1 0 0 0 1 0 -0 0 1 3004.dat
0 H03501 ELEMENT 4211088 MODULE faceted-cliff
1 72 870 -232 700 0 0 1 0 1 0 -1 0 0 3004.dat
0 H03502 ELEMENT 4211389 MODULE faceted-cliff
1 71 50 -232 710 1 0 0 0 1 0 -0 0 1 3005.dat
0 H03503 ELEMENT 4112982 MODULE faceted-cliff
1 19 660 -232 710 1 0 0 0 1 0 -0 0 1 3009.dat
0 H03504 ELEMENT 4211088 MODULE faceted-cliff
1 72 740 -232 710 1 0 0 0 1 0 -0 0 1 3004.dat
0 H03505 ELEMENT 4211088 MODULE faceted-cliff
1 72 820 -232 710 1 0 0 0 1 0 -0 0 1 3004.dat
0 H03506 ELEMENT 4211389 MODULE faceted-cliff
1 71 850 -232 710 1 0 0 0 1 0 -0 0 1 3005.dat
0 H03507 ELEMENT 4211088 MODULE faceted-cliff
1 72 180 -240 650 1 0 0 0 1 0 -0 0 1 3004.dat
0 H03508 ELEMENT 4112982 MODULE faceted-cliff
1 19 120 -248 710 1 0 0 0 1 0 -0 0 1 3009.dat
0 H03509 ELEMENT 4211389 MODULE faceted-cliff
1 71 190 -248 710 1 0 0 0 1 0 -0 0 1 3005.dat
0 H03510 ELEMENT 4112982 MODULE faceted-cliff
1 19 100 -256 650 1 0 0 0 1 0 -0 0 1 3009.dat
0 H03511 ELEMENT 4211385 MODULE faceted-cliff
1 71 640 -256 660 1 0 0 0 1 0 -0 0 1 3001.dat
0 H03512 ELEMENT 4211385 MODULE faceted-cliff
1 71 720 -256 660 1 0 0 0 1 0 -0 0 1 3001.dat
0 H03513 ELEMENT 4112982 MODULE faceted-cliff
1 19 860 -256 650 1 0 0 0 1 0 -0 0 1 3009.dat
0 H03514 ELEMENT 4211385 MODULE faceted-cliff
1 71 960 -256 660 1 0 0 0 1 0 -0 0 1 3001.dat
0 H03515 ELEMENT 4211088 MODULE faceted-cliff
1 72 50 -256 680 0 0 1 0 1 0 -1 0 0 3004.dat
0 H03516 ELEMENT 4211088 MODULE faceted-cliff
1 72 190 -256 680 0 0 1 0 1 0 -1 0 0 3004.dat
0 H03517 ELEMENT 4211088 MODULE faceted-cliff
1 72 810 -256 680 0 0 1 0 1 0 -1 0 0 3004.dat
0 H03518 ELEMENT 6000311 MODULE faceted-cliff
1 72 900 -256 670 1 0 0 0 1 0 -0 0 1 98283.dat
0 H03519 ELEMENT 4211385 MODULE faceted-cliff
1 71 640 -256 700 1 0 0 0 1 0 -0 0 1 3001.dat
0 H03520 ELEMENT 4211385 MODULE faceted-cliff
1 71 720 -256 700 1 0 0 0 1 0 -0 0 1 3001.dat
0 H03521 ELEMENT 6000311 MODULE faceted-cliff
1 72 870 -256 700 0 0 1 0 1 0 -1 0 0 98283.dat
0 H03522 ELEMENT 4211389 MODULE faceted-cliff
1 71 50 -256 710 1 0 0 0 1 0 -0 0 1 3005.dat
0 H03523 ELEMENT 4521914 MODULE faceted-cliff
1 28 820 -256 710 1 0 0 0 1 0 -0 0 1 3004.dat
0 H03524 ELEMENT 4211389 MODULE faceted-cliff
1 71 850 -256 710 1 0 0 0 1 0 -0 0 1 3005.dat
0 H03525 ELEMENT 4646577 MODULE faceted-cliff
1 28 180 -264 650 1 0 0 0 1 0 -0 0 1 98283.dat
0 H03526 ELEMENT 4211385 MODULE faceted-cliff
1 71 100 -272 680 1 0 0 0 1 0 -0 0 1 3001.dat
0 H03527 ELEMENT 4211386 MODULE faceted-cliff
1 71 160 -272 690 0 0 1 0 1 0 -1 0 0 3002.dat
0 H03528 ELEMENT 4211394 MODULE faceted-cliff
1 71 100 -272 710 1 0 0 0 1 0 -0 0 1 3010.dat
0 H03529 ELEMENT 4211389 MODULE faceted-cliff
1 71 190 -272 710 1 0 0 0 1 0 -0 0 1 3005.dat
0 H03530 ELEMENT 4211438 MODULE faceted-cliff
1 71 100 -264 650 1 0 0 0 1 0 -0 0 1 3666.dat
0 H03531 ELEMENT 4112982 MODULE faceted-cliff
1 19 860 -280 650 1 0 0 0 1 0 -0 0 1 3009.dat
0 H03532 ELEMENT 4211385 MODULE faceted-cliff
1 71 960 -280 660 1 0 0 0 1 0 -0 0 1 3001.dat
0 H03533 ELEMENT 4211429 MODULE faceted-cliff
1 71 50 -264 690 0 0 1 0 1 0 -1 0 0 3623.dat
0 H03534 ELEMENT 4211398 MODULE faceted-cliff
1 71 190 -264 680 0 0 1 0 1 0 -1 0 0 3023b.dat
0 H03535 ELEMENT 4109995 MODULE faceted-cliff
1 19 810 -280 680 0 0 1 0 1 0 -1 0 0 3004.dat
0 H03536 ELEMENT 4109995 MODULE faceted-cliff
1 19 900 -280 670 1 0 0 0 1 0 -0 0 1 3004.dat
0 H03537 ELEMENT 4109995 MODULE faceted-cliff
1 19 870 -280 700 0 0 1 0 1 0 -1 0 0 3004.dat
0 H03538 ELEMENT 4109995 MODULE faceted-cliff
1 19 820 -280 710 1 0 0 0 1 0 -0 0 1 3004.dat
0 H03539 ELEMENT 4211389 MODULE faceted-cliff
1 71 850 -280 710 1 0 0 0 1 0 -0 0 1 3005.dat
0 H03540 ELEMENT 4211425 MODULE faceted-cliff
1 71 120 -272 650 1 0 0 0 1 0 -0 0 1 3460.dat
0 H03541 ELEMENT 4211429 MODULE faceted-cliff
1 71 50 -272 690 0 0 1 0 1 0 -1 0 0 3623.dat
0 H03542 ELEMENT 4211398 MODULE faceted-cliff
1 71 190 -272 680 0 0 1 0 1 0 -1 0 0 3023b.dat
0 H03543 ELEMENT 4211387 MODULE faceted-cliff
1 71 840 -296 680 1 0 0 0 1 0 -0 0 1 3003.dat
0 H03544 ELEMENT 4211389 MODULE faceted-cliff
1 71 870 -296 670 1 0 0 0 1 0 -0 0 1 3005.dat
0 H03545 ELEMENT 4251149 MODULE faceted-cliff
1 71 900 -288 650 1 0 0 0 1 0 -0 0 1 4477.dat
0 H03546 ELEMENT 4211429 MODULE faceted-cliff
1 71 810 -288 690 0 0 1 0 1 0 -1 0 0 3623.dat
0 H03547 ELEMENT 4211438 MODULE faceted-cliff
1 71 940 -288 670 1 0 0 0 1 0 -0 0 1 3666.dat
0 H03548 ELEMENT 4211398 MODULE faceted-cliff
1 71 870 -288 700 0 0 1 0 1 0 -1 0 0 3023b.dat
0 H03549 ELEMENT 4211398 MODULE faceted-cliff
1 71 840 -288 710 1 0 0 0 1 0 -0 0 1 3023b.dat
0 H03550 ELEMENT 4251149 MODULE faceted-cliff
1 71 900 -296 650 1 0 0 0 1 0 -0 0 1 4477.dat
0 H03551 ELEMENT 4211429 MODULE faceted-cliff
1 71 810 -296 690 0 0 1 0 1 0 -1 0 0 3623.dat
0 H03552 ELEMENT 4211438 MODULE faceted-cliff
1 71 940 -296 670 1 0 0 0 1 0 -0 0 1 3666.dat
0 H03553 ELEMENT 4211398 MODULE faceted-cliff
1 71 870 -296 700 0 0 1 0 1 0 -1 0 0 3023b.dat
0 H03554 ELEMENT 4211398 MODULE faceted-cliff
1 71 840 -296 710 1 0 0 0 1 0 -0 0 1 3023b.dat
0 H03555 ELEMENT 4211614 MODULE faceted-cliff
1 71 50 -296 670 1 0 0 0 1 0 -0 0 1 3040b.dat
0 H03556 ELEMENT 4568637 MODULE faceted-cliff
1 71 80 -272 650 -1 0 0 0 1 0 -0 0 -1 85984.dat
0 H03557 ELEMENT 4568637 MODULE faceted-cliff
1 71 120 -272 650 -1 0 0 0 1 0 -0 0 -1 85984.dat
0 H03558 ELEMENT 4211410 MODULE faceted-cliff
1 71 180 -296 670 1 0 0 0 1 0 -0 0 1 3039.dat
0 H03559 ELEMENT 4568637 MODULE faceted-cliff
1 71 240 -216 650 -1 0 0 0 1 0 -0 0 -1 85984.dat
0 H03560 ELEMENT 4568637 MODULE faceted-cliff
1 71 300 -216 650 1 0 0 0 1 0 -0 0 1 85984.dat
0 H03561 ELEMENT 4568637 MODULE faceted-cliff
1 71 360 -216 650 -1 0 0 0 1 0 -0 0 -1 85984.dat
0 H03562 ELEMENT 4211410 MODULE faceted-cliff
1 71 620 -280 670 1 0 0 0 1 0 -0 0 1 3039.dat
0 H03563 ELEMENT 4211410 MODULE faceted-cliff
1 71 660 -280 670 1 0 0 0 1 0 -0 0 1 3039.dat
0 H03564 ELEMENT 4211410 MODULE faceted-cliff
1 71 720 -280 650 -1 0 0 0 1 0 -0 0 -1 3039.dat
0 H03565 ELEMENT 4568637 MODULE faceted-cliff
1 71 840 -296 650 -1 0 0 0 1 0 -0 0 -1 85984.dat
0 H03566 ELEMENT 4211410 MODULE faceted-cliff
1 71 900 -320 670 1 0 0 0 1 0 -0 0 1 3039.dat
0 H03567 ELEMENT 4211054 MODULE faceted-cliff
1 72 960 -320 650 -1 0 0 0 1 0 -0 0 -1 3039.dat
0 H03568 ELEMENT 4211614 MODULE faceted-cliff
1 71 150 -296 670 -1 0 0 0 1 0 -0 0 -1 3040b.dat
0 H03569 ELEMENT 4211614 MODULE faceted-cliff
1 71 690 -280 690 1 0 0 0 1 0 -0 0 1 3040b.dat
0 H03570 ELEMENT 4211614 MODULE faceted-cliff
1 71 750 -280 670 -1 0 0 0 1 0 -0 0 -1 3040b.dat
0 H03571 ELEMENT 4521921 MODULE faceted-cliff
1 71 930 -296 670 1 0 0 0 1 0 -0 0 1 54200.dat
0 H03572 ELEMENT 4521921 MODULE faceted-cliff
1 71 990 -296 670 -1 0 0 0 1 0 -0 0 -1 54200.dat
0 H03573 ELEMENT 4211614 MODULE faceted-cliff
1 71 190 -296 690 -1 0 0 0 1 0 -0 0 -1 3040b.dat
0 H03574 ELEMENT 4211054 MODULE faceted-cliff
1 72 620 -280 710 1 0 0 0 1 0 -0 0 1 3039.dat
0 H03575 ELEMENT 4211614 MODULE faceted-cliff
1 71 670 -280 690 -1 0 0 0 1 0 -0 0 -1 3040b.dat
0 H03576 ELEMENT 4211614 MODULE faceted-cliff
1 71 730 -280 710 1 0 0 0 1 0 -0 0 1 3040b.dat
0 H03577 ELEMENT 4521921 MODULE faceted-cliff
1 71 50 -272 710 1 0 0 0 1 0 -0 0 1 54200.dat
0 H03578 ELEMENT 4521921 MODULE faceted-cliff
1 71 170 -272 710 1 0 0 0 1 0 -0 0 1 54200.dat
0 H03579 ELEMENT 4521921 MODULE faceted-cliff
1 71 650 -256 710 1 0 0 0 1 0 -0 0 1 54200.dat
0 H03580 ELEMENT 4521921 MODULE faceted-cliff
1 71 710 -256 710 -1 0 0 0 1 0 -0 0 -1 54200.dat
0 H03581 ELEMENT 4568637 MODULE faceted-cliff
1 71 100 -176 730 1 0 0 0 1 0 -0 0 1 85984.dat
0 H03582 ELEMENT 4568637 MODULE faceted-cliff
1 71 160 -176 730 -1 0 0 0 1 0 -0 0 -1 85984.dat
0 H03583 ELEMENT 4211614 MODULE faceted-cliff
1 71 650 -184 750 1 0 0 0 1 0 -0 0 1 3040b.dat
0 H03584 ELEMENT 4568637 MODULE faceted-cliff
1 71 700 -160 730 1 0 0 0 1 0 -0 0 1 85984.dat
0 H03585 ELEMENT 4211054 MODULE faceted-cliff
1 72 760 -184 730 -1 0 0 0 1 0 -0 0 -1 3039.dat
0 H03586 ELEMENT 4211614 MODULE faceted-cliff
1 71 870 -232 730 -1 0 0 0 1 0 -0 0 -1 3040b.dat
0 H03587 ELEMENT 4211614 MODULE faceted-cliff
1 71 70 -200 750 -1 0 0 0 1 0 -0 0 -1 3040b.dat
0 H03588 ELEMENT 4211614 MODULE faceted-cliff
1 71 190 -200 750 -1 0 0 0 1 0 -0 0 -1 3040b.dat
0 H03589 ELEMENT 4211614 MODULE faceted-cliff
1 71 790 -184 750 -1 0 0 0 1 0 -0 0 -1 3040b.dat
0 H03590 ELEMENT 4211614 MODULE faceted-cliff
1 71 170 -200 790 1 0 0 0 1 0 -0 0 1 3040b.dat
0 H03591 ELEMENT 4211614 MODULE faceted-cliff
1 71 650 -184 790 1 0 0 0 1 0 -0 0 1 3040b.dat
0 H03592 ELEMENT 4211614 MODULE faceted-cliff
1 71 770 -184 790 1 0 0 0 1 0 -0 0 1 3040b.dat
0 H03593 ELEMENT 4521921 MODULE faceted-cliff
1 71 750 -160 790 -1 0 0 0 1 0 -0 0 -1 54200.dat
0 H03594 ELEMENT 4211614 MODULE faceted-cliff
1 71 870 -120 790 -1 0 0 0 1 0 -0 0 -1 3040b.dat
0 H03595 ELEMENT 4211135 MODULE faceted-cliff
1 72 850 -120 830 1 0 0 0 1 0 -0 0 1 3040b.dat
0 H03608 ELEMENT 300501 MODULE arched-landing
1 15 470 -40 810 1 0 0 0 1 0 -0 0 1 3005.dat
0 H03609 ELEMENT 300501 MODULE arched-landing
1 15 470 -64 810 1 0 0 0 1 0 -0 0 1 3005.dat
0 H03610 ELEMENT 300501 MODULE arched-landing
1 15 470 -88 810 1 0 0 0 1 0 -0 0 1 3005.dat
0 H03611 ELEMENT 300501 MODULE arched-landing
1 15 470 -112 810 1 0 0 0 1 0 -0 0 1 3005.dat
0 H03612 ELEMENT 300501 MODULE arched-landing
1 15 570 -40 810 1 0 0 0 1 0 -0 0 1 3005.dat
0 H03613 ELEMENT 300501 MODULE arched-landing
1 15 570 -64 810 1 0 0 0 1 0 -0 0 1 3005.dat
0 H03614 ELEMENT 302401 MODULE arched-landing
1 15 570 -72 810 1 0 0 0 1 0 -0 0 1 3024.dat
0 H03615 ELEMENT 302401 MODULE arched-landing
1 15 570 -80 810 1 0 0 0 1 0 -0 0 1 3024.dat
0 H03616 ELEMENT 302401 MODULE arched-landing
1 15 570 -88 810 1 0 0 0 1 0 -0 0 1 3024.dat
0 H03617 ELEMENT 302401 MODULE arched-landing
1 15 570 -96 810 1 0 0 0 1 0 -0 0 1 3024.dat
0 H03618 ELEMENT 302401 MODULE arched-landing
1 15 570 -104 810 1 0 0 0 1 0 -0 0 1 3024.dat
0 H03619 ELEMENT 302401 MODULE arched-landing
1 15 570 -112 810 1 0 0 0 1 0 -0 0 1 3024.dat
0 H03620 ELEMENT 6106183 MODULE arched-landing
1 15 520 -160 810 1 0 0 0 1 0 -0 0 1 15254.dat
0 H03621 ELEMENT 4527174 MODULE arched-landing
1 71 500 -136 670 1 0 0 0 1 0 -0 0 1 59349.dat
0 H03622 ELEMENT 4585429 MODULE arched-landing
1 71 580 -88 670 1 0 0 0 1 0 -0 0 1 87544.dat
0 H03623 ELEMENT 4512688 MODULE arched-landing
1 19 450 -136 740 0 0 1 0 1 0 -1 0 0 59349.dat
0 H03624 ELEMENT 4512688 MODULE arched-landing
1 19 590 -136 740 0 0 1 0 1 0 -1 0 0 59349.dat
0 H03625 ELEMENT 4211098 MODULE arched-landing
1 72 450 -40 810 1 0 0 0 1 0 -0 0 1 3005.dat
0 H03626 ELEMENT 4211098 MODULE arched-landing
1 72 590 -40 810 1 0 0 0 1 0 -0 0 1 3005.dat
0 H03627 ELEMENT 4211098 MODULE arched-landing
1 72 450 -64 810 1 0 0 0 1 0 -0 0 1 3005.dat
0 H03628 ELEMENT 4211098 MODULE arched-landing
1 72 590 -64 810 1 0 0 0 1 0 -0 0 1 3005.dat
0 H03629 ELEMENT 4211098 MODULE arched-landing
1 72 450 -88 810 1 0 0 0 1 0 -0 0 1 3005.dat
0 H03630 ELEMENT 4211098 MODULE arched-landing
1 72 590 -88 810 1 0 0 0 1 0 -0 0 1 3005.dat
0 H03631 ELEMENT 4585429 MODULE arched-landing
1 71 580 -160 670 1 0 0 0 1 0 -0 0 1 87544.dat
0 H03632 ELEMENT 4211098 MODULE arched-landing
1 72 450 -112 810 1 0 0 0 1 0 -0 0 1 3005.dat
0 H03633 ELEMENT 4211098 MODULE arched-landing
1 72 590 -112 810 1 0 0 0 1 0 -0 0 1 3005.dat
0 H03634 ELEMENT 4211098 MODULE arched-landing
1 72 450 -136 810 1 0 0 0 1 0 -0 0 1 3005.dat
0 H03635 ELEMENT 4211098 MODULE arched-landing
1 72 590 -136 810 1 0 0 0 1 0 -0 0 1 3005.dat
0 H03636 ELEMENT 4112982 MODULE arched-landing
1 19 500 -160 670 1 0 0 0 1 0 -0 0 1 3009.dat
0 H03637 ELEMENT 4112982 MODULE arched-landing
1 19 450 -160 740 0 0 1 0 1 0 -1 0 0 3009.dat
0 H03638 ELEMENT 4112982 MODULE arched-landing
1 19 590 -160 740 0 0 1 0 1 0 -1 0 0 3009.dat
0 H03639 ELEMENT 4211098 MODULE arched-landing
1 72 450 -160 810 1 0 0 0 1 0 -0 0 1 3005.dat
0 H03640 ELEMENT 4211399 MODULE arched-landing
1 71 590 -144 810 1 0 0 0 1 0 -0 0 1 3024.dat
0 H03641 ELEMENT 4211399 MODULE arched-landing
1 71 590 -152 810 1 0 0 0 1 0 -0 0 1 3024.dat
0 H03642 ELEMENT 4211399 MODULE arched-landing
1 71 590 -160 810 1 0 0 0 1 0 -0 0 1 3024.dat
0 H03643 ELEMENT 4211425 MODULE arched-landing
1 71 520 -168 670 1 0 0 0 1 0 -0 0 1 3460.dat
0 H03644 ELEMENT 4211438 MODULE arched-landing
1 71 450 -168 740 0 0 1 0 1 0 -1 0 0 3666.dat
0 H03645 ELEMENT 4211438 MODULE arched-landing
1 71 590 -168 740 0 0 1 0 1 0 -1 0 0 3666.dat
0 H03646 ELEMENT 4211425 MODULE arched-landing
1 71 520 -168 810 1 0 0 0 1 0 -0 0 1 3460.dat
0 H03647 ELEMENT 4211425 MODULE arched-landing
1 71 520 -176 670 1 0 0 0 1 0 -0 0 1 3460.dat
0 H03648 ELEMENT 4211438 MODULE arched-landing
1 71 450 -176 740 0 0 1 0 1 0 -1 0 0 3666.dat
0 H03649 ELEMENT 4211438 MODULE arched-landing
1 71 590 -176 740 0 0 1 0 1 0 -1 0 0 3666.dat
0 H03650 ELEMENT 4211425 MODULE arched-landing
1 71 520 -176 810 1 0 0 0 1 0 -0 0 1 3460.dat
0 H03651 ELEMENT 4211407 MODULE arched-landing
1 71 520 -184 700 1 0 0 0 1 0 -0 0 1 3035.dat
0 H03652 ELEMENT 4114001 MODULE arched-landing
1 19 500 -184 780 1 0 0 0 1 0 -0 0 1 3032.dat
0 H03653 ELEMENT 4114309 MODULE arched-landing
1 19 580 -184 780 0 0 1 0 1 0 -1 0 0 3020.dat
0 H03654 ELEMENT 4185177 MODULE arched-landing
1 19 460 -192 680 1 0 0 0 1 0 -0 0 1 3068b.dat
0 H03655 ELEMENT 4185177 MODULE arched-landing
1 19 500 -192 680 1 0 0 0 1 0 -0 0 1 3068b.dat
0 H03656 ELEMENT 4185177 MODULE arched-landing
1 19 540 -192 680 1 0 0 0 1 0 -0 0 1 3068b.dat
0 H03657 ELEMENT 4185177 MODULE arched-landing
1 19 580 -192 680 1 0 0 0 1 0 -0 0 1 3068b.dat
0 H03658 ELEMENT 4560178 MODULE arched-landing
1 15 480 -192 720 1 0 0 0 1 0 -0 0 1 87079.dat
0 H03659 ELEMENT 4560178 MODULE arched-landing
1 15 560 -192 720 1 0 0 0 1 0 -0 0 1 87079.dat
0 H03660 ELEMENT 416201 MODULE arched-landing
1 15 520 -192 750 1 0 0 0 1 0 -0 0 1 4162.dat
0 H03661 ELEMENT 416201 MODULE arched-landing
1 15 520 -192 770 1 0 0 0 1 0 -0 0 1 4162.dat
0 H03662 ELEMENT 416201 MODULE arched-landing
1 15 520 -192 790 1 0 0 0 1 0 -0 0 1 4162.dat
0 H03663 ELEMENT 663601 MODULE arched-landing
1 15 520 -192 810 1 0 0 0 1 0 -0 0 1 6636.dat
0 H03664 ELEMENT 4211412 MODULE arched-landing
1 71 450 -208 810 1 0 0 0 1 0 -0 0 1 3062b.dat
0 H03665 ELEMENT 4211412 MODULE arched-landing
1 71 450 -232 810 1 0 0 0 1 0 -0 0 1 3062b.dat
0 H03666 ELEMENT 4211412 MODULE arched-landing
1 71 590 -208 810 1 0 0 0 1 0 -0 0 1 3062b.dat
0 H03667 ELEMENT 4211412 MODULE arched-landing
1 71 590 -232 810 1 0 0 0 1 0 -0 0 1 3062b.dat
0 H03668 ELEMENT 4114324 MODULE arched-landing
1 19 520 -240 810 1 0 0 0 1 0 -0 0 1 3460.dat
0 H03669 ELEMENT 416201 MODULE arched-landing
1 15 520 -248 810 1 0 0 0 1 0 -0 0 1 4162.dat
0 STEP
0 H04336 ELEMENT 4624223 MODULE terrace-deck
1 19 120 -336 120 1 0 0 0 1 0 -0 0 1 41539.dat
0 H04337 ELEMENT 4624223 MODULE terrace-deck
1 19 280 -336 120 1 0 0 0 1 0 -0 0 1 41539.dat
0 H04338 ELEMENT 4624223 MODULE terrace-deck
1 19 440 -336 120 1 0 0 0 1 0 -0 0 1 41539.dat
0 H04339 ELEMENT 4624223 MODULE terrace-deck
1 19 600 -336 120 1 0 0 0 1 0 -0 0 1 41539.dat
0 H04340 ELEMENT 4624223 MODULE terrace-deck
1 19 760 -336 120 1 0 0 0 1 0 -0 0 1 41539.dat
0 H04341 ELEMENT 4624911 MODULE terrace-deck
1 15 920 -336 120 1 0 0 0 1 0 -0 0 1 41539.dat
0 H04342 ELEMENT 4168072 MODULE terrace-deck
1 15 1040 -336 160 0 0 1 0 1 0 -1 0 0 3029.dat
0 H04343 ELEMENT 4624911 MODULE terrace-deck
1 15 120 -336 280 1 0 0 0 1 0 -0 0 1 41539.dat
0 H04344 ELEMENT 4624911 MODULE terrace-deck
1 15 280 -336 280 1 0 0 0 1 0 -0 0 1 41539.dat
0 H04345 ELEMENT 4624185 MODULE terrace-deck
1 19 460 -336 260 1 0 0 0 1 0 -0 0 1 3033.dat
0 H04346 ELEMENT 4624185 MODULE terrace-deck
1 19 660 -336 260 1 0 0 0 1 0 -0 0 1 3033.dat
0 H04347 ELEMENT 4624185 MODULE terrace-deck
1 19 860 -336 260 1 0 0 0 1 0 -0 0 1 3033.dat
0 H04348 ELEMENT 6030980 MODULE terrace-deck
1 19 980 -336 360 0 0 1 0 1 0 -1 0 0 4282.dat
0 H04349 ELEMENT 4168072 MODULE terrace-deck
1 15 1040 -336 400 0 0 1 0 1 0 -1 0 0 3029.dat
0 H04350 ELEMENT 4624185 MODULE terrace-deck
1 19 460 -336 380 1 0 0 0 1 0 -0 0 1 3033.dat
0 H04351 ELEMENT 4624185 MODULE terrace-deck
1 19 660 -336 380 1 0 0 0 1 0 -0 0 1 3033.dat
0 H04352 ELEMENT 4528341 MODULE terrace-deck
1 15 860 -336 380 1 0 0 0 1 0 -0 0 1 3033.dat
0 H04353 ELEMENT 4528341 MODULE terrace-deck
1 15 140 -336 420 1 0 0 0 1 0 -0 0 1 3033.dat
0 H04354 ELEMENT 4528341 MODULE terrace-deck
1 15 300 -336 460 0 0 1 0 1 0 -1 0 0 3033.dat
0 H04355 ELEMENT 6037834 MODULE terrace-deck
1 19 400 -336 540 0 0 1 0 1 0 -1 0 0 3030.dat
0 H04356 ELEMENT 6030980 MODULE terrace-deck
1 19 600 -336 460 1 0 0 0 1 0 -0 0 1 4282.dat
0 H04357 ELEMENT 4249019 MODULE terrace-deck
1 19 860 -336 460 1 0 0 0 1 0 -0 0 1 3832.dat
0 H04358 ELEMENT 4528341 MODULE terrace-deck
1 15 140 -336 540 1 0 0 0 1 0 -0 0 1 3033.dat
0 H04359 ELEMENT 4114001 MODULE terrace-deck
1 19 640 -336 540 0 0 1 0 1 0 -1 0 0 3032.dat
0 H04360 ELEMENT 4124067 MODULE terrace-deck
1 19 740 -336 490 1 0 0 0 1 0 -0 0 1 3666.dat
0 H04361 ELEMENT 4124067 MODULE terrace-deck
1 19 860 -336 490 1 0 0 0 1 0 -0 0 1 3666.dat
0 H04362 ELEMENT 4113988 MODULE terrace-deck
1 19 940 -336 560 0 0 1 0 1 0 -1 0 0 3034.dat
0 H04363 ELEMENT 4125217 MODULE terrace-deck
1 19 1020 -336 580 1 0 0 0 1 0 -0 0 1 3958.dat
0 H04364 ELEMENT 4114001 MODULE terrace-deck
1 19 300 -336 600 1 0 0 0 1 0 -0 0 1 3032.dat
0 H04365 ELEMENT 4249019 MODULE terrace-deck
1 19 140 -336 620 1 0 0 0 1 0 -0 0 1 3832.dat
0 H04366 ELEMENT 4114309 MODULE terrace-deck
1 19 640 -336 620 1 0 0 0 1 0 -0 0 1 3020.dat
0 H04367 ELEMENT 4124067 MODULE terrace-deck
1 19 740 -336 630 1 0 0 0 1 0 -0 0 1 3666.dat
0 H04368 ELEMENT 4124067 MODULE terrace-deck
1 19 860 -336 630 1 0 0 0 1 0 -0 0 1 3666.dat
0 H04369 ELEMENT 6022032 MODULE pool
1 323 700 -40 510 1 0 0 0 1 0 -0 0 1 3004.dat
0 H04370 ELEMENT 6022032 MODULE pool
1 323 700 -40 530 1 0 0 0 1 0 -0 0 1 3004.dat
0 H04371 ELEMENT 6022032 MODULE pool
1 323 700 -64 510 1 0 0 0 1 0 -0 0 1 3004.dat
0 H04372 ELEMENT 6022032 MODULE pool
1 323 700 -64 530 1 0 0 0 1 0 -0 0 1 3004.dat
0 H04373 ELEMENT 6022032 MODULE pool
1 323 700 -88 510 1 0 0 0 1 0 -0 0 1 3004.dat
0 H04374 ELEMENT 6022032 MODULE pool
1 323 700 -88 530 1 0 0 0 1 0 -0 0 1 3004.dat
0 H04375 ELEMENT 6022032 MODULE pool
1 323 700 -112 510 1 0 0 0 1 0 -0 0 1 3004.dat
0 H04376 ELEMENT 6022032 MODULE pool
1 323 700 -112 530 1 0 0 0 1 0 -0 0 1 3004.dat
0 H04377 ELEMENT 6022032 MODULE pool
1 323 700 -136 510 1 0 0 0 1 0 -0 0 1 3004.dat
0 H04378 ELEMENT 6022032 MODULE pool
1 323 700 -136 530 1 0 0 0 1 0 -0 0 1 3004.dat
0 H04379 ELEMENT 6476306 MODULE pool
1 323 700 -160 510 1 0 0 0 1 0 -0 0 1 98283.dat
0 H04380 ELEMENT 6104578 MODULE pool
1 326 700 -160 530 1 0 0 0 1 0 -0 0 1 3004.dat
0 H04381 ELEMENT 6104578 MODULE pool
1 326 700 -184 510 1 0 0 0 1 0 -0 0 1 3004.dat
0 H04382 ELEMENT 6104578 MODULE pool
1 326 700 -184 530 1 0 0 0 1 0 -0 0 1 3004.dat
0 H04383 ELEMENT 6104578 MODULE pool
1 326 700 -208 510 1 0 0 0 1 0 -0 0 1 3004.dat
0 H04384 ELEMENT 6258572 MODULE pool
1 353 700 -208 530 1 0 0 0 1 0 -0 0 1 3004.dat
0 H04385 ELEMENT 6258572 MODULE pool
1 353 700 -232 510 1 0 0 0 1 0 -0 0 1 3004.dat
0 H04386 ELEMENT 6258572 MODULE pool
1 353 700 -232 530 1 0 0 0 1 0 -0 0 1 3004.dat
0 H04387 ELEMENT 6258572 MODULE pool
1 353 700 -256 510 1 0 0 0 1 0 -0 0 1 3004.dat
0 H04388 ELEMENT 6258572 MODULE pool
1 353 700 -256 530 1 0 0 0 1 0 -0 0 1 3004.dat
0 H04389 ELEMENT 6258572 MODULE pool
1 353 700 -280 510 1 0 0 0 1 0 -0 0 1 3004.dat
0 H04390 ELEMENT 6258572 MODULE pool
1 353 700 -280 530 1 0 0 0 1 0 -0 0 1 3004.dat
0 H04391 ELEMENT 6382972 MODULE pool
1 368 700 -304 510 1 0 0 0 1 0 -0 0 1 3004.dat
0 H04392 ELEMENT 6382972 MODULE pool
1 368 700 -304 530 1 0 0 0 1 0 -0 0 1 3004.dat
0 H04393 ELEMENT 4616581 MODULE pool
1 378 900 -40 510 1 0 0 0 1 0 -0 0 1 3004.dat
0 H04394 ELEMENT 4616581 MODULE pool
1 378 900 -40 530 1 0 0 0 1 0 -0 0 1 3004.dat
0 H04395 ELEMENT 4579659 MODULE pool
1 484 900 -64 510 1 0 0 0 1 0 -0 0 1 3004.dat
0 H04396 ELEMENT 4579659 MODULE pool
1 484 900 -64 530 1 0 0 0 1 0 -0 0 1 3004.dat
0 H04397 ELEMENT 4579659 MODULE pool
1 484 900 -88 510 1 0 0 0 1 0 -0 0 1 3004.dat
0 H04398 ELEMENT 4579659 MODULE pool
1 484 900 -88 530 1 0 0 0 1 0 -0 0 1 3004.dat
0 H04399 ELEMENT 4579659 MODULE pool
1 484 900 -112 510 1 0 0 0 1 0 -0 0 1 3004.dat
0 H04400 ELEMENT 4579659 MODULE pool
1 484 900 -112 530 1 0 0 0 1 0 -0 0 1 3004.dat
0 H04401 ELEMENT 302226 MODULE pool
1 0 900 -120 520 1 0 0 0 1 0 -0 0 1 3022.dat
0 H04402 ELEMENT 302226 MODULE pool
1 0 900 -128 520 1 0 0 0 1 0 -0 0 1 3022.dat
0 H04403 ELEMENT 302226 MODULE pool
1 0 900 -136 520 1 0 0 0 1 0 -0 0 1 3022.dat
0 H04404 ELEMENT 302226 MODULE pool
1 0 900 -144 520 1 0 0 0 1 0 -0 0 1 3022.dat
0 H04405 ELEMENT 302226 MODULE pool
1 0 900 -152 520 1 0 0 0 1 0 -0 0 1 3022.dat
0 H04406 ELEMENT 302226 MODULE pool
1 0 900 -160 520 1 0 0 0 1 0 -0 0 1 3022.dat
0 H04407 ELEMENT 302226 MODULE pool
1 0 900 -168 520 1 0 0 0 1 0 -0 0 1 3022.dat
0 H04408 ELEMENT 302226 MODULE pool
1 0 900 -176 520 1 0 0 0 1 0 -0 0 1 3022.dat
0 H04409 ELEMENT 302226 MODULE pool
1 0 900 -184 520 1 0 0 0 1 0 -0 0 1 3022.dat
0 H04410 ELEMENT 302226 MODULE pool
1 0 900 -192 520 1 0 0 0 1 0 -0 0 1 3022.dat
0 H04411 ELEMENT 302226 MODULE pool
1 0 900 -200 520 1 0 0 0 1 0 -0 0 1 3022.dat
0 H04412 ELEMENT 302226 MODULE pool
1 0 900 -208 520 1 0 0 0 1 0 -0 0 1 3022.dat
0 H04413 ELEMENT 302226 MODULE pool
1 0 900 -216 520 1 0 0 0 1 0 -0 0 1 3022.dat
0 H04414 ELEMENT 302226 MODULE pool
1 0 900 -224 520 1 0 0 0 1 0 -0 0 1 3022.dat
0 H04415 ELEMENT 302226 MODULE pool
1 0 900 -232 520 1 0 0 0 1 0 -0 0 1 3022.dat
0 H04416 ELEMENT 302226 MODULE pool
1 0 900 -240 520 1 0 0 0 1 0 -0 0 1 3022.dat
0 H04417 ELEMENT 302226 MODULE pool
1 0 900 -248 520 1 0 0 0 1 0 -0 0 1 3022.dat
0 H04418 ELEMENT 302226 MODULE pool
1 0 900 -256 520 1 0 0 0 1 0 -0 0 1 3022.dat
0 H04419 ELEMENT 302226 MODULE pool
1 0 900 -264 520 1 0 0 0 1 0 -0 0 1 3022.dat
0 H04420 ELEMENT 302226 MODULE pool
1 0 900 -272 520 1 0 0 0 1 0 -0 0 1 3022.dat
0 H04421 ELEMENT 302226 MODULE pool
1 0 900 -280 520 1 0 0 0 1 0 -0 0 1 3022.dat
0 H04422 ELEMENT 302226 MODULE pool
1 0 900 -288 520 1 0 0 0 1 0 -0 0 1 3022.dat
0 H04423 ELEMENT 302226 MODULE pool
1 0 900 -296 520 1 0 0 0 1 0 -0 0 1 3022.dat
0 H04424 ELEMENT 302226 MODULE pool
1 0 900 -304 520 1 0 0 0 1 0 -0 0 1 3022.dat
0 H04425 ELEMENT 302223 MODULE pool
1 1 700 -24 600 1 0 0 0 1 0 -0 0 1 3022.dat
0 H04426 ELEMENT 302223 MODULE pool
1 1 700 -32 600 1 0 0 0 1 0 -0 0 1 3022.dat
0 H04427 ELEMENT 302223 MODULE pool
1 1 700 -40 600 1 0 0 0 1 0 -0 0 1 3022.dat
0 H04428 ELEMENT 302223 MODULE pool
1 1 700 -48 600 1 0 0 0 1 0 -0 0 1 3022.dat
0 H04429 ELEMENT 302223 MODULE pool
1 1 700 -56 600 1 0 0 0 1 0 -0 0 1 3022.dat
0 H04430 ELEMENT 302223 MODULE pool
1 1 700 -64 600 1 0 0 0 1 0 -0 0 1 3022.dat
0 H04431 ELEMENT 302223 MODULE pool
1 1 700 -72 600 1 0 0 0 1 0 -0 0 1 3022.dat
0 H04432 ELEMENT 6249390 MODULE pool
1 3 700 -80 600 1 0 0 0 1 0 -0 0 1 3022.dat
0 H04433 ELEMENT 6249390 MODULE pool
1 3 700 -88 600 1 0 0 0 1 0 -0 0 1 3022.dat
0 H04434 ELEMENT 6249390 MODULE pool
1 3 700 -96 600 1 0 0 0 1 0 -0 0 1 3022.dat
0 H04435 ELEMENT 6249390 MODULE pool
1 3 700 -104 600 1 0 0 0 1 0 -0 0 1 3022.dat
0 H04436 ELEMENT 6249390 MODULE pool
1 3 700 -112 600 1 0 0 0 1 0 -0 0 1 3022.dat
0 H04437 ELEMENT 6249390 MODULE pool
1 3 700 -120 600 1 0 0 0 1 0 -0 0 1 3022.dat
0 H04438 ELEMENT 6249390 MODULE pool
1 3 700 -128 600 1 0 0 0 1 0 -0 0 1 3022.dat
0 H04439 ELEMENT 6249390 MODULE pool
1 3 700 -136 600 1 0 0 0 1 0 -0 0 1 3022.dat
0 H04440 ELEMENT 6249390 MODULE pool
1 3 700 -144 600 1 0 0 0 1 0 -0 0 1 3022.dat
0 H04441 ELEMENT 6249390 MODULE pool
1 3 700 -152 600 1 0 0 0 1 0 -0 0 1 3022.dat
0 H04442 ELEMENT 6249390 MODULE pool
1 3 700 -160 600 1 0 0 0 1 0 -0 0 1 3022.dat
0 H04443 ELEMENT 6249390 MODULE pool
1 3 700 -168 600 1 0 0 0 1 0 -0 0 1 3022.dat
0 H04444 ELEMENT 302221 MODULE pool
1 4 700 -176 600 1 0 0 0 1 0 -0 0 1 3022.dat
0 H04445 ELEMENT 302221 MODULE pool
1 4 700 -184 600 1 0 0 0 1 0 -0 0 1 3022.dat
0 H04446 ELEMENT 302221 MODULE pool
1 4 700 -192 600 1 0 0 0 1 0 -0 0 1 3022.dat
0 H04447 ELEMENT 302221 MODULE pool
1 4 700 -200 600 1 0 0 0 1 0 -0 0 1 3022.dat
0 H04448 ELEMENT 302221 MODULE pool
1 4 700 -208 600 1 0 0 0 1 0 -0 0 1 3022.dat
0 H04449 ELEMENT 302221 MODULE pool
1 4 700 -216 600 1 0 0 0 1 0 -0 0 1 3022.dat
0 H04450 ELEMENT 302221 MODULE pool
1 4 700 -224 600 1 0 0 0 1 0 -0 0 1 3022.dat
0 H04451 ELEMENT 302221 MODULE pool
1 4 700 -232 600 1 0 0 0 1 0 -0 0 1 3022.dat
0 H04452 ELEMENT 302221 MODULE pool
1 4 700 -240 600 1 0 0 0 1 0 -0 0 1 3022.dat
0 H04453 ELEMENT 302221 MODULE pool
1 4 700 -248 600 1 0 0 0 1 0 -0 0 1 3022.dat
0 H04454 ELEMENT 302221 MODULE pool
1 4 700 -256 600 1 0 0 0 1 0 -0 0 1 3022.dat
0 H04455 ELEMENT 302221 MODULE pool
1 4 700 -264 600 1 0 0 0 1 0 -0 0 1 3022.dat
0 H04456 ELEMENT 302224 MODULE pool
1 14 700 -272 600 1 0 0 0 1 0 -0 0 1 3022.dat
0 H04457 ELEMENT 302224 MODULE pool
1 14 700 -280 600 1 0 0 0 1 0 -0 0 1 3022.dat
0 H04458 ELEMENT 302224 MODULE pool
1 14 700 -288 600 1 0 0 0 1 0 -0 0 1 3022.dat
0 H04459 ELEMENT 302224 MODULE pool
1 14 700 -296 600 1 0 0 0 1 0 -0 0 1 3022.dat
0 H04460 ELEMENT 302224 MODULE pool
1 14 700 -304 600 1 0 0 0 1 0 -0 0 1 3022.dat
0 H04461 ELEMENT 302224 MODULE pool
1 14 900 -24 600 1 0 0 0 1 0 -0 0 1 3022.dat
0 H04462 ELEMENT 302224 MODULE pool
1 14 900 -32 600 1 0 0 0 1 0 -0 0 1 3022.dat
0 H04463 ELEMENT 302224 MODULE pool
1 14 900 -40 600 1 0 0 0 1 0 -0 0 1 3022.dat
0 H04464 ELEMENT 302224 MODULE pool
1 14 900 -48 600 1 0 0 0 1 0 -0 0 1 3022.dat
0 H04465 ELEMENT 302224 MODULE pool
1 14 900 -56 600 1 0 0 0 1 0 -0 0 1 3022.dat
0 H04466 ELEMENT 302224 MODULE pool
1 14 900 -64 600 1 0 0 0 1 0 -0 0 1 3022.dat
0 H04467 ELEMENT 302224 MODULE pool
1 14 900 -72 600 1 0 0 0 1 0 -0 0 1 3022.dat
0 H04468 ELEMENT 302224 MODULE pool
1 14 900 -80 600 1 0 0 0 1 0 -0 0 1 3022.dat
0 H04469 ELEMENT 4159007 MODULE pool
1 25 900 -88 600 1 0 0 0 1 0 -0 0 1 3022.dat
0 H04470 ELEMENT 4159007 MODULE pool
1 25 900 -96 600 1 0 0 0 1 0 -0 0 1 3022.dat
0 H04471 ELEMENT 4159007 MODULE pool
1 25 900 -104 600 1 0 0 0 1 0 -0 0 1 3022.dat
0 H04472 ELEMENT 4159007 MODULE pool
1 25 900 -112 600 1 0 0 0 1 0 -0 0 1 3022.dat
0 H04473 ELEMENT 4159007 MODULE pool
1 25 900 -120 600 1 0 0 0 1 0 -0 0 1 3022.dat
0 H04474 ELEMENT 4159007 MODULE pool
1 25 900 -128 600 1 0 0 0 1 0 -0 0 1 3022.dat
0 H04475 ELEMENT 4159007 MODULE pool
1 25 900 -136 600 1 0 0 0 1 0 -0 0 1 3022.dat
0 H04476 ELEMENT 4537937 MODULE pool
1 27 900 -144 600 1 0 0 0 1 0 -0 0 1 3022.dat
0 H04477 ELEMENT 4537937 MODULE pool
1 27 900 -152 600 1 0 0 0 1 0 -0 0 1 3022.dat
0 H04478 ELEMENT 4537937 MODULE pool
1 27 900 -160 600 1 0 0 0 1 0 -0 0 1 3022.dat
0 H04479 ELEMENT 4537937 MODULE pool
1 27 900 -168 600 1 0 0 0 1 0 -0 0 1 3022.dat
0 H04480 ELEMENT 4537937 MODULE pool
1 27 900 -176 600 1 0 0 0 1 0 -0 0 1 3022.dat
0 H04481 ELEMENT 4537937 MODULE pool
1 27 900 -184 600 1 0 0 0 1 0 -0 0 1 3022.dat
0 H04482 ELEMENT 4537937 MODULE pool
1 27 900 -192 600 1 0 0 0 1 0 -0 0 1 3022.dat
0 H04483 ELEMENT 4537937 MODULE pool
1 27 900 -200 600 1 0 0 0 1 0 -0 0 1 3022.dat
0 H04484 ELEMENT 4537937 MODULE pool
1 27 900 -208 600 1 0 0 0 1 0 -0 0 1 3022.dat
0 H04485 ELEMENT 4537937 MODULE pool
1 27 900 -216 600 1 0 0 0 1 0 -0 0 1 3022.dat
0 H04486 ELEMENT 4537937 MODULE pool
1 27 900 -224 600 1 0 0 0 1 0 -0 0 1 3022.dat
0 H04487 ELEMENT 4537937 MODULE pool
1 27 900 -232 600 1 0 0 0 1 0 -0 0 1 3022.dat
0 H04488 ELEMENT 6096589 MODULE pool
1 29 900 -240 600 1 0 0 0 1 0 -0 0 1 3022.dat
0 H04489 ELEMENT 6096589 MODULE pool
1 29 900 -248 600 1 0 0 0 1 0 -0 0 1 3022.dat
0 H04490 ELEMENT 6096589 MODULE pool
1 29 900 -256 600 1 0 0 0 1 0 -0 0 1 3022.dat
0 H04491 ELEMENT 6485862 MODULE pool
1 30 900 -264 600 1 0 0 0 1 0 -0 0 1 3022.dat
0 H04492 ELEMENT 4653540 MODULE pool
1 73 900 -272 600 1 0 0 0 1 0 -0 0 1 3022.dat
0 H04493 ELEMENT 6056383 MODULE pool
1 84 900 -280 600 1 0 0 0 1 0 -0 0 1 3022.dat
0 H04494 ELEMENT 6056383 MODULE pool
1 84 900 -288 600 1 0 0 0 1 0 -0 0 1 3022.dat
0 H04495 ELEMENT 6056383 MODULE pool
1 84 900 -296 600 1 0 0 0 1 0 -0 0 1 3022.dat
0 H04496 ELEMENT 6056383 MODULE pool
1 84 900 -304 600 1 0 0 0 1 0 -0 0 1 3022.dat
0 H04497 ELEMENT 303223 MODULE pool
1 1 740 -312 540 1 0 0 0 1 0 -0 0 1 3032.dat
0 H04498 ELEMENT 303223 MODULE pool
1 1 860 -312 540 1 0 0 0 1 0 -0 0 1 3032.dat
0 H04499 ELEMENT 244523 MODULE pool
1 1 800 -312 600 1 0 0 0 1 0 -0 0 1 2445.dat
0 H04500 ELEMENT 6510178 MODULE pool
1 43 720 -320 510 1 0 0 0 1 0 -0 0 1 2431.dat
0 H04501 ELEMENT 6510178 MODULE pool
1 43 800 -320 510 1 0 0 0 1 0 -0 0 1 2431.dat
0 H04502 ELEMENT 6510178 MODULE pool
1 43 880 -320 510 1 0 0 0 1 0 -0 0 1 2431.dat
0 H04503 ELEMENT 6510178 MODULE pool
1 43 720 -320 530 1 0 0 0 1 0 -0 0 1 2431.dat
0 H04504 ELEMENT 6514224 MODULE pool
1 43 780 -320 530 1 0 0 0 1 0 -0 0 1 3069b.dat
0 H04505 ELEMENT 6514224 MODULE pool
1 43 820 -320 530 1 0 0 0 1 0 -0 0 1 3069b.dat
0 H04506 ELEMENT 6514224 MODULE pool
1 43 860 -320 530 1 0 0 0 1 0 -0 0 1 3069b.dat
0 H04507 ELEMENT 6514224 MODULE pool
1 43 900 -320 530 1 0 0 0 1 0 -0 0 1 3069b.dat
0 H04508 ELEMENT 6514224 MODULE pool
1 43 700 -320 550 1 0 0 0 1 0 -0 0 1 3069b.dat
0 H04509 ELEMENT 6514224 MODULE pool
1 43 740 -320 550 1 0 0 0 1 0 -0 0 1 3069b.dat
0 H04510 ELEMENT 6514224 MODULE pool
1 43 780 -320 550 1 0 0 0 1 0 -0 0 1 3069b.dat
0 H04511 ELEMENT 6514224 MODULE pool
1 43 820 -320 550 1 0 0 0 1 0 -0 0 1 3069b.dat
0 H04512 ELEMENT 6514224 MODULE pool
1 43 860 -320 550 1 0 0 0 1 0 -0 0 1 3069b.dat
0 H04513 ELEMENT 6514224 MODULE pool
1 43 900 -320 550 1 0 0 0 1 0 -0 0 1 3069b.dat
0 H04514 ELEMENT 6254256 MODULE pool
1 43 690 -320 570 1 0 0 0 1 0 -0 0 1 3070b.dat
0 H04515 ELEMENT 6254256 MODULE pool
1 43 710 -320 570 1 0 0 0 1 0 -0 0 1 3070b.dat
0 H04516 ELEMENT 6254256 MODULE pool
1 43 730 -320 570 1 0 0 0 1 0 -0 0 1 3070b.dat
0 H04517 ELEMENT 6254256 MODULE pool
1 43 750 -320 570 1 0 0 0 1 0 -0 0 1 3070b.dat
0 H04518 ELEMENT 6510182 MODULE pool
1 47 800 -320 570 1 0 0 0 1 0 -0 0 1 2431.dat
0 H04519 ELEMENT 6510182 MODULE pool
1 47 880 -320 570 1 0 0 0 1 0 -0 0 1 2431.dat
0 H04520 ELEMENT 6510182 MODULE pool
1 47 720 -320 590 1 0 0 0 1 0 -0 0 1 2431.dat
0 H04521 ELEMENT 6514223 MODULE pool
1 47 780 -320 590 1 0 0 0 1 0 -0 0 1 3069b.dat
0 H04522 ELEMENT 6514223 MODULE pool
1 47 820 -320 590 1 0 0 0 1 0 -0 0 1 3069b.dat
0 H04523 ELEMENT 6514223 MODULE pool
1 47 860 -320 590 1 0 0 0 1 0 -0 0 1 3069b.dat
0 H04524 ELEMENT 6514223 MODULE pool
1 47 900 -320 590 1 0 0 0 1 0 -0 0 1 3069b.dat
0 H04525 ELEMENT 6514223 MODULE pool
1 47 700 -320 610 1 0 0 0 1 0 -0 0 1 3069b.dat
0 H04526 ELEMENT 6254254 MODULE pool
1 47 730 -320 610 1 0 0 0 1 0 -0 0 1 3070b.dat
0 H04527 ELEMENT 6254254 MODULE pool
1 47 750 -320 610 1 0 0 0 1 0 -0 0 1 3070b.dat
0 H04528 ELEMENT 6468267 MODULE pool
1 212 800 -320 610 1 0 0 0 1 0 -0 0 1 2431.dat
0 H04529 ELEMENT 6468267 MODULE pool
1 212 880 -320 610 1 0 0 0 1 0 -0 0 1 2431.dat
0 STEP
0 H04530 ELEMENT 4211481 MODULE waterfront
1 71 210 -24 740 0 0 1 0 1 0 -1 0 0 4162.dat
0 H04531 ELEMENT 4211481 MODULE waterfront
1 71 230 -24 740 0 0 1 0 1 0 -1 0 0 4162.dat
0 H04532 ELEMENT 6372257 MODULE waterfront
1 212 20 -24 680 0 0 1 0 1 0 -1 0 0 87079.dat
0 H04533 ELEMENT 6097861 MODULE waterfront
1 212 420 -24 650 1 0 0 0 1 0 -0 0 1 3069b.dat
0 H04534 ELEMENT 6372257 MODULE waterfront
1 212 780 -24 680 0 0 1 0 1 0 -1 0 0 87079.dat
0 H04535 ELEMENT 6372257 MODULE waterfront
1 212 1040 -24 660 1 0 0 0 1 0 -0 0 1 87079.dat
0 H04536 ELEMENT 6372121 MODULE waterfront
1 212 1090 -24 720 0 0 1 0 1 0 -1 0 0 4162.dat
0 H04537 ELEMENT 6468267 MODULE waterfront
1 212 1110 -24 680 0 0 1 0 1 0 -1 0 0 2431.dat
0 H04538 ELEMENT 6162894 MODULE waterfront
1 212 1060 -24 700 1 0 0 0 1 0 -0 0 1 3068b.dat
0 H04539 ELEMENT 6372257 MODULE waterfront
1 212 20 -24 760 0 0 1 0 1 0 -1 0 0 87079.dat
0 H04540 ELEMENT 6468267 MODULE waterfront
1 212 50 -24 760 0 0 1 0 1 0 -1 0 0 2431.dat
0 H04541 ELEMENT 6468267 MODULE waterfront
1 212 610 -24 760 0 0 1 0 1 0 -1 0 0 2431.dat
0 H04542 ELEMENT 6468267 MODULE waterfront
1 212 630 -24 760 0 0 1 0 1 0 -1 0 0 2431.dat
0 H04543 ELEMENT 6372225 MODULE waterfront
1 212 830 -24 730 1 0 0 0 1 0 -0 0 1 63864.dat
0 H04544 ELEMENT 6097861 MODULE waterfront
1 212 1070 -24 740 0 0 1 0 1 0 -1 0 0 3069b.dat
0 H04545 ELEMENT 6097861 MODULE waterfront
1 212 1110 -24 740 0 0 1 0 1 0 -1 0 0 3069b.dat
0 H04546 ELEMENT 6097861 MODULE waterfront
1 212 820 -24 750 1 0 0 0 1 0 -0 0 1 3069b.dat
0 H04547 ELEMENT 6097861 MODULE waterfront
1 212 850 -24 760 0 0 1 0 1 0 -1 0 0 3069b.dat
0 H04548 ELEMENT 6097861 MODULE waterfront
1 212 820 -24 770 1 0 0 0 1 0 -0 0 1 3069b.dat
0 H04549 ELEMENT 6097861 MODULE waterfront
1 212 1070 -24 780 0 0 1 0 1 0 -1 0 0 3069b.dat
0 H04550 ELEMENT 6097861 MODULE waterfront
1 212 1110 -24 780 0 0 1 0 1 0 -1 0 0 3069b.dat
0 H04551 ELEMENT 6097861 MODULE waterfront
1 212 820 -24 790 1 0 0 0 1 0 -0 0 1 3069b.dat
0 H04552 ELEMENT 6097861 MODULE waterfront
1 212 1050 -24 800 0 0 1 0 1 0 -1 0 0 3069b.dat
0 H04553 ELEMENT 6097861 MODULE waterfront
1 212 20 -24 810 1 0 0 0 1 0 -0 0 1 3069b.dat
0 H04554 ELEMENT 6097861 MODULE waterfront
1 212 60 -24 810 1 0 0 0 1 0 -0 0 1 3069b.dat
0 H04555 ELEMENT 6097861 MODULE waterfront
1 212 100 -24 810 1 0 0 0 1 0 -0 0 1 3069b.dat
0 H04556 ELEMENT 6097861 MODULE waterfront
1 212 620 -24 810 1 0 0 0 1 0 -0 0 1 3069b.dat
0 H04557 ELEMENT 6097861 MODULE waterfront
1 212 660 -24 810 1 0 0 0 1 0 -0 0 1 3069b.dat
0 H04558 ELEMENT 6097861 MODULE waterfront
1 212 700 -24 810 1 0 0 0 1 0 -0 0 1 3069b.dat
0 H04559 ELEMENT 6316569 MODULE waterfront
1 212 730 -24 810 1 0 0 0 1 0 -0 0 1 3070b.dat
0 H04560 ELEMENT 6316569 MODULE waterfront
1 212 750 -24 810 1 0 0 0 1 0 -0 0 1 3070b.dat
0 H04561 ELEMENT 6316569 MODULE waterfront
1 212 770 -24 810 1 0 0 0 1 0 -0 0 1 3070b.dat
0 H04562 ELEMENT 6316569 MODULE waterfront
1 212 790 -24 810 1 0 0 0 1 0 -0 0 1 3070b.dat
0 H04563 ELEMENT 6316569 MODULE waterfront
1 212 810 -24 810 1 0 0 0 1 0 -0 0 1 3070b.dat
0 H04564 ELEMENT 6316569 MODULE waterfront
1 212 830 -24 810 1 0 0 0 1 0 -0 0 1 3070b.dat
0 H04565 ELEMENT 6316569 MODULE waterfront
1 212 1070 -24 810 1 0 0 0 1 0 -0 0 1 3070b.dat
0 H04566 ELEMENT 6316569 MODULE waterfront
1 212 1090 -24 810 1 0 0 0 1 0 -0 0 1 3070b.dat
0 H04567 ELEMENT 6316569 MODULE waterfront
1 212 1110 -24 810 1 0 0 0 1 0 -0 0 1 3070b.dat
0 H04568 ELEMENT 6316569 MODULE waterfront
1 212 10 -24 830 1 0 0 0 1 0 -0 0 1 3070b.dat
0 H04569 ELEMENT 6316569 MODULE waterfront
1 212 30 -24 830 1 0 0 0 1 0 -0 0 1 3070b.dat
0 H04570 ELEMENT 6223065 MODULE waterfront
1 3 80 -24 840 1 0 0 0 1 0 -0 0 1 87079.dat
0 H04571 ELEMENT 6223065 MODULE waterfront
1 3 260 -24 840 1 0 0 0 1 0 -0 0 1 87079.dat
0 H04572 ELEMENT 6223065 MODULE waterfront
1 3 340 -24 840 1 0 0 0 1 0 -0 0 1 87079.dat
0 H04573 ELEMENT 6223065 MODULE waterfront
1 3 420 -24 840 1 0 0 0 1 0 -0 0 1 87079.dat
0 H04574 ELEMENT 6223065 MODULE waterfront
1 3 500 -24 840 1 0 0 0 1 0 -0 0 1 87079.dat
0 H04575 ELEMENT 6223065 MODULE waterfront
1 3 580 -24 840 1 0 0 0 1 0 -0 0 1 87079.dat
0 H04576 ELEMENT 6223065 MODULE waterfront
1 3 660 -24 840 1 0 0 0 1 0 -0 0 1 87079.dat
0 H04577 ELEMENT 6223065 MODULE waterfront
1 3 740 -24 840 1 0 0 0 1 0 -0 0 1 87079.dat
0 H04578 ELEMENT 6273853 MODULE waterfront
1 3 800 -24 840 1 0 0 0 1 0 -0 0 1 3068b.dat
0 H04579 ELEMENT 6213787 MODULE waterfront
1 3 830 -24 850 0 0 1 0 1 0 -1 0 0 63864.dat
0 H04580 ELEMENT 6292786 MODULE waterfront
1 3 1080 -24 830 1 0 0 0 1 0 -0 0 1 2431.dat
0 H04581 ELEMENT 6273853 MODULE waterfront
1 3 20 -24 860 1 0 0 0 1 0 -0 0 1 3068b.dat
0 H04582 ELEMENT 6292786 MODULE waterfront
1 3 160 -24 850 1 0 0 0 1 0 -0 0 1 2431.dat
0 H04583 ELEMENT 6213779 MODULE waterfront
1 3 210 -24 860 0 0 1 0 1 0 -1 0 0 3069b.dat
0 H04584 ELEMENT 6264986 MODULE waterfront
1 3 900 -24 850 1 0 0 0 1 0 -0 0 1 6636.dat
0 H04585 ELEMENT 6264986 MODULE waterfront
1 3 1020 -24 850 1 0 0 0 1 0 -0 0 1 6636.dat
0 H04586 ELEMENT 6273853 MODULE waterfront
1 3 1100 -24 860 1 0 0 0 1 0 -0 0 1 3068b.dat
0 H04587 ELEMENT 6264986 MODULE waterfront
1 3 100 -24 870 1 0 0 0 1 0 -0 0 1 6636.dat
0 H04588 ELEMENT 6213779 MODULE waterfront
1 3 180 -24 870 1 0 0 0 1 0 -0 0 1 3069b.dat
0 H04589 ELEMENT 6264986 MODULE waterfront
1 3 280 -24 870 1 0 0 0 1 0 -0 0 1 6636.dat
0 H04590 ELEMENT 6264986 MODULE waterfront
1 3 400 -24 870 1 0 0 0 1 0 -0 0 1 6636.dat
0 H04591 ELEMENT 6264986 MODULE waterfront
1 3 520 -24 870 1 0 0 0 1 0 -0 0 1 6636.dat
0 H04592 ELEMENT 6292786 MODULE waterfront
1 3 620 -24 870 1 0 0 0 1 0 -0 0 1 2431.dat
0 H04593 ELEMENT 6292786 MODULE waterfront
1 3 700 -24 870 1 0 0 0 1 0 -0 0 1 2431.dat
0 H04594 ELEMENT 6292786 MODULE waterfront
1 3 780 -24 870 1 0 0 0 1 0 -0 0 1 2431.dat
0 H04595 ELEMENT 6292786 MODULE waterfront
1 3 880 -24 870 1 0 0 0 1 0 -0 0 1 2431.dat
0 H04596 ELEMENT 6292786 MODULE waterfront
1 3 960 -24 870 1 0 0 0 1 0 -0 0 1 2431.dat
0 H04597 ELEMENT 6292786 MODULE waterfront
1 3 1040 -24 870 1 0 0 0 1 0 -0 0 1 2431.dat
0 STEP
0 H01742 ELEMENT 6122047 MODULE courtyard-paving
1 19 80 -344 60 1 0 0 0 1 0 -0 0 1 87079.dat
0 H01743 ELEMENT 6122047 MODULE courtyard-paving
1 19 160 -344 60 1 0 0 0 1 0 -0 0 1 87079.dat
0 H01744 ELEMENT 6122047 MODULE courtyard-paving
1 19 240 -344 60 1 0 0 0 1 0 -0 0 1 87079.dat
0 H01745 ELEMENT 6122047 MODULE courtyard-paving
1 19 320 -344 60 1 0 0 0 1 0 -0 0 1 87079.dat
0 H01746 ELEMENT 6122047 MODULE courtyard-paving
1 19 400 -344 60 1 0 0 0 1 0 -0 0 1 87079.dat
0 H01747 ELEMENT 6122047 MODULE courtyard-paving
1 19 480 -344 60 1 0 0 0 1 0 -0 0 1 87079.dat
0 H01748 ELEMENT 6122047 MODULE courtyard-paving
1 19 560 -344 60 1 0 0 0 1 0 -0 0 1 87079.dat
0 H01749 ELEMENT 6122047 MODULE courtyard-paving
1 19 640 -344 60 1 0 0 0 1 0 -0 0 1 87079.dat
0 H01750 ELEMENT 6122047 MODULE courtyard-paving
1 19 720 -344 60 1 0 0 0 1 0 -0 0 1 87079.dat
0 H01751 ELEMENT 6122047 MODULE courtyard-paving
1 19 800 -344 60 1 0 0 0 1 0 -0 0 1 87079.dat
0 H01752 ELEMENT 6122047 MODULE courtyard-paving
1 19 880 -344 60 1 0 0 0 1 0 -0 0 1 87079.dat
0 H01753 ELEMENT 6122047 MODULE courtyard-paving
1 19 960 -344 60 1 0 0 0 1 0 -0 0 1 87079.dat
0 H01754 ELEMENT 6122047 MODULE courtyard-paving
1 19 1040 -344 60 1 0 0 0 1 0 -0 0 1 87079.dat
0 H01755 ELEMENT 4544139 MODULE courtyard-paving
1 19 50 -344 160 0 0 1 0 1 0 -1 0 0 4162.dat
0 H01756 ELEMENT 4544139 MODULE courtyard-paving
1 19 70 -344 160 0 0 1 0 1 0 -1 0 0 4162.dat
0 H01757 ELEMENT 6122047 MODULE courtyard-paving
1 19 840 -344 100 1 0 0 0 1 0 -0 0 1 87079.dat
0 H01758 ELEMENT 6122047 MODULE courtyard-paving
1 19 920 -344 100 1 0 0 0 1 0 -0 0 1 87079.dat
0 H01759 ELEMENT 6122047 MODULE courtyard-paving
1 19 1000 -344 100 1 0 0 0 1 0 -0 0 1 87079.dat
0 H01760 ELEMENT 6122047 MODULE courtyard-paving
1 19 1060 -344 120 0 0 1 0 1 0 -1 0 0 87079.dat
0 H01761 ELEMENT 4544139 MODULE courtyard-paving
1 19 880 -344 130 1 0 0 0 1 0 -0 0 1 4162.dat
0 H01762 ELEMENT 6122047 MODULE courtyard-paving
1 19 1000 -344 140 1 0 0 0 1 0 -0 0 1 87079.dat
0 H01763 ELEMENT 4544139 MODULE courtyard-paving
1 19 880 -344 150 1 0 0 0 1 0 -0 0 1 4162.dat
0 H01764 ELEMENT 4544139 MODULE courtyard-paving
1 19 880 -344 170 1 0 0 0 1 0 -0 0 1 4162.dat
0 H01765 ELEMENT 6122047 MODULE courtyard-paving
1 19 1000 -344 180 1 0 0 0 1 0 -0 0 1 87079.dat
0 H01766 ELEMENT 4185177 MODULE courtyard-paving
1 19 1060 -344 180 1 0 0 0 1 0 -0 0 1 3068b.dat
0 H01767 ELEMENT 4544139 MODULE courtyard-paving
1 19 880 -344 190 1 0 0 0 1 0 -0 0 1 4162.dat
0 H01768 ELEMENT 4544139 MODULE courtyard-paving
1 19 50 -344 320 0 0 1 0 1 0 -1 0 0 4162.dat
0 H01769 ELEMENT 4544139 MODULE courtyard-paving
1 19 70 -344 320 0 0 1 0 1 0 -1 0 0 4162.dat
0 H01770 ELEMENT 6122047 MODULE courtyard-paving
1 19 600 -344 260 1 0 0 0 1 0 -0 0 1 87079.dat
0 H01771 ELEMENT 6122047 MODULE courtyard-paving
1 19 680 -344 260 1 0 0 0 1 0 -0 0 1 87079.dat
0 H01772 ELEMENT 4157277 MODULE courtyard-paving
1 19 730 -344 300 0 0 1 0 1 0 -1 0 0 6636.dat
0 H01773 ELEMENT 4157277 MODULE courtyard-paving
1 19 750 -344 300 0 0 1 0 1 0 -1 0 0 6636.dat
0 H01774 ELEMENT 4157277 MODULE courtyard-paving
1 19 770 -344 300 0 0 1 0 1 0 -1 0 0 6636.dat
0 H01775 ELEMENT 4157277 MODULE courtyard-paving
1 19 790 -344 300 0 0 1 0 1 0 -1 0 0 6636.dat
0 H01777 ELEMENT 4157277 MODULE courtyard-paving
1 19 690 -344 340 0 0 1 0 1 0 -1 0 0 6636.dat
0 H01778 ELEMENT 4157277 MODULE courtyard-paving
1 19 710 -344 340 0 0 1 0 1 0 -1 0 0 6636.dat
0 H01780 ELEMENT 4157277 MODULE courtyard-paving
1 19 620 -344 330 1 0 0 0 1 0 -0 0 1 6636.dat
0 H01781 ELEMENT 4157277 MODULE courtyard-paving
1 19 620 -344 350 1 0 0 0 1 0 -0 0 1 6636.dat
0 H01784 ELEMENT 4157277 MODULE courtyard-paving
1 19 130 -344 420 0 0 1 0 1 0 -1 0 0 6636.dat
0 H01785 ELEMENT 4157277 MODULE courtyard-paving
1 19 230 -344 420 0 0 1 0 1 0 -1 0 0 6636.dat
0 H01786 ELEMENT 4185177 MODULE courtyard-paving
1 19 260 -344 380 1 0 0 0 1 0 -0 0 1 3068b.dat
0 H01787 ELEMENT 4185177 MODULE courtyard-paving
1 19 380 -344 380 1 0 0 0 1 0 -0 0 1 3068b.dat
0 H01789 ELEMENT 4185177 MODULE courtyard-paving
1 19 520 -344 380 1 0 0 0 1 0 -0 0 1 3068b.dat
0 H01790 ELEMENT 4185177 MODULE courtyard-paving
1 19 560 -344 380 1 0 0 0 1 0 -0 0 1 3068b.dat
0 H01793 ELEMENT 4550324 MODULE courtyard-paving
1 19 670 -344 400 0 0 1 0 1 0 -1 0 0 2431.dat
0 H01794 ELEMENT 4185177 MODULE courtyard-paving
1 19 740 -344 380 1 0 0 0 1 0 -0 0 1 3068b.dat
0 H01795 ELEMENT 4185177 MODULE courtyard-paving
1 19 780 -344 380 1 0 0 0 1 0 -0 0 1 3068b.dat
0 H01796 ELEMENT 4185177 MODULE courtyard-paving
1 19 160 -344 400 1 0 0 0 1 0 -0 0 1 3068b.dat
0 H01797 ELEMENT 4185177 MODULE courtyard-paving
1 19 200 -344 400 1 0 0 0 1 0 -0 0 1 3068b.dat
0 H01798 ELEMENT 4185177 MODULE courtyard-paving
1 19 300 -344 400 1 0 0 0 1 0 -0 0 1 3068b.dat
0 H01799 ELEMENT 4185177 MODULE courtyard-paving
1 19 340 -344 400 1 0 0 0 1 0 -0 0 1 3068b.dat
0 H01800 ELEMENT 4185177 MODULE courtyard-paving
1 19 440 -344 400 1 0 0 0 1 0 -0 0 1 3068b.dat
0 H01801 ELEMENT 4185177 MODULE courtyard-paving
1 19 480 -344 400 1 0 0 0 1 0 -0 0 1 3068b.dat
0 H01803 ELEMENT 4185177 MODULE courtyard-paving
1 19 260 -344 420 1 0 0 0 1 0 -0 0 1 3068b.dat
0 H01805 ELEMENT 4185177 MODULE courtyard-paving
1 19 520 -344 420 1 0 0 0 1 0 -0 0 1 3068b.dat
0 H01806 ELEMENT 4185177 MODULE courtyard-paving
1 19 560 -344 420 1 0 0 0 1 0 -0 0 1 3068b.dat
0 H01809 ELEMENT 4185177 MODULE courtyard-paving
1 19 700 -344 420 1 0 0 0 1 0 -0 0 1 3068b.dat
0 H01810 ELEMENT 4185177 MODULE courtyard-paving
1 19 740 -344 420 1 0 0 0 1 0 -0 0 1 3068b.dat
0 H01811 ELEMENT 4185177 MODULE courtyard-paving
1 19 780 -344 420 1 0 0 0 1 0 -0 0 1 3068b.dat
0 H01813 ELEMENT 4185177 MODULE courtyard-paving
1 19 200 -344 440 1 0 0 0 1 0 -0 0 1 3068b.dat
0 H01816 ELEMENT 4185177 MODULE courtyard-paving
1 19 440 -344 440 1 0 0 0 1 0 -0 0 1 3068b.dat
0 H01817 ELEMENT 4185177 MODULE courtyard-paving
1 19 480 -344 440 1 0 0 0 1 0 -0 0 1 3068b.dat
0 H01818 ELEMENT 4185177 MODULE courtyard-paving
1 19 60 -344 460 1 0 0 0 1 0 -0 0 1 3068b.dat
0 H01819 ELEMENT 4185177 MODULE courtyard-paving
1 19 260 -344 460 1 0 0 0 1 0 -0 0 1 3068b.dat
0 H01820 ELEMENT 4185177 MODULE courtyard-paving
1 19 380 -344 460 1 0 0 0 1 0 -0 0 1 3068b.dat
0 H01821 ELEMENT 4550324 MODULE courtyard-paving
1 19 410 -344 480 0 0 1 0 1 0 -1 0 0 2431.dat
0 H01822 ELEMENT 4185177 MODULE courtyard-paving
1 19 520 -344 460 1 0 0 0 1 0 -0 0 1 3068b.dat
0 H01823 ELEMENT 4185177 MODULE courtyard-paving
1 19 560 -344 460 1 0 0 0 1 0 -0 0 1 3068b.dat
0 H01825 ELEMENT 4185177 MODULE courtyard-paving
1 19 680 -344 460 1 0 0 0 1 0 -0 0 1 3068b.dat
0 H01826 ELEMENT 4550324 MODULE courtyard-paving
1 19 740 -344 450 1 0 0 0 1 0 -0 0 1 2431.dat
0 H01827 ELEMENT 4185177 MODULE courtyard-paving
1 19 800 -344 460 1 0 0 0 1 0 -0 0 1 3068b.dat
0 H01828 ELEMENT 4550324 MODULE courtyard-paving
1 19 860 -344 450 1 0 0 0 1 0 -0 0 1 2431.dat
0 H01829 ELEMENT 4185177 MODULE courtyard-paving
1 19 920 -344 460 1 0 0 0 1 0 -0 0 1 3068b.dat
0 H01830 ELEMENT 4550324 MODULE courtyard-paving
1 19 980 -344 450 1 0 0 0 1 0 -0 0 1 2431.dat
0 H01831 ELEMENT 4185177 MODULE courtyard-paving
1 19 1040 -344 460 1 0 0 0 1 0 -0 0 1 3068b.dat
0 H01832 ELEMENT 4550324 MODULE courtyard-paving
1 19 1070 -344 480 0 0 1 0 1 0 -1 0 0 2431.dat
0 H01833 ELEMENT 4185177 MODULE courtyard-paving
1 19 160 -344 480 1 0 0 0 1 0 -0 0 1 3068b.dat
0 H01835 ELEMENT 4550324 MODULE courtyard-paving
1 19 210 -344 500 0 0 1 0 1 0 -1 0 0 2431.dat
0 H01836 ELEMENT 4185177 MODULE courtyard-paving
1 19 300 -344 480 1 0 0 0 1 0 -0 0 1 3068b.dat
0 H01837 ELEMENT 4185177 MODULE courtyard-paving
1 19 340 -344 480 1 0 0 0 1 0 -0 0 1 3068b.dat
0 H01838 ELEMENT 4550324 MODULE courtyard-paving
1 19 460 -344 470 1 0 0 0 1 0 -0 0 1 2431.dat
0 H01839 ELEMENT 4550324 MODULE courtyard-paving
1 19 620 -344 470 1 0 0 0 1 0 -0 0 1 2431.dat
0 H01840 ELEMENT 6131896 MODULE courtyard-paving
1 19 730 -344 470 1 0 0 0 1 0 -0 0 1 63864.dat
0 H01841 ELEMENT 4125253 MODULE courtyard-paving
1 19 770 -344 470 1 0 0 0 1 0 -0 0 1 3070b.dat
0 H01842 ELEMENT 6131896 MODULE courtyard-paving
1 19 850 -344 470 1 0 0 0 1 0 -0 0 1 63864.dat
0 H01843 ELEMENT 4125253 MODULE courtyard-paving
1 19 890 -344 470 1 0 0 0 1 0 -0 0 1 3070b.dat
0 H01844 ELEMENT 4185177 MODULE courtyard-paving
1 19 960 -344 480 1 0 0 0 1 0 -0 0 1 3068b.dat
0 H01845 ELEMENT 6131896 MODULE courtyard-paving
1 19 990 -344 490 0 0 1 0 1 0 -1 0 0 63864.dat
0 H01846 ELEMENT 6131896 MODULE courtyard-paving
1 19 1010 -344 490 0 0 1 0 1 0 -1 0 0 63864.dat
0 H01849 ELEMENT 6131896 MODULE courtyard-paving
1 19 130 -344 510 0 0 1 0 1 0 -1 0 0 63864.dat
0 H01850 ELEMENT 6131896 MODULE courtyard-paving
1 19 250 -344 490 1 0 0 0 1 0 -0 0 1 63864.dat
0 H01851 ELEMENT 6131896 MODULE courtyard-paving
1 19 370 -344 510 0 0 1 0 1 0 -1 0 0 63864.dat
0 H01852 ELEMENT 6131896 MODULE courtyard-paving
1 19 390 -344 510 0 0 1 0 1 0 -1 0 0 63864.dat
0 H01853 ELEMENT 6131896 MODULE courtyard-paving
1 19 430 -344 510 0 0 1 0 1 0 -1 0 0 63864.dat
0 H01854 ELEMENT 6131896 MODULE courtyard-paving
1 19 630 -344 490 1 0 0 0 1 0 -0 0 1 63864.dat
0 H01855 ELEMENT 6131896 MODULE courtyard-paving
1 19 1030 -344 510 0 0 1 0 1 0 -1 0 0 63864.dat
0 H01856 ELEMENT 6131896 MODULE courtyard-paving
1 19 1050 -344 510 0 0 1 0 1 0 -1 0 0 63864.dat
0 H01857 ELEMENT 4114026 MODULE courtyard-paving
1 19 60 -344 510 1 0 0 0 1 0 -0 0 1 3069b.dat
0 H01863 ELEMENT 4114026 MODULE courtyard-paving
1 19 350 -344 520 0 0 1 0 1 0 -1 0 0 3069b.dat
0 H01864 ELEMENT 4114026 MODULE courtyard-paving
1 19 620 -344 510 1 0 0 0 1 0 -0 0 1 3069b.dat
0 H01865 ELEMENT 4114026 MODULE courtyard-paving
1 19 650 -344 520 0 0 1 0 1 0 -1 0 0 3069b.dat
0 H01866 ELEMENT 4114026 MODULE courtyard-paving
1 19 960 -344 510 1 0 0 0 1 0 -0 0 1 3069b.dat
0 H01873 ELEMENT 4114026 MODULE courtyard-paving
1 19 620 -344 530 1 0 0 0 1 0 -0 0 1 3069b.dat
0 H01874 ELEMENT 4114026 MODULE courtyard-paving
1 19 960 -344 530 1 0 0 0 1 0 -0 0 1 3069b.dat
0 H01876 ELEMENT 4114026 MODULE courtyard-paving
1 19 1070 -344 540 0 0 1 0 1 0 -1 0 0 3069b.dat
0 H01879 ELEMENT 4114026 MODULE courtyard-paving
1 19 140 -344 550 1 0 0 0 1 0 -0 0 1 3069b.dat
0 H01880 ELEMENT 4114026 MODULE courtyard-paving
1 19 180 -344 550 1 0 0 0 1 0 -0 0 1 3069b.dat
0 H01881 ELEMENT 4114026 MODULE courtyard-paving
1 19 220 -344 550 1 0 0 0 1 0 -0 0 1 3069b.dat
0 H01882 ELEMENT 4114026 MODULE courtyard-paving
1 19 260 -344 550 1 0 0 0 1 0 -0 0 1 3069b.dat
0 H01883 ELEMENT 4114026 MODULE courtyard-paving
1 19 300 -344 550 1 0 0 0 1 0 -0 0 1 3069b.dat
0 H01884 ELEMENT 4114026 MODULE courtyard-paving
1 19 340 -344 550 1 0 0 0 1 0 -0 0 1 3069b.dat
0 H01886 ELEMENT 4114026 MODULE courtyard-paving
1 19 430 -344 560 0 0 1 0 1 0 -1 0 0 3069b.dat
0 H01887 ELEMENT 4114026 MODULE courtyard-paving
1 19 620 -344 550 1 0 0 0 1 0 -0 0 1 3069b.dat
0 H01888 ELEMENT 4114026 MODULE courtyard-paving
1 19 650 -344 560 0 0 1 0 1 0 -1 0 0 3069b.dat
0 H01889 ELEMENT 4114026 MODULE courtyard-paving
1 19 960 -344 550 1 0 0 0 1 0 -0 0 1 3069b.dat
0 H01891 ELEMENT 4114026 MODULE courtyard-paving
1 19 1040 -344 550 1 0 0 0 1 0 -0 0 1 3069b.dat
0 H01892 ELEMENT 4114026 MODULE courtyard-paving
1 19 60 -344 570 1 0 0 0 1 0 -0 0 1 3069b.dat
0 H01893 ELEMENT 4114026 MODULE courtyard-paving
1 19 100 -344 570 1 0 0 0 1 0 -0 0 1 3069b.dat
0 H01896 ELEMENT 4114026 MODULE courtyard-paving
1 19 220 -344 570 1 0 0 0 1 0 -0 0 1 3069b.dat
0 H01897 ELEMENT 4114026 MODULE courtyard-paving
1 19 260 -344 570 1 0 0 0 1 0 -0 0 1 3069b.dat
0 H01902 ELEMENT 4114026 MODULE courtyard-paving
1 19 620 -344 570 1 0 0 0 1 0 -0 0 1 3069b.dat
0 H01903 ELEMENT 4114026 MODULE courtyard-paving
1 19 960 -344 570 1 0 0 0 1 0 -0 0 1 3069b.dat
0 H01904 ELEMENT 4124456 MODULE courtyard-paving
1 19 1000 -344 570 1 0 0 0 1 0 -0 0 1 2412b.dat
0 H01905 ELEMENT 4114026 MODULE courtyard-paving
1 19 1040 -344 570 1 0 0 0 1 0 -0 0 1 3069b.dat
0 H01906 ELEMENT 4124456 MODULE courtyard-paving
1 19 1070 -344 580 0 0 1 0 1 0 -1 0 0 2412b.dat
0 H01907 ELEMENT 4114026 MODULE courtyard-paving
1 19 60 -344 590 1 0 0 0 1 0 -0 0 1 3069b.dat
0 H01908 ELEMENT 4124456 MODULE courtyard-paving
1 19 100 -344 590 1 0 0 0 1 0 -0 0 1 2412b.dat
0 H01909 ELEMENT 4114026 MODULE courtyard-paving
1 19 140 -344 590 1 0 0 0 1 0 -0 0 1 3069b.dat
0 H01910 ELEMENT 4124456 MODULE courtyard-paving
1 19 180 -344 590 1 0 0 0 1 0 -0 0 1 2412b.dat
0 H01911 ELEMENT 4114026 MODULE courtyard-paving
1 19 220 -344 590 1 0 0 0 1 0 -0 0 1 3069b.dat
0 H01912 ELEMENT 4124456 MODULE courtyard-paving
1 19 260 -344 590 1 0 0 0 1 0 -0 0 1 2412b.dat
0 H01913 ELEMENT 4114026 MODULE courtyard-paving
1 19 300 -344 590 1 0 0 0 1 0 -0 0 1 3069b.dat
0 H01914 ELEMENT 4124456 MODULE courtyard-paving
1 19 340 -344 590 1 0 0 0 1 0 -0 0 1 2412b.dat
0 H01915 ELEMENT 4114026 MODULE courtyard-paving
1 19 380 -344 590 1 0 0 0 1 0 -0 0 1 3069b.dat
0 H01916 ELEMENT 4124456 MODULE courtyard-paving
1 19 430 -344 600 0 0 1 0 1 0 -1 0 0 2412b.dat
0 H01917 ELEMENT 4125253 MODULE courtyard-paving
1 19 610 -344 590 1 0 0 0 1 0 -0 0 1 3070b.dat
0 H01918 ELEMENT 4125253 MODULE courtyard-paving
1 19 630 -344 590 1 0 0 0 1 0 -0 0 1 3070b.dat
0 H01919 ELEMENT 4125253 MODULE courtyard-paving
1 19 650 -344 590 1 0 0 0 1 0 -0 0 1 3070b.dat
0 H01920 ELEMENT 4125253 MODULE courtyard-paving
1 19 950 -344 590 1 0 0 0 1 0 -0 0 1 3070b.dat
0 H01921 ELEMENT 4125253 MODULE courtyard-paving
1 19 970 -344 590 1 0 0 0 1 0 -0 0 1 3070b.dat
0 H01922 ELEMENT 4125253 MODULE courtyard-paving
1 19 990 -344 590 1 0 0 0 1 0 -0 0 1 3070b.dat
0 H01923 ELEMENT 4125253 MODULE courtyard-paving
1 19 1010 -344 590 1 0 0 0 1 0 -0 0 1 3070b.dat
0 H01924 ELEMENT 4125253 MODULE courtyard-paving
1 19 1030 -344 590 1 0 0 0 1 0 -0 0 1 3070b.dat
0 H01925 ELEMENT 4125253 MODULE courtyard-paving
1 19 1050 -344 590 1 0 0 0 1 0 -0 0 1 3070b.dat
0 H01926 ELEMENT 4125253 MODULE courtyard-paving
1 19 50 -344 610 1 0 0 0 1 0 -0 0 1 3070b.dat
0 H01927 ELEMENT 4125253 MODULE courtyard-paving
1 19 70 -344 610 1 0 0 0 1 0 -0 0 1 3070b.dat
0 H01928 ELEMENT 4125253 MODULE courtyard-paving
1 19 90 -344 610 1 0 0 0 1 0 -0 0 1 3070b.dat
0 H01929 ELEMENT 4125253 MODULE courtyard-paving
1 19 110 -344 610 1 0 0 0 1 0 -0 0 1 3070b.dat
0 H01930 ELEMENT 4125253 MODULE courtyard-paving
1 19 130 -344 610 1 0 0 0 1 0 -0 0 1 3070b.dat
0 H01931 ELEMENT 416201 MODULE courtyard-paving
1 15 220 -344 610 1 0 0 0 1 0 -0 0 1 4162.dat
0 H01935 ELEMENT 306901 MODULE courtyard-paving
1 15 650 -344 620 0 0 1 0 1 0 -1 0 0 3069b.dat
0 H01938 ELEMENT 306901 MODULE courtyard-paving
1 15 1070 -344 620 0 0 1 0 1 0 -1 0 0 3069b.dat
0 H01941 ELEMENT 307001 MODULE courtyard-paving
1 15 290 -344 630 1 0 0 0 1 0 -0 0 1 3070b.dat
0 H01942 ELEMENT 307001 MODULE courtyard-paving
1 15 430 -344 630 1 0 0 0 1 0 -0 0 1 3070b.dat
0 H01943 ELEMENT 416201 MODULE courtyard-paving
1 15 740 -344 490 1 0 0 0 1 0 -0 0 1 4162.dat
0 H01944 ELEMENT 663601 MODULE courtyard-paving
1 15 880 -344 490 1 0 0 0 1 0 -0 0 1 6636.dat
0 H01945 ELEMENT 663601 MODULE courtyard-paving
1 15 670 -344 560 0 0 1 0 1 0 -1 0 0 6636.dat
0 H01946 ELEMENT 663601 MODULE courtyard-paving
1 15 930 -344 560 0 0 1 0 1 0 -1 0 0 6636.dat
0 STEP
0 H00172 ELEMENT 4162465 MODULE storey-1
1 19 110 -360 350 1 0 0 0 1 0 -0 0 1 3622.dat
0 H00173 ELEMENT 4162465 MODULE storey-1
1 19 250 -360 350 1 0 0 0 1 0 -0 0 1 3622.dat
0 H00174 ELEMENT 4162465 MODULE storey-1
1 19 390 -360 350 1 0 0 0 1 0 -0 0 1 3622.dat
0 H00175 ELEMENT 4162465 MODULE storey-1
1 19 530 -360 350 1 0 0 0 1 0 -0 0 1 3622.dat
0 H00176 ELEMENT 4114064 MODULE storey-1
1 19 100 -480 350 1 0 0 0 1 0 -0 0 1 2454.dat
0 H00177 ELEMENT 4112980 MODULE storey-1
1 19 250 -480 350 1 0 0 0 1 0 -0 0 1 2453a.dat
0 H00178 ELEMENT 4112980 MODULE storey-1
1 19 390 -480 350 1 0 0 0 1 0 -0 0 1 2453a.dat
0 H00179 ELEMENT 4114064 MODULE storey-1
1 19 540 -480 350 1 0 0 0 1 0 -0 0 1 2454.dat
0 H00180 ELEMENT 4295313 MODULE storey-1
1 19 240 -504 350 1 0 0 0 1 0 -0 0 1 2465.dat
0 H00181 ELEMENT 4159774 MODULE storey-1
1 19 480 -504 350 1 0 0 0 1 0 -0 0 1 3008.dat
0 H00182 ELEMENT 6055541 MODULE storey-1
1 15 130 -432 350 1 0 0 0 1 0 -0 0 1 14716.dat
0 H00183 ELEMENT 6055541 MODULE storey-1
1 15 230 -432 350 1 0 0 0 1 0 -0 0 1 14716.dat
0 H00184 ELEMENT 6106183 MODULE storey-1
1 15 180 -480 350 1 0 0 0 1 0 -0 0 1 15254.dat
0 H00185 ELEMENT 301001 MODULE storey-1
1 15 180 -360 330 1 0 0 0 1 0 -0 0 1 3010.dat
0 H00186 ELEMENT 300101 MODULE storey-1
1 15 180 -360 360 1 0 0 0 1 0 -0 0 1 3001.dat
0 H00187 ELEMENT 4530589 MODULE storey-1
1 0 180 -432 330 1 0 0 0 1 0 -0 0 1 60594.dat
0 H00188 ELEMENT 6514142 MODULE storey-1
1 47 180 -424 334 1 0 0 0 1 0 -0 0 1 86210.dat
0 H00189 ELEMENT 301026 MODULE storey-1
1 0 180 -456 330 1 0 0 0 1 0 -0 0 1 3010.dat
0 H00190 ELEMENT 301026 MODULE storey-1
1 0 180 -480 330 1 0 0 0 1 0 -0 0 1 3010.dat
0 H00191 ELEMENT 4550324 MODULE storey-1
1 19 180 -368 370 1 0 0 0 1 0 -0 0 1 2431.dat
0 H00192 ELEMENT 6055541 MODULE storey-1
1 15 270 -432 350 1 0 0 0 1 0 -0 0 1 14716.dat
0 H00193 ELEMENT 6055541 MODULE storey-1
1 15 370 -432 350 1 0 0 0 1 0 -0 0 1 14716.dat
0 H00194 ELEMENT 6106183 MODULE storey-1
1 15 320 -480 350 1 0 0 0 1 0 -0 0 1 15254.dat
0 H00195 ELEMENT 4277016 MODULE storey-1
1 70 300 -456 330 1 0 0 0 1 0 -0 0 1 2454.dat
0 H00196 ELEMENT 4277016 MODULE storey-1
1 70 340 -456 330 1 0 0 0 1 0 -0 0 1 2454.dat
0 H00197 ELEMENT 4211225 MODULE storey-1
1 70 320 -480 330 1 0 0 0 1 0 -0 0 1 3010.dat
0 H00198 ELEMENT 6122047 MODULE storey-1
1 19 320 -344 360 1 0 0 0 1 0 -0 0 1 87079.dat
0 H00199 ELEMENT 6055541 MODULE storey-1
1 15 410 -432 350 1 0 0 0 1 0 -0 0 1 14716.dat
0 H00200 ELEMENT 6055541 MODULE storey-1
1 15 510 -432 350 1 0 0 0 1 0 -0 0 1 14716.dat
0 H00201 ELEMENT 6106183 MODULE storey-1
1 15 460 -480 350 1 0 0 0 1 0 -0 0 1 15254.dat
0 H00202 ELEMENT 301001 MODULE storey-1
1 15 460 -360 330 1 0 0 0 1 0 -0 0 1 3010.dat
0 H00203 ELEMENT 300101 MODULE storey-1
1 15 460 -360 360 1 0 0 0 1 0 -0 0 1 3001.dat
0 H00204 ELEMENT 4530589 MODULE storey-1
1 0 460 -432 330 1 0 0 0 1 0 -0 0 1 60594.dat
0 H00205 ELEMENT 6514142 MODULE storey-1
1 47 460 -424 334 1 0 0 0 1 0 -0 0 1 86210.dat
0 H00206 ELEMENT 301026 MODULE storey-1
1 0 460 -456 330 1 0 0 0 1 0 -0 0 1 3010.dat
0 H00207 ELEMENT 301026 MODULE storey-1
1 0 460 -480 330 1 0 0 0 1 0 -0 0 1 3010.dat
0 H00208 ELEMENT 4550324 MODULE storey-1
1 19 460 -368 370 1 0 0 0 1 0 -0 0 1 2431.dat
0 H00209 ELEMENT 6075179 MODULE storey-1
1 19 90 -360 200 0 0 1 0 1 0 -1 0 0 6112.dat
0 H00210 ELEMENT 4113915 MODULE storey-1
1 19 90 -360 330 1 0 0 0 1 0 -0 0 1 3005.dat
0 H00211 ELEMENT 245301 MODULE storey-1
1 15 90 -480 90 1 0 0 0 1 0 -0 0 1 2453a.dat
0 H00212 ELEMENT 245401 MODULE storey-1
1 15 90 -480 320 0 0 1 0 1 0 -1 0 0 2454.dat
0 H00213 ELEMENT 6146877 MODULE storey-1
1 19 90 -432 140 0 0 1 0 1 0 -1 0 0 60581.dat
0 H00214 ELEMENT 4113916 MODULE storey-1
1 19 90 -456 140 0 0 1 0 1 0 -1 0 0 3010.dat
0 H00215 ELEMENT 4113916 MODULE storey-1
1 19 90 -480 140 0 0 1 0 1 0 -1 0 0 3010.dat
0 H00216 ELEMENT 6055541 MODULE storey-1
1 15 90 -432 190 1 0 0 0 1 0 -0 0 1 14716.dat
0 H00217 ELEMENT 6055541 MODULE storey-1
1 15 90 -432 290 1 0 0 0 1 0 -0 0 1 14716.dat
0 H00218 ELEMENT 6106183 MODULE storey-1
1 15 90 -480 240 0 0 1 0 1 0 -1 0 0 15254.dat
0 H00219 ELEMENT 6075179 MODULE storey-1
1 19 90 -504 200 0 0 1 0 1 0 -1 0 0 6112.dat
0 H00220 ELEMENT 4113915 MODULE storey-1
1 19 90 -504 330 1 0 0 0 1 0 -0 0 1 3005.dat
0 H00221 ELEMENT 301001 MODULE storey-1
1 15 110 -360 240 0 0 1 0 1 0 -1 0 0 3010.dat
0 H00222 ELEMENT 4530590 MODULE storey-1
1 15 110 -432 240 0 0 1 0 1 0 -1 0 0 60594.dat
0 H00223 ELEMENT 301026 MODULE storey-1
1 0 110 -456 240 0 0 1 0 1 0 -1 0 0 3010.dat
0 H00224 ELEMENT 301026 MODULE storey-1
1 0 110 -480 240 0 0 1 0 1 0 -1 0 0 3010.dat
0 H00225 ELEMENT 6075179 MODULE storey-1
1 19 550 -360 200 0 0 1 0 1 0 -1 0 0 6112.dat
0 H00226 ELEMENT 4113915 MODULE storey-1
1 19 550 -360 330 1 0 0 0 1 0 -0 0 1 3005.dat
0 H00227 ELEMENT 245301 MODULE storey-1
1 15 550 -480 90 1 0 0 0 1 0 -0 0 1 2453a.dat
0 H00228 ELEMENT 245401 MODULE storey-1
1 15 550 -480 320 0 0 1 0 1 0 -1 0 0 2454.dat
0 H00229 ELEMENT 6146877 MODULE storey-1
1 19 550 -432 140 0 0 1 0 1 0 -1 0 0 60581.dat
0 H00230 ELEMENT 4113916 MODULE storey-1
1 19 550 -456 140 0 0 1 0 1 0 -1 0 0 3010.dat
0 H00231 ELEMENT 4113916 MODULE storey-1
1 19 550 -480 140 0 0 1 0 1 0 -1 0 0 3010.dat
0 H00232 ELEMENT 6055541 MODULE storey-1
1 15 550 -432 190 1 0 0 0 1 0 -0 0 1 14716.dat
0 H00233 ELEMENT 6055541 MODULE storey-1
1 15 550 -432 290 1 0 0 0 1 0 -0 0 1 14716.dat
0 H00234 ELEMENT 6106183 MODULE storey-1
1 15 550 -480 240 0 0 1 0 1 0 -1 0 0 15254.dat
0 H00235 ELEMENT 6075179 MODULE storey-1
1 19 550 -504 200 0 0 1 0 1 0 -1 0 0 6112.dat
0 H00236 ELEMENT 4113915 MODULE storey-1
1 19 550 -504 330 1 0 0 0 1 0 -0 0 1 3005.dat
0 H00237 ELEMENT 301001 MODULE storey-1
1 15 530 -360 240 0 0 1 0 1 0 -1 0 0 3010.dat
0 H00238 ELEMENT 4530590 MODULE storey-1
1 15 530 -432 240 0 0 1 0 1 0 -1 0 0 60594.dat
0 H00239 ELEMENT 301026 MODULE storey-1
1 0 530 -456 240 0 0 1 0 1 0 -1 0 0 3010.dat
0 H00240 ELEMENT 301026 MODULE storey-1
1 0 530 -480 240 0 0 1 0 1 0 -1 0 0 3010.dat
0 H00241 ELEMENT 246501 MODULE storey-1
1 15 260 -360 90 1 0 0 0 1 0 -0 0 1 2465.dat
0 H00242 ELEMENT 300901 MODULE storey-1
1 15 480 -360 90 1 0 0 0 1 0 -0 0 1 3009.dat
0 H00243 ELEMENT 6262945 MODULE storey-1
1 15 200 -504 90 1 0 0 0 1 0 -0 0 1 60596.dat
0 H00244 ELEMENT 6514119 MODULE storey-1
1 47 168 -504 95 1 0 0 0 1 0 -0 0 1 60616a.dat
0 H00245 ELEMENT 6262945 MODULE storey-1
1 15 400 -504 90 1 0 0 0 1 0 -0 0 1 60596.dat
0 H00246 ELEMENT 6514119 MODULE storey-1
1 47 368 -504 95 1 0 0 0 1 0 -0 0 1 60616a.dat
0 H00247 ELEMENT 245401 MODULE storey-1
1 15 120 -480 90 1 0 0 0 1 0 -0 0 1 2454.dat
0 H00248 ELEMENT 245301 MODULE storey-1
1 15 150 -480 90 1 0 0 0 1 0 -0 0 1 2453a.dat
0 H00249 ELEMENT 245401 MODULE storey-1
1 15 260 -480 90 1 0 0 0 1 0 -0 0 1 2454.dat
0 H00250 ELEMENT 245401 MODULE storey-1
1 15 300 -480 90 1 0 0 0 1 0 -0 0 1 2454.dat
0 H00251 ELEMENT 245401 MODULE storey-1
1 15 340 -480 90 1 0 0 0 1 0 -0 0 1 2454.dat
0 H00252 ELEMENT 245401 MODULE storey-1
1 15 460 -480 90 1 0 0 0 1 0 -0 0 1 2454.dat
0 H00253 ELEMENT 245401 MODULE storey-1
1 15 500 -480 90 1 0 0 0 1 0 -0 0 1 2454.dat
0 H00254 ELEMENT 245301 MODULE storey-1
1 15 530 -480 90 1 0 0 0 1 0 -0 0 1 2453a.dat
0 H00255 ELEMENT 362201 MODULE storey-1
1 15 130 -504 90 1 0 0 0 1 0 -0 0 1 3622.dat
0 H00256 ELEMENT 300901 MODULE storey-1
1 15 300 -504 90 1 0 0 0 1 0 -0 0 1 3009.dat
0 H00257 ELEMENT 301001 MODULE storey-1
1 15 480 -504 90 1 0 0 0 1 0 -0 0 1 3010.dat
0 H00258 ELEMENT 300501 MODULE storey-1
1 15 530 -504 90 1 0 0 0 1 0 -0 0 1 3005.dat
0 STEP
0 H00259 ELEMENT 4119227 MODULE floor-and-cornice-1
1 15 240 -512 100 1 0 0 0 1 0 -0 0 1 4282.dat
0 H00260 ELEMENT 303501 MODULE floor-and-cornice-1
1 15 480 -512 120 1 0 0 0 1 0 -0 0 1 3035.dat
0 H00261 ELEMENT 4119227 MODULE floor-and-cornice-1
1 15 240 -512 140 1 0 0 0 1 0 -0 0 1 4282.dat
0 H00262 ELEMENT 4119227 MODULE floor-and-cornice-1
1 15 240 -512 180 1 0 0 0 1 0 -0 0 1 4282.dat
0 H00263 ELEMENT 303501 MODULE floor-and-cornice-1
1 15 480 -512 200 1 0 0 0 1 0 -0 0 1 3035.dat
0 H00264 ELEMENT 4119227 MODULE floor-and-cornice-1
1 15 240 -512 220 1 0 0 0 1 0 -0 0 1 4282.dat
0 H00265 ELEMENT 4119227 MODULE floor-and-cornice-1
1 15 240 -512 260 1 0 0 0 1 0 -0 0 1 4282.dat
0 H00266 ELEMENT 303501 MODULE floor-and-cornice-1
1 15 480 -512 280 1 0 0 0 1 0 -0 0 1 3035.dat
0 H00267 ELEMENT 4119227 MODULE floor-and-cornice-1
1 15 240 -512 300 1 0 0 0 1 0 -0 0 1 4282.dat
0 H00268 ELEMENT 4119227 MODULE floor-and-cornice-1
1 15 240 -512 340 1 0 0 0 1 0 -0 0 1 4282.dat
0 H00269 ELEMENT 303401 MODULE floor-and-cornice-1
1 15 480 -512 340 1 0 0 0 1 0 -0 0 1 3034.dat
0 H00270 ELEMENT 379501 MODULE floor-and-cornice-1
1 15 180 -512 380 1 0 0 0 1 0 -0 0 1 3795.dat
0 H00271 ELEMENT 379501 MODULE floor-and-cornice-1
1 15 320 -512 380 1 0 0 0 1 0 -0 0 1 3795.dat
0 H00272 ELEMENT 366601 MODULE floor-and-cornice-1
1 15 180 -512 410 1 0 0 0 1 0 -0 0 1 3666.dat
0 H00273 ELEMENT 366601 MODULE floor-and-cornice-1
1 15 320 -512 410 1 0 0 0 1 0 -0 0 1 3666.dat
0 H00274 ELEMENT 303201 MODULE floor-and-cornice-1
1 15 180 -520 380 1 0 0 0 1 0 -0 0 1 3032.dat
0 H00275 ELEMENT 303201 MODULE floor-and-cornice-1
1 15 320 -520 380 1 0 0 0 1 0 -0 0 1 3032.dat
0 H00276 ELEMENT 303501 MODULE floor-and-cornice-1
1 15 160 -520 120 1 0 0 0 1 0 -0 0 1 3035.dat
0 H00277 ELEMENT 303501 MODULE floor-and-cornice-1
1 15 320 -520 120 1 0 0 0 1 0 -0 0 1 3035.dat
0 H00278 ELEMENT 303501 MODULE floor-and-cornice-1
1 15 480 -520 120 1 0 0 0 1 0 -0 0 1 3035.dat
0 H00279 ELEMENT 4119227 MODULE floor-and-cornice-1
1 15 240 -520 180 1 0 0 0 1 0 -0 0 1 4282.dat
0 H00280 ELEMENT 303201 MODULE floor-and-cornice-1
1 15 460 -520 200 1 0 0 0 1 0 -0 0 1 3032.dat
0 H00281 ELEMENT 383201 MODULE floor-and-cornice-1
1 15 540 -520 260 0 0 1 0 1 0 -1 0 0 3832.dat
0 H00282 ELEMENT 4119227 MODULE floor-and-cornice-1
1 15 240 -520 220 1 0 0 0 1 0 -0 0 1 4282.dat
0 H00283 ELEMENT 244501 MODULE floor-and-cornice-1
1 15 200 -520 260 1 0 0 0 1 0 -0 0 1 2445.dat
0 H00284 ELEMENT 303201 MODULE floor-and-cornice-1
1 15 380 -520 280 1 0 0 0 1 0 -0 0 1 3032.dat
0 H00285 ELEMENT 303201 MODULE floor-and-cornice-1
1 15 480 -520 300 0 0 1 0 1 0 -1 0 0 3032.dat
0 H00286 ELEMENT 244501 MODULE floor-and-cornice-1
1 15 200 -520 300 1 0 0 0 1 0 -0 0 1 2445.dat
0 H00287 ELEMENT 4514842 MODULE floor-and-cornice-1
1 15 200 -520 330 1 0 0 0 1 0 -0 0 1 60479.dat
0 H00288 ELEMENT 366601 MODULE floor-and-cornice-1
1 15 380 -520 330 1 0 0 0 1 0 -0 0 1 3666.dat
0 H00289 ELEMENT 302301 MODULE floor-and-cornice-1
1 15 100 -520 350 1 0 0 0 1 0 -0 0 1 3023b.dat
0 H00290 ELEMENT 302401 MODULE floor-and-cornice-1
1 15 250 -520 350 1 0 0 0 1 0 -0 0 1 3024.dat
0 H00291 ELEMENT 362301 MODULE floor-and-cornice-1
1 15 410 -520 350 1 0 0 0 1 0 -0 0 1 3623.dat
0 STEP
0 H00292 ELEMENT 243226 MODULE balconies-1
1 0 160 -552 410 1 0 0 0 1 0 -0 0 1 2432.dat
0 H00293 ELEMENT 243226 MODULE balconies-1
1 0 200 -552 410 1 0 0 0 1 0 -0 0 1 2432.dat
0 H00294 ELEMENT 306226 MODULE balconies-1
1 0 130 -544 410 1 0 0 0 1 0 -0 0 1 3062b.dat
0 H00295 ELEMENT 307026 MODULE balconies-1
1 0 130 -552 410 1 0 0 0 1 0 -0 0 1 3070b.dat
0 H00296 ELEMENT 306226 MODULE balconies-1
1 0 230 -544 410 1 0 0 0 1 0 -0 0 1 3062b.dat
0 H00297 ELEMENT 307026 MODULE balconies-1
1 0 230 -552 410 1 0 0 0 1 0 -0 0 1 3070b.dat
0 H00298 ELEMENT 4211183 MODULE balconies-1
1 70 130 -544 390 1 0 0 0 1 0 -0 0 1 3062b.dat
0 H00299 ELEMENT 6209673 MODULE balconies-1
1 31 130 -568 390 1 0 0 0 1 0 -0 0 1 3062b.dat
0 H00300 ELEMENT 6229130 MODULE balconies-1
1 2 130 -576 390 1 0 0 0 1 0 -0 0 1 32607.dat
0 H00301 ELEMENT 6299813 MODULE balconies-1
1 14 130 -584 390 1 0 0 0 1 0 -0 0 1 24866.dat
0 H00302 ELEMENT 4211183 MODULE balconies-1
1 70 230 -544 390 1 0 0 0 1 0 -0 0 1 3062b.dat
0 H00303 ELEMENT 6209673 MODULE balconies-1
1 31 230 -568 390 1 0 0 0 1 0 -0 0 1 3062b.dat
0 H00304 ELEMENT 6229130 MODULE balconies-1
1 2 230 -576 390 -1 0 0 0 1 0 -0 0 -1 32607.dat
0 H00305 ELEMENT 6299813 MODULE balconies-1
1 14 230 -584 390 1 0 0 0 1 0 -0 0 1 24866.dat
0 H00306 ELEMENT 243226 MODULE balconies-1
1 0 300 -552 410 1 0 0 0 1 0 -0 0 1 2432.dat
0 H00307 ELEMENT 243226 MODULE balconies-1
1 0 340 -552 410 1 0 0 0 1 0 -0 0 1 2432.dat
0 H00308 ELEMENT 306226 MODULE balconies-1
1 0 270 -544 410 1 0 0 0 1 0 -0 0 1 3062b.dat
0 H00309 ELEMENT 307026 MODULE balconies-1
1 0 270 -552 410 1 0 0 0 1 0 -0 0 1 3070b.dat
0 H00310 ELEMENT 306226 MODULE balconies-1
1 0 370 -544 410 1 0 0 0 1 0 -0 0 1 3062b.dat
0 H00311 ELEMENT 307026 MODULE balconies-1
1 0 370 -552 410 1 0 0 0 1 0 -0 0 1 3070b.dat
0 H00312 ELEMENT 4211183 MODULE balconies-1
1 70 270 -544 390 1 0 0 0 1 0 -0 0 1 3062b.dat
0 H00313 ELEMENT 6209673 MODULE balconies-1
1 31 270 -568 390 1 0 0 0 1 0 -0 0 1 3062b.dat
0 H00314 ELEMENT 6229130 MODULE balconies-1
1 2 270 -576 390 1 0 0 0 1 0 -0 0 1 32607.dat
0 H00315 ELEMENT 6299813 MODULE balconies-1
1 14 270 -584 390 1 0 0 0 1 0 -0 0 1 24866.dat
0 H00316 ELEMENT 4211183 MODULE balconies-1
1 70 370 -544 390 1 0 0 0 1 0 -0 0 1 3062b.dat
0 H00317 ELEMENT 6209673 MODULE balconies-1
1 31 370 -568 390 1 0 0 0 1 0 -0 0 1 3062b.dat
0 H00318 ELEMENT 6229130 MODULE balconies-1
1 2 370 -576 390 -1 0 0 0 1 0 -0 0 -1 32607.dat
0 H00319 ELEMENT 6299813 MODULE balconies-1
1 14 370 -584 390 1 0 0 0 1 0 -0 0 1 24866.dat
0 STEP
0 H00320 ELEMENT 4162465 MODULE storey-2
1 19 110 -544 350 1 0 0 0 1 0 -0 0 1 3622.dat
0 H00321 ELEMENT 4162465 MODULE storey-2
1 19 250 -544 350 1 0 0 0 1 0 -0 0 1 3622.dat
0 H00322 ELEMENT 4162465 MODULE storey-2
1 19 390 -544 350 1 0 0 0 1 0 -0 0 1 3622.dat
0 H00323 ELEMENT 4162465 MODULE storey-2
1 19 530 -544 350 1 0 0 0 1 0 -0 0 1 3622.dat
0 H00324 ELEMENT 4579260 MODULE storey-2
1 19 110 -616 350 -1 0 0 0 1 0 -0 0 -1 87087.dat
0 H00325 ELEMENT 371028 MODULE storey-2
1 2 110 -596 368 0 0 1 -1 0 0 0 -1 0 3710.dat
0 H00326 ELEMENT 4579260 MODULE storey-2
1 19 250 -616 350 -1 0 0 0 1 0 -0 0 -1 87087.dat
0 H00327 ELEMENT 371028 MODULE storey-2
1 2 250 -596 368 0 0 1 -1 0 0 0 -1 0 3710.dat
0 H00328 ELEMENT 4579260 MODULE storey-2
1 19 390 -616 350 -1 0 0 0 1 0 -0 0 -1 87087.dat
0 H00329 ELEMENT 371028 MODULE storey-2
1 2 390 -596 368 0 0 1 -1 0 0 0 -1 0 3710.dat
0 H00330 ELEMENT 4579260 MODULE storey-2
1 19 530 -616 350 -1 0 0 0 1 0 -0 0 -1 87087.dat
0 H00331 ELEMENT 371028 MODULE storey-2
1 2 530 -596 368 0 0 1 -1 0 0 0 -1 0 3710.dat
0 H00332 ELEMENT 4112980 MODULE storey-2
1 19 90 -664 350 1 0 0 0 1 0 -0 0 1 2453a.dat
0 H00333 ELEMENT 4113915 MODULE storey-2
1 19 110 -568 350 1 0 0 0 1 0 -0 0 1 3005.dat
0 H00334 ELEMENT 4113915 MODULE storey-2
1 19 250 -568 350 1 0 0 0 1 0 -0 0 1 3005.dat
0 H00335 ELEMENT 4113915 MODULE storey-2
1 19 390 -568 350 1 0 0 0 1 0 -0 0 1 3005.dat
0 H00336 ELEMENT 4109995 MODULE storey-2
1 19 540 -568 350 1 0 0 0 1 0 -0 0 1 3004.dat
0 H00337 ELEMENT 4113915 MODULE storey-2
1 19 110 -592 350 1 0 0 0 1 0 -0 0 1 3005.dat
0 H00338 ELEMENT 4113915 MODULE storey-2
1 19 250 -592 350 1 0 0 0 1 0 -0 0 1 3005.dat
0 H00339 ELEMENT 4113915 MODULE storey-2
1 19 390 -592 350 1 0 0 0 1 0 -0 0 1 3005.dat
0 H00340 ELEMENT 4109995 MODULE storey-2
1 19 540 -592 350 1 0 0 0 1 0 -0 0 1 3004.dat
0 H00341 ELEMENT 6057517 MODULE storey-2
1 19 550 -664 350 1 0 0 0 1 0 -0 0 1 14716.dat
0 H00342 ELEMENT 4113915 MODULE storey-2
1 19 110 -640 350 1 0 0 0 1 0 -0 0 1 3005.dat
0 H00343 ELEMENT 4113915 MODULE storey-2
1 19 250 -640 350 1 0 0 0 1 0 -0 0 1 3005.dat
0 H00344 ELEMENT 4113915 MODULE storey-2
1 19 390 -640 350 1 0 0 0 1 0 -0 0 1 3005.dat
0 H00345 ELEMENT 4113915 MODULE storey-2
1 19 530 -640 350 1 0 0 0 1 0 -0 0 1 3005.dat
0 H00346 ELEMENT 4113915 MODULE storey-2
1 19 110 -664 350 1 0 0 0 1 0 -0 0 1 3005.dat
0 H00347 ELEMENT 4113915 MODULE storey-2
1 19 250 -664 350 1 0 0 0 1 0 -0 0 1 3005.dat
0 H00348 ELEMENT 4113915 MODULE storey-2
1 19 390 -664 350 1 0 0 0 1 0 -0 0 1 3005.dat
0 H00349 ELEMENT 4159553 MODULE storey-2
1 19 530 -648 350 1 0 0 0 1 0 -0 0 1 3024.dat
0 H00350 ELEMENT 4159553 MODULE storey-2
1 19 530 -656 350 1 0 0 0 1 0 -0 0 1 3024.dat
0 H00351 ELEMENT 4159553 MODULE storey-2
1 19 530 -664 350 1 0 0 0 1 0 -0 0 1 3024.dat
0 H00352 ELEMENT 6075179 MODULE storey-2
1 19 200 -688 350 1 0 0 0 1 0 -0 0 1 6112.dat
0 H00353 ELEMENT 6075179 MODULE storey-2
1 19 440 -688 350 1 0 0 0 1 0 -0 0 1 6112.dat
0 H00354 ELEMENT 6055541 MODULE storey-2
1 15 130 -616 350 1 0 0 0 1 0 -0 0 1 14716.dat
0 H00355 ELEMENT 6055541 MODULE storey-2
1 15 230 -616 350 1 0 0 0 1 0 -0 0 1 14716.dat
0 H00356 ELEMENT 6106183 MODULE storey-2
1 15 180 -664 350 1 0 0 0 1 0 -0 0 1 15254.dat
0 H00357 ELEMENT 301001 MODULE storey-2
1 15 180 -544 330 1 0 0 0 1 0 -0 0 1 3010.dat
0 H00358 ELEMENT 300101 MODULE storey-2
1 15 180 -544 360 1 0 0 0 1 0 -0 0 1 3001.dat
0 H00359 ELEMENT 4530589 MODULE storey-2
1 0 180 -616 330 1 0 0 0 1 0 -0 0 1 60594.dat
0 H00360 ELEMENT 6514142 MODULE storey-2
1 47 180 -608 334 1 0 0 0 1 0 -0 0 1 86210.dat
0 H00361 ELEMENT 301026 MODULE storey-2
1 0 180 -640 330 1 0 0 0 1 0 -0 0 1 3010.dat
0 H00362 ELEMENT 301026 MODULE storey-2
1 0 180 -664 330 1 0 0 0 1 0 -0 0 1 3010.dat
0 H00363 ELEMENT 4550324 MODULE storey-2
1 19 180 -552 370 1 0 0 0 1 0 -0 0 1 2431.dat
0 H00364 ELEMENT 6055541 MODULE storey-2
1 15 270 -616 350 1 0 0 0 1 0 -0 0 1 14716.dat
0 H00365 ELEMENT 6055541 MODULE storey-2
1 15 370 -616 350 1 0 0 0 1 0 -0 0 1 14716.dat
0 H00366 ELEMENT 6106183 MODULE storey-2
1 15 320 -664 350 1 0 0 0 1 0 -0 0 1 15254.dat
0 H00367 ELEMENT 301001 MODULE storey-2
1 15 320 -544 330 1 0 0 0 1 0 -0 0 1 3010.dat
0 H00368 ELEMENT 300101 MODULE storey-2
1 15 320 -544 360 1 0 0 0 1 0 -0 0 1 3001.dat
0 H00369 ELEMENT 4530589 MODULE storey-2
1 0 320 -616 330 1 0 0 0 1 0 -0 0 1 60594.dat
0 H00370 ELEMENT 6514142 MODULE storey-2
1 47 320 -608 334 1 0 0 0 1 0 -0 0 1 86210.dat
0 H00371 ELEMENT 301026 MODULE storey-2
1 0 320 -640 330 1 0 0 0 1 0 -0 0 1 3010.dat
0 H00372 ELEMENT 301026 MODULE storey-2
1 0 320 -664 330 1 0 0 0 1 0 -0 0 1 3010.dat
0 H00373 ELEMENT 4550324 MODULE storey-2
1 19 320 -552 370 1 0 0 0 1 0 -0 0 1 2431.dat
0 H00374 ELEMENT 6055541 MODULE storey-2
1 15 410 -616 350 1 0 0 0 1 0 -0 0 1 14716.dat
0 H00375 ELEMENT 6055541 MODULE storey-2
1 15 510 -616 350 1 0 0 0 1 0 -0 0 1 14716.dat
0 H00376 ELEMENT 6106183 MODULE storey-2
1 15 460 -664 350 1 0 0 0 1 0 -0 0 1 15254.dat
0 H00377 ELEMENT 301001 MODULE storey-2
1 15 460 -544 330 1 0 0 0 1 0 -0 0 1 3010.dat
0 H00378 ELEMENT 300101 MODULE storey-2
1 15 460 -544 360 1 0 0 0 1 0 -0 0 1 3001.dat
0 H00379 ELEMENT 4530589 MODULE storey-2
1 0 460 -616 330 1 0 0 0 1 0 -0 0 1 60594.dat
0 H00380 ELEMENT 6514142 MODULE storey-2
1 47 460 -608 334 1 0 0 0 1 0 -0 0 1 86210.dat
0 H00381 ELEMENT 301026 MODULE storey-2
1 0 460 -640 330 1 0 0 0 1 0 -0 0 1 3010.dat
0 H00382 ELEMENT 301026 MODULE storey-2
1 0 460 -664 330 1 0 0 0 1 0 -0 0 1 3010.dat
0 H00383 ELEMENT 4550324 MODULE storey-2
1 19 460 -552 370 1 0 0 0 1 0 -0 0 1 2431.dat
0 H00384 ELEMENT 6075179 MODULE storey-2
1 19 90 -544 200 0 0 1 0 1 0 -1 0 0 6112.dat
0 H00385 ELEMENT 4159553 MODULE storey-2
1 19 90 -528 330 1 0 0 0 1 0 -0 0 1 3024.dat
0 H00386 ELEMENT 4159553 MODULE storey-2
1 19 90 -536 330 1 0 0 0 1 0 -0 0 1 3024.dat
0 H00387 ELEMENT 4159553 MODULE storey-2
1 19 90 -544 330 1 0 0 0 1 0 -0 0 1 3024.dat
0 H00388 ELEMENT 245301 MODULE storey-2
1 15 90 -664 90 1 0 0 0 1 0 -0 0 1 2453a.dat
0 H00389 ELEMENT 245401 MODULE storey-2
1 15 90 -664 320 0 0 1 0 1 0 -1 0 0 2454.dat
0 H00390 ELEMENT 6146877 MODULE storey-2
1 19 90 -616 140 0 0 1 0 1 0 -1 0 0 60581.dat
0 H00391 ELEMENT 4113916 MODULE storey-2
1 19 90 -640 140 0 0 1 0 1 0 -1 0 0 3010.dat
0 H00392 ELEMENT 4113916 MODULE storey-2
1 19 90 -664 140 0 0 1 0 1 0 -1 0 0 3010.dat
0 H00393 ELEMENT 6055541 MODULE storey-2
1 15 90 -616 190 1 0 0 0 1 0 -0 0 1 14716.dat
0 H00394 ELEMENT 6055541 MODULE storey-2
1 15 90 -616 290 1 0 0 0 1 0 -0 0 1 14716.dat
0 H00395 ELEMENT 6106183 MODULE storey-2
1 15 90 -664 240 0 0 1 0 1 0 -1 0 0 15254.dat
0 H00396 ELEMENT 4166138 MODULE storey-2
1 19 90 -688 180 0 0 1 0 1 0 -1 0 0 6111.dat
0 H00397 ELEMENT 4162465 MODULE storey-2
1 19 90 -688 310 0 0 1 0 1 0 -1 0 0 3622.dat
0 H00398 ELEMENT 301001 MODULE storey-2
1 15 110 -544 240 0 0 1 0 1 0 -1 0 0 3010.dat
0 H00399 ELEMENT 4530590 MODULE storey-2
1 15 110 -616 240 0 0 1 0 1 0 -1 0 0 60594.dat
0 H00400 ELEMENT 6514142 MODULE storey-2
1 47 114 -608 240 0 0 1 0 1 0 -1 0 0 86210.dat
0 H00401 ELEMENT 301026 MODULE storey-2
1 0 110 -640 240 0 0 1 0 1 0 -1 0 0 3010.dat
0 H00402 ELEMENT 301026 MODULE storey-2
1 0 110 -664 240 0 0 1 0 1 0 -1 0 0 3010.dat
0 H00403 ELEMENT 4166138 MODULE storey-2
1 19 550 -544 180 0 0 1 0 1 0 -1 0 0 6111.dat
0 H00404 ELEMENT 4162465 MODULE storey-2
1 19 550 -544 310 0 0 1 0 1 0 -1 0 0 3622.dat
0 H00405 ELEMENT 245301 MODULE storey-2
1 15 550 -664 90 1 0 0 0 1 0 -0 0 1 2453a.dat
0 H00406 ELEMENT 245401 MODULE storey-2
1 15 550 -664 320 0 0 1 0 1 0 -1 0 0 2454.dat
0 H00407 ELEMENT 6146877 MODULE storey-2
1 19 550 -616 140 0 0 1 0 1 0 -1 0 0 60581.dat
0 H00408 ELEMENT 4113916 MODULE storey-2
1 19 550 -640 140 0 0 1 0 1 0 -1 0 0 3010.dat
0 H00409 ELEMENT 4113916 MODULE storey-2
1 19 550 -664 140 0 0 1 0 1 0 -1 0 0 3010.dat
0 H00410 ELEMENT 6055541 MODULE storey-2
1 15 550 -616 190 1 0 0 0 1 0 -0 0 1 14716.dat
0 H00411 ELEMENT 6055541 MODULE storey-2
1 15 550 -616 290 1 0 0 0 1 0 -0 0 1 14716.dat
0 H00412 ELEMENT 6106183 MODULE storey-2
1 15 550 -664 240 0 0 1 0 1 0 -1 0 0 15254.dat
0 H00413 ELEMENT 4159774 MODULE storey-2
1 19 550 -688 160 0 0 1 0 1 0 -1 0 0 3008.dat
0 H00414 ELEMENT 4113916 MODULE storey-2
1 19 550 -688 280 0 0 1 0 1 0 -1 0 0 3010.dat
0 H00415 ELEMENT 4159553 MODULE storey-2
1 19 550 -672 330 1 0 0 0 1 0 -0 0 1 3024.dat
0 H00416 ELEMENT 4159553 MODULE storey-2
1 19 550 -680 330 1 0 0 0 1 0 -0 0 1 3024.dat
0 H00417 ELEMENT 4159553 MODULE storey-2
1 19 550 -688 330 1 0 0 0 1 0 -0 0 1 3024.dat
0 H00418 ELEMENT 301001 MODULE storey-2
1 15 530 -544 240 0 0 1 0 1 0 -1 0 0 3010.dat
0 H00419 ELEMENT 4530590 MODULE storey-2
1 15 530 -616 240 0 0 1 0 1 0 -1 0 0 60594.dat
0 H00420 ELEMENT 6514142 MODULE storey-2
1 47 534 -608 240 0 0 1 0 1 0 -1 0 0 86210.dat
0 H00421 ELEMENT 301026 MODULE storey-2
1 0 530 -640 240 0 0 1 0 1 0 -1 0 0 3010.dat
0 H00422 ELEMENT 362226 MODULE storey-2
1 0 530 -664 230 0 0 1 0 1 0 -1 0 0 3622.dat
0 H00423 ELEMENT 300526 MODULE storey-2
1 0 530 -664 270 1 0 0 0 1 0 -0 0 1 3005.dat
0 H00424 ELEMENT 246501 MODULE storey-2
1 15 260 -544 90 1 0 0 0 1 0 -0 0 1 2465.dat
0 H00425 ELEMENT 300901 MODULE storey-2
1 15 480 -544 90 1 0 0 0 1 0 -0 0 1 3009.dat
0 H00426 ELEMENT 6262945 MODULE storey-2
1 15 200 -688 90 1 0 0 0 1 0 -0 0 1 60596.dat
0 H00427 ELEMENT 6514119 MODULE storey-2
1 47 168 -688 95 1 0 0 0 1 0 -0 0 1 60616a.dat
0 H00428 ELEMENT 6262945 MODULE storey-2
1 15 400 -688 90 1 0 0 0 1 0 -0 0 1 60596.dat
0 H00429 ELEMENT 6514119 MODULE storey-2
1 47 368 -688 95 1 0 0 0 1 0 -0 0 1 60616a.dat
0 H00430 ELEMENT 245401 MODULE storey-2
1 15 120 -664 90 1 0 0 0 1 0 -0 0 1 2454.dat
0 H00431 ELEMENT 245301 MODULE storey-2
1 15 150 -664 90 1 0 0 0 1 0 -0 0 1 2453a.dat
0 H00432 ELEMENT 300901 MODULE storey-2
1 15 300 -568 90 1 0 0 0 1 0 -0 0 1 3009.dat
0 H00433 ELEMENT 245301 MODULE storey-2
1 15 450 -664 90 1 0 0 0 1 0 -0 0 1 2453a.dat
0 H00434 ELEMENT 245301 MODULE storey-2
1 15 470 -664 90 1 0 0 0 1 0 -0 0 1 2453a.dat
0 H00435 ELEMENT 245301 MODULE storey-2
1 15 490 -664 90 1 0 0 0 1 0 -0 0 1 2453a.dat
0 H00436 ELEMENT 245301 MODULE storey-2
1 15 510 -664 90 1 0 0 0 1 0 -0 0 1 2453a.dat
0 H00437 ELEMENT 245301 MODULE storey-2
1 15 530 -664 90 1 0 0 0 1 0 -0 0 1 2453a.dat
0 H00438 ELEMENT 300901 MODULE storey-2
1 15 300 -592 90 1 0 0 0 1 0 -0 0 1 3009.dat
0 H00439 ELEMENT 300901 MODULE storey-2
1 15 300 -616 90 1 0 0 0 1 0 -0 0 1 3009.dat
0 H00440 ELEMENT 300901 MODULE storey-2
1 15 300 -640 90 1 0 0 0 1 0 -0 0 1 3009.dat
0 H00441 ELEMENT 300901 MODULE storey-2
1 15 300 -664 90 1 0 0 0 1 0 -0 0 1 3009.dat
0 H00442 ELEMENT 362201 MODULE storey-2
1 15 130 -688 90 1 0 0 0 1 0 -0 0 1 3622.dat
0 H00443 ELEMENT 300901 MODULE storey-2
1 15 300 -688 90 1 0 0 0 1 0 -0 0 1 3009.dat
0 H00444 ELEMENT 301001 MODULE storey-2
1 15 480 -688 90 1 0 0 0 1 0 -0 0 1 3010.dat
0 H00445 ELEMENT 300501 MODULE storey-2
1 15 530 -688 90 1 0 0 0 1 0 -0 0 1 3005.dat
0 H00913 ELEMENT 611201 MODULE guest-wing
1 15 920 -360 430 1 0 0 0 1 0 -0 0 1 6112.dat
0 H00914 ELEMENT 300401 MODULE guest-wing
1 15 1060 -360 430 1 0 0 0 1 0 -0 0 1 3004.dat
0 H00915 ELEMENT 300501 MODULE guest-wing
1 15 810 -384 430 1 0 0 0 1 0 -0 0 1 3005.dat
0 H00916 ELEMENT 300501 MODULE guest-wing
1 15 1070 -384 430 1 0 0 0 1 0 -0 0 1 3005.dat
0 H00917 ELEMENT 300501 MODULE guest-wing
1 15 810 -408 430 1 0 0 0 1 0 -0 0 1 3005.dat
0 H00918 ELEMENT 300501 MODULE guest-wing
1 15 1070 -408 430 1 0 0 0 1 0 -0 0 1 3005.dat
0 H00919 ELEMENT 300501 MODULE guest-wing
1 15 810 -432 430 1 0 0 0 1 0 -0 0 1 3005.dat
0 H00920 ELEMENT 300501 MODULE guest-wing
1 15 1070 -432 430 1 0 0 0 1 0 -0 0 1 3005.dat
0 H00921 ELEMENT 300501 MODULE guest-wing
1 15 810 -456 430 1 0 0 0 1 0 -0 0 1 3005.dat
0 H00922 ELEMENT 300501 MODULE guest-wing
1 15 1070 -456 430 1 0 0 0 1 0 -0 0 1 3005.dat
0 H00923 ELEMENT 300501 MODULE guest-wing
1 15 810 -480 430 1 0 0 0 1 0 -0 0 1 3005.dat
0 H00924 ELEMENT 300501 MODULE guest-wing
1 15 1070 -480 430 1 0 0 0 1 0 -0 0 1 3005.dat
0 H00925 ELEMENT 300501 MODULE guest-wing
1 15 830 -384 430 1 0 0 0 1 0 -0 0 1 3005.dat
0 H00926 ELEMENT 300501 MODULE guest-wing
1 15 830 -408 430 1 0 0 0 1 0 -0 0 1 3005.dat
0 H00927 ELEMENT 300501 MODULE guest-wing
1 15 830 -432 430 1 0 0 0 1 0 -0 0 1 3005.dat
0 H00928 ELEMENT 300501 MODULE guest-wing
1 15 930 -384 430 1 0 0 0 1 0 -0 0 1 3005.dat
0 H00929 ELEMENT 300501 MODULE guest-wing
1 15 930 -408 430 1 0 0 0 1 0 -0 0 1 3005.dat
0 H00930 ELEMENT 300501 MODULE guest-wing
1 15 930 -432 430 1 0 0 0 1 0 -0 0 1 3005.dat
0 H00931 ELEMENT 6106183 MODULE guest-wing
1 15 880 -480 430 1 0 0 0 1 0 -0 0 1 15254.dat
0 H00932 ELEMENT 300501 MODULE guest-wing
1 15 950 -384 430 1 0 0 0 1 0 -0 0 1 3005.dat
0 H00933 ELEMENT 300501 MODULE guest-wing
1 15 950 -408 430 1 0 0 0 1 0 -0 0 1 3005.dat
0 H00934 ELEMENT 300501 MODULE guest-wing
1 15 950 -432 430 1 0 0 0 1 0 -0 0 1 3005.dat
0 H00935 ELEMENT 300501 MODULE guest-wing
1 15 1050 -384 430 1 0 0 0 1 0 -0 0 1 3005.dat
0 H00936 ELEMENT 300501 MODULE guest-wing
1 15 1050 -408 430 1 0 0 0 1 0 -0 0 1 3005.dat
0 H00937 ELEMENT 300501 MODULE guest-wing
1 15 1050 -432 430 1 0 0 0 1 0 -0 0 1 3005.dat
0 H00938 ELEMENT 6106183 MODULE guest-wing
1 15 1000 -480 430 1 0 0 0 1 0 -0 0 1 15254.dat
0 H00939 ELEMENT 611201 MODULE guest-wing
1 15 920 -504 430 1 0 0 0 1 0 -0 0 1 6112.dat
0 H00940 ELEMENT 300401 MODULE guest-wing
1 15 1060 -504 430 1 0 0 0 1 0 -0 0 1 3004.dat
0 H00941 ELEMENT 4226966 MODULE guest-wing
1 70 850 -456 410 1 0 0 0 1 0 -0 0 1 2453a.dat
0 H00942 ELEMENT 4226966 MODULE guest-wing
1 70 870 -456 410 1 0 0 0 1 0 -0 0 1 2453a.dat
0 H00943 ELEMENT 6177699 MODULE guest-wing
1 70 890 -408 410 1 0 0 0 1 0 -0 0 1 14716.dat
0 H00944 ELEMENT 6177699 MODULE guest-wing
1 70 910 -408 410 1 0 0 0 1 0 -0 0 1 14716.dat
0 H00945 ELEMENT 6177699 MODULE guest-wing
1 70 890 -480 410 1 0 0 0 1 0 -0 0 1 14716.dat
0 H00946 ELEMENT 6177699 MODULE guest-wing
1 70 910 -480 410 1 0 0 0 1 0 -0 0 1 14716.dat
0 H00947 ELEMENT 4211149 MODULE guest-wing
1 70 860 -480 410 1 0 0 0 1 0 -0 0 1 3004.dat
0 H00948 ELEMENT 4211225 MODULE guest-wing
1 70 1000 -360 410 1 0 0 0 1 0 -0 0 1 3010.dat
0 H00949 ELEMENT 4211225 MODULE guest-wing
1 70 1000 -384 410 1 0 0 0 1 0 -0 0 1 3010.dat
0 H00950 ELEMENT 4211225 MODULE guest-wing
1 70 1000 -408 410 1 0 0 0 1 0 -0 0 1 3010.dat
0 H00951 ELEMENT 4211225 MODULE guest-wing
1 70 1000 -432 410 1 0 0 0 1 0 -0 0 1 3010.dat
0 H00952 ELEMENT 4211225 MODULE guest-wing
1 70 1000 -456 410 1 0 0 0 1 0 -0 0 1 3010.dat
0 H00953 ELEMENT 4211225 MODULE guest-wing
1 70 1000 -480 410 1 0 0 0 1 0 -0 0 1 3010.dat
0 H00954 ELEMENT 611101 MODULE guest-wing
1 15 810 -360 320 0 0 1 0 1 0 -1 0 0 6111.dat
0 H00955 ELEMENT 611101 MODULE guest-wing
1 15 810 -384 320 0 0 1 0 1 0 -1 0 0 6111.dat
0 H00956 ELEMENT 611101 MODULE guest-wing
1 15 810 -408 320 0 0 1 0 1 0 -1 0 0 6111.dat
0 H00957 ELEMENT 611101 MODULE guest-wing
1 15 810 -432 320 0 0 1 0 1 0 -1 0 0 6111.dat
0 H00958 ELEMENT 611101 MODULE guest-wing
1 15 810 -456 320 0 0 1 0 1 0 -1 0 0 6111.dat
0 H00959 ELEMENT 611101 MODULE guest-wing
1 15 810 -480 320 0 0 1 0 1 0 -1 0 0 6111.dat
0 H00960 ELEMENT 300801 MODULE guest-wing
1 15 810 -504 300 0 0 1 0 1 0 -1 0 0 3008.dat
0 H00961 ELEMENT 300401 MODULE guest-wing
1 15 810 -504 400 0 0 1 0 1 0 -1 0 0 3004.dat
0 H00962 ELEMENT 300801 MODULE guest-wing
1 15 1070 -360 300 0 0 1 0 1 0 -1 0 0 3008.dat
0 H00963 ELEMENT 300401 MODULE guest-wing
1 15 1070 -360 400 0 0 1 0 1 0 -1 0 0 3004.dat
0 H00964 ELEMENT 300401 MODULE guest-wing
1 15 1070 -384 240 0 0 1 0 1 0 -1 0 0 3004.dat
0 H00965 ELEMENT 300401 MODULE guest-wing
1 15 1070 -384 400 0 0 1 0 1 0 -1 0 0 3004.dat
0 H00966 ELEMENT 300401 MODULE guest-wing
1 15 1070 -408 240 0 0 1 0 1 0 -1 0 0 3004.dat
0 H00967 ELEMENT 300401 MODULE guest-wing
1 15 1070 -408 400 0 0 1 0 1 0 -1 0 0 3004.dat
0 H00968 ELEMENT 300401 MODULE guest-wing
1 15 1070 -432 240 0 0 1 0 1 0 -1 0 0 3004.dat
0 H00969 ELEMENT 300401 MODULE guest-wing
1 15 1070 -432 400 0 0 1 0 1 0 -1 0 0 3004.dat
0 H00970 ELEMENT 300401 MODULE guest-wing
1 15 1070 -456 240 0 0 1 0 1 0 -1 0 0 3004.dat
0 H00971 ELEMENT 300401 MODULE guest-wing
1 15 1070 -456 400 0 0 1 0 1 0 -1 0 0 3004.dat
0 H00972 ELEMENT 300401 MODULE guest-wing
1 15 1070 -480 240 0 0 1 0 1 0 -1 0 0 3004.dat
0 H00973 ELEMENT 300401 MODULE guest-wing
1 15 1070 -480 400 0 0 1 0 1 0 -1 0 0 3004.dat
0 H00974 ELEMENT 300501 MODULE guest-wing
1 15 1070 -384 270 1 0 0 0 1 0 -0 0 1 3005.dat
0 H00975 ELEMENT 300501 MODULE guest-wing
1 15 1070 -408 270 1 0 0 0 1 0 -0 0 1 3005.dat
0 H00976 ELEMENT 300501 MODULE guest-wing
1 15 1070 -432 270 1 0 0 0 1 0 -0 0 1 3005.dat
0 H00977 ELEMENT 300501 MODULE guest-wing
1 15 1070 -384 370 1 0 0 0 1 0 -0 0 1 3005.dat
0 H00978 ELEMENT 300501 MODULE guest-wing
1 15 1070 -408 370 1 0 0 0 1 0 -0 0 1 3005.dat
0 H00979 ELEMENT 300501 MODULE guest-wing
1 15 1070 -432 370 1 0 0 0 1 0 -0 0 1 3005.dat
0 H00980 ELEMENT 6106183 MODULE guest-wing
1 15 1070 -480 320 0 0 1 0 1 0 -1 0 0 15254.dat
0 H00981 ELEMENT 300801 MODULE guest-wing
1 15 1070 -504 300 0 0 1 0 1 0 -1 0 0 3008.dat
0 H00982 ELEMENT 300401 MODULE guest-wing
1 15 1070 -504 400 0 0 1 0 1 0 -1 0 0 3004.dat
0 H00983 ELEMENT 301001 MODULE guest-wing
1 15 1050 -360 320 0 0 1 0 1 0 -1 0 0 3010.dat
0 H00984 ELEMENT 4530590 MODULE guest-wing
1 15 1050 -432 320 0 0 1 0 1 0 -1 0 0 60594.dat
0 H00985 ELEMENT 300426 MODULE guest-wing
1 0 1050 -456 300 0 0 1 0 1 0 -1 0 0 3004.dat
0 H00986 ELEMENT 300426 MODULE guest-wing
1 0 1050 -456 340 0 0 1 0 1 0 -1 0 0 3004.dat
0 H00987 ELEMENT 300426 MODULE guest-wing
1 0 1050 -480 300 0 0 1 0 1 0 -1 0 0 3004.dat
0 H00988 ELEMENT 300426 MODULE guest-wing
1 0 1050 -480 340 0 0 1 0 1 0 -1 0 0 3004.dat
0 H00989 ELEMENT 611201 MODULE guest-wing
1 15 920 -360 210 1 0 0 0 1 0 -0 0 1 6112.dat
0 H00990 ELEMENT 300401 MODULE guest-wing
1 15 1060 -360 210 1 0 0 0 1 0 -0 0 1 3004.dat
0 H00991 ELEMENT 6262945 MODULE guest-wing
1 15 880 -504 210 1 0 0 0 1 0 -0 0 1 60596.dat
0 H00992 ELEMENT 6514119 MODULE guest-wing
1 47 848 -504 215 1 0 0 0 1 0 -0 0 1 60616a.dat
0 H00993 ELEMENT 6262945 MODULE guest-wing
1 15 1000 -504 210 1 0 0 0 1 0 -0 0 1 60596.dat
0 H00994 ELEMENT 6514119 MODULE guest-wing
1 47 968 -504 215 1 0 0 0 1 0 -0 0 1 60616a.dat
0 H00995 ELEMENT 300401 MODULE guest-wing
1 15 820 -384 210 1 0 0 0 1 0 -0 0 1 3004.dat
0 H00996 ELEMENT 300401 MODULE guest-wing
1 15 940 -384 210 1 0 0 0 1 0 -0 0 1 3004.dat
0 H00997 ELEMENT 300401 MODULE guest-wing
1 15 1060 -384 210 1 0 0 0 1 0 -0 0 1 3004.dat
0 H00998 ELEMENT 300401 MODULE guest-wing
1 15 820 -408 210 1 0 0 0 1 0 -0 0 1 3004.dat
0 H00999 ELEMENT 300401 MODULE guest-wing
1 15 940 -408 210 1 0 0 0 1 0 -0 0 1 3004.dat
0 H01000 ELEMENT 300401 MODULE guest-wing
1 15 1060 -408 210 1 0 0 0 1 0 -0 0 1 3004.dat
0 H01001 ELEMENT 300401 MODULE guest-wing
1 15 820 -432 210 1 0 0 0 1 0 -0 0 1 3004.dat
0 H01002 ELEMENT 300401 MODULE guest-wing
1 15 940 -432 210 1 0 0 0 1 0 -0 0 1 3004.dat
0 H01003 ELEMENT 300401 MODULE guest-wing
1 15 1060 -432 210 1 0 0 0 1 0 -0 0 1 3004.dat
0 H01004 ELEMENT 300401 MODULE guest-wing
1 15 820 -456 210 1 0 0 0 1 0 -0 0 1 3004.dat
0 H01005 ELEMENT 300401 MODULE guest-wing
1 15 940 -456 210 1 0 0 0 1 0 -0 0 1 3004.dat
0 H01006 ELEMENT 300401 MODULE guest-wing
1 15 1060 -456 210 1 0 0 0 1 0 -0 0 1 3004.dat
0 H01007 ELEMENT 300401 MODULE guest-wing
1 15 820 -480 210 1 0 0 0 1 0 -0 0 1 3004.dat
0 H01008 ELEMENT 300401 MODULE guest-wing
1 15 940 -480 210 1 0 0 0 1 0 -0 0 1 3004.dat
0 H01009 ELEMENT 300401 MODULE guest-wing
1 15 1060 -480 210 1 0 0 0 1 0 -0 0 1 3004.dat
0 H01010 ELEMENT 300401 MODULE guest-wing
1 15 820 -504 210 1 0 0 0 1 0 -0 0 1 3004.dat
0 H01011 ELEMENT 300401 MODULE guest-wing
1 15 940 -504 210 1 0 0 0 1 0 -0 0 1 3004.dat
0 H01012 ELEMENT 300401 MODULE guest-wing
1 15 1060 -504 210 1 0 0 0 1 0 -0 0 1 3004.dat
0 H01200 ELEMENT 300801 MODULE connector
1 15 640 -360 230 1 0 0 0 1 0 -0 0 1 3008.dat
0 H01201 ELEMENT 301001 MODULE connector
1 15 760 -360 230 1 0 0 0 1 0 -0 0 1 3010.dat
0 H01202 ELEMENT 362201 MODULE connector
1 15 590 -384 230 1 0 0 0 1 0 -0 0 1 3622.dat
0 H01203 ELEMENT 362201 MODULE connector
1 15 770 -384 230 1 0 0 0 1 0 -0 0 1 3622.dat
0 H01204 ELEMENT 362201 MODULE connector
1 15 590 -408 230 1 0 0 0 1 0 -0 0 1 3622.dat
0 H01205 ELEMENT 362201 MODULE connector
1 15 770 -408 230 1 0 0 0 1 0 -0 0 1 3622.dat
0 H01206 ELEMENT 362201 MODULE connector
1 15 590 -432 230 1 0 0 0 1 0 -0 0 1 3622.dat
0 H01207 ELEMENT 362201 MODULE connector
1 15 770 -432 230 1 0 0 0 1 0 -0 0 1 3622.dat
0 H01208 ELEMENT 362201 MODULE connector
1 15 590 -456 230 1 0 0 0 1 0 -0 0 1 3622.dat
0 H01209 ELEMENT 362201 MODULE connector
1 15 770 -456 230 1 0 0 0 1 0 -0 0 1 3622.dat
0 H01210 ELEMENT 362201 MODULE connector
1 15 590 -480 230 1 0 0 0 1 0 -0 0 1 3622.dat
0 H01211 ELEMENT 362201 MODULE connector
1 15 770 -480 230 1 0 0 0 1 0 -0 0 1 3622.dat
0 H01212 ELEMENT 302401 MODULE connector
1 15 630 -368 230 1 0 0 0 1 0 -0 0 1 3024.dat
0 H01213 ELEMENT 302401 MODULE connector
1 15 630 -376 230 1 0 0 0 1 0 -0 0 1 3024.dat
0 H01214 ELEMENT 302401 MODULE connector
1 15 630 -384 230 1 0 0 0 1 0 -0 0 1 3024.dat
0 H01215 ELEMENT 302401 MODULE connector
1 15 630 -392 230 1 0 0 0 1 0 -0 0 1 3024.dat
0 H01216 ELEMENT 302401 MODULE connector
1 15 630 -400 230 1 0 0 0 1 0 -0 0 1 3024.dat
0 H01217 ELEMENT 302401 MODULE connector
1 15 630 -408 230 1 0 0 0 1 0 -0 0 1 3024.dat
0 H01218 ELEMENT 302401 MODULE connector
1 15 630 -416 230 1 0 0 0 1 0 -0 0 1 3024.dat
0 H01219 ELEMENT 302401 MODULE connector
1 15 630 -424 230 1 0 0 0 1 0 -0 0 1 3024.dat
0 H01220 ELEMENT 302401 MODULE connector
1 15 630 -432 230 1 0 0 0 1 0 -0 0 1 3024.dat
0 H01221 ELEMENT 302401 MODULE connector
1 15 730 -368 230 1 0 0 0 1 0 -0 0 1 3024.dat
0 H01222 ELEMENT 302401 MODULE connector
1 15 730 -376 230 1 0 0 0 1 0 -0 0 1 3024.dat
0 H01223 ELEMENT 302401 MODULE connector
1 15 730 -384 230 1 0 0 0 1 0 -0 0 1 3024.dat
0 H01224 ELEMENT 302401 MODULE connector
1 15 730 -392 230 1 0 0 0 1 0 -0 0 1 3024.dat
0 H01225 ELEMENT 302401 MODULE connector
1 15 730 -400 230 1 0 0 0 1 0 -0 0 1 3024.dat
0 H01226 ELEMENT 302401 MODULE connector
1 15 730 -408 230 1 0 0 0 1 0 -0 0 1 3024.dat
0 H01227 ELEMENT 302401 MODULE connector
1 15 730 -416 230 1 0 0 0 1 0 -0 0 1 3024.dat
0 H01228 ELEMENT 302401 MODULE connector
1 15 730 -424 230 1 0 0 0 1 0 -0 0 1 3024.dat
0 H01229 ELEMENT 302401 MODULE connector
1 15 730 -432 230 1 0 0 0 1 0 -0 0 1 3024.dat
0 H01230 ELEMENT 6106183 MODULE connector
1 15 680 -480 230 1 0 0 0 1 0 -0 0 1 15254.dat
0 H01231 ELEMENT 300801 MODULE connector
1 15 640 -504 230 1 0 0 0 1 0 -0 0 1 3008.dat
0 H01232 ELEMENT 301001 MODULE connector
1 15 760 -504 230 1 0 0 0 1 0 -0 0 1 3010.dat
0 H01233 ELEMENT 4211220 MODULE connector
1 70 670 -360 210 1 0 0 0 1 0 -0 0 1 3622.dat
0 H01234 ELEMENT 6177699 MODULE connector
1 70 710 -408 210 1 0 0 0 1 0 -0 0 1 14716.dat
0 H01235 ELEMENT 4211220 MODULE connector
1 70 670 -384 210 1 0 0 0 1 0 -0 0 1 3622.dat
0 H01236 ELEMENT 4211220 MODULE connector
1 70 670 -408 210 1 0 0 0 1 0 -0 0 1 3622.dat
0 H01237 ELEMENT 4211220 MODULE connector
1 70 670 -432 210 1 0 0 0 1 0 -0 0 1 3622.dat
0 H01238 ELEMENT 4211242 MODULE connector
1 70 710 -432 210 1 0 0 0 1 0 -0 0 1 3005.dat
0 H01239 ELEMENT 4211220 MODULE connector
1 70 670 -456 210 1 0 0 0 1 0 -0 0 1 3622.dat
0 H01240 ELEMENT 4211242 MODULE connector
1 70 710 -456 210 1 0 0 0 1 0 -0 0 1 3005.dat
0 H01241 ELEMENT 4211220 MODULE connector
1 70 670 -480 210 1 0 0 0 1 0 -0 0 1 3622.dat
0 H01242 ELEMENT 4211242 MODULE connector
1 70 710 -480 210 1 0 0 0 1 0 -0 0 1 3005.dat
0 H01243 ELEMENT 300901 MODULE connector
1 15 570 -360 160 0 0 1 0 1 0 -1 0 0 3009.dat
0 H01244 ELEMENT 300901 MODULE connector
1 15 570 -384 160 0 0 1 0 1 0 -1 0 0 3009.dat
0 H01245 ELEMENT 300901 MODULE connector
1 15 570 -408 160 0 0 1 0 1 0 -1 0 0 3009.dat
0 H01246 ELEMENT 300901 MODULE connector
1 15 570 -432 160 0 0 1 0 1 0 -1 0 0 3009.dat
0 H01247 ELEMENT 300901 MODULE connector
1 15 570 -456 160 0 0 1 0 1 0 -1 0 0 3009.dat
0 H01248 ELEMENT 300901 MODULE connector
1 15 570 -480 160 0 0 1 0 1 0 -1 0 0 3009.dat
0 H01249 ELEMENT 300901 MODULE connector
1 15 570 -504 160 0 0 1 0 1 0 -1 0 0 3009.dat
0 H01250 ELEMENT 300901 MODULE connector
1 15 790 -360 160 0 0 1 0 1 0 -1 0 0 3009.dat
0 H01251 ELEMENT 300901 MODULE connector
1 15 790 -384 160 0 0 1 0 1 0 -1 0 0 3009.dat
0 H01252 ELEMENT 300901 MODULE connector
1 15 790 -408 160 0 0 1 0 1 0 -1 0 0 3009.dat
0 H01253 ELEMENT 300901 MODULE connector
1 15 790 -432 160 0 0 1 0 1 0 -1 0 0 3009.dat
0 H01254 ELEMENT 300901 MODULE connector
1 15 790 -456 160 0 0 1 0 1 0 -1 0 0 3009.dat
0 H01255 ELEMENT 300901 MODULE connector
1 15 790 -480 160 0 0 1 0 1 0 -1 0 0 3009.dat
0 H01256 ELEMENT 300901 MODULE connector
1 15 790 -504 160 0 0 1 0 1 0 -1 0 0 3009.dat
0 H01257 ELEMENT 300801 MODULE connector
1 15 640 -360 90 1 0 0 0 1 0 -0 0 1 3008.dat
0 H01258 ELEMENT 301001 MODULE connector
1 15 760 -360 90 1 0 0 0 1 0 -0 0 1 3010.dat
0 H01259 ELEMENT 6262945 MODULE connector
1 15 680 -504 90 1 0 0 0 1 0 -0 0 1 60596.dat
0 H01260 ELEMENT 6514119 MODULE connector
1 47 648 -504 95 1 0 0 0 1 0 -0 0 1 60616a.dat
0 H01261 ELEMENT 301001 MODULE connector
1 15 600 -384 90 1 0 0 0 1 0 -0 0 1 3010.dat
0 H01262 ELEMENT 301001 MODULE connector
1 15 760 -384 90 1 0 0 0 1 0 -0 0 1 3010.dat
0 H01263 ELEMENT 301001 MODULE connector
1 15 600 -408 90 1 0 0 0 1 0 -0 0 1 3010.dat
0 H01264 ELEMENT 301001 MODULE connector
1 15 760 -408 90 1 0 0 0 1 0 -0 0 1 3010.dat
0 H01265 ELEMENT 301001 MODULE connector
1 15 600 -432 90 1 0 0 0 1 0 -0 0 1 3010.dat
0 H01266 ELEMENT 301001 MODULE connector
1 15 760 -432 90 1 0 0 0 1 0 -0 0 1 3010.dat
0 H01267 ELEMENT 301001 MODULE connector
1 15 600 -456 90 1 0 0 0 1 0 -0 0 1 3010.dat
0 H01268 ELEMENT 301001 MODULE connector
1 15 760 -456 90 1 0 0 0 1 0 -0 0 1 3010.dat
0 H01269 ELEMENT 301001 MODULE connector
1 15 600 -480 90 1 0 0 0 1 0 -0 0 1 3010.dat
0 H01270 ELEMENT 301001 MODULE connector
1 15 760 -480 90 1 0 0 0 1 0 -0 0 1 3010.dat
0 H01271 ELEMENT 301001 MODULE connector
1 15 600 -504 90 1 0 0 0 1 0 -0 0 1 3010.dat
0 H01272 ELEMENT 301001 MODULE connector
1 15 760 -504 90 1 0 0 0 1 0 -0 0 1 3010.dat
0 STEP
0 H00446 ELEMENT 244501 MODULE floor-and-cornice-2
1 15 200 -696 100 1 0 0 0 1 0 -0 0 1 2445.dat
0 H00447 ELEMENT 244501 MODULE floor-and-cornice-2
1 15 440 -696 100 1 0 0 0 1 0 -0 0 1 2445.dat
0 H00448 ELEMENT 244501 MODULE floor-and-cornice-2
1 15 200 -696 140 1 0 0 0 1 0 -0 0 1 2445.dat
0 H00449 ELEMENT 244501 MODULE floor-and-cornice-2
1 15 440 -696 140 1 0 0 0 1 0 -0 0 1 2445.dat
0 H00450 ELEMENT 244501 MODULE floor-and-cornice-2
1 15 200 -696 180 1 0 0 0 1 0 -0 0 1 2445.dat
0 H00451 ELEMENT 244501 MODULE floor-and-cornice-2
1 15 440 -696 180 1 0 0 0 1 0 -0 0 1 2445.dat
0 H00452 ELEMENT 244501 MODULE floor-and-cornice-2
1 15 200 -696 220 1 0 0 0 1 0 -0 0 1 2445.dat
0 H00453 ELEMENT 244501 MODULE floor-and-cornice-2
1 15 440 -696 220 1 0 0 0 1 0 -0 0 1 2445.dat
0 H00454 ELEMENT 244501 MODULE floor-and-cornice-2
1 15 200 -696 260 1 0 0 0 1 0 -0 0 1 2445.dat
0 H00455 ELEMENT 244501 MODULE floor-and-cornice-2
1 15 440 -696 260 1 0 0 0 1 0 -0 0 1 2445.dat
0 H00456 ELEMENT 244501 MODULE floor-and-cornice-2
1 15 200 -696 300 1 0 0 0 1 0 -0 0 1 2445.dat
0 H00457 ELEMENT 244501 MODULE floor-and-cornice-2
1 15 440 -696 300 1 0 0 0 1 0 -0 0 1 2445.dat
0 H00458 ELEMENT 244501 MODULE floor-and-cornice-2
1 15 200 -696 340 1 0 0 0 1 0 -0 0 1 2445.dat
0 H00459 ELEMENT 244501 MODULE floor-and-cornice-2
1 15 440 -696 340 1 0 0 0 1 0 -0 0 1 2445.dat
0 H00460 ELEMENT 379501 MODULE floor-and-cornice-2
1 15 180 -696 380 1 0 0 0 1 0 -0 0 1 3795.dat
0 H00461 ELEMENT 366601 MODULE floor-and-cornice-2
1 15 180 -696 410 1 0 0 0 1 0 -0 0 1 3666.dat
0 H00462 ELEMENT 303201 MODULE floor-and-cornice-2
1 15 180 -704 380 1 0 0 0 1 0 -0 0 1 3032.dat
0 H00463 ELEMENT 302101 MODULE floor-and-cornice-2
1 15 300 -704 370 0 0 1 0 1 0 -1 0 0 3021.dat
0 H00464 ELEMENT 302101 MODULE floor-and-cornice-2
1 15 340 -704 370 0 0 1 0 1 0 -1 0 0 3021.dat
0 H00465 ELEMENT 244501 MODULE floor-and-cornice-2
1 15 200 -704 100 1 0 0 0 1 0 -0 0 1 2445.dat
0 H00466 ELEMENT 244501 MODULE floor-and-cornice-2
1 15 440 -704 100 1 0 0 0 1 0 -0 0 1 2445.dat
0 H00467 ELEMENT 244501 MODULE floor-and-cornice-2
1 15 200 -704 140 1 0 0 0 1 0 -0 0 1 2445.dat
0 H00468 ELEMENT 244501 MODULE floor-and-cornice-2
1 15 440 -704 140 1 0 0 0 1 0 -0 0 1 2445.dat
0 H00469 ELEMENT 303201 MODULE floor-and-cornice-2
1 15 140 -704 200 1 0 0 0 1 0 -0 0 1 3032.dat
0 H00470 ELEMENT 244501 MODULE floor-and-cornice-2
1 15 320 -704 180 1 0 0 0 1 0 -0 0 1 2445.dat
0 H00471 ELEMENT 303201 MODULE floor-and-cornice-2
1 15 500 -704 200 1 0 0 0 1 0 -0 0 1 3032.dat
0 H00472 ELEMENT 244501 MODULE floor-and-cornice-2
1 15 320 -704 220 1 0 0 0 1 0 -0 0 1 2445.dat
0 H00473 ELEMENT 303201 MODULE floor-and-cornice-2
1 15 140 -704 280 1 0 0 0 1 0 -0 0 1 3032.dat
0 H00474 ELEMENT 244501 MODULE floor-and-cornice-2
1 15 320 -704 260 1 0 0 0 1 0 -0 0 1 2445.dat
0 H00475 ELEMENT 303201 MODULE floor-and-cornice-2
1 15 500 -704 280 1 0 0 0 1 0 -0 0 1 3032.dat
0 H00476 ELEMENT 244501 MODULE floor-and-cornice-2
1 15 320 -704 300 1 0 0 0 1 0 -0 0 1 2445.dat
0 H00477 ELEMENT 4514842 MODULE floor-and-cornice-2
1 15 200 -704 330 1 0 0 0 1 0 -0 0 1 60479.dat
0 H00478 ELEMENT 4514842 MODULE floor-and-cornice-2
1 15 440 -704 330 1 0 0 0 1 0 -0 0 1 60479.dat
0 H00479 ELEMENT 302301 MODULE floor-and-cornice-2
1 15 100 -704 350 1 0 0 0 1 0 -0 0 1 3023b.dat
0 H00480 ELEMENT 302301 MODULE floor-and-cornice-2
1 15 260 -704 350 1 0 0 0 1 0 -0 0 1 3023b.dat
0 H00481 ELEMENT 447701 MODULE floor-and-cornice-2
1 15 460 -704 350 1 0 0 0 1 0 -0 0 1 4477.dat
0 H01013 ELEMENT 302001 MODULE guest-wing-floor
1 15 860 -512 460 0 0 1 0 1 0 -1 0 0 3020.dat
0 H01014 ELEMENT 302001 MODULE guest-wing-floor
1 15 900 -512 460 0 0 1 0 1 0 -1 0 0 3020.dat
0 H01015 ELEMENT 302001 MODULE guest-wing-floor
1 15 940 -512 460 0 0 1 0 1 0 -1 0 0 3020.dat
0 H01016 ELEMENT 302001 MODULE guest-wing-floor
1 15 980 -512 460 0 0 1 0 1 0 -1 0 0 3020.dat
0 H01017 ELEMENT 302001 MODULE guest-wing-floor
1 15 1020 -512 460 0 0 1 0 1 0 -1 0 0 3020.dat
0 H01018 ELEMENT 379501 MODULE guest-wing-floor
1 15 860 -512 220 1 0 0 0 1 0 -0 0 1 3795.dat
0 H01019 ELEMENT 379501 MODULE guest-wing-floor
1 15 980 -512 220 1 0 0 0 1 0 -0 0 1 3795.dat
0 H01020 ELEMENT 379501 MODULE guest-wing-floor
1 15 1060 -512 260 0 0 1 0 1 0 -1 0 0 3795.dat
0 H01021 ELEMENT 379501 MODULE guest-wing-floor
1 15 860 -512 260 1 0 0 0 1 0 -0 0 1 3795.dat
0 H01022 ELEMENT 379501 MODULE guest-wing-floor
1 15 980 -512 260 1 0 0 0 1 0 -0 0 1 3795.dat
0 H01023 ELEMENT 379501 MODULE guest-wing-floor
1 15 860 -512 300 1 0 0 0 1 0 -0 0 1 3795.dat
0 H01024 ELEMENT 379501 MODULE guest-wing-floor
1 15 980 -512 300 1 0 0 0 1 0 -0 0 1 3795.dat
0 H01025 ELEMENT 379501 MODULE guest-wing-floor
1 15 860 -512 340 1 0 0 0 1 0 -0 0 1 3795.dat
0 H01026 ELEMENT 379501 MODULE guest-wing-floor
1 15 980 -512 340 1 0 0 0 1 0 -0 0 1 3795.dat
0 H01027 ELEMENT 379501 MODULE guest-wing-floor
1 15 1060 -512 380 0 0 1 0 1 0 -1 0 0 3795.dat
0 H01028 ELEMENT 4514842 MODULE guest-wing-floor
1 15 920 -512 370 1 0 0 0 1 0 -0 0 1 60479.dat
0 H01029 ELEMENT 4514842 MODULE guest-wing-floor
1 15 920 -512 390 1 0 0 0 1 0 -0 0 1 60479.dat
0 H01030 ELEMENT 4514842 MODULE guest-wing-floor
1 15 920 -512 410 1 0 0 0 1 0 -0 0 1 60479.dat
0 H01031 ELEMENT 302301 MODULE guest-wing-floor
1 15 820 -512 430 1 0 0 0 1 0 -0 0 1 3023b.dat
0 H01032 ELEMENT 302001 MODULE guest-wing-floor
1 15 860 -520 460 0 0 1 0 1 0 -1 0 0 3020.dat
0 H01033 ELEMENT 302001 MODULE guest-wing-floor
1 15 900 -520 460 0 0 1 0 1 0 -1 0 0 3020.dat
0 H01034 ELEMENT 302001 MODULE guest-wing-floor
1 15 940 -520 460 0 0 1 0 1 0 -1 0 0 3020.dat
0 H01035 ELEMENT 302001 MODULE guest-wing-floor
1 15 980 -520 460 0 0 1 0 1 0 -1 0 0 3020.dat
0 H01036 ELEMENT 302001 MODULE guest-wing-floor
1 15 1020 -520 460 0 0 1 0 1 0 -1 0 0 3020.dat
0 H01037 ELEMENT 302001 MODULE guest-wing-floor
1 15 920 -520 280 1 0 0 0 1 0 -0 0 1 3020.dat
0 H01038 ELEMENT 302001 MODULE guest-wing-floor
1 15 920 -520 360 1 0 0 0 1 0 -0 0 1 3020.dat
0 H01039 ELEMENT 379501 MODULE guest-wing-floor
1 15 860 -520 220 1 0 0 0 1 0 -0 0 1 3795.dat
0 H01040 ELEMENT 379501 MODULE guest-wing-floor
1 15 980 -520 220 1 0 0 0 1 0 -0 0 1 3795.dat
0 H01041 ELEMENT 4514842 MODULE guest-wing-floor
1 15 1050 -520 320 0 0 1 0 1 0 -1 0 0 60479.dat
0 H01042 ELEMENT 4514842 MODULE guest-wing-floor
1 15 1070 -520 320 0 0 1 0 1 0 -1 0 0 60479.dat
0 H01043 ELEMENT 379501 MODULE guest-wing-floor
1 15 820 -520 300 0 0 1 0 1 0 -1 0 0 3795.dat
0 H01044 ELEMENT 379501 MODULE guest-wing-floor
1 15 860 -520 300 0 0 1 0 1 0 -1 0 0 3795.dat
0 H01045 ELEMENT 346001 MODULE guest-wing-floor
1 15 960 -520 250 1 0 0 0 1 0 -0 0 1 3460.dat
0 H01046 ELEMENT 379501 MODULE guest-wing-floor
1 15 980 -520 320 0 0 1 0 1 0 -1 0 0 3795.dat
0 H01047 ELEMENT 379501 MODULE guest-wing-floor
1 15 1020 -520 320 0 0 1 0 1 0 -1 0 0 3795.dat
0 H01048 ELEMENT 302001 MODULE guest-wing-floor
1 15 920 -520 320 1 0 0 0 1 0 -0 0 1 3020.dat
0 H01049 ELEMENT 302001 MODULE guest-wing-floor
1 15 840 -520 380 1 0 0 0 1 0 -0 0 1 3020.dat
0 H01050 ELEMENT 379501 MODULE guest-wing-floor
1 15 940 -520 400 1 0 0 0 1 0 -0 0 1 3795.dat
0 H01051 ELEMENT 302201 MODULE guest-wing-floor
1 15 1020 -520 400 1 0 0 0 1 0 -0 0 1 3022.dat
0 H01052 ELEMENT 371001 MODULE guest-wing-floor
1 15 840 -520 410 1 0 0 0 1 0 -0 0 1 3710.dat
0 H01053 ELEMENT 302301 MODULE guest-wing-floor
1 15 820 -520 430 1 0 0 0 1 0 -0 0 1 3023b.dat
0 H01054 ELEMENT 243226 MODULE guest-balcony
1 0 920 -552 490 1 0 0 0 1 0 -0 0 1 2432.dat
0 H01055 ELEMENT 243226 MODULE guest-balcony
1 0 960 -552 490 1 0 0 0 1 0 -0 0 1 2432.dat
0 H01273 ELEMENT 447701 MODULE connector-floor
1 15 660 -512 90 1 0 0 0 1 0 -0 0 1 4477.dat
0 H01274 ELEMENT 346001 MODULE connector-floor
1 15 770 -512 160 0 0 1 0 1 0 -1 0 0 3460.dat
0 H01275 ELEMENT 346001 MODULE connector-floor
1 15 790 -512 160 0 0 1 0 1 0 -1 0 0 3460.dat
0 H01276 ELEMENT 447701 MODULE connector-floor
1 15 660 -512 110 1 0 0 0 1 0 -0 0 1 4477.dat
0 H01277 ELEMENT 447701 MODULE connector-floor
1 15 660 -512 130 1 0 0 0 1 0 -0 0 1 4477.dat
0 H01278 ELEMENT 447701 MODULE connector-floor
1 15 660 -512 150 1 0 0 0 1 0 -0 0 1 4477.dat
0 H01279 ELEMENT 447701 MODULE connector-floor
1 15 660 -512 170 1 0 0 0 1 0 -0 0 1 4477.dat
0 H01280 ELEMENT 447701 MODULE connector-floor
1 15 660 -512 190 1 0 0 0 1 0 -0 0 1 4477.dat
0 H01281 ELEMENT 346001 MODULE connector-floor
1 15 640 -512 210 1 0 0 0 1 0 -0 0 1 3460.dat
0 H01282 ELEMENT 302201 MODULE connector-floor
1 15 740 -512 220 1 0 0 0 1 0 -0 0 1 3022.dat
0 H01283 ELEMENT 346001 MODULE connector-floor
1 15 640 -512 230 1 0 0 0 1 0 -0 0 1 3460.dat
0 STEP
0 H00482 ELEMENT 243226 MODULE balconies-2
1 0 160 -736 410 1 0 0 0 1 0 -0 0 1 2432.dat
0 H00483 ELEMENT 243226 MODULE balconies-2
1 0 200 -736 410 1 0 0 0 1 0 -0 0 1 2432.dat
0 H00484 ELEMENT 306226 MODULE balconies-2
1 0 130 -728 410 1 0 0 0 1 0 -0 0 1 3062b.dat
0 H00485 ELEMENT 307026 MODULE balconies-2
1 0 130 -736 410 1 0 0 0 1 0 -0 0 1 3070b.dat
0 H00486 ELEMENT 306226 MODULE balconies-2
1 0 230 -728 410 1 0 0 0 1 0 -0 0 1 3062b.dat
0 H00487 ELEMENT 307026 MODULE balconies-2
1 0 230 -736 410 1 0 0 0 1 0 -0 0 1 3070b.dat
0 H00488 ELEMENT 4211183 MODULE balconies-2
1 70 130 -728 390 1 0 0 0 1 0 -0 0 1 3062b.dat
0 H00489 ELEMENT 6209673 MODULE balconies-2
1 31 130 -752 390 1 0 0 0 1 0 -0 0 1 3062b.dat
0 H00490 ELEMENT 6229130 MODULE balconies-2
1 2 130 -760 390 1 0 0 0 1 0 -0 0 1 32607.dat
0 H00491 ELEMENT 6299813 MODULE balconies-2
1 14 130 -768 390 1 0 0 0 1 0 -0 0 1 24866.dat
0 H00492 ELEMENT 4211183 MODULE balconies-2
1 70 230 -728 390 1 0 0 0 1 0 -0 0 1 3062b.dat
0 H00493 ELEMENT 6209673 MODULE balconies-2
1 31 230 -752 390 1 0 0 0 1 0 -0 0 1 3062b.dat
0 H00494 ELEMENT 6229130 MODULE balconies-2
1 2 230 -760 390 -1 0 0 0 1 0 -0 0 -1 32607.dat
0 H00495 ELEMENT 6299813 MODULE balconies-2
1 14 230 -768 390 1 0 0 0 1 0 -0 0 1 24866.dat
0 H00496 ELEMENT 243226 MODULE balconies-2
1 0 300 -736 390 1 0 0 0 1 0 -0 0 1 2432.dat
0 H00497 ELEMENT 243226 MODULE balconies-2
1 0 340 -736 390 1 0 0 0 1 0 -0 0 1 2432.dat
0 STEP
0 H00498 ELEMENT 4162465 MODULE storey-3
1 19 110 -728 350 1 0 0 0 1 0 -0 0 1 3622.dat
0 H00499 ELEMENT 4162465 MODULE storey-3
1 19 250 -728 350 1 0 0 0 1 0 -0 0 1 3622.dat
0 H00500 ELEMENT 4162465 MODULE storey-3
1 19 390 -728 350 1 0 0 0 1 0 -0 0 1 3622.dat
0 H00501 ELEMENT 4109995 MODULE storey-3
1 19 520 -728 350 1 0 0 0 1 0 -0 0 1 3004.dat
0 H00502 ELEMENT 4159553 MODULE storey-3
1 19 550 -712 350 1 0 0 0 1 0 -0 0 1 3024.dat
0 H00503 ELEMENT 4159553 MODULE storey-3
1 19 550 -720 350 1 0 0 0 1 0 -0 0 1 3024.dat
0 H00504 ELEMENT 4159553 MODULE storey-3
1 19 550 -728 350 1 0 0 0 1 0 -0 0 1 3024.dat
0 H00505 ELEMENT 4579260 MODULE storey-3
1 19 110 -800 350 -1 0 0 0 1 0 -0 0 -1 87087.dat
0 H00506 ELEMENT 371028 MODULE storey-3
1 2 110 -780 368 0 0 1 -1 0 0 0 -1 0 3710.dat
0 H00507 ELEMENT 4579260 MODULE storey-3
1 19 250 -800 350 -1 0 0 0 1 0 -0 0 -1 87087.dat
0 H00508 ELEMENT 371028 MODULE storey-3
1 2 250 -780 368 0 0 1 -1 0 0 0 -1 0 3710.dat
0 H00509 ELEMENT 4579260 MODULE storey-3
1 19 390 -800 350 -1 0 0 0 1 0 -0 0 -1 87087.dat
0 H00510 ELEMENT 371028 MODULE storey-3
1 2 390 -780 368 0 0 1 -1 0 0 0 -1 0 3710.dat
0 H00511 ELEMENT 4558952 MODULE storey-3
1 15 530 -800 350 -1 0 0 0 1 0 -0 0 -1 87087.dat
0 H00512 ELEMENT 371028 MODULE storey-3
1 2 530 -780 368 0 0 1 -1 0 0 0 -1 0 3710.dat
0 H00513 ELEMENT 4112980 MODULE storey-3
1 19 90 -848 350 1 0 0 0 1 0 -0 0 1 2453a.dat
0 H00514 ELEMENT 4159553 MODULE storey-3
1 19 110 -736 350 1 0 0 0 1 0 -0 0 1 3024.dat
0 H00515 ELEMENT 4159553 MODULE storey-3
1 19 250 -736 350 1 0 0 0 1 0 -0 0 1 3024.dat
0 H00516 ELEMENT 4159553 MODULE storey-3
1 19 390 -736 350 1 0 0 0 1 0 -0 0 1 3024.dat
0 H00517 ELEMENT 4109995 MODULE storey-3
1 19 540 -752 350 1 0 0 0 1 0 -0 0 1 3004.dat
0 H00518 ELEMENT 4159553 MODULE storey-3
1 19 110 -744 350 1 0 0 0 1 0 -0 0 1 3024.dat
0 H00519 ELEMENT 4159553 MODULE storey-3
1 19 250 -744 350 1 0 0 0 1 0 -0 0 1 3024.dat
0 H00520 ELEMENT 4159553 MODULE storey-3
1 19 390 -744 350 1 0 0 0 1 0 -0 0 1 3024.dat
0 H00521 ELEMENT 4159553 MODULE storey-3
1 19 110 -752 350 1 0 0 0 1 0 -0 0 1 3024.dat
0 H00522 ELEMENT 4159553 MODULE storey-3
1 19 250 -752 350 1 0 0 0 1 0 -0 0 1 3024.dat
0 H00523 ELEMENT 4159553 MODULE storey-3
1 19 390 -752 350 1 0 0 0 1 0 -0 0 1 3024.dat
0 H00524 ELEMENT 4159553 MODULE storey-3
1 19 110 -760 350 1 0 0 0 1 0 -0 0 1 3024.dat
0 H00525 ELEMENT 4159553 MODULE storey-3
1 19 250 -760 350 1 0 0 0 1 0 -0 0 1 3024.dat
0 H00526 ELEMENT 4159553 MODULE storey-3
1 19 390 -760 350 1 0 0 0 1 0 -0 0 1 3024.dat
0 H00527 ELEMENT 4109995 MODULE storey-3
1 19 540 -776 350 1 0 0 0 1 0 -0 0 1 3004.dat
0 H00528 ELEMENT 4159553 MODULE storey-3
1 19 110 -768 350 1 0 0 0 1 0 -0 0 1 3024.dat
0 H00529 ELEMENT 4159553 MODULE storey-3
1 19 250 -768 350 1 0 0 0 1 0 -0 0 1 3024.dat
0 H00530 ELEMENT 4159553 MODULE storey-3
1 19 390 -768 350 1 0 0 0 1 0 -0 0 1 3024.dat
0 H00531 ELEMENT 4159553 MODULE storey-3
1 19 110 -776 350 1 0 0 0 1 0 -0 0 1 3024.dat
0 H00532 ELEMENT 4159553 MODULE storey-3
1 19 250 -776 350 1 0 0 0 1 0 -0 0 1 3024.dat
0 H00533 ELEMENT 4159553 MODULE storey-3
1 19 390 -776 350 1 0 0 0 1 0 -0 0 1 3024.dat
0 H00534 ELEMENT 6057517 MODULE storey-3
1 19 550 -848 350 1 0 0 0 1 0 -0 0 1 14716.dat
0 H00535 ELEMENT 4159553 MODULE storey-3
1 19 110 -808 350 1 0 0 0 1 0 -0 0 1 3024.dat
0 H00536 ELEMENT 4159553 MODULE storey-3
1 19 250 -808 350 1 0 0 0 1 0 -0 0 1 3024.dat
0 H00537 ELEMENT 4159553 MODULE storey-3
1 19 390 -808 350 1 0 0 0 1 0 -0 0 1 3024.dat
0 H00538 ELEMENT 4159553 MODULE storey-3
1 19 530 -808 350 1 0 0 0 1 0 -0 0 1 3024.dat
0 H00539 ELEMENT 4159553 MODULE storey-3
1 19 110 -816 350 1 0 0 0 1 0 -0 0 1 3024.dat
0 H00540 ELEMENT 4159553 MODULE storey-3
1 19 250 -816 350 1 0 0 0 1 0 -0 0 1 3024.dat
0 H00541 ELEMENT 4159553 MODULE storey-3
1 19 390 -816 350 1 0 0 0 1 0 -0 0 1 3024.dat
0 H00542 ELEMENT 4159553 MODULE storey-3
1 19 530 -816 350 1 0 0 0 1 0 -0 0 1 3024.dat
0 H00543 ELEMENT 4159553 MODULE storey-3
1 19 110 -824 350 1 0 0 0 1 0 -0 0 1 3024.dat
0 H00544 ELEMENT 4159553 MODULE storey-3
1 19 250 -824 350 1 0 0 0 1 0 -0 0 1 3024.dat
0 H00545 ELEMENT 4159553 MODULE storey-3
1 19 390 -824 350 1 0 0 0 1 0 -0 0 1 3024.dat
0 H00546 ELEMENT 4159553 MODULE storey-3
1 19 530 -824 350 1 0 0 0 1 0 -0 0 1 3024.dat
0 H00547 ELEMENT 4159553 MODULE storey-3
1 19 110 -832 350 1 0 0 0 1 0 -0 0 1 3024.dat
0 H00548 ELEMENT 4159553 MODULE storey-3
1 19 250 -832 350 1 0 0 0 1 0 -0 0 1 3024.dat
0 H00549 ELEMENT 4159553 MODULE storey-3
1 19 390 -832 350 1 0 0 0 1 0 -0 0 1 3024.dat
0 H00550 ELEMENT 4159553 MODULE storey-3
1 19 530 -832 350 1 0 0 0 1 0 -0 0 1 3024.dat
0 H00551 ELEMENT 4159553 MODULE storey-3
1 19 110 -840 350 1 0 0 0 1 0 -0 0 1 3024.dat
0 H00552 ELEMENT 4159553 MODULE storey-3
1 19 250 -840 350 1 0 0 0 1 0 -0 0 1 3024.dat
0 H00553 ELEMENT 4159553 MODULE storey-3
1 19 390 -840 350 1 0 0 0 1 0 -0 0 1 3024.dat
0 H00554 ELEMENT 4159553 MODULE storey-3
1 19 530 -840 350 1 0 0 0 1 0 -0 0 1 3024.dat
0 H00555 ELEMENT 4159553 MODULE storey-3
1 19 110 -848 350 1 0 0 0 1 0 -0 0 1 3024.dat
0 H00556 ELEMENT 4159553 MODULE storey-3
1 19 250 -848 350 1 0 0 0 1 0 -0 0 1 3024.dat
0 H00557 ELEMENT 4159553 MODULE storey-3
1 19 390 -848 350 1 0 0 0 1 0 -0 0 1 3024.dat
0 H00558 ELEMENT 4159553 MODULE storey-3
1 19 530 -848 350 1 0 0 0 1 0 -0 0 1 3024.dat
0 H00559 ELEMENT 4159774 MODULE storey-3
1 19 160 -872 350 1 0 0 0 1 0 -0 0 1 3008.dat
0 H00560 ELEMENT 4159774 MODULE storey-3
1 19 320 -872 350 1 0 0 0 1 0 -0 0 1 3008.dat
0 H00561 ELEMENT 4159774 MODULE storey-3
1 19 480 -872 350 1 0 0 0 1 0 -0 0 1 3008.dat
0 H00562 ELEMENT 6055541 MODULE storey-3
1 15 130 -800 350 1 0 0 0 1 0 -0 0 1 14716.dat
0 H00563 ELEMENT 6055541 MODULE storey-3
1 15 230 -800 350 1 0 0 0 1 0 -0 0 1 14716.dat
0 H00564 ELEMENT 6106183 MODULE storey-3
1 15 180 -848 350 1 0 0 0 1 0 -0 0 1 15254.dat
0 H00565 ELEMENT 301001 MODULE storey-3
1 15 180 -728 330 1 0 0 0 1 0 -0 0 1 3010.dat
0 H00566 ELEMENT 300101 MODULE storey-3
1 15 180 -728 360 1 0 0 0 1 0 -0 0 1 3001.dat
0 H00567 ELEMENT 4530589 MODULE storey-3
1 0 180 -800 330 1 0 0 0 1 0 -0 0 1 60594.dat
0 H00568 ELEMENT 6514142 MODULE storey-3
1 47 180 -792 334 1 0 0 0 1 0 -0 0 1 86210.dat
0 H00569 ELEMENT 362226 MODULE storey-3
1 0 170 -824 330 1 0 0 0 1 0 -0 0 1 3622.dat
0 H00570 ELEMENT 300526 MODULE storey-3
1 0 210 -824 330 1 0 0 0 1 0 -0 0 1 3005.dat
0 H00571 ELEMENT 362226 MODULE storey-3
1 0 170 -848 330 1 0 0 0 1 0 -0 0 1 3622.dat
0 H00572 ELEMENT 300526 MODULE storey-3
1 0 210 -848 330 1 0 0 0 1 0 -0 0 1 3005.dat
0 H00573 ELEMENT 4550324 MODULE storey-3
1 19 180 -736 370 1 0 0 0 1 0 -0 0 1 2431.dat
0 H00574 ELEMENT 6055541 MODULE storey-3
1 15 270 -800 350 1 0 0 0 1 0 -0 0 1 14716.dat
0 H00575 ELEMENT 6055541 MODULE storey-3
1 15 370 -800 350 1 0 0 0 1 0 -0 0 1 14716.dat
0 H00576 ELEMENT 6106183 MODULE storey-3
1 15 320 -848 350 1 0 0 0 1 0 -0 0 1 15254.dat
0 H00577 ELEMENT 301001 MODULE storey-3
1 15 320 -728 330 1 0 0 0 1 0 -0 0 1 3010.dat
0 H00578 ELEMENT 300101 MODULE storey-3
1 15 320 -728 360 1 0 0 0 1 0 -0 0 1 3001.dat
0 H00579 ELEMENT 4530589 MODULE storey-3
1 0 320 -800 330 1 0 0 0 1 0 -0 0 1 60594.dat
0 H00580 ELEMENT 6514142 MODULE storey-3
1 47 320 -792 334 1 0 0 0 1 0 -0 0 1 86210.dat
0 H00581 ELEMENT 362226 MODULE storey-3
1 0 310 -824 330 1 0 0 0 1 0 -0 0 1 3622.dat
0 H00582 ELEMENT 300526 MODULE storey-3
1 0 350 -824 330 1 0 0 0 1 0 -0 0 1 3005.dat
0 H00583 ELEMENT 362226 MODULE storey-3
1 0 310 -848 330 1 0 0 0 1 0 -0 0 1 3622.dat
0 H00584 ELEMENT 300526 MODULE storey-3
1 0 350 -848 330 1 0 0 0 1 0 -0 0 1 3005.dat
0 H00585 ELEMENT 4550324 MODULE storey-3
1 19 320 -736 370 1 0 0 0 1 0 -0 0 1 2431.dat
0 H00586 ELEMENT 6055541 MODULE storey-3
1 15 410 -800 350 1 0 0 0 1 0 -0 0 1 14716.dat
0 H00587 ELEMENT 6055541 MODULE storey-3
1 15 510 -800 350 1 0 0 0 1 0 -0 0 1 14716.dat
0 H00588 ELEMENT 6106183 MODULE storey-3
1 15 460 -848 350 1 0 0 0 1 0 -0 0 1 15254.dat
0 H00589 ELEMENT 301001 MODULE storey-3
1 15 460 -728 330 1 0 0 0 1 0 -0 0 1 3010.dat
0 H00590 ELEMENT 300101 MODULE storey-3
1 15 460 -728 360 1 0 0 0 1 0 -0 0 1 3001.dat
0 H00591 ELEMENT 4530589 MODULE storey-3
1 0 460 -800 330 1 0 0 0 1 0 -0 0 1 60594.dat
0 H00592 ELEMENT 6514142 MODULE storey-3
1 47 460 -792 334 1 0 0 0 1 0 -0 0 1 86210.dat
0 H00593 ELEMENT 362226 MODULE storey-3
1 0 450 -824 330 1 0 0 0 1 0 -0 0 1 3622.dat
0 H00594 ELEMENT 300526 MODULE storey-3
1 0 490 -824 330 1 0 0 0 1 0 -0 0 1 3005.dat
0 H00595 ELEMENT 362226 MODULE storey-3
1 0 450 -848 330 1 0 0 0 1 0 -0 0 1 3622.dat
0 H00596 ELEMENT 300526 MODULE storey-3
1 0 490 -848 330 1 0 0 0 1 0 -0 0 1 3005.dat
0 H00597 ELEMENT 4550324 MODULE storey-3
1 19 460 -736 370 1 0 0 0 1 0 -0 0 1 2431.dat
0 H00598 ELEMENT 4112982 MODULE storey-3
1 19 90 -728 140 0 0 1 0 1 0 -1 0 0 3009.dat
0 H00599 ELEMENT 4112982 MODULE storey-3
1 19 90 -728 260 0 0 1 0 1 0 -1 0 0 3009.dat
0 H00600 ELEMENT 4159553 MODULE storey-3
1 19 90 -712 330 1 0 0 0 1 0 -0 0 1 3024.dat
0 H00601 ELEMENT 4159553 MODULE storey-3
1 19 90 -720 330 1 0 0 0 1 0 -0 0 1 3024.dat
0 H00602 ELEMENT 4159553 MODULE storey-3
1 19 90 -728 330 1 0 0 0 1 0 -0 0 1 3024.dat
0 H00603 ELEMENT 245301 MODULE storey-3
1 15 90 -848 90 1 0 0 0 1 0 -0 0 1 2453a.dat
0 H00604 ELEMENT 245301 MODULE storey-3
1 15 90 -848 310 1 0 0 0 1 0 -0 0 1 2453a.dat
0 H00605 ELEMENT 245301 MODULE storey-3
1 15 90 -848 330 1 0 0 0 1 0 -0 0 1 2453a.dat
0 H00606 ELEMENT 6146877 MODULE storey-3
1 19 90 -800 140 0 0 1 0 1 0 -1 0 0 60581.dat
0 H00607 ELEMENT 4113916 MODULE storey-3
1 19 90 -824 140 0 0 1 0 1 0 -1 0 0 3010.dat
0 H00608 ELEMENT 4113916 MODULE storey-3
1 19 90 -848 140 0 0 1 0 1 0 -1 0 0 3010.dat
0 H00609 ELEMENT 6055541 MODULE storey-3
1 15 90 -800 190 1 0 0 0 1 0 -0 0 1 14716.dat
0 H00610 ELEMENT 6055541 MODULE storey-3
1 15 90 -800 290 1 0 0 0 1 0 -0 0 1 14716.dat
0 H00611 ELEMENT 6106183 MODULE storey-3
1 15 90 -848 240 0 0 1 0 1 0 -1 0 0 15254.dat
0 H00612 ELEMENT 4112982 MODULE storey-3
1 19 90 -872 140 0 0 1 0 1 0 -1 0 0 3009.dat
0 H00613 ELEMENT 4112982 MODULE storey-3
1 19 90 -872 260 0 0 1 0 1 0 -1 0 0 3009.dat
0 H00614 ELEMENT 4159553 MODULE storey-3
1 19 90 -856 330 1 0 0 0 1 0 -0 0 1 3024.dat
0 H00615 ELEMENT 4159553 MODULE storey-3
1 19 90 -864 330 1 0 0 0 1 0 -0 0 1 3024.dat
0 H00616 ELEMENT 4159553 MODULE storey-3
1 19 90 -872 330 1 0 0 0 1 0 -0 0 1 3024.dat
0 H00617 ELEMENT 301001 MODULE storey-3
1 15 110 -728 240 0 0 1 0 1 0 -1 0 0 3010.dat
0 H00618 ELEMENT 4530590 MODULE storey-3
1 15 110 -800 240 0 0 1 0 1 0 -1 0 0 60594.dat
0 H00619 ELEMENT 6514142 MODULE storey-3
1 47 114 -792 240 0 0 1 0 1 0 -1 0 0 86210.dat
0 H00620 ELEMENT 362226 MODULE storey-3
1 0 110 -824 230 0 0 1 0 1 0 -1 0 0 3622.dat
0 H00621 ELEMENT 300526 MODULE storey-3
1 0 110 -824 270 1 0 0 0 1 0 -0 0 1 3005.dat
0 H00622 ELEMENT 362226 MODULE storey-3
1 0 110 -848 230 0 0 1 0 1 0 -1 0 0 3622.dat
0 H00623 ELEMENT 300526 MODULE storey-3
1 0 110 -848 270 1 0 0 0 1 0 -0 0 1 3005.dat
0 H00624 ELEMENT 4112982 MODULE storey-3
1 19 550 -728 140 0 0 1 0 1 0 -1 0 0 3009.dat
0 H00625 ELEMENT 4112982 MODULE storey-3
1 19 550 -728 260 0 0 1 0 1 0 -1 0 0 3009.dat
0 H00626 ELEMENT 4159553 MODULE storey-3
1 19 550 -712 330 1 0 0 0 1 0 -0 0 1 3024.dat
0 H00627 ELEMENT 4159553 MODULE storey-3
1 19 550 -720 330 1 0 0 0 1 0 -0 0 1 3024.dat
0 H00628 ELEMENT 4159553 MODULE storey-3
1 19 550 -728 330 1 0 0 0 1 0 -0 0 1 3024.dat
0 H00629 ELEMENT 245301 MODULE storey-3
1 15 550 -848 90 1 0 0 0 1 0 -0 0 1 2453a.dat
0 H00630 ELEMENT 245301 MODULE storey-3
1 15 550 -848 310 1 0 0 0 1 0 -0 0 1 2453a.dat
0 H00631 ELEMENT 245301 MODULE storey-3
1 15 550 -848 330 1 0 0 0 1 0 -0 0 1 2453a.dat
0 H00632 ELEMENT 6146877 MODULE storey-3
1 19 550 -800 140 0 0 1 0 1 0 -1 0 0 60581.dat
0 H00633 ELEMENT 4113916 MODULE storey-3
1 19 550 -824 140 0 0 1 0 1 0 -1 0 0 3010.dat
0 H00634 ELEMENT 4113916 MODULE storey-3
1 19 550 -848 140 0 0 1 0 1 0 -1 0 0 3010.dat
0 H00635 ELEMENT 6055541 MODULE storey-3
1 15 550 -800 190 1 0 0 0 1 0 -0 0 1 14716.dat
0 H00636 ELEMENT 300501 MODULE storey-3
1 15 550 -752 290 1 0 0 0 1 0 -0 0 1 3005.dat
0 H00637 ELEMENT 300501 MODULE storey-3
1 15 550 -776 290 1 0 0 0 1 0 -0 0 1 3005.dat
0 H00638 ELEMENT 300501 MODULE storey-3
1 15 550 -800 290 1 0 0 0 1 0 -0 0 1 3005.dat
0 H00639 ELEMENT 6106183 MODULE storey-3
1 15 550 -848 240 0 0 1 0 1 0 -1 0 0 15254.dat
0 H00640 ELEMENT 4112982 MODULE storey-3
1 19 550 -872 140 0 0 1 0 1 0 -1 0 0 3009.dat
0 H00641 ELEMENT 4112982 MODULE storey-3
1 19 550 -872 260 0 0 1 0 1 0 -1 0 0 3009.dat
0 H00642 ELEMENT 4159553 MODULE storey-3
1 19 550 -856 330 1 0 0 0 1 0 -0 0 1 3024.dat
0 H00643 ELEMENT 4159553 MODULE storey-3
1 19 550 -864 330 1 0 0 0 1 0 -0 0 1 3024.dat
0 H00644 ELEMENT 4159553 MODULE storey-3
1 19 550 -872 330 1 0 0 0 1 0 -0 0 1 3024.dat
0 H00645 ELEMENT 301001 MODULE storey-3
1 15 530 -728 240 0 0 1 0 1 0 -1 0 0 3010.dat
0 H00646 ELEMENT 4530590 MODULE storey-3
1 15 530 -800 240 0 0 1 0 1 0 -1 0 0 60594.dat
0 H00647 ELEMENT 6514142 MODULE storey-3
1 47 534 -792 240 0 0 1 0 1 0 -1 0 0 86210.dat
0 H00648 ELEMENT 362226 MODULE storey-3
1 0 530 -824 230 0 0 1 0 1 0 -1 0 0 3622.dat
0 H00649 ELEMENT 300526 MODULE storey-3
1 0 530 -824 270 1 0 0 0 1 0 -0 0 1 3005.dat
0 H00650 ELEMENT 362226 MODULE storey-3
1 0 530 -848 230 0 0 1 0 1 0 -1 0 0 3622.dat
0 H00651 ELEMENT 302426 MODULE storey-3
1 0 530 -832 270 1 0 0 0 1 0 -0 0 1 3024.dat
0 H00652 ELEMENT 302426 MODULE storey-3
1 0 530 -840 270 1 0 0 0 1 0 -0 0 1 3024.dat
0 H00653 ELEMENT 302426 MODULE storey-3
1 0 530 -848 270 1 0 0 0 1 0 -0 0 1 3024.dat
0 H00654 ELEMENT 246501 MODULE storey-3
1 15 260 -728 90 1 0 0 0 1 0 -0 0 1 2465.dat
0 H00655 ELEMENT 300901 MODULE storey-3
1 15 480 -728 90 1 0 0 0 1 0 -0 0 1 3009.dat
0 H00656 ELEMENT 6262945 MODULE storey-3
1 15 200 -872 90 1 0 0 0 1 0 -0 0 1 60596.dat
0 H00657 ELEMENT 6514119 MODULE storey-3
1 47 168 -872 95 1 0 0 0 1 0 -0 0 1 60616a.dat
0 H00658 ELEMENT 6262945 MODULE storey-3
1 15 400 -872 90 1 0 0 0 1 0 -0 0 1 60596.dat
0 H00659 ELEMENT 6514119 MODULE storey-3
1 47 368 -872 95 1 0 0 0 1 0 -0 0 1 60616a.dat
0 H00660 ELEMENT 245301 MODULE storey-3
1 15 110 -848 90 1 0 0 0 1 0 -0 0 1 2453a.dat
0 H00661 ELEMENT 245301 MODULE storey-3
1 15 130 -848 90 1 0 0 0 1 0 -0 0 1 2453a.dat
0 H00662 ELEMENT 300501 MODULE storey-3
1 15 150 -752 90 1 0 0 0 1 0 -0 0 1 3005.dat
0 H00663 ELEMENT 300901 MODULE storey-3
1 15 300 -752 90 1 0 0 0 1 0 -0 0 1 3009.dat
0 H00664 ELEMENT 301001 MODULE storey-3
1 15 480 -752 90 1 0 0 0 1 0 -0 0 1 3010.dat
0 H00665 ELEMENT 300501 MODULE storey-3
1 15 530 -752 90 1 0 0 0 1 0 -0 0 1 3005.dat
0 H00666 ELEMENT 300501 MODULE storey-3
1 15 150 -776 90 1 0 0 0 1 0 -0 0 1 3005.dat
0 H00667 ELEMENT 300901 MODULE storey-3
1 15 300 -776 90 1 0 0 0 1 0 -0 0 1 3009.dat
0 H00668 ELEMENT 301001 MODULE storey-3
1 15 480 -776 90 1 0 0 0 1 0 -0 0 1 3010.dat
0 H00669 ELEMENT 300501 MODULE storey-3
1 15 530 -776 90 1 0 0 0 1 0 -0 0 1 3005.dat
0 H00670 ELEMENT 300501 MODULE storey-3
1 15 150 -800 90 1 0 0 0 1 0 -0 0 1 3005.dat
0 H00671 ELEMENT 300901 MODULE storey-3
1 15 300 -800 90 1 0 0 0 1 0 -0 0 1 3009.dat
0 H00672 ELEMENT 301001 MODULE storey-3
1 15 480 -800 90 1 0 0 0 1 0 -0 0 1 3010.dat
0 H00673 ELEMENT 300501 MODULE storey-3
1 15 530 -800 90 1 0 0 0 1 0 -0 0 1 3005.dat
0 H00674 ELEMENT 300501 MODULE storey-3
1 15 150 -824 90 1 0 0 0 1 0 -0 0 1 3005.dat
0 H00675 ELEMENT 300901 MODULE storey-3
1 15 300 -824 90 1 0 0 0 1 0 -0 0 1 3009.dat
0 H00676 ELEMENT 301001 MODULE storey-3
1 15 480 -824 90 1 0 0 0 1 0 -0 0 1 3010.dat
0 H00677 ELEMENT 300501 MODULE storey-3
1 15 530 -824 90 1 0 0 0 1 0 -0 0 1 3005.dat
0 H00678 ELEMENT 300501 MODULE storey-3
1 15 150 -848 90 1 0 0 0 1 0 -0 0 1 3005.dat
0 H00679 ELEMENT 300901 MODULE storey-3
1 15 300 -848 90 1 0 0 0 1 0 -0 0 1 3009.dat
0 H00680 ELEMENT 301001 MODULE storey-3
1 15 480 -848 90 1 0 0 0 1 0 -0 0 1 3010.dat
0 H00681 ELEMENT 300501 MODULE storey-3
1 15 530 -848 90 1 0 0 0 1 0 -0 0 1 3005.dat
0 H00682 ELEMENT 362201 MODULE storey-3
1 15 130 -872 90 1 0 0 0 1 0 -0 0 1 3622.dat
0 H00683 ELEMENT 300901 MODULE storey-3
1 15 300 -872 90 1 0 0 0 1 0 -0 0 1 3009.dat
0 H00684 ELEMENT 301001 MODULE storey-3
1 15 480 -872 90 1 0 0 0 1 0 -0 0 1 3010.dat
0 H00685 ELEMENT 300501 MODULE storey-3
1 15 530 -872 90 1 0 0 0 1 0 -0 0 1 3005.dat
0 STEP
0 H00686 ELEMENT 303201 MODULE floor-and-cornice-3
1 15 120 -880 100 1 0 0 0 1 0 -0 0 1 3032.dat
0 H00687 ELEMENT 244501 MODULE floor-and-cornice-3
1 15 300 -880 80 1 0 0 0 1 0 -0 0 1 2445.dat
0 H00688 ELEMENT 303201 MODULE floor-and-cornice-3
1 15 480 -880 100 1 0 0 0 1 0 -0 0 1 3032.dat
0 H00689 ELEMENT 383201 MODULE floor-and-cornice-3
1 15 560 -880 160 0 0 1 0 1 0 -1 0 0 3832.dat
0 H00690 ELEMENT 383201 MODULE floor-and-cornice-3
1 15 280 -880 120 1 0 0 0 1 0 -0 0 1 3832.dat
0 H00691 ELEMENT 383201 MODULE floor-and-cornice-3
1 15 400 -880 200 0 0 1 0 1 0 -1 0 0 3832.dat
0 H00692 ELEMENT 383201 MODULE floor-and-cornice-3
1 15 160 -880 160 1 0 0 0 1 0 -0 0 1 3832.dat
0 H00693 ELEMENT 383201 MODULE floor-and-cornice-3
1 15 280 -880 240 0 0 1 0 1 0 -1 0 0 3832.dat
0 H00694 ELEMENT 383201 MODULE floor-and-cornice-3
1 15 320 -880 240 0 0 1 0 1 0 -1 0 0 3832.dat
0 H00695 ELEMENT 383201 MODULE floor-and-cornice-3
1 15 360 -880 240 0 0 1 0 1 0 -1 0 0 3832.dat
0 H00696 ELEMENT 383201 MODULE floor-and-cornice-3
1 15 440 -880 240 0 0 1 0 1 0 -1 0 0 3832.dat
0 H00697 ELEMENT 303401 MODULE floor-and-cornice-3
1 15 480 -880 220 0 0 1 0 1 0 -1 0 0 3034.dat
0 H00698 ELEMENT 303401 MODULE floor-and-cornice-3
1 15 520 -880 220 0 0 1 0 1 0 -1 0 0 3034.dat
0 H00699 ELEMENT 303401 MODULE floor-and-cornice-3
1 15 140 -880 200 1 0 0 0 1 0 -0 0 1 3034.dat
0 H00700 ELEMENT 303401 MODULE floor-and-cornice-3
1 15 240 -880 260 0 0 1 0 1 0 -1 0 0 3034.dat
0 H00701 ELEMENT 303401 MODULE floor-and-cornice-3
1 15 140 -880 240 1 0 0 0 1 0 -0 0 1 3034.dat
0 H00702 ELEMENT 303401 MODULE floor-and-cornice-3
1 15 140 -880 280 1 0 0 0 1 0 -0 0 1 3034.dat
0 H00703 ELEMENT 379501 MODULE floor-and-cornice-3
1 15 560 -880 320 0 0 1 0 1 0 -1 0 0 3795.dat
0 H00704 ELEMENT 303401 MODULE floor-and-cornice-3
1 15 140 -880 320 1 0 0 0 1 0 -0 0 1 3034.dat
0 H00705 ELEMENT 302001 MODULE floor-and-cornice-3
1 15 400 -880 340 0 0 1 0 1 0 -1 0 0 3020.dat
0 H00706 ELEMENT 4243812 MODULE floor-and-cornice-3
1 15 500 -880 340 1 0 0 0 1 0 -0 0 1 3031.dat
0 H00707 ELEMENT 303401 MODULE floor-and-cornice-3
1 15 140 -880 360 1 0 0 0 1 0 -0 0 1 3034.dat
0 H00708 ELEMENT 303401 MODULE floor-and-cornice-3
1 15 300 -880 360 1 0 0 0 1 0 -0 0 1 3034.dat
0 H00709 ELEMENT 302201 MODULE floor-and-cornice-3
1 15 440 -880 360 1 0 0 0 1 0 -0 0 1 3022.dat
0 H00710 ELEMENT 303401 MODULE floor-and-cornice-3
1 15 140 -888 80 1 0 0 0 1 0 -0 0 1 3034.dat
0 H00711 ELEMENT 303401 MODULE floor-and-cornice-3
1 15 300 -888 80 1 0 0 0 1 0 -0 0 1 3034.dat
0 H00712 ELEMENT 303401 MODULE floor-and-cornice-3
1 15 460 -888 80 1 0 0 0 1 0 -0 0 1 3034.dat
0 H00713 ELEMENT 303401 MODULE floor-and-cornice-3
1 15 560 -888 140 0 0 1 0 1 0 -1 0 0 3034.dat
0 H00714 ELEMENT 303401 MODULE floor-and-cornice-3
1 15 140 -888 120 1 0 0 0 1 0 -0 0 1 3034.dat
0 H00715 ELEMENT 4243812 MODULE floor-and-cornice-3
1 15 260 -888 140 1 0 0 0 1 0 -0 0 1 3031.dat
0 H00716 ELEMENT 303401 MODULE floor-and-cornice-3
1 15 380 -888 120 1 0 0 0 1 0 -0 0 1 3034.dat
0 H00717 ELEMENT 4243812 MODULE floor-and-cornice-3
1 15 500 -888 140 1 0 0 0 1 0 -0 0 1 3031.dat
0 H00718 ELEMENT 303401 MODULE floor-and-cornice-3
1 15 140 -888 160 1 0 0 0 1 0 -0 0 1 3034.dat
0 H00719 ELEMENT 4243812 MODULE floor-and-cornice-3
1 15 340 -888 180 1 0 0 0 1 0 -0 0 1 3031.dat
0 H00720 ELEMENT 303401 MODULE floor-and-cornice-3
1 15 400 -888 220 0 0 1 0 1 0 -1 0 0 3034.dat
0 H00721 ELEMENT 303401 MODULE floor-and-cornice-3
1 15 440 -888 220 0 0 1 0 1 0 -1 0 0 3034.dat
0 H00722 ELEMENT 4243812 MODULE floor-and-cornice-3
1 15 100 -888 220 1 0 0 0 1 0 -0 0 1 3031.dat
0 H00723 ELEMENT 4243812 MODULE floor-and-cornice-3
1 15 180 -888 220 1 0 0 0 1 0 -0 0 1 3031.dat
0 H00724 ELEMENT 303401 MODULE floor-and-cornice-3
1 15 240 -888 260 0 0 1 0 1 0 -1 0 0 3034.dat
0 H00725 ELEMENT 303401 MODULE floor-and-cornice-3
1 15 280 -888 260 0 0 1 0 1 0 -1 0 0 3034.dat
0 H00726 ELEMENT 4243812 MODULE floor-and-cornice-3
1 15 500 -888 220 1 0 0 0 1 0 -0 0 1 3031.dat
0 H00727 ELEMENT 4243812 MODULE floor-and-cornice-3
1 15 340 -888 260 1 0 0 0 1 0 -0 0 1 3031.dat
0 H00728 ELEMENT 303401 MODULE floor-and-cornice-3
1 15 560 -888 300 0 0 1 0 1 0 -1 0 0 3034.dat
0 H00729 ELEMENT 4243812 MODULE floor-and-cornice-3
1 15 100 -888 300 1 0 0 0 1 0 -0 0 1 3031.dat
0 H00730 ELEMENT 4243812 MODULE floor-and-cornice-3
1 15 180 -888 300 1 0 0 0 1 0 -0 0 1 3031.dat
0 H00731 ELEMENT 4243812 MODULE floor-and-cornice-3
1 15 500 -888 300 1 0 0 0 1 0 -0 0 1 3031.dat
0 H00732 ELEMENT 303401 MODULE floor-and-cornice-3
1 15 380 -888 320 1 0 0 0 1 0 -0 0 1 3034.dat
0 H00733 ELEMENT 303401 MODULE floor-and-cornice-3
1 15 140 -888 360 1 0 0 0 1 0 -0 0 1 3034.dat
0 H00734 ELEMENT 379501 MODULE floor-and-cornice-3
1 15 280 -888 360 1 0 0 0 1 0 -0 0 1 3795.dat
0 H00735 ELEMENT 379501 MODULE floor-and-cornice-3
1 15 400 -888 360 1 0 0 0 1 0 -0 0 1 3795.dat
0 H00736 ELEMENT 302001 MODULE floor-and-cornice-3
1 15 500 -888 360 1 0 0 0 1 0 -0 0 1 3020.dat
0 STEP
0 H01056 ELEMENT 611201 MODULE guest-wing
1 15 920 -544 430 1 0 0 0 1 0 -0 0 1 6112.dat
0 H01057 ELEMENT 300401 MODULE guest-wing
1 15 1060 -544 430 1 0 0 0 1 0 -0 0 1 3004.dat
0 H01058 ELEMENT 300501 MODULE guest-wing
1 15 810 -568 430 1 0 0 0 1 0 -0 0 1 3005.dat
0 H01059 ELEMENT 300501 MODULE guest-wing
1 15 1070 -568 430 1 0 0 0 1 0 -0 0 1 3005.dat
0 H01060 ELEMENT 300501 MODULE guest-wing
1 15 810 -592 430 1 0 0 0 1 0 -0 0 1 3005.dat
0 H01061 ELEMENT 300501 MODULE guest-wing
1 15 1070 -592 430 1 0 0 0 1 0 -0 0 1 3005.dat
0 H01062 ELEMENT 300501 MODULE guest-wing
1 15 810 -616 430 1 0 0 0 1 0 -0 0 1 3005.dat
0 H01063 ELEMENT 300501 MODULE guest-wing
1 15 1070 -616 430 1 0 0 0 1 0 -0 0 1 3005.dat
0 H01064 ELEMENT 300501 MODULE guest-wing
1 15 810 -640 430 1 0 0 0 1 0 -0 0 1 3005.dat
0 H01065 ELEMENT 300501 MODULE guest-wing
1 15 1070 -640 430 1 0 0 0 1 0 -0 0 1 3005.dat
0 H01066 ELEMENT 300501 MODULE guest-wing
1 15 810 -664 430 1 0 0 0 1 0 -0 0 1 3005.dat
0 H01067 ELEMENT 300501 MODULE guest-wing
1 15 1070 -664 430 1 0 0 0 1 0 -0 0 1 3005.dat
0 H01068 ELEMENT 300501 MODULE guest-wing
1 15 830 -568 430 1 0 0 0 1 0 -0 0 1 3005.dat
0 H01069 ELEMENT 300501 MODULE guest-wing
1 15 830 -592 430 1 0 0 0 1 0 -0 0 1 3005.dat
0 H01070 ELEMENT 300501 MODULE guest-wing
1 15 830 -616 430 1 0 0 0 1 0 -0 0 1 3005.dat
0 H01071 ELEMENT 300501 MODULE guest-wing
1 15 930 -568 430 1 0 0 0 1 0 -0 0 1 3005.dat
0 H01072 ELEMENT 300501 MODULE guest-wing
1 15 930 -592 430 1 0 0 0 1 0 -0 0 1 3005.dat
0 H01073 ELEMENT 300501 MODULE guest-wing
1 15 930 -616 430 1 0 0 0 1 0 -0 0 1 3005.dat
0 H01074 ELEMENT 6106183 MODULE guest-wing
1 15 880 -664 430 1 0 0 0 1 0 -0 0 1 15254.dat
0 H01075 ELEMENT 300501 MODULE guest-wing
1 15 950 -568 430 1 0 0 0 1 0 -0 0 1 3005.dat
0 H01076 ELEMENT 300501 MODULE guest-wing
1 15 950 -592 430 1 0 0 0 1 0 -0 0 1 3005.dat
0 H01077 ELEMENT 300501 MODULE guest-wing
1 15 950 -616 430 1 0 0 0 1 0 -0 0 1 3005.dat
0 H01078 ELEMENT 300501 MODULE guest-wing
1 15 1050 -568 430 1 0 0 0 1 0 -0 0 1 3005.dat
0 H01079 ELEMENT 300501 MODULE guest-wing
1 15 1050 -592 430 1 0 0 0 1 0 -0 0 1 3005.dat
0 H01080 ELEMENT 300501 MODULE guest-wing
1 15 1050 -616 430 1 0 0 0 1 0 -0 0 1 3005.dat
0 H01081 ELEMENT 6106183 MODULE guest-wing
1 15 1000 -664 430 1 0 0 0 1 0 -0 0 1 15254.dat
0 H01082 ELEMENT 611201 MODULE guest-wing
1 15 920 -688 430 1 0 0 0 1 0 -0 0 1 6112.dat
0 H01083 ELEMENT 300401 MODULE guest-wing
1 15 1060 -688 430 1 0 0 0 1 0 -0 0 1 3004.dat
0 H01084 ELEMENT 301001 MODULE guest-wing
1 15 880 -544 410 1 0 0 0 1 0 -0 0 1 3010.dat
0 H01085 ELEMENT 4530590 MODULE guest-wing
1 15 880 -616 410 1 0 0 0 1 0 -0 0 1 60594.dat
0 H01086 ELEMENT 6514142 MODULE guest-wing
1 47 880 -608 414 1 0 0 0 1 0 -0 0 1 86210.dat
0 H01087 ELEMENT 300426 MODULE guest-wing
1 0 860 -640 410 1 0 0 0 1 0 -0 0 1 3004.dat
0 H01088 ELEMENT 300426 MODULE guest-wing
1 0 900 -640 410 1 0 0 0 1 0 -0 0 1 3004.dat
0 H01089 ELEMENT 300426 MODULE guest-wing
1 0 860 -664 410 1 0 0 0 1 0 -0 0 1 3004.dat
0 H01090 ELEMENT 300426 MODULE guest-wing
1 0 900 -664 410 1 0 0 0 1 0 -0 0 1 3004.dat
0 H01091 ELEMENT 301001 MODULE guest-wing
1 15 1000 -544 410 1 0 0 0 1 0 -0 0 1 3010.dat
0 H01092 ELEMENT 4530590 MODULE guest-wing
1 15 1000 -616 410 1 0 0 0 1 0 -0 0 1 60594.dat
0 H01093 ELEMENT 300426 MODULE guest-wing
1 0 980 -640 410 1 0 0 0 1 0 -0 0 1 3004.dat
0 H01094 ELEMENT 300426 MODULE guest-wing
1 0 1020 -640 410 1 0 0 0 1 0 -0 0 1 3004.dat
0 H01095 ELEMENT 300426 MODULE guest-wing
1 0 980 -664 410 1 0 0 0 1 0 -0 0 1 3004.dat
0 H01096 ELEMENT 300426 MODULE guest-wing
1 0 1020 -664 410 1 0 0 0 1 0 -0 0 1 3004.dat
0 H01097 ELEMENT 300801 MODULE guest-wing
1 15 810 -544 300 0 0 1 0 1 0 -1 0 0 3008.dat
0 H01098 ELEMENT 300401 MODULE guest-wing
1 15 810 -544 400 0 0 1 0 1 0 -1 0 0 3004.dat
0 H01099 ELEMENT 300801 MODULE guest-wing
1 15 810 -568 300 0 0 1 0 1 0 -1 0 0 3008.dat
0 H01100 ELEMENT 300401 MODULE guest-wing
1 15 810 -568 400 0 0 1 0 1 0 -1 0 0 3004.dat
0 H01101 ELEMENT 300801 MODULE guest-wing
1 15 810 -592 300 0 0 1 0 1 0 -1 0 0 3008.dat
0 H01102 ELEMENT 300401 MODULE guest-wing
1 15 810 -592 400 0 0 1 0 1 0 -1 0 0 3004.dat
0 H01103 ELEMENT 300801 MODULE guest-wing
1 15 810 -616 300 0 0 1 0 1 0 -1 0 0 3008.dat
0 H01104 ELEMENT 300401 MODULE guest-wing
1 15 810 -616 400 0 0 1 0 1 0 -1 0 0 3004.dat
0 H01105 ELEMENT 300801 MODULE guest-wing
1 15 810 -640 300 0 0 1 0 1 0 -1 0 0 3008.dat
0 H01106 ELEMENT 300401 MODULE guest-wing
1 15 810 -640 400 0 0 1 0 1 0 -1 0 0 3004.dat
0 H01107 ELEMENT 300801 MODULE guest-wing
1 15 810 -664 300 0 0 1 0 1 0 -1 0 0 3008.dat
0 H01108 ELEMENT 300401 MODULE guest-wing
1 15 810 -664 400 0 0 1 0 1 0 -1 0 0 3004.dat
0 H01109 ELEMENT 300801 MODULE guest-wing
1 15 810 -688 300 0 0 1 0 1 0 -1 0 0 3008.dat
0 H01110 ELEMENT 300401 MODULE guest-wing
1 15 810 -688 400 0 0 1 0 1 0 -1 0 0 3004.dat
0 H01111 ELEMENT 300801 MODULE guest-wing
1 15 1070 -544 300 0 0 1 0 1 0 -1 0 0 3008.dat
0 H01112 ELEMENT 300401 MODULE guest-wing
1 15 1070 -544 400 0 0 1 0 1 0 -1 0 0 3004.dat
0 H01113 ELEMENT 300401 MODULE guest-wing
1 15 1070 -568 240 0 0 1 0 1 0 -1 0 0 3004.dat
0 H01114 ELEMENT 300401 MODULE guest-wing
1 15 1070 -568 400 0 0 1 0 1 0 -1 0 0 3004.dat
0 H01115 ELEMENT 300401 MODULE guest-wing
1 15 1070 -592 240 0 0 1 0 1 0 -1 0 0 3004.dat
0 H01116 ELEMENT 300401 MODULE guest-wing
1 15 1070 -592 400 0 0 1 0 1 0 -1 0 0 3004.dat
0 H01117 ELEMENT 300401 MODULE guest-wing
1 15 1070 -616 240 0 0 1 0 1 0 -1 0 0 3004.dat
0 H01118 ELEMENT 300401 MODULE guest-wing
1 15 1070 -616 400 0 0 1 0 1 0 -1 0 0 3004.dat
0 H01119 ELEMENT 300401 MODULE guest-wing
1 15 1070 -640 240 0 0 1 0 1 0 -1 0 0 3004.dat
0 H01120 ELEMENT 300401 MODULE guest-wing
1 15 1070 -640 400 0 0 1 0 1 0 -1 0 0 3004.dat
0 H01121 ELEMENT 300401 MODULE guest-wing
1 15 1070 -664 240 0 0 1 0 1 0 -1 0 0 3004.dat
0 H01122 ELEMENT 300401 MODULE guest-wing
1 15 1070 -664 400 0 0 1 0 1 0 -1 0 0 3004.dat
0 H01123 ELEMENT 300501 MODULE guest-wing
1 15 1070 -568 270 1 0 0 0 1 0 -0 0 1 3005.dat
0 H01124 ELEMENT 300501 MODULE guest-wing
1 15 1070 -592 270 1 0 0 0 1 0 -0 0 1 3005.dat
0 H01125 ELEMENT 300501 MODULE guest-wing
1 15 1070 -616 270 1 0 0 0 1 0 -0 0 1 3005.dat
0 H01126 ELEMENT 300501 MODULE guest-wing
1 15 1070 -568 370 1 0 0 0 1 0 -0 0 1 3005.dat
0 H01127 ELEMENT 300501 MODULE guest-wing
1 15 1070 -592 370 1 0 0 0 1 0 -0 0 1 3005.dat
0 H01128 ELEMENT 302401 MODULE guest-wing
1 15 1070 -600 370 1 0 0 0 1 0 -0 0 1 3024.dat
0 H01129 ELEMENT 302401 MODULE guest-wing
1 15 1070 -608 370 1 0 0 0 1 0 -0 0 1 3024.dat
0 H01130 ELEMENT 302401 MODULE guest-wing
1 15 1070 -616 370 1 0 0 0 1 0 -0 0 1 3024.dat
0 H01131 ELEMENT 6106183 MODULE guest-wing
1 15 1070 -664 320 0 0 1 0 1 0 -1 0 0 15254.dat
0 H01132 ELEMENT 300801 MODULE guest-wing
1 15 1070 -688 300 0 0 1 0 1 0 -1 0 0 3008.dat
0 H01133 ELEMENT 300401 MODULE guest-wing
1 15 1070 -688 400 0 0 1 0 1 0 -1 0 0 3004.dat
0 H01134 ELEMENT 301001 MODULE guest-wing
1 15 1050 -544 320 0 0 1 0 1 0 -1 0 0 3010.dat
0 H01135 ELEMENT 4530590 MODULE guest-wing
1 15 1050 -616 320 0 0 1 0 1 0 -1 0 0 60594.dat
0 H01136 ELEMENT 300426 MODULE guest-wing
1 0 1050 -640 300 0 0 1 0 1 0 -1 0 0 3004.dat
0 H01137 ELEMENT 300426 MODULE guest-wing
1 0 1050 -640 340 0 0 1 0 1 0 -1 0 0 3004.dat
0 H01138 ELEMENT 300426 MODULE guest-wing
1 0 1050 -664 300 0 0 1 0 1 0 -1 0 0 3004.dat
0 H01139 ELEMENT 300426 MODULE guest-wing
1 0 1050 -664 340 0 0 1 0 1 0 -1 0 0 3004.dat
0 H01140 ELEMENT 611201 MODULE guest-wing
1 15 920 -544 210 1 0 0 0 1 0 -0 0 1 6112.dat
0 H01141 ELEMENT 300401 MODULE guest-wing
1 15 1060 -544 210 1 0 0 0 1 0 -0 0 1 3004.dat
0 H01142 ELEMENT 6262945 MODULE guest-wing
1 15 880 -688 210 1 0 0 0 1 0 -0 0 1 60596.dat
0 H01143 ELEMENT 6514119 MODULE guest-wing
1 47 848 -688 215 1 0 0 0 1 0 -0 0 1 60616a.dat
0 H01144 ELEMENT 6262945 MODULE guest-wing
1 15 1000 -688 210 1 0 0 0 1 0 -0 0 1 60596.dat
0 H01145 ELEMENT 6514119 MODULE guest-wing
1 47 968 -688 215 1 0 0 0 1 0 -0 0 1 60616a.dat
0 H01146 ELEMENT 300401 MODULE guest-wing
1 15 820 -568 210 1 0 0 0 1 0 -0 0 1 3004.dat
0 H01147 ELEMENT 300401 MODULE guest-wing
1 15 940 -568 210 1 0 0 0 1 0 -0 0 1 3004.dat
0 H01148 ELEMENT 300401 MODULE guest-wing
1 15 1060 -568 210 1 0 0 0 1 0 -0 0 1 3004.dat
0 H01149 ELEMENT 300401 MODULE guest-wing
1 15 820 -592 210 1 0 0 0 1 0 -0 0 1 3004.dat
0 H01150 ELEMENT 300401 MODULE guest-wing
1 15 940 -592 210 1 0 0 0 1 0 -0 0 1 3004.dat
0 H01151 ELEMENT 300401 MODULE guest-wing
1 15 1060 -592 210 1 0 0 0 1 0 -0 0 1 3004.dat
0 H01152 ELEMENT 300401 MODULE guest-wing
1 15 820 -616 210 1 0 0 0 1 0 -0 0 1 3004.dat
0 H01153 ELEMENT 300401 MODULE guest-wing
1 15 940 -616 210 1 0 0 0 1 0 -0 0 1 3004.dat
0 H01154 ELEMENT 300401 MODULE guest-wing
1 15 1060 -616 210 1 0 0 0 1 0 -0 0 1 3004.dat
0 H01155 ELEMENT 300401 MODULE guest-wing
1 15 820 -640 210 1 0 0 0 1 0 -0 0 1 3004.dat
0 H01156 ELEMENT 300401 MODULE guest-wing
1 15 940 -640 210 1 0 0 0 1 0 -0 0 1 3004.dat
0 H01157 ELEMENT 300401 MODULE guest-wing
1 15 1060 -640 210 1 0 0 0 1 0 -0 0 1 3004.dat
0 H01158 ELEMENT 300401 MODULE guest-wing
1 15 820 -664 210 1 0 0 0 1 0 -0 0 1 3004.dat
0 H01159 ELEMENT 300401 MODULE guest-wing
1 15 940 -664 210 1 0 0 0 1 0 -0 0 1 3004.dat
0 H01160 ELEMENT 300401 MODULE guest-wing
1 15 1060 -664 210 1 0 0 0 1 0 -0 0 1 3004.dat
0 H01161 ELEMENT 300401 MODULE guest-wing
1 15 820 -688 210 1 0 0 0 1 0 -0 0 1 3004.dat
0 H01162 ELEMENT 300401 MODULE guest-wing
1 15 940 -688 210 1 0 0 0 1 0 -0 0 1 3004.dat
0 H01163 ELEMENT 300401 MODULE guest-wing
1 15 1060 -688 210 1 0 0 0 1 0 -0 0 1 3004.dat
0 STEP
0 H01164 ELEMENT 4514842 MODULE guest-wing-floor
1 15 920 -696 210 1 0 0 0 1 0 -0 0 1 60479.dat
0 H01165 ELEMENT 4514842 MODULE guest-wing-floor
1 15 1050 -696 320 0 0 1 0 1 0 -1 0 0 60479.dat
0 H01166 ELEMENT 4514842 MODULE guest-wing-floor
1 15 1070 -696 320 0 0 1 0 1 0 -1 0 0 60479.dat
0 H01167 ELEMENT 4514842 MODULE guest-wing-floor
1 15 920 -696 230 1 0 0 0 1 0 -0 0 1 60479.dat
0 H01168 ELEMENT 4514842 MODULE guest-wing-floor
1 15 920 -696 250 1 0 0 0 1 0 -0 0 1 60479.dat
0 H01169 ELEMENT 447701 MODULE guest-wing-floor
1 15 900 -696 270 1 0 0 0 1 0 -0 0 1 4477.dat
0 H01170 ELEMENT 346001 MODULE guest-wing-floor
1 15 1010 -696 340 0 0 1 0 1 0 -1 0 0 3460.dat
0 H01171 ELEMENT 346001 MODULE guest-wing-floor
1 15 1030 -696 340 0 0 1 0 1 0 -1 0 0 3460.dat
0 H01172 ELEMENT 447701 MODULE guest-wing-floor
1 15 900 -696 290 1 0 0 0 1 0 -0 0 1 4477.dat
0 H01173 ELEMENT 447701 MODULE guest-wing-floor
1 15 900 -696 310 1 0 0 0 1 0 -0 0 1 4477.dat
0 H01174 ELEMENT 447701 MODULE guest-wing-floor
1 15 900 -696 330 1 0 0 0 1 0 -0 0 1 4477.dat
0 H01175 ELEMENT 447701 MODULE guest-wing-floor
1 15 900 -696 350 1 0 0 0 1 0 -0 0 1 4477.dat
0 H01176 ELEMENT 447701 MODULE guest-wing-floor
1 15 900 -696 370 1 0 0 0 1 0 -0 0 1 4477.dat
0 H01177 ELEMENT 447701 MODULE guest-wing-floor
1 15 900 -696 390 1 0 0 0 1 0 -0 0 1 4477.dat
0 H01178 ELEMENT 447701 MODULE guest-wing-floor
1 15 900 -696 410 1 0 0 0 1 0 -0 0 1 4477.dat
0 H01179 ELEMENT 447701 MODULE guest-wing-floor
1 15 900 -696 430 1 0 0 0 1 0 -0 0 1 4477.dat
0 H01180 ELEMENT 302301 MODULE guest-wing-floor
1 15 1020 -696 430 1 0 0 0 1 0 -0 0 1 3023b.dat
0 STEP
0 H02446 ELEMENT 4114026 MODULE courtyard-pergola
1 19 160 -344 430 1 0 0 0 1 0 -0 0 1 3069b.dat
0 H02447 ELEMENT 4114026 MODULE courtyard-pergola
1 19 300 -344 430 1 0 0 0 1 0 -0 0 1 3069b.dat
0 H02448 ELEMENT 4114026 MODULE courtyard-pergola
1 19 340 -344 430 1 0 0 0 1 0 -0 0 1 3069b.dat
0 H02449 ELEMENT 307001 MODULE courtyard-pergola
1 15 290 -344 450 1 0 0 0 1 0 -0 0 1 3070b.dat
0 H02450 ELEMENT 307001 MODULE courtyard-pergola
1 15 350 -344 450 1 0 0 0 1 0 -0 0 1 3070b.dat
0 H02451 ELEMENT 307001 MODULE courtyard-pergola
1 15 130 -344 570 1 0 0 0 1 0 -0 0 1 3070b.dat
0 H02452 ELEMENT 307001 MODULE courtyard-pergola
1 15 190 -344 570 1 0 0 0 1 0 -0 0 1 3070b.dat
0 H02453 ELEMENT 307001 MODULE courtyard-pergola
1 15 290 -344 570 1 0 0 0 1 0 -0 0 1 3070b.dat
0 H02454 ELEMENT 307001 MODULE courtyard-pergola
1 15 350 -344 570 1 0 0 0 1 0 -0 0 1 3070b.dat
0 H02455 ELEMENT 4211149 MODULE courtyard-pergola
1 70 160 -360 450 1 0 0 0 1 0 -0 0 1 3004.dat
0 H02456 ELEMENT 4211149 MODULE courtyard-pergola
1 70 160 -384 450 1 0 0 0 1 0 -0 0 1 3004.dat
0 H02457 ELEMENT 4211149 MODULE courtyard-pergola
1 70 160 -408 450 1 0 0 0 1 0 -0 0 1 3004.dat
0 H02458 ELEMENT 4211149 MODULE courtyard-pergola
1 70 160 -432 450 1 0 0 0 1 0 -0 0 1 3004.dat
0 H02459 ELEMENT 4211149 MODULE courtyard-pergola
1 70 160 -456 450 1 0 0 0 1 0 -0 0 1 3004.dat
0 H02460 ELEMENT 4211149 MODULE courtyard-pergola
1 70 320 -360 450 1 0 0 0 1 0 -0 0 1 3004.dat
0 H02461 ELEMENT 4211149 MODULE courtyard-pergola
1 70 320 -384 450 1 0 0 0 1 0 -0 0 1 3004.dat
0 H02462 ELEMENT 4211149 MODULE courtyard-pergola
1 70 320 -408 450 1 0 0 0 1 0 -0 0 1 3004.dat
0 H02463 ELEMENT 4211149 MODULE courtyard-pergola
1 70 320 -432 450 1 0 0 0 1 0 -0 0 1 3004.dat
0 H02464 ELEMENT 6361793 MODULE courtyard-pergola
1 70 320 -456 450 1 0 0 0 1 0 -0 0 1 98283.dat
0 H02465 ELEMENT 6226437 MODULE courtyard-pergola
1 308 150 -360 570 1 0 0 0 1 0 -0 0 1 3005.dat
0 H02466 ELEMENT 6226437 MODULE courtyard-pergola
1 308 170 -360 570 1 0 0 0 1 0 -0 0 1 3005.dat
0 H02467 ELEMENT 4211242 MODULE courtyard-pergola
1 70 150 -384 570 1 0 0 0 1 0 -0 0 1 3005.dat
0 H02468 ELEMENT 4211242 MODULE courtyard-pergola
1 70 170 -384 570 1 0 0 0 1 0 -0 0 1 3005.dat
0 H02469 ELEMENT 4211242 MODULE courtyard-pergola
1 70 150 -408 570 1 0 0 0 1 0 -0 0 1 3005.dat
0 H02470 ELEMENT 4211242 MODULE courtyard-pergola
1 70 170 -408 570 1 0 0 0 1 0 -0 0 1 3005.dat
0 H02471 ELEMENT 4211242 MODULE courtyard-pergola
1 70 150 -432 570 1 0 0 0 1 0 -0 0 1 3005.dat
0 H02472 ELEMENT 6194729 MODULE courtyard-pergola
1 308 170 -416 570 1 0 0 0 1 0 -0 0 1 3024.dat
0 H02473 ELEMENT 6194729 MODULE courtyard-pergola
1 308 170 -424 570 1 0 0 0 1 0 -0 0 1 3024.dat
0 H02474 ELEMENT 6194729 MODULE courtyard-pergola
1 308 170 -432 570 1 0 0 0 1 0 -0 0 1 3024.dat
0 H02475 ELEMENT 6058221 MODULE courtyard-pergola
1 308 160 -440 570 1 0 0 0 1 0 -0 0 1 3023b.dat
0 H02476 ELEMENT 6058221 MODULE courtyard-pergola
1 308 160 -448 570 1 0 0 0 1 0 -0 0 1 3023b.dat
0 H02477 ELEMENT 6058221 MODULE courtyard-pergola
1 308 160 -456 570 1 0 0 0 1 0 -0 0 1 3023b.dat
0 H02478 ELEMENT 6058221 MODULE courtyard-pergola
1 308 320 -344 570 1 0 0 0 1 0 -0 0 1 3023b.dat
0 H02479 ELEMENT 6058221 MODULE courtyard-pergola
1 308 320 -352 570 1 0 0 0 1 0 -0 0 1 3023b.dat
0 H02480 ELEMENT 6058221 MODULE courtyard-pergola
1 308 320 -360 570 1 0 0 0 1 0 -0 0 1 3023b.dat
0 H02481 ELEMENT 6058221 MODULE courtyard-pergola
1 308 320 -368 570 1 0 0 0 1 0 -0 0 1 3023b.dat
0 H02482 ELEMENT 6058221 MODULE courtyard-pergola
1 308 320 -376 570 1 0 0 0 1 0 -0 0 1 3023b.dat
0 H02483 ELEMENT 6058221 MODULE courtyard-pergola
1 308 320 -384 570 1 0 0 0 1 0 -0 0 1 3023b.dat
0 H02484 ELEMENT 6058221 MODULE courtyard-pergola
1 308 320 -392 570 1 0 0 0 1 0 -0 0 1 3023b.dat
0 H02485 ELEMENT 6058221 MODULE courtyard-pergola
1 308 320 -400 570 1 0 0 0 1 0 -0 0 1 3023b.dat
0 H02486 ELEMENT 6058221 MODULE courtyard-pergola
1 308 320 -408 570 1 0 0 0 1 0 -0 0 1 3023b.dat
0 H02487 ELEMENT 6058221 MODULE courtyard-pergola
1 308 320 -416 570 1 0 0 0 1 0 -0 0 1 3023b.dat
0 H02488 ELEMENT 6058221 MODULE courtyard-pergola
1 308 320 -424 570 1 0 0 0 1 0 -0 0 1 3023b.dat
0 H02489 ELEMENT 6058221 MODULE courtyard-pergola
1 308 320 -432 570 1 0 0 0 1 0 -0 0 1 3023b.dat
0 H02490 ELEMENT 6058221 MODULE courtyard-pergola
1 308 320 -440 570 1 0 0 0 1 0 -0 0 1 3023b.dat
0 H02491 ELEMENT 6058221 MODULE courtyard-pergola
1 308 320 -448 570 1 0 0 0 1 0 -0 0 1 3023b.dat
0 H02492 ELEMENT 6058221 MODULE courtyard-pergola
1 308 320 -456 570 1 0 0 0 1 0 -0 0 1 3023b.dat
0 H02493 ELEMENT 4223683 MODULE courtyard-pergola
1 70 240 -464 450 1 0 0 0 1 0 -0 0 1 4477.dat
0 H02494 ELEMENT 4519946 MODULE courtyard-pergola
1 308 220 -472 450 1 0 0 0 1 0 -0 0 1 3460.dat
0 H02495 ELEMENT 6058221 MODULE courtyard-pergola
1 308 320 -472 450 1 0 0 0 1 0 -0 0 1 3023b.dat
0 H02496 ELEMENT 4223683 MODULE courtyard-pergola
1 70 240 -464 570 1 0 0 0 1 0 -0 0 1 4477.dat
0 H02497 ELEMENT 4519946 MODULE courtyard-pergola
1 308 220 -472 570 1 0 0 0 1 0 -0 0 1 3460.dat
0 H02498 ELEMENT 6058221 MODULE courtyard-pergola
1 308 320 -472 570 1 0 0 0 1 0 -0 0 1 3023b.dat
0 H02499 ELEMENT 4519946 MODULE courtyard-pergola
1 308 150 -480 520 0 0 1 0 1 0 -1 0 0 3460.dat
0 H02500 ELEMENT 4519946 MODULE courtyard-pergola
1 308 190 -480 520 0 0 1 0 1 0 -1 0 0 3460.dat
0 H02501 ELEMENT 4519946 MODULE courtyard-pergola
1 308 230 -480 520 0 0 1 0 1 0 -1 0 0 3460.dat
0 H02502 ELEMENT 4519946 MODULE courtyard-pergola
1 308 270 -480 520 0 0 1 0 1 0 -1 0 0 3460.dat
0 H02503 ELEMENT 4519946 MODULE courtyard-pergola
1 308 310 -480 520 0 0 1 0 1 0 -1 0 0 3460.dat
0 STEP
0 H02504 ELEMENT 4114026 MODULE terrace-balustrade
1 19 320 -344 610 1 0 0 0 1 0 -0 0 1 3069b.dat
0 H02505 ELEMENT 4185177 MODULE terrace-balustrade
1 19 360 -344 620 1 0 0 0 1 0 -0 0 1 3068b.dat
0 H02506 ELEMENT 306901 MODULE terrace-balustrade
1 15 400 -344 610 1 0 0 0 1 0 -0 0 1 3069b.dat
0 H02507 ELEMENT 307001 MODULE terrace-balustrade
1 15 50 -344 630 1 0 0 0 1 0 -0 0 1 3070b.dat
0 H02508 ELEMENT 4558168 MODULE terrace-balustrade
1 15 110 -344 630 1 0 0 0 1 0 -0 0 1 63864.dat
0 H02509 ELEMENT 4558168 MODULE terrace-balustrade
1 15 190 -344 630 1 0 0 0 1 0 -0 0 1 63864.dat
0 H02510 ELEMENT 306901 MODULE terrace-balustrade
1 15 260 -344 630 1 0 0 0 1 0 -0 0 1 3069b.dat
0 H02511 ELEMENT 307001 MODULE terrace-balustrade
1 15 330 -344 630 1 0 0 0 1 0 -0 0 1 3070b.dat
0 H02512 ELEMENT 302401 MODULE terrace-balustrade
1 15 70 -344 630 1 0 0 0 1 0 -0 0 1 3024.dat
0 H02513 ELEMENT 302401 MODULE terrace-balustrade
1 15 70 -352 630 1 0 0 0 1 0 -0 0 1 3024.dat
0 H02514 ELEMENT 302401 MODULE terrace-balustrade
1 15 70 -360 630 1 0 0 0 1 0 -0 0 1 3024.dat
0 H02515 ELEMENT 302401 MODULE terrace-balustrade
1 15 70 -368 630 1 0 0 0 1 0 -0 0 1 3024.dat
0 H02516 ELEMENT 302401 MODULE terrace-balustrade
1 15 70 -376 630 1 0 0 0 1 0 -0 0 1 3024.dat
0 H02517 ELEMENT 302401 MODULE terrace-balustrade
1 15 70 -384 630 1 0 0 0 1 0 -0 0 1 3024.dat
0 H02518 ELEMENT 302401 MODULE terrace-balustrade
1 15 150 -344 630 1 0 0 0 1 0 -0 0 1 3024.dat
0 H02519 ELEMENT 302401 MODULE terrace-balustrade
1 15 150 -352 630 1 0 0 0 1 0 -0 0 1 3024.dat
0 H02520 ELEMENT 302401 MODULE terrace-balustrade
1 15 150 -360 630 1 0 0 0 1 0 -0 0 1 3024.dat
0 H02521 ELEMENT 302401 MODULE terrace-balustrade
1 15 150 -368 630 1 0 0 0 1 0 -0 0 1 3024.dat
0 H02522 ELEMENT 302401 MODULE terrace-balustrade
1 15 150 -376 630 1 0 0 0 1 0 -0 0 1 3024.dat
0 H02523 ELEMENT 302401 MODULE terrace-balustrade
1 15 150 -384 630 1 0 0 0 1 0 -0 0 1 3024.dat
0 H02524 ELEMENT 302401 MODULE terrace-balustrade
1 15 230 -344 630 1 0 0 0 1 0 -0 0 1 3024.dat
0 H02525 ELEMENT 302401 MODULE terrace-balustrade
1 15 230 -352 630 1 0 0 0 1 0 -0 0 1 3024.dat
0 H02526 ELEMENT 302401 MODULE terrace-balustrade
1 15 230 -360 630 1 0 0 0 1 0 -0 0 1 3024.dat
0 H02527 ELEMENT 302401 MODULE terrace-balustrade
1 15 230 -368 630 1 0 0 0 1 0 -0 0 1 3024.dat
0 H02528 ELEMENT 302401 MODULE terrace-balustrade
1 15 230 -376 630 1 0 0 0 1 0 -0 0 1 3024.dat
0 H02529 ELEMENT 302401 MODULE terrace-balustrade
1 15 230 -384 630 1 0 0 0 1 0 -0 0 1 3024.dat
0 H02530 ELEMENT 302401 MODULE terrace-balustrade
1 15 310 -344 630 1 0 0 0 1 0 -0 0 1 3024.dat
0 H02531 ELEMENT 302401 MODULE terrace-balustrade
1 15 310 -352 630 1 0 0 0 1 0 -0 0 1 3024.dat
0 H02532 ELEMENT 302401 MODULE terrace-balustrade
1 15 310 -360 630 1 0 0 0 1 0 -0 0 1 3024.dat
0 H02533 ELEMENT 302401 MODULE terrace-balustrade
1 15 310 -368 630 1 0 0 0 1 0 -0 0 1 3024.dat
0 H02534 ELEMENT 302401 MODULE terrace-balustrade
1 15 310 -376 630 1 0 0 0 1 0 -0 0 1 3024.dat
0 H02535 ELEMENT 302401 MODULE terrace-balustrade
1 15 310 -384 630 1 0 0 0 1 0 -0 0 1 3024.dat
0 H02536 ELEMENT 302401 MODULE terrace-balustrade
1 15 390 -344 630 1 0 0 0 1 0 -0 0 1 3024.dat
0 H02537 ELEMENT 302401 MODULE terrace-balustrade
1 15 390 -352 630 1 0 0 0 1 0 -0 0 1 3024.dat
0 H02538 ELEMENT 302401 MODULE terrace-balustrade
1 15 390 -360 630 1 0 0 0 1 0 -0 0 1 3024.dat
0 H02539 ELEMENT 302401 MODULE terrace-balustrade
1 15 390 -368 630 1 0 0 0 1 0 -0 0 1 3024.dat
0 H02540 ELEMENT 302401 MODULE terrace-balustrade
1 15 390 -376 630 1 0 0 0 1 0 -0 0 1 3024.dat
0 H02541 ELEMENT 302401 MODULE terrace-balustrade
1 15 390 -384 630 1 0 0 0 1 0 -0 0 1 3024.dat
0 H02542 ELEMENT 302401 MODULE terrace-balustrade
1 15 410 -344 630 1 0 0 0 1 0 -0 0 1 3024.dat
0 H02543 ELEMENT 302401 MODULE terrace-balustrade
1 15 410 -352 630 1 0 0 0 1 0 -0 0 1 3024.dat
0 H02544 ELEMENT 302401 MODULE terrace-balustrade
1 15 410 -360 630 1 0 0 0 1 0 -0 0 1 3024.dat
0 H02545 ELEMENT 302401 MODULE terrace-balustrade
1 15 410 -368 630 1 0 0 0 1 0 -0 0 1 3024.dat
0 H02546 ELEMENT 302401 MODULE terrace-balustrade
1 15 410 -376 630 1 0 0 0 1 0 -0 0 1 3024.dat
0 H02547 ELEMENT 302401 MODULE terrace-balustrade
1 15 410 -384 630 1 0 0 0 1 0 -0 0 1 3024.dat
0 H02548 ELEMENT 346001 MODULE terrace-balustrade
1 15 140 -392 630 1 0 0 0 1 0 -0 0 1 3460.dat
0 H02549 ELEMENT 346001 MODULE terrace-balustrade
1 15 300 -392 630 1 0 0 0 1 0 -0 0 1 3460.dat
0 H02550 ELEMENT 302301 MODULE terrace-balustrade
1 15 400 -392 630 1 0 0 0 1 0 -0 0 1 3023b.dat
0 H02551 ELEMENT 416201 MODULE terrace-balustrade
1 15 140 -400 630 1 0 0 0 1 0 -0 0 1 4162.dat
0 H02552 ELEMENT 416201 MODULE terrace-balustrade
1 15 300 -400 630 1 0 0 0 1 0 -0 0 1 4162.dat
0 H02553 ELEMENT 306901 MODULE terrace-balustrade
1 15 400 -400 630 1 0 0 0 1 0 -0 0 1 3069b.dat
0 H02554 ELEMENT 306901 MODULE terrace-balustrade
1 15 620 -344 610 1 0 0 0 1 0 -0 0 1 3069b.dat
0 H02555 ELEMENT 663601 MODULE terrace-balustrade
1 15 1000 -344 610 1 0 0 0 1 0 -0 0 1 6636.dat
0 H02556 ELEMENT 307001 MODULE terrace-balustrade
1 15 610 -344 630 1 0 0 0 1 0 -0 0 1 3070b.dat
0 H02557 ELEMENT 306901 MODULE terrace-balustrade
1 15 680 -344 630 1 0 0 0 1 0 -0 0 1 3069b.dat
0 H02558 ELEMENT 4558168 MODULE terrace-balustrade
1 15 750 -344 630 1 0 0 0 1 0 -0 0 1 63864.dat
0 H02559 ELEMENT 4558168 MODULE terrace-balustrade
1 15 830 -344 630 1 0 0 0 1 0 -0 0 1 63864.dat
0 H02560 ELEMENT 4558168 MODULE terrace-balustrade
1 15 910 -344 630 1 0 0 0 1 0 -0 0 1 63864.dat
0 H02561 ELEMENT 4558168 MODULE terrace-balustrade
1 15 990 -344 630 1 0 0 0 1 0 -0 0 1 63864.dat
0 H02562 ELEMENT 302401 MODULE terrace-balustrade
1 15 630 -344 630 1 0 0 0 1 0 -0 0 1 3024.dat
0 H02563 ELEMENT 302401 MODULE terrace-balustrade
1 15 630 -352 630 1 0 0 0 1 0 -0 0 1 3024.dat
0 H02564 ELEMENT 302401 MODULE terrace-balustrade
1 15 630 -360 630 1 0 0 0 1 0 -0 0 1 3024.dat
0 H02565 ELEMENT 302401 MODULE terrace-balustrade
1 15 630 -368 630 1 0 0 0 1 0 -0 0 1 3024.dat
0 H02566 ELEMENT 302401 MODULE terrace-balustrade
1 15 630 -376 630 1 0 0 0 1 0 -0 0 1 3024.dat
0 H02567 ELEMENT 302401 MODULE terrace-balustrade
1 15 630 -384 630 1 0 0 0 1 0 -0 0 1 3024.dat
0 H02568 ELEMENT 302401 MODULE terrace-balustrade
1 15 710 -344 630 1 0 0 0 1 0 -0 0 1 3024.dat
0 H02569 ELEMENT 302401 MODULE terrace-balustrade
1 15 710 -352 630 1 0 0 0 1 0 -0 0 1 3024.dat
0 H02570 ELEMENT 302401 MODULE terrace-balustrade
1 15 710 -360 630 1 0 0 0 1 0 -0 0 1 3024.dat
0 H02571 ELEMENT 302401 MODULE terrace-balustrade
1 15 710 -368 630 1 0 0 0 1 0 -0 0 1 3024.dat
0 H02572 ELEMENT 302401 MODULE terrace-balustrade
1 15 710 -376 630 1 0 0 0 1 0 -0 0 1 3024.dat
0 H02573 ELEMENT 302401 MODULE terrace-balustrade
1 15 710 -384 630 1 0 0 0 1 0 -0 0 1 3024.dat
0 H02574 ELEMENT 302401 MODULE terrace-balustrade
1 15 790 -344 630 1 0 0 0 1 0 -0 0 1 3024.dat
0 H02575 ELEMENT 302401 MODULE terrace-balustrade
1 15 790 -352 630 1 0 0 0 1 0 -0 0 1 3024.dat
0 H02576 ELEMENT 302401 MODULE terrace-balustrade
1 15 790 -360 630 1 0 0 0 1 0 -0 0 1 3024.dat
0 H02577 ELEMENT 302401 MODULE terrace-balustrade
1 15 790 -368 630 1 0 0 0 1 0 -0 0 1 3024.dat
0 H02578 ELEMENT 302401 MODULE terrace-balustrade
1 15 790 -376 630 1 0 0 0 1 0 -0 0 1 3024.dat
0 H02579 ELEMENT 302401 MODULE terrace-balustrade
1 15 790 -384 630 1 0 0 0 1 0 -0 0 1 3024.dat
0 H02580 ELEMENT 302401 MODULE terrace-balustrade
1 15 870 -344 630 1 0 0 0 1 0 -0 0 1 3024.dat
0 H02581 ELEMENT 302401 MODULE terrace-balustrade
1 15 870 -352 630 1 0 0 0 1 0 -0 0 1 3024.dat
0 H02582 ELEMENT 302401 MODULE terrace-balustrade
1 15 870 -360 630 1 0 0 0 1 0 -0 0 1 3024.dat
0 H02583 ELEMENT 302401 MODULE terrace-balustrade
1 15 870 -368 630 1 0 0 0 1 0 -0 0 1 3024.dat
0 H02584 ELEMENT 302401 MODULE terrace-balustrade
1 15 870 -376 630 1 0 0 0 1 0 -0 0 1 3024.dat
0 H02585 ELEMENT 302401 MODULE terrace-balustrade
1 15 870 -384 630 1 0 0 0 1 0 -0 0 1 3024.dat
0 H02586 ELEMENT 302401 MODULE terrace-balustrade
1 15 950 -344 630 1 0 0 0 1 0 -0 0 1 3024.dat
0 H02587 ELEMENT 302401 MODULE terrace-balustrade
1 15 950 -352 630 1 0 0 0 1 0 -0 0 1 3024.dat
0 H02588 ELEMENT 302401 MODULE terrace-balustrade
1 15 950 -360 630 1 0 0 0 1 0 -0 0 1 3024.dat
0 H02589 ELEMENT 302401 MODULE terrace-balustrade
1 15 950 -368 630 1 0 0 0 1 0 -0 0 1 3024.dat
0 H02590 ELEMENT 302401 MODULE terrace-balustrade
1 15 950 -376 630 1 0 0 0 1 0 -0 0 1 3024.dat
0 H02591 ELEMENT 302401 MODULE terrace-balustrade
1 15 950 -384 630 1 0 0 0 1 0 -0 0 1 3024.dat
0 H02592 ELEMENT 302401 MODULE terrace-balustrade
1 15 1030 -344 630 1 0 0 0 1 0 -0 0 1 3024.dat
0 H02593 ELEMENT 302401 MODULE terrace-balustrade
1 15 1030 -352 630 1 0 0 0 1 0 -0 0 1 3024.dat
0 H02594 ELEMENT 302401 MODULE terrace-balustrade
1 15 1030 -360 630 1 0 0 0 1 0 -0 0 1 3024.dat
0 H02595 ELEMENT 302401 MODULE terrace-balustrade
1 15 1030 -368 630 1 0 0 0 1 0 -0 0 1 3024.dat
0 H02596 ELEMENT 302401 MODULE terrace-balustrade
1 15 1030 -376 630 1 0 0 0 1 0 -0 0 1 3024.dat
0 H02597 ELEMENT 302401 MODULE terrace-balustrade
1 15 1030 -384 630 1 0 0 0 1 0 -0 0 1 3024.dat
0 H02598 ELEMENT 302401 MODULE terrace-balustrade
1 15 1050 -344 630 1 0 0 0 1 0 -0 0 1 3024.dat
0 H02599 ELEMENT 302401 MODULE terrace-balustrade
1 15 1050 -352 630 1 0 0 0 1 0 -0 0 1 3024.dat
0 H02600 ELEMENT 302401 MODULE terrace-balustrade
1 15 1050 -360 630 1 0 0 0 1 0 -0 0 1 3024.dat
0 H02601 ELEMENT 302401 MODULE terrace-balustrade
1 15 1050 -368 630 1 0 0 0 1 0 -0 0 1 3024.dat
0 H02602 ELEMENT 302401 MODULE terrace-balustrade
1 15 1050 -376 630 1 0 0 0 1 0 -0 0 1 3024.dat
0 H02603 ELEMENT 302401 MODULE terrace-balustrade
1 15 1050 -384 630 1 0 0 0 1 0 -0 0 1 3024.dat
0 H02604 ELEMENT 346001 MODULE terrace-balustrade
1 15 700 -392 630 1 0 0 0 1 0 -0 0 1 3460.dat
0 H02605 ELEMENT 346001 MODULE terrace-balustrade
1 15 860 -392 630 1 0 0 0 1 0 -0 0 1 3460.dat
0 H02606 ELEMENT 366601 MODULE terrace-balustrade
1 15 1000 -392 630 1 0 0 0 1 0 -0 0 1 3666.dat
0 H02607 ELEMENT 416201 MODULE terrace-balustrade
1 15 700 -400 630 1 0 0 0 1 0 -0 0 1 4162.dat
0 H02608 ELEMENT 416201 MODULE terrace-balustrade
1 15 860 -400 630 1 0 0 0 1 0 -0 0 1 4162.dat
0 H02609 ELEMENT 663601 MODULE terrace-balustrade
1 15 1000 -400 630 1 0 0 0 1 0 -0 0 1 6636.dat
0 STEP
0 H02610 ELEMENT 300301 MODULE courtyard-furniture
1 15 240 -360 520 1 0 0 0 1 0 -0 0 1 3003.dat
0 H02611 ELEMENT 300301 MODULE courtyard-furniture
1 15 240 -384 520 1 0 0 0 1 0 -0 0 1 3003.dat
0 H02612 ELEMENT 4216695 MODULE courtyard-furniture
1 70 240 -392 520 1 0 0 0 1 0 -0 0 1 3022.dat
0 H02613 ELEMENT 4659665 MODULE courtyard-furniture
1 15 230 -416 510 1 0 0 0 1 0 -0 0 1 3899.dat
0 H02614 ELEMENT 4114026 MODULE courtyard-furniture
1 19 590 -344 380 0 0 1 0 1 0 -1 0 0 3069b.dat
0 H02615 ELEMENT 4114026 MODULE courtyard-furniture
1 19 650 -344 380 0 0 1 0 1 0 -1 0 0 3069b.dat
0 H02616 ELEMENT 300301 MODULE courtyard-furniture
1 15 620 -360 380 1 0 0 0 1 0 -0 0 1 3003.dat
0 H02617 ELEMENT 300301 MODULE courtyard-furniture
1 15 620 -384 380 1 0 0 0 1 0 -0 0 1 3003.dat
0 H02618 ELEMENT 4216695 MODULE courtyard-furniture
1 70 620 -392 380 1 0 0 0 1 0 -0 0 1 3022.dat
0 H02619 ELEMENT 4659665 MODULE courtyard-furniture
1 15 610 -416 370 1 0 0 0 1 0 -0 0 1 3899.dat
0 H02620 ELEMENT 4114026 MODULE courtyard-furniture
1 19 190 -344 480 0 0 1 0 1 0 -1 0 0 3069b.dat
0 H02621 ELEMENT 4114026 MODULE courtyard-furniture
1 19 150 -344 520 0 0 1 0 1 0 -1 0 0 3069b.dat
0 H02622 ELEMENT 4211210 MODULE courtyard-furniture
1 70 180 -360 520 1 0 0 0 1 0 -0 0 1 3003.dat
0 H02623 ELEMENT 4185177 MODULE courtyard-furniture
1 19 180 -368 520 1 0 0 0 1 0 -0 0 1 3068b.dat
0 H02624 ELEMENT 4114026 MODULE courtyard-furniture
1 19 270 -344 520 0 0 1 0 1 0 -1 0 0 3069b.dat
0 H02625 ELEMENT 4114026 MODULE courtyard-furniture
1 19 330 -344 520 0 0 1 0 1 0 -1 0 0 3069b.dat
0 H02626 ELEMENT 4211210 MODULE courtyard-furniture
1 70 300 -360 520 1 0 0 0 1 0 -0 0 1 3003.dat
0 H02627 ELEMENT 4185177 MODULE courtyard-furniture
1 19 300 -368 520 1 0 0 0 1 0 -0 0 1 3068b.dat
0 H02628 ELEMENT 4550324 MODULE courtyard-furniture
1 19 620 -344 410 1 0 0 0 1 0 -0 0 1 2431.dat
0 H02629 ELEMENT 4114026 MODULE courtyard-furniture
1 19 590 -344 440 0 0 1 0 1 0 -1 0 0 3069b.dat
0 H02630 ELEMENT 4114026 MODULE courtyard-furniture
1 19 650 -344 440 0 0 1 0 1 0 -1 0 0 3069b.dat
0 H02631 ELEMENT 4211210 MODULE courtyard-furniture
1 70 620 -360 440 1 0 0 0 1 0 -0 0 1 3003.dat
0 H02632 ELEMENT 4185177 MODULE courtyard-furniture
1 19 620 -368 440 1 0 0 0 1 0 -0 0 1 3068b.dat
0 H02732 ELEMENT 6447565 MODULE main-roof
1 308 140 -896 70 1 0 0 0 1 0 -0 0 1 4162.dat
0 H02733 ELEMENT 6447565 MODULE main-roof
1 308 300 -896 70 1 0 0 0 1 0 -0 0 1 4162.dat
0 H02734 ELEMENT 6447565 MODULE main-roof
1 308 460 -896 70 1 0 0 0 1 0 -0 0 1 4162.dat
0 H02735 ELEMENT 4566688 MODULE main-roof
1 308 560 -896 70 1 0 0 0 1 0 -0 0 1 3069b.dat
0 H02736 ELEMENT 6447565 MODULE main-roof
1 308 140 -896 370 1 0 0 0 1 0 -0 0 1 4162.dat
0 H02737 ELEMENT 6447565 MODULE main-roof
1 308 300 -896 370 1 0 0 0 1 0 -0 0 1 4162.dat
0 H02738 ELEMENT 6447565 MODULE main-roof
1 308 460 -896 370 1 0 0 0 1 0 -0 0 1 4162.dat
0 H02739 ELEMENT 4211151 MODULE main-roof
1 70 560 -896 370 1 0 0 0 1 0 -0 0 1 3069b.dat
0 H02740 ELEMENT 6447565 MODULE main-roof
1 308 70 -896 160 0 0 1 0 1 0 -1 0 0 4162.dat
0 H02741 ELEMENT 6295366 MODULE main-roof
1 308 70 -896 300 0 0 1 0 1 0 -1 0 0 6636.dat
0 H02742 ELEMENT 6447565 MODULE main-roof
1 308 570 -896 160 0 0 1 0 1 0 -1 0 0 4162.dat
0 H02743 ELEMENT 6295366 MODULE main-roof
1 308 570 -896 300 0 0 1 0 1 0 -1 0 0 6636.dat
0 H02744 ELEMENT 6055145 MODULE main-roof
1 70 200 -896 90 1 0 0 0 1 0 -0 0 1 60479.dat
0 H02745 ELEMENT 6055145 MODULE main-roof
1 70 440 -896 90 1 0 0 0 1 0 -0 0 1 60479.dat
0 H02746 ELEMENT 6055145 MODULE main-roof
1 70 90 -896 220 0 0 1 0 1 0 -1 0 0 60479.dat
0 H02747 ELEMENT 6055145 MODULE main-roof
1 70 550 -896 220 0 0 1 0 1 0 -1 0 0 60479.dat
0 H02748 ELEMENT 4223683 MODULE main-roof
1 70 180 -896 350 1 0 0 0 1 0 -0 0 1 4477.dat
0 H02749 ELEMENT 4223683 MODULE main-roof
1 70 380 -896 350 1 0 0 0 1 0 -0 0 1 4477.dat
0 H02750 ELEMENT 4211190 MODULE main-roof
1 70 520 -896 350 1 0 0 0 1 0 -0 0 1 3710.dat
0 H02751 ELEMENT 4210802 MODULE main-roof
1 72 180 -896 180 1 0 0 0 1 0 -0 0 1 41539.dat
0 H02752 ELEMENT 4210802 MODULE main-roof
1 72 340 -896 180 1 0 0 0 1 0 -0 0 1 41539.dat
0 H02753 ELEMENT 4211114 MODULE main-roof
1 72 480 -896 200 0 0 1 0 1 0 -1 0 0 3033.dat
0 H02754 ELEMENT 4210706 MODULE main-roof
1 72 220 -896 300 1 0 0 0 1 0 -0 0 1 3029.dat
0 H02755 ELEMENT 4243831 MODULE main-roof
1 72 380 -896 300 1 0 0 0 1 0 -0 0 1 3031.dat
0 H02756 ELEMENT 4211002 MODULE main-roof
1 72 480 -896 320 1 0 0 0 1 0 -0 0 1 3795.dat
0 STEP
0 H02633 ELEMENT 306901 MODULE garden-planters
1 15 90 -344 380 0 0 1 0 1 0 -1 0 0 3069b.dat
0 H02634 ELEMENT 306901 MODULE garden-planters
1 15 50 -344 420 0 0 1 0 1 0 -1 0 0 3069b.dat
0 H02636 ELEMENT 4211210 MODULE garden-planters
1 70 80 -360 420 1 0 0 0 1 0 -0 0 1 3003.dat
0 H02637 ELEMENT 6400754 MODULE garden-planters
1 288 70 -368 410 1 0 0 0 1 0 -0 0 1 32607.dat
0 H02638 ELEMENT 6212501 MODULE garden-planters
1 29 70 -376 410 1 0 0 0 1 0 -0 0 1 24866.dat
0 H02639 ELEMENT 6400754 MODULE garden-planters
1 288 90 -368 430 -1 0 0 0 1 0 -0 0 -1 32607.dat
0 H02640 ELEMENT 6212501 MODULE garden-planters
1 29 90 -376 430 1 0 0 0 1 0 -0 0 1 24866.dat
0 H02641 ELEMENT 307001 MODULE garden-planters
1 15 90 -344 510 1 0 0 0 1 0 -0 0 1 3070b.dat
0 H02642 ELEMENT 4114026 MODULE garden-planters
1 19 50 -344 540 0 0 1 0 1 0 -1 0 0 3069b.dat
0 H02643 ELEMENT 307001 MODULE garden-planters
1 15 110 -344 550 1 0 0 0 1 0 -0 0 1 3070b.dat
0 H02644 ELEMENT 4211210 MODULE garden-planters
1 70 80 -360 540 1 0 0 0 1 0 -0 0 1 3003.dat
0 H02645 ELEMENT 6400754 MODULE garden-planters
1 288 70 -368 530 1 0 0 0 1 0 -0 0 1 32607.dat
0 H02646 ELEMENT 6212501 MODULE garden-planters
1 29 70 -376 530 1 0 0 0 1 0 -0 0 1 24866.dat
0 H02647 ELEMENT 6400754 MODULE garden-planters
1 288 90 -368 550 -1 0 0 0 1 0 -0 0 -1 32607.dat
0 H02648 ELEMENT 6212501 MODULE garden-planters
1 29 90 -376 550 1 0 0 0 1 0 -0 0 1 24866.dat
0 H02649 ELEMENT 4114026 MODULE garden-planters
1 19 410 -344 380 0 0 1 0 1 0 -1 0 0 3069b.dat
0 H02650 ELEMENT 4114026 MODULE garden-planters
1 19 370 -344 420 0 0 1 0 1 0 -1 0 0 3069b.dat
0 H02651 ELEMENT 4211210 MODULE garden-planters
1 70 400 -360 420 1 0 0 0 1 0 -0 0 1 3003.dat
0 H02652 ELEMENT 6400754 MODULE garden-planters
1 288 390 -368 410 1 0 0 0 1 0 -0 0 1 32607.dat
0 H02653 ELEMENT 6212501 MODULE garden-planters
1 29 390 -376 410 1 0 0 0 1 0 -0 0 1 24866.dat
0 H02654 ELEMENT 6400754 MODULE garden-planters
1 288 410 -368 430 -1 0 0 0 1 0 -0 0 -1 32607.dat
0 H02655 ELEMENT 6212501 MODULE garden-planters
1 29 410 -376 430 1 0 0 0 1 0 -0 0 1 24866.dat
0 H02656 ELEMENT 4185177 MODULE garden-planters
1 19 580 -344 300 1 0 0 0 1 0 -0 0 1 3068b.dat
0 H02657 ELEMENT 4114026 MODULE garden-planters
1 19 610 -344 300 0 0 1 0 1 0 -1 0 0 3069b.dat
0 H02658 ELEMENT 306901 MODULE garden-planters
1 15 670 -344 300 0 0 1 0 1 0 -1 0 0 3069b.dat
0 H02659 ELEMENT 4211210 MODULE garden-planters
1 70 640 -360 300 1 0 0 0 1 0 -0 0 1 3003.dat
0 H02660 ELEMENT 6400754 MODULE garden-planters
1 288 630 -368 290 1 0 0 0 1 0 -0 0 1 32607.dat
0 H02661 ELEMENT 6212501 MODULE garden-planters
1 29 630 -376 290 1 0 0 0 1 0 -0 0 1 24866.dat
0 H02662 ELEMENT 6400754 MODULE garden-planters
1 288 650 -368 310 -1 0 0 0 1 0 -0 0 -1 32607.dat
0 H02663 ELEMENT 6212501 MODULE garden-planters
1 29 650 -376 310 1 0 0 0 1 0 -0 0 1 24866.dat
0 H02664 ELEMENT 4211210 MODULE garden-planters
1 70 1000 -360 540 1 0 0 0 1 0 -0 0 1 3003.dat
0 H02665 ELEMENT 6400754 MODULE garden-planters
1 288 990 -368 530 1 0 0 0 1 0 -0 0 1 32607.dat
0 H02666 ELEMENT 6212501 MODULE garden-planters
1 29 990 -376 530 1 0 0 0 1 0 -0 0 1 24866.dat
0 H02667 ELEMENT 6400754 MODULE garden-planters
1 288 1010 -368 550 -1 0 0 0 1 0 -0 0 -1 32607.dat
0 H02668 ELEMENT 6212501 MODULE garden-planters
1 29 1010 -376 550 1 0 0 0 1 0 -0 0 1 24866.dat
0 H02669 ELEMENT 4550324 MODULE garden-planters
1 19 110 -344 400 0 0 1 0 1 0 -1 0 0 2431.dat
0 H02670 ELEMENT 4114026 MODULE garden-planters
1 19 100 -344 450 1 0 0 0 1 0 -0 0 1 3069b.dat
0 H02671 ELEMENT 4114026 MODULE garden-planters
1 19 60 -344 490 1 0 0 0 1 0 -0 0 1 3069b.dat
0 H02672 ELEMENT 306901 MODULE garden-planters
1 15 110 -344 520 0 0 1 0 1 0 -1 0 0 3069b.dat
0 H02673 ELEMENT 4521914 MODULE garden-planters
1 28 100 -360 470 1 0 0 0 1 0 -0 0 1 3004.dat
0 H02674 ELEMENT 4521914 MODULE garden-planters
1 28 100 -360 490 1 0 0 0 1 0 -0 0 1 3004.dat
0 H02675 ELEMENT 6214611 MODULE garden-planters
1 288 100 -384 480 1 0 0 0 1 0 -0 0 1 3003.dat
0 H02676 ELEMENT 6214611 MODULE garden-planters
1 288 100 -408 480 1 0 0 0 1 0 -0 0 1 3003.dat
0 H02677 ELEMENT 6442896 MODULE garden-planters
1 10 100 -432 480 1 0 0 0 1 0 -0 0 1 3003.dat
0 H02678 ELEMENT 4245570 MODULE garden-planters
1 288 100 -456 470 1 0 0 0 1 0 -0 0 1 3004.dat
0 H02679 ELEMENT 4245570 MODULE garden-planters
1 288 100 -456 490 1 0 0 0 1 0 -0 0 1 3004.dat
0 H02680 ELEMENT 4647553 MODULE garden-planters
1 10 100 -480 470 1 0 0 0 1 0 -0 0 1 3004.dat
0 H02681 ELEMENT 4521915 MODULE garden-planters
1 288 90 -480 490 1 0 0 0 1 0 -0 0 1 3005.dat
0 H02682 ELEMENT 4521915 MODULE garden-planters
1 288 110 -480 490 1 0 0 0 1 0 -0 0 1 3005.dat
0 H02683 ELEMENT 302228 MODULE garden-planters
1 2 100 -488 480 1 0 0 0 1 0 -0 0 1 3022.dat
0 H02684 ELEMENT 302228 MODULE garden-planters
1 2 100 -496 480 1 0 0 0 1 0 -0 0 1 3022.dat
0 H02685 ELEMENT 302228 MODULE garden-planters
1 2 100 -504 480 1 0 0 0 1 0 -0 0 1 3022.dat
0 H02686 ELEMENT 300528 MODULE garden-planters
1 2 90 -528 470 1 0 0 0 1 0 -0 0 1 3005.dat
0 H02687 ELEMENT 300528 MODULE garden-planters
1 2 90 -552 470 1 0 0 0 1 0 -0 0 1 3005.dat
0 H02688 ELEMENT 6229130 MODULE garden-planters
1 2 90 -560 470 1 0 0 0 1 0 -0 0 1 32607.dat
0 H02689 ELEMENT 307001 MODULE garden-planters
1 15 410 -344 530 1 0 0 0 1 0 -0 0 1 3070b.dat
0 H02690 ELEMENT 4114026 MODULE garden-planters
1 19 370 -344 560 0 0 1 0 1 0 -1 0 0 3069b.dat
0 H02691 ELEMENT 307001 MODULE garden-planters
1 15 410 -344 590 1 0 0 0 1 0 -0 0 1 3070b.dat
0 H02692 ELEMENT 4521914 MODULE garden-planters
1 28 400 -360 550 1 0 0 0 1 0 -0 0 1 3004.dat
0 H02693 ELEMENT 4521914 MODULE garden-planters
1 28 400 -360 570 1 0 0 0 1 0 -0 0 1 3004.dat
0 H02694 ELEMENT 302228 MODULE garden-planters
1 2 400 -368 560 1 0 0 0 1 0 -0 0 1 3022.dat
0 H02695 ELEMENT 302228 MODULE garden-planters
1 2 400 -376 560 1 0 0 0 1 0 -0 0 1 3022.dat
0 H02696 ELEMENT 6357612 MODULE garden-planters
1 10 400 -384 560 1 0 0 0 1 0 -0 0 1 3022.dat
0 H02697 ELEMENT 6357612 MODULE garden-planters
1 10 400 -392 560 1 0 0 0 1 0 -0 0 1 3022.dat
0 H02698 ELEMENT 6357612 MODULE garden-planters
1 10 400 -400 560 1 0 0 0 1 0 -0 0 1 3022.dat
0 H02699 ELEMENT 6357612 MODULE garden-planters
1 10 400 -408 560 1 0 0 0 1 0 -0 0 1 3022.dat
0 H02700 ELEMENT 6357612 MODULE garden-planters
1 10 400 -416 560 1 0 0 0 1 0 -0 0 1 3022.dat
0 H02701 ELEMENT 6013102 MODULE garden-planters
1 288 400 -424 550 1 0 0 0 1 0 -0 0 1 3023b.dat
0 H02702 ELEMENT 6013102 MODULE garden-planters
1 288 400 -424 570 1 0 0 0 1 0 -0 0 1 3023b.dat
0 H02703 ELEMENT 6013102 MODULE garden-planters
1 288 400 -432 550 1 0 0 0 1 0 -0 0 1 3023b.dat
0 H02704 ELEMENT 6013102 MODULE garden-planters
1 288 400 -432 570 1 0 0 0 1 0 -0 0 1 3023b.dat
0 H02705 ELEMENT 302328 MODULE garden-planters
1 2 400 -440 550 1 0 0 0 1 0 -0 0 1 3023b.dat
0 H02706 ELEMENT 302328 MODULE garden-planters
1 2 400 -440 570 1 0 0 0 1 0 -0 0 1 3023b.dat
0 H02707 ELEMENT 302328 MODULE garden-planters
1 2 400 -448 550 1 0 0 0 1 0 -0 0 1 3023b.dat
0 H02708 ELEMENT 302328 MODULE garden-planters
1 2 400 -448 570 1 0 0 0 1 0 -0 0 1 3023b.dat
0 H02709 ELEMENT 302328 MODULE garden-planters
1 2 400 -456 550 1 0 0 0 1 0 -0 0 1 3023b.dat
0 H02710 ELEMENT 302328 MODULE garden-planters
1 2 400 -456 570 1 0 0 0 1 0 -0 0 1 3023b.dat
0 H02711 ELEMENT 302328 MODULE garden-planters
1 2 400 -464 550 1 0 0 0 1 0 -0 0 1 3023b.dat
0 H02712 ELEMENT 302328 MODULE garden-planters
1 2 400 -464 570 1 0 0 0 1 0 -0 0 1 3023b.dat
0 H02713 ELEMENT 302328 MODULE garden-planters
1 2 400 -472 550 1 0 0 0 1 0 -0 0 1 3023b.dat
0 H02714 ELEMENT 302328 MODULE garden-planters
1 2 400 -472 570 1 0 0 0 1 0 -0 0 1 3023b.dat
0 H02715 ELEMENT 302328 MODULE garden-planters
1 2 400 -480 550 1 0 0 0 1 0 -0 0 1 3023b.dat
0 H02716 ELEMENT 6343326 MODULE garden-planters
1 10 400 -480 570 1 0 0 0 1 0 -0 0 1 3023b.dat
0 H02717 ELEMENT 6343326 MODULE garden-planters
1 10 400 -488 550 1 0 0 0 1 0 -0 0 1 3023b.dat
0 H02718 ELEMENT 6343326 MODULE garden-planters
1 10 400 -488 570 1 0 0 0 1 0 -0 0 1 3023b.dat
0 H02719 ELEMENT 6343326 MODULE garden-planters
1 10 400 -496 550 1 0 0 0 1 0 -0 0 1 3023b.dat
0 H02720 ELEMENT 6343326 MODULE garden-planters
1 10 400 -496 570 1 0 0 0 1 0 -0 0 1 3023b.dat
0 H02721 ELEMENT 6343326 MODULE garden-planters
1 10 400 -504 550 1 0 0 0 1 0 -0 0 1 3023b.dat
0 H02722 ELEMENT 6343326 MODULE garden-planters
1 10 400 -504 570 1 0 0 0 1 0 -0 0 1 3023b.dat
0 H02723 ELEMENT 6055169 MODULE garden-planters
1 288 390 -512 550 1 0 0 0 1 0 -0 0 1 3024.dat
0 H02724 ELEMENT 6055169 MODULE garden-planters
1 288 390 -520 550 1 0 0 0 1 0 -0 0 1 3024.dat
0 H02725 ELEMENT 6055169 MODULE garden-planters
1 288 390 -528 550 1 0 0 0 1 0 -0 0 1 3024.dat
0 H02726 ELEMENT 6055169 MODULE garden-planters
1 288 390 -536 550 1 0 0 0 1 0 -0 0 1 3024.dat
0 H02727 ELEMENT 302428 MODULE garden-planters
1 2 390 -544 550 1 0 0 0 1 0 -0 0 1 3024.dat
0 H02728 ELEMENT 302428 MODULE garden-planters
1 2 390 -552 550 1 0 0 0 1 0 -0 0 1 3024.dat
0 H02729 ELEMENT 6229130 MODULE garden-planters
1 2 390 -560 550 1 0 0 0 1 0 -0 0 1 32607.dat
0 H02757 ELEMENT 4585337 MODULE main-roof
1 70 160 -904 90 1 0 0 0 1 0 -0 0 1 4162.dat
0 H02758 ELEMENT 4585337 MODULE main-roof
1 70 320 -904 90 1 0 0 0 1 0 -0 0 1 4162.dat
0 H02759 ELEMENT 4585337 MODULE main-roof
1 70 480 -904 90 1 0 0 0 1 0 -0 0 1 4162.dat
0 H02760 ELEMENT 4585337 MODULE main-roof
1 70 160 -904 350 1 0 0 0 1 0 -0 0 1 4162.dat
0 H02761 ELEMENT 4585337 MODULE main-roof
1 70 320 -904 350 1 0 0 0 1 0 -0 0 1 4162.dat
0 H02762 ELEMENT 4585337 MODULE main-roof
1 70 480 -904 350 1 0 0 0 1 0 -0 0 1 4162.dat
0 H02763 ELEMENT 4585337 MODULE main-roof
1 70 90 -904 180 0 0 1 0 1 0 -1 0 0 4162.dat
0 H02764 ELEMENT 4211194 MODULE main-roof
1 70 90 -904 300 0 0 1 0 1 0 -1 0 0 2431.dat
0 H02765 ELEMENT 4585337 MODULE main-roof
1 70 550 -904 180 0 0 1 0 1 0 -1 0 0 4162.dat
0 H02766 ELEMENT 4211194 MODULE main-roof
1 70 550 -904 300 0 0 1 0 1 0 -1 0 0 2431.dat
0 H02767 ELEMENT 4223683 MODULE main-roof
1 70 200 -904 110 1 0 0 0 1 0 -0 0 1 4477.dat
0 H02768 ELEMENT 4223683 MODULE main-roof
1 70 400 -904 110 1 0 0 0 1 0 -0 0 1 4477.dat
0 H02769 ELEMENT 4211150 MODULE main-roof
1 70 520 -904 110 1 0 0 0 1 0 -0 0 1 3023b.dat
0 H02770 ELEMENT 4216945 MODULE main-roof
1 70 110 -904 200 0 0 1 0 1 0 -1 0 0 3460.dat
0 H02771 ELEMENT 4216945 MODULE main-roof
1 70 530 -904 200 0 0 1 0 1 0 -1 0 0 3460.dat
0 H02772 ELEMENT 4211152 MODULE main-roof
1 70 110 -904 310 0 0 1 0 1 0 -1 0 0 3623.dat
0 H02773 ELEMENT 4211152 MODULE main-roof
1 70 530 -904 310 0 0 1 0 1 0 -1 0 0 3623.dat
0 H02774 ELEMENT 4216945 MODULE main-roof
1 70 200 -904 330 1 0 0 0 1 0 -0 0 1 3460.dat
0 H02775 ELEMENT 4221590 MODULE main-roof
1 70 340 -904 330 1 0 0 0 1 0 -0 0 1 3666.dat
0 H02776 ELEMENT 4221590 MODULE main-roof
1 70 460 -904 330 1 0 0 0 1 0 -0 0 1 3666.dat
0 H02777 ELEMENT 4166618 MODULE main-roof
1 71 200 -904 200 1 0 0 0 1 0 -0 0 1 41539.dat
0 H02778 ELEMENT 4166618 MODULE main-roof
1 71 360 -904 200 1 0 0 0 1 0 -0 0 1 41539.dat
0 H02779 ELEMENT 4211122 MODULE main-roof
1 72 480 -904 220 0 0 1 0 1 0 -1 0 0 3030.dat
0 H02780 ELEMENT 4210796 MODULE main-roof
1 72 280 -904 300 1 0 0 0 1 0 -0 0 1 4282.dat
0 H03596 ELEMENT 6229130 MODULE cliff-flowers
1 2 90 -280 690 1 0 0 0 1 0 -0 0 1 32607.dat
0 H03597 ELEMENT 6212501 MODULE cliff-flowers
1 29 90 -288 690 1 0 0 0 1 0 -0 0 1 24866.dat
0 H03598 ELEMENT 6229130 MODULE cliff-flowers
1 2 110 -184 770 1 0 0 0 1 0 -0 0 1 32607.dat
0 H03599 ELEMENT 6212501 MODULE cliff-flowers
1 29 110 -192 770 1 0 0 0 1 0 -0 0 1 24866.dat
0 H03600 ELEMENT 6229130 MODULE cliff-flowers
1 2 150 -96 830 1 0 0 0 1 0 -0 0 1 32607.dat
0 H03601 ELEMENT 6212501 MODULE cliff-flowers
1 29 150 -104 830 1 0 0 0 1 0 -0 0 1 24866.dat
0 H03602 ELEMENT 6229130 MODULE cliff-flowers
1 2 830 -304 690 1 0 0 0 1 0 -0 0 1 32607.dat
0 H03603 ELEMENT 6206149 MODULE cliff-flowers
1 15 830 -312 690 1 0 0 0 1 0 -0 0 1 24866.dat
0 H03604 ELEMENT 6229130 MODULE cliff-flowers
1 2 690 -168 770 1 0 0 0 1 0 -0 0 1 32607.dat
0 H03605 ELEMENT 6206149 MODULE cliff-flowers
1 15 690 -176 770 1 0 0 0 1 0 -0 0 1 24866.dat
0 H03606 ELEMENT 6229130 MODULE cliff-flowers
1 2 1050 -216 750 1 0 0 0 1 0 -0 0 1 32607.dat
0 H03607 ELEMENT 6206149 MODULE cliff-flowers
1 15 1050 -224 750 1 0 0 0 1 0 -0 0 1 24866.dat
0 STEP
0 H02781 ELEMENT 4585337 MODULE main-roof
1 70 180 -912 110 1 0 0 0 1 0 -0 0 1 4162.dat
0 H02782 ELEMENT 4585337 MODULE main-roof
1 70 340 -912 110 1 0 0 0 1 0 -0 0 1 4162.dat
0 H02783 ELEMENT 4211204 MODULE main-roof
1 70 480 -912 110 1 0 0 0 1 0 -0 0 1 6636.dat
0 H02784 ELEMENT 4585337 MODULE main-roof
1 70 180 -912 330 1 0 0 0 1 0 -0 0 1 4162.dat
0 H02785 ELEMENT 4585337 MODULE main-roof
1 70 340 -912 330 1 0 0 0 1 0 -0 0 1 4162.dat
0 H02786 ELEMENT 4211204 MODULE main-roof
1 70 480 -912 330 1 0 0 0 1 0 -0 0 1 6636.dat
0 H02787 ELEMENT 4585337 MODULE main-roof
1 70 110 -912 200 0 0 1 0 1 0 -1 0 0 4162.dat
0 H02788 ELEMENT 4211151 MODULE main-roof
1 70 110 -912 300 0 0 1 0 1 0 -1 0 0 3069b.dat
0 H02789 ELEMENT 6447565 MODULE main-roof
1 308 530 -912 200 0 0 1 0 1 0 -1 0 0 4162.dat
0 H02790 ELEMENT 4211151 MODULE main-roof
1 70 530 -912 300 0 0 1 0 1 0 -1 0 0 3069b.dat
0 H02791 ELEMENT 4221590 MODULE main-roof
1 70 180 -912 130 1 0 0 0 1 0 -0 0 1 3666.dat
0 H02792 ELEMENT 4221590 MODULE main-roof
1 70 300 -912 130 1 0 0 0 1 0 -0 0 1 3666.dat
0 H02793 ELEMENT 4221590 MODULE main-roof
1 70 420 -912 130 1 0 0 0 1 0 -0 0 1 3666.dat
0 H02794 ELEMENT 4211150 MODULE main-roof
1 70 500 -912 130 1 0 0 0 1 0 -0 0 1 3023b.dat
0 H02795 ELEMENT 4221590 MODULE main-roof
1 70 130 -912 200 0 0 1 0 1 0 -1 0 0 3666.dat
0 H02796 ELEMENT 4221590 MODULE main-roof
1 70 510 -912 200 0 0 1 0 1 0 -1 0 0 3666.dat
0 H02797 ELEMENT 4211152 MODULE main-roof
1 70 130 -912 290 0 0 1 0 1 0 -1 0 0 3623.dat
0 H02798 ELEMENT 4211152 MODULE main-roof
1 70 510 -912 290 0 0 1 0 1 0 -1 0 0 3623.dat
0 H02799 ELEMENT 4221590 MODULE main-roof
1 70 200 -912 310 1 0 0 0 1 0 -0 0 1 3666.dat
0 H02800 ELEMENT 4221590 MODULE main-roof
1 70 320 -912 310 1 0 0 0 1 0 -0 0 1 3666.dat
0 H02801 ELEMENT 4221590 MODULE main-roof
1 70 440 -912 310 1 0 0 0 1 0 -0 0 1 3666.dat
0 H02802 ELEMENT 4166618 MODULE main-roof
1 71 220 -912 220 1 0 0 0 1 0 -0 0 1 41539.dat
0 H02803 ELEMENT 4166619 MODULE main-roof
1 0 380 -912 220 1 0 0 0 1 0 -0 0 1 41539.dat
0 H02804 ELEMENT 4210997 MODULE main-roof
1 72 480 -912 220 0 0 1 0 1 0 -1 0 0 3034.dat
0 STEP
0 H02805 ELEMENT 6447565 MODULE main-roof
1 308 200 -920 130 1 0 0 0 1 0 -0 0 1 4162.dat
0 H02806 ELEMENT 6447565 MODULE main-roof
1 308 360 -920 130 1 0 0 0 1 0 -0 0 1 4162.dat
0 H02807 ELEMENT 4211194 MODULE main-roof
1 70 480 -920 130 1 0 0 0 1 0 -0 0 1 2431.dat
0 H02808 ELEMENT 6447565 MODULE main-roof
1 308 200 -920 310 1 0 0 0 1 0 -0 0 1 4162.dat
0 H02809 ELEMENT 6447565 MODULE main-roof
1 308 360 -920 310 1 0 0 0 1 0 -0 0 1 4162.dat
0 H02810 ELEMENT 4211194 MODULE main-roof
1 70 480 -920 310 1 0 0 0 1 0 -0 0 1 2431.dat
0 H02811 ELEMENT 6447565 MODULE main-roof
1 308 130 -920 220 0 0 1 0 1 0 -1 0 0 4162.dat
0 H02812 ELEMENT 6447565 MODULE main-roof
1 308 510 -920 220 0 0 1 0 1 0 -1 0 0 4162.dat
0 H02813 ELEMENT 4221590 MODULE main-roof
1 70 200 -920 150 1 0 0 0 1 0 -0 0 1 3666.dat
0 H02814 ELEMENT 4211190 MODULE main-roof
1 70 300 -920 150 1 0 0 0 1 0 -0 0 1 3710.dat
0 H02815 ELEMENT 4211190 MODULE main-roof
1 70 380 -920 150 1 0 0 0 1 0 -0 0 1 3710.dat
0 H02816 ELEMENT 4211190 MODULE main-roof
1 70 460 -920 150 1 0 0 0 1 0 -0 0 1 3710.dat
0 H02817 ELEMENT 4211190 MODULE main-roof
1 70 150 -920 200 0 0 1 0 1 0 -1 0 0 3710.dat
0 H02818 ELEMENT 4211190 MODULE main-roof
1 70 490 -920 200 0 0 1 0 1 0 -1 0 0 3710.dat
0 H02819 ELEMENT 4211152 MODULE main-roof
1 70 150 -920 270 0 0 1 0 1 0 -1 0 0 3623.dat
0 H02820 ELEMENT 4211152 MODULE main-roof
1 70 490 -920 270 0 0 1 0 1 0 -1 0 0 3623.dat
0 H02821 ELEMENT 4211190 MODULE main-roof
1 70 200 -920 290 1 0 0 0 1 0 -0 0 1 3710.dat
0 H02822 ELEMENT 4211190 MODULE main-roof
1 70 280 -920 290 1 0 0 0 1 0 -0 0 1 3710.dat
0 H02823 ELEMENT 4211190 MODULE main-roof
1 70 360 -920 290 1 0 0 0 1 0 -0 0 1 3710.dat
0 H02824 ELEMENT 4211190 MODULE main-roof
1 70 440 -920 290 1 0 0 0 1 0 -0 0 1 3710.dat
0 H02825 ELEMENT 4211114 MODULE main-roof
1 72 260 -920 220 1 0 0 0 1 0 -0 0 1 3033.dat
0 H02826 ELEMENT 4211134 MODULE main-roof
1 72 420 -920 220 1 0 0 0 1 0 -0 0 1 3958.dat
0 STEP
0 H02827 ELEMENT 6447565 MODULE main-roof
1 308 220 -928 150 1 0 0 0 1 0 -0 0 1 4162.dat
0 H02828 ELEMENT 6447565 MODULE main-roof
1 308 380 -928 150 1 0 0 0 1 0 -0 0 1 4162.dat
0 H02829 ELEMENT 4211151 MODULE main-roof
1 70 480 -928 150 1 0 0 0 1 0 -0 0 1 3069b.dat
0 H02830 ELEMENT 6447565 MODULE main-roof
1 308 220 -928 290 1 0 0 0 1 0 -0 0 1 4162.dat
0 H02831 ELEMENT 4211204 MODULE main-roof
1 70 360 -928 290 1 0 0 0 1 0 -0 0 1 6636.dat
0 H02832 ELEMENT 4211194 MODULE main-roof
1 70 460 -928 290 1 0 0 0 1 0 -0 0 1 2431.dat
0 H02833 ELEMENT 4211204 MODULE main-roof
1 70 150 -928 220 0 0 1 0 1 0 -1 0 0 6636.dat
0 H02834 ELEMENT 4211204 MODULE main-roof
1 70 490 -928 220 0 0 1 0 1 0 -1 0 0 6636.dat
0 H02835 ELEMENT 4211190 MODULE main-roof
1 70 200 -928 170 1 0 0 0 1 0 -0 0 1 3710.dat
0 H02836 ELEMENT 4211190 MODULE main-roof
1 70 280 -928 170 1 0 0 0 1 0 -0 0 1 3710.dat
0 H02837 ELEMENT 4211152 MODULE main-roof
1 70 350 -928 170 1 0 0 0 1 0 -0 0 1 3623.dat
0 H02838 ELEMENT 4211152 MODULE main-roof
1 70 410 -928 170 1 0 0 0 1 0 -0 0 1 3623.dat
0 H02839 ELEMENT 4211150 MODULE main-roof
1 70 460 -928 170 1 0 0 0 1 0 -0 0 1 3023b.dat
0 H02840 ELEMENT 4211152 MODULE main-roof
1 70 170 -928 210 0 0 1 0 1 0 -1 0 0 3623.dat
0 H02841 ELEMENT 4211152 MODULE main-roof
1 70 470 -928 210 0 0 1 0 1 0 -1 0 0 3623.dat
0 H02842 ELEMENT 4211150 MODULE main-roof
1 70 170 -928 260 0 0 1 0 1 0 -1 0 0 3023b.dat
0 H02843 ELEMENT 4211150 MODULE main-roof
1 70 470 -928 260 0 0 1 0 1 0 -1 0 0 3023b.dat
0 H02844 ELEMENT 4211152 MODULE main-roof
1 70 210 -928 270 1 0 0 0 1 0 -0 0 1 3623.dat
0 H02845 ELEMENT 4211150 MODULE main-roof
1 70 260 -928 270 1 0 0 0 1 0 -0 0 1 3023b.dat
0 H02846 ELEMENT 4211150 MODULE main-roof
1 70 300 -928 270 1 0 0 0 1 0 -0 0 1 3023b.dat
0 H02847 ELEMENT 4211150 MODULE main-roof
1 70 340 -928 270 1 0 0 0 1 0 -0 0 1 3023b.dat
0 H02848 ELEMENT 4211150 MODULE main-roof
1 70 380 -928 270 1 0 0 0 1 0 -0 0 1 3023b.dat
0 H02849 ELEMENT 4211150 MODULE main-roof
1 70 420 -928 270 1 0 0 0 1 0 -0 0 1 3023b.dat
0 H02850 ELEMENT 4221744 MODULE main-roof
1 70 450 -928 270 1 0 0 0 1 0 -0 0 1 3024.dat
0 H02851 ELEMENT 4210706 MODULE main-roof
1 72 300 -928 220 1 0 0 0 1 0 -0 0 1 3029.dat
0 H02852 ELEMENT 4211065 MODULE main-roof
1 72 440 -928 220 0 0 1 0 1 0 -1 0 0 3020.dat
0 STEP
0 H02853 ELEMENT 4211204 MODULE main-roof
1 70 220 -936 170 1 0 0 0 1 0 -0 0 1 6636.dat
0 H02854 ELEMENT 4211204 MODULE main-roof
1 70 340 -936 170 1 0 0 0 1 0 -0 0 1 6636.dat
0 H02855 ELEMENT 4211194 MODULE main-roof
1 70 440 -936 170 1 0 0 0 1 0 -0 0 1 2431.dat
0 H02856 ELEMENT 4211204 MODULE main-roof
1 70 220 -936 270 1 0 0 0 1 0 -0 0 1 6636.dat
0 H02857 ELEMENT 6295366 MODULE main-roof
1 308 340 -936 270 1 0 0 0 1 0 -0 0 1 6636.dat
0 H02858 ELEMENT 6313874 MODULE main-roof
1 308 440 -936 270 1 0 0 0 1 0 -0 0 1 2431.dat
0 H02859 ELEMENT 6313874 MODULE main-roof
1 308 170 -936 220 0 0 1 0 1 0 -1 0 0 2431.dat
0 H02860 ELEMENT 6313874 MODULE main-roof
1 308 470 -936 220 0 0 1 0 1 0 -1 0 0 2431.dat
0 H02861 ELEMENT 4211150 MODULE main-roof
1 70 200 -936 190 1 0 0 0 1 0 -0 0 1 3023b.dat
0 H02862 ELEMENT 4211150 MODULE main-roof
1 70 240 -936 190 1 0 0 0 1 0 -0 0 1 3023b.dat
0 H02863 ELEMENT 4211150 MODULE main-roof
1 70 280 -936 190 1 0 0 0 1 0 -0 0 1 3023b.dat
0 H02864 ELEMENT 4211150 MODULE main-roof
1 70 320 -936 190 1 0 0 0 1 0 -0 0 1 3023b.dat
0 H02865 ELEMENT 4211150 MODULE main-roof
1 70 360 -936 190 1 0 0 0 1 0 -0 0 1 3023b.dat
0 H02866 ELEMENT 4211150 MODULE main-roof
1 70 400 -936 190 1 0 0 0 1 0 -0 0 1 3023b.dat
0 H02867 ELEMENT 4211150 MODULE main-roof
1 70 440 -936 190 1 0 0 0 1 0 -0 0 1 3023b.dat
0 H02868 ELEMENT 4211150 MODULE main-roof
1 70 190 -936 220 0 0 1 0 1 0 -1 0 0 3023b.dat
0 H02869 ELEMENT 4211150 MODULE main-roof
1 70 450 -936 220 0 0 1 0 1 0 -1 0 0 3023b.dat
0 H02870 ELEMENT 4211150 MODULE main-roof
1 70 200 -936 250 1 0 0 0 1 0 -0 0 1 3023b.dat
0 H02871 ELEMENT 4211150 MODULE main-roof
1 70 240 -936 250 1 0 0 0 1 0 -0 0 1 3023b.dat
0 H02872 ELEMENT 4211150 MODULE main-roof
1 70 280 -936 250 1 0 0 0 1 0 -0 0 1 3023b.dat
0 H02873 ELEMENT 4211150 MODULE main-roof
1 70 320 -936 250 1 0 0 0 1 0 -0 0 1 3023b.dat
0 H02874 ELEMENT 4211150 MODULE main-roof
1 70 360 -936 250 1 0 0 0 1 0 -0 0 1 3023b.dat
0 H02875 ELEMENT 4211150 MODULE main-roof
1 70 400 -936 250 1 0 0 0 1 0 -0 0 1 3023b.dat
0 H02876 ELEMENT 4211150 MODULE main-roof
1 70 440 -936 250 1 0 0 0 1 0 -0 0 1 3023b.dat
0 H02877 ELEMENT 4211067 MODULE main-roof
1 72 320 -936 220 1 0 0 0 1 0 -0 0 1 2445.dat
0 STEP
0 H02878 ELEMENT 6295366 MODULE main-roof
1 308 240 -944 190 1 0 0 0 1 0 -0 0 1 6636.dat
0 H02879 ELEMENT 6295366 MODULE main-roof
1 308 360 -944 190 1 0 0 0 1 0 -0 0 1 6636.dat
0 H02880 ELEMENT 4211151 MODULE main-roof
1 70 440 -944 190 1 0 0 0 1 0 -0 0 1 3069b.dat
0 H02881 ELEMENT 6295366 MODULE main-roof
1 308 240 -944 250 1 0 0 0 1 0 -0 0 1 6636.dat
0 H02882 ELEMENT 6295366 MODULE main-roof
1 308 360 -944 250 1 0 0 0 1 0 -0 0 1 6636.dat
0 H02883 ELEMENT 4211151 MODULE main-roof
1 70 440 -944 250 1 0 0 0 1 0 -0 0 1 3069b.dat
0 H02884 ELEMENT 4211151 MODULE main-roof
1 70 190 -944 220 0 0 1 0 1 0 -1 0 0 3069b.dat
0 H02885 ELEMENT 4211151 MODULE main-roof
1 70 450 -944 220 0 0 1 0 1 0 -1 0 0 3069b.dat
0 H02886 ELEMENT 4211211 MODULE main-roof
1 70 280 -944 220 1 0 0 0 1 0 -0 0 1 3034.dat
0 H02887 ELEMENT 4211186 MODULE main-roof
1 70 400 -944 220 1 0 0 0 1 0 -0 0 1 3020.dat
0 STEP
0 H02888 ELEMENT 4211151 MODULE main-roof
1 70 210 -952 220 0 0 1 0 1 0 -1 0 0 3069b.dat
0 H02889 ELEMENT 4579690 MODULE main-roof
1 70 300 -952 220 1 0 0 0 1 0 -0 0 1 87079.dat
0 H02890 ELEMENT 4271949 MODULE main-roof
1 70 360 -952 220 1 0 0 0 1 0 -0 0 1 3068b.dat
0 H02891 ELEMENT 4211151 MODULE main-roof
1 70 430 -952 220 0 0 1 0 1 0 -1 0 0 3069b.dat
0 STEP
0 H02892 ELEMENT 4114306 MODULE main-roof
1 19 240 -968 220 1 0 0 0 1 0 -0 0 1 3003.dat
0 H02893 ELEMENT 4114306 MODULE main-roof
1 19 240 -992 220 1 0 0 0 1 0 -0 0 1 3003.dat
0 H02894 ELEMENT 4271949 MODULE main-roof
1 70 240 -1000 220 1 0 0 0 1 0 -0 0 1 3068b.dat
0 H02895 ELEMENT 4114306 MODULE main-roof
1 19 400 -968 220 1 0 0 0 1 0 -0 0 1 3003.dat
0 H02896 ELEMENT 4114306 MODULE main-roof
1 19 400 -992 220 1 0 0 0 1 0 -0 0 1 3003.dat
0 H02897 ELEMENT 4271949 MODULE main-roof
1 70 400 -1000 220 1 0 0 0 1 0 -0 0 1 3068b.dat
0 H02898 ELEMENT 447701 MODULE guest-roof-cornice
1 15 880 -704 190 1 0 0 0 1 0 -0 0 1 4477.dat
0 H02899 ELEMENT 447701 MODULE guest-roof-cornice
1 15 990 -704 280 0 0 1 0 1 0 -1 0 0 4477.dat
0 H02900 ELEMENT 447701 MODULE guest-roof-cornice
1 15 1010 -704 280 0 0 1 0 1 0 -1 0 0 4477.dat
0 H02901 ELEMENT 447701 MODULE guest-roof-cornice
1 15 1030 -704 280 0 0 1 0 1 0 -1 0 0 4477.dat
0 H02902 ELEMENT 447701 MODULE guest-roof-cornice
1 15 1050 -704 280 0 0 1 0 1 0 -1 0 0 4477.dat
0 H02903 ELEMENT 447701 MODULE guest-roof-cornice
1 15 1070 -704 280 0 0 1 0 1 0 -1 0 0 4477.dat
0 H02904 ELEMENT 447701 MODULE guest-roof-cornice
1 15 1090 -704 280 0 0 1 0 1 0 -1 0 0 4477.dat
0 H02905 ELEMENT 447701 MODULE guest-roof-cornice
1 15 880 -704 210 1 0 0 0 1 0 -0 0 1 4477.dat
0 H02906 ELEMENT 302001 MODULE guest-roof-cornice
1 15 820 -704 240 1 0 0 0 1 0 -0 0 1 3020.dat
0 H02907 ELEMENT 302001 MODULE guest-roof-cornice
1 15 900 -704 240 1 0 0 0 1 0 -0 0 1 3020.dat
0 H02908 ELEMENT 302001 MODULE guest-roof-cornice
1 15 960 -704 260 0 0 1 0 1 0 -1 0 0 3020.dat
0 H02909 ELEMENT 302001 MODULE guest-roof-cornice
1 15 820 -704 280 1 0 0 0 1 0 -0 0 1 3020.dat
0 H02910 ELEMENT 302001 MODULE guest-roof-cornice
1 15 900 -704 280 1 0 0 0 1 0 -0 0 1 3020.dat
0 H02911 ELEMENT 302001 MODULE guest-roof-cornice
1 15 820 -704 320 1 0 0 0 1 0 -0 0 1 3020.dat
0 H02912 ELEMENT 302001 MODULE guest-roof-cornice
1 15 900 -704 320 1 0 0 0 1 0 -0 0 1 3020.dat
0 H02913 ELEMENT 302001 MODULE guest-roof-cornice
1 15 960 -704 340 0 0 1 0 1 0 -1 0 0 3020.dat
0 H02914 ELEMENT 346001 MODULE guest-roof-cornice
1 15 860 -704 350 1 0 0 0 1 0 -0 0 1 3460.dat
0 H02915 ELEMENT 302001 MODULE guest-roof-cornice
1 15 820 -704 380 1 0 0 0 1 0 -0 0 1 3020.dat
0 H02916 ELEMENT 302001 MODULE guest-roof-cornice
1 15 900 -704 380 1 0 0 0 1 0 -0 0 1 3020.dat
0 H02917 ELEMENT 346001 MODULE guest-roof-cornice
1 15 1020 -704 390 1 0 0 0 1 0 -0 0 1 3460.dat
0 H02918 ELEMENT 346001 MODULE guest-roof-cornice
1 15 860 -704 410 1 0 0 0 1 0 -0 0 1 3460.dat
0 H02919 ELEMENT 302001 MODULE guest-roof-cornice
1 15 980 -704 420 1 0 0 0 1 0 -0 0 1 3020.dat
0 H02920 ELEMENT 302001 MODULE guest-roof-cornice
1 15 1060 -704 420 1 0 0 0 1 0 -0 0 1 3020.dat
0 H02921 ELEMENT 346001 MODULE guest-roof-cornice
1 15 860 -704 430 1 0 0 0 1 0 -0 0 1 3460.dat
0 H02922 ELEMENT 346001 MODULE guest-roof-cornice
1 15 860 -704 450 1 0 0 0 1 0 -0 0 1 3460.dat
0 H02923 ELEMENT 346001 MODULE guest-roof-cornice
1 15 1020 -704 450 1 0 0 0 1 0 -0 0 1 3460.dat
0 H03002 ELEMENT 302001 MODULE connector-roof-cornice
1 15 600 -520 80 1 0 0 0 1 0 -0 0 1 3020.dat
0 H03003 ELEMENT 302001 MODULE connector-roof-cornice
1 15 680 -520 80 1 0 0 0 1 0 -0 0 1 3020.dat
0 H03004 ELEMENT 346001 MODULE connector-roof-cornice
1 15 730 -520 140 0 0 1 0 1 0 -1 0 0 3460.dat
0 H03005 ELEMENT 302001 MODULE connector-roof-cornice
1 15 760 -520 100 0 0 1 0 1 0 -1 0 0 3020.dat
0 H03006 ELEMENT 346001 MODULE connector-roof-cornice
1 15 790 -520 140 0 0 1 0 1 0 -1 0 0 3460.dat
0 H03007 ELEMENT 302001 MODULE connector-roof-cornice
1 15 600 -520 120 1 0 0 0 1 0 -0 0 1 3020.dat
0 H03008 ELEMENT 346001 MODULE connector-roof-cornice
1 15 650 -520 180 0 0 1 0 1 0 -1 0 0 3460.dat
0 H03009 ELEMENT 302001 MODULE connector-roof-cornice
1 15 680 -520 140 0 0 1 0 1 0 -1 0 0 3020.dat
0 H03010 ELEMENT 346001 MODULE connector-roof-cornice
1 15 710 -520 180 0 0 1 0 1 0 -1 0 0 3460.dat
0 H03011 ELEMENT 302001 MODULE connector-roof-cornice
1 15 600 -520 160 1 0 0 0 1 0 -0 0 1 3020.dat
0 H03012 ELEMENT 302001 MODULE connector-roof-cornice
1 15 760 -520 180 0 0 1 0 1 0 -1 0 0 3020.dat
0 H03013 ELEMENT 302001 MODULE connector-roof-cornice
1 15 600 -520 200 1 0 0 0 1 0 -0 0 1 3020.dat
0 H03014 ELEMENT 302001 MODULE connector-roof-cornice
1 15 680 -520 220 0 0 1 0 1 0 -1 0 0 3020.dat
0 H03015 ELEMENT 302001 MODULE connector-roof-cornice
1 15 600 -520 240 1 0 0 0 1 0 -0 0 1 3020.dat
0 H03016 ELEMENT 302001 MODULE connector-roof-cornice
1 15 760 -520 240 1 0 0 0 1 0 -0 0 1 3020.dat
0 STEP
0 H02730 ELEMENT 4579690 MODULE guest-wing-roof
1 70 940 -784 320 1 0 0 0 1 0 -0 0 1 87079.dat
0 H02731 ELEMENT 4579690 MODULE connector-roof
1 70 680 -576 160 1 0 0 0 1 0 -0 0 1 87079.dat
0 H02924 ELEMENT 4211202 MODULE guest-wing-roof
1 70 800 -728 210 1 0 0 0 1 0 -0 0 1 3039.dat
0 H02925 ELEMENT 4211202 MODULE guest-wing-roof
1 70 800 -728 430 -1 0 0 0 1 0 -0 0 -1 3039.dat
0 H02926 ELEMENT 4211202 MODULE guest-wing-roof
1 70 840 -728 210 1 0 0 0 1 0 -0 0 1 3039.dat
0 H02927 ELEMENT 4211202 MODULE guest-wing-roof
1 70 840 -728 430 -1 0 0 0 1 0 -0 0 -1 3039.dat
0 H02928 ELEMENT 4211202 MODULE guest-wing-roof
1 70 880 -728 210 1 0 0 0 1 0 -0 0 1 3039.dat
0 H02929 ELEMENT 4211202 MODULE guest-wing-roof
1 70 880 -728 430 -1 0 0 0 1 0 -0 0 -1 3039.dat
0 H02930 ELEMENT 4211202 MODULE guest-wing-roof
1 70 920 -728 210 1 0 0 0 1 0 -0 0 1 3039.dat
0 H02931 ELEMENT 4211202 MODULE guest-wing-roof
1 70 920 -728 430 -1 0 0 0 1 0 -0 0 -1 3039.dat
0 H02932 ELEMENT 4211202 MODULE guest-wing-roof
1 70 960 -728 210 1 0 0 0 1 0 -0 0 1 3039.dat
0 H02933 ELEMENT 4211202 MODULE guest-wing-roof
1 70 960 -728 430 -1 0 0 0 1 0 -0 0 -1 3039.dat
0 H02934 ELEMENT 4211202 MODULE guest-wing-roof
1 70 1000 -728 210 1 0 0 0 1 0 -0 0 1 3039.dat
0 H02935 ELEMENT 4211202 MODULE guest-wing-roof
1 70 1000 -728 430 -1 0 0 0 1 0 -0 0 -1 3039.dat
0 H02936 ELEMENT 4211202 MODULE guest-wing-roof
1 70 1040 -728 210 1 0 0 0 1 0 -0 0 1 3039.dat
0 H02937 ELEMENT 4211202 MODULE guest-wing-roof
1 70 1040 -728 430 -1 0 0 0 1 0 -0 0 -1 3039.dat
0 H02938 ELEMENT 4211202 MODULE guest-wing-roof
1 70 1080 -728 210 1 0 0 0 1 0 -0 0 1 3039.dat
0 H02939 ELEMENT 4211202 MODULE guest-wing-roof
1 70 1080 -728 430 -1 0 0 0 1 0 -0 0 -1 3039.dat
0 H02940 ELEMENT 6037390 MODULE guest-wing-roof
1 0 900 -728 240 1 0 0 0 1 0 -0 0 1 3007.dat
0 H02941 ELEMENT 6037390 MODULE guest-wing-roof
1 0 1000 -728 300 0 0 1 0 1 0 -1 0 0 3007.dat
0 H02942 ELEMENT 6037384 MODULE guest-wing-roof
1 1 1040 -728 300 0 0 1 0 1 0 -1 0 0 3007.dat
0 H02943 ELEMENT 6037399 MODULE guest-wing-roof
1 71 900 -728 280 1 0 0 0 1 0 -0 0 1 3007.dat
0 H02944 ELEMENT 6037399 MODULE guest-wing-roof
1 71 900 -728 320 1 0 0 0 1 0 -0 0 1 3007.dat
0 H02945 ELEMENT 6037399 MODULE guest-wing-roof
1 71 900 -728 360 1 0 0 0 1 0 -0 0 1 3007.dat
0 H02946 ELEMENT 6037399 MODULE guest-wing-roof
1 71 900 -728 400 1 0 0 0 1 0 -0 0 1 3007.dat
0 H02947 ELEMENT 300126 MODULE guest-wing-roof
1 0 1020 -728 400 1 0 0 0 1 0 -0 0 1 3001.dat
0 H02948 ELEMENT 4211211 MODULE guest-wing-roof
1 70 800 -712 300 0 0 1 0 1 0 -1 0 0 3034.dat
0 H02949 ELEMENT 4211247 MODULE guest-wing-roof
1 70 1080 -712 280 0 0 1 0 1 0 -1 0 0 3795.dat
0 H02950 ELEMENT 4211186 MODULE guest-wing-roof
1 70 1080 -712 380 0 0 1 0 1 0 -1 0 0 3020.dat
0 H02951 ELEMENT 4216695 MODULE guest-wing-roof
1 70 800 -712 400 1 0 0 0 1 0 -0 0 1 3022.dat
0 H02952 ELEMENT 4211247 MODULE guest-wing-roof
1 70 800 -720 280 0 0 1 0 1 0 -1 0 0 3795.dat
0 H02953 ELEMENT 4211247 MODULE guest-wing-roof
1 70 1080 -720 280 0 0 1 0 1 0 -1 0 0 3795.dat
0 H02954 ELEMENT 4211186 MODULE guest-wing-roof
1 70 800 -720 380 0 0 1 0 1 0 -1 0 0 3020.dat
0 H02955 ELEMENT 4211186 MODULE guest-wing-roof
1 70 1080 -720 380 0 0 1 0 1 0 -1 0 0 3020.dat
0 H02956 ELEMENT 4211186 MODULE guest-wing-roof
1 70 800 -728 260 0 0 1 0 1 0 -1 0 0 3020.dat
0 H02957 ELEMENT 4211186 MODULE guest-wing-roof
1 70 1080 -728 260 0 0 1 0 1 0 -1 0 0 3020.dat
0 H02958 ELEMENT 4211186 MODULE guest-wing-roof
1 70 800 -728 340 0 0 1 0 1 0 -1 0 0 3020.dat
0 H02959 ELEMENT 4211186 MODULE guest-wing-roof
1 70 1080 -728 340 0 0 1 0 1 0 -1 0 0 3020.dat
0 H02960 ELEMENT 4216695 MODULE guest-wing-roof
1 70 800 -728 400 1 0 0 0 1 0 -0 0 1 3022.dat
0 H02961 ELEMENT 4216695 MODULE guest-wing-roof
1 70 1080 -728 400 1 0 0 0 1 0 -0 0 1 3022.dat
0 H02962 ELEMENT 4211202 MODULE guest-wing-roof
1 70 840 -752 250 1 0 0 0 1 0 -0 0 1 3039.dat
0 H02963 ELEMENT 4211202 MODULE guest-wing-roof
1 70 840 -752 390 -1 0 0 0 1 0 -0 0 -1 3039.dat
0 H02964 ELEMENT 4211202 MODULE guest-wing-roof
1 70 880 -752 250 1 0 0 0 1 0 -0 0 1 3039.dat
0 H02965 ELEMENT 4211202 MODULE guest-wing-roof
1 70 880 -752 390 -1 0 0 0 1 0 -0 0 -1 3039.dat
0 H02966 ELEMENT 4211202 MODULE guest-wing-roof
1 70 920 -752 250 1 0 0 0 1 0 -0 0 1 3039.dat
0 H02967 ELEMENT 4211202 MODULE guest-wing-roof
1 70 920 -752 390 -1 0 0 0 1 0 -0 0 -1 3039.dat
0 H02968 ELEMENT 4211202 MODULE guest-wing-roof
1 70 960 -752 250 1 0 0 0 1 0 -0 0 1 3039.dat
0 H02969 ELEMENT 4211202 MODULE guest-wing-roof
1 70 960 -752 390 -1 0 0 0 1 0 -0 0 -1 3039.dat
0 H02970 ELEMENT 4211202 MODULE guest-wing-roof
1 70 1000 -752 250 1 0 0 0 1 0 -0 0 1 3039.dat
0 H02971 ELEMENT 4211202 MODULE guest-wing-roof
1 70 1000 -752 390 -1 0 0 0 1 0 -0 0 -1 3039.dat
0 H02972 ELEMENT 4211202 MODULE guest-wing-roof
1 70 1040 -752 250 1 0 0 0 1 0 -0 0 1 3039.dat
0 H02973 ELEMENT 4211202 MODULE guest-wing-roof
1 70 1040 -752 390 -1 0 0 0 1 0 -0 0 -1 3039.dat
0 H02974 ELEMENT 6187438 MODULE guest-wing-roof
1 72 940 -752 280 1 0 0 0 1 0 -0 0 1 3007.dat
0 H02975 ELEMENT 4181144 MODULE guest-wing-roof
1 0 920 -752 320 1 0 0 0 1 0 -0 0 1 2456.dat
0 H02976 ELEMENT 300126 MODULE guest-wing-roof
1 0 1000 -752 340 0 0 1 0 1 0 -1 0 0 3001.dat
0 H02977 ELEMENT 4181144 MODULE guest-wing-roof
1 0 920 -752 360 1 0 0 0 1 0 -0 0 1 2456.dat
0 H02978 ELEMENT 4211247 MODULE guest-wing-roof
1 70 840 -736 320 0 0 1 0 1 0 -1 0 0 3795.dat
0 H02979 ELEMENT 4211247 MODULE guest-wing-roof
1 70 1040 -736 320 0 0 1 0 1 0 -1 0 0 3795.dat
0 H02980 ELEMENT 4211247 MODULE guest-wing-roof
1 70 840 -744 320 0 0 1 0 1 0 -1 0 0 3795.dat
0 H02981 ELEMENT 4211186 MODULE guest-wing-roof
1 70 1040 -744 300 0 0 1 0 1 0 -1 0 0 3020.dat
0 H02982 ELEMENT 4216695 MODULE guest-wing-roof
1 70 1040 -744 360 1 0 0 0 1 0 -0 0 1 3022.dat
0 H02983 ELEMENT 4211186 MODULE guest-wing-roof
1 70 840 -752 300 0 0 1 0 1 0 -1 0 0 3020.dat
0 H02984 ELEMENT 4211186 MODULE guest-wing-roof
1 70 1040 -752 300 0 0 1 0 1 0 -1 0 0 3020.dat
0 H02985 ELEMENT 4216695 MODULE guest-wing-roof
1 70 840 -752 360 1 0 0 0 1 0 -0 0 1 3022.dat
0 H02986 ELEMENT 4216695 MODULE guest-wing-roof
1 70 1040 -752 360 1 0 0 0 1 0 -0 0 1 3022.dat
0 H02987 ELEMENT 4211202 MODULE guest-wing-roof
1 70 880 -776 290 1 0 0 0 1 0 -0 0 1 3039.dat
0 H02988 ELEMENT 4211202 MODULE guest-wing-roof
1 70 880 -776 350 -1 0 0 0 1 0 -0 0 -1 3039.dat
0 H02989 ELEMENT 4211202 MODULE guest-wing-roof
1 70 920 -776 290 1 0 0 0 1 0 -0 0 1 3039.dat
0 H02990 ELEMENT 4211202 MODULE guest-wing-roof
1 70 920 -776 350 -1 0 0 0 1 0 -0 0 -1 3039.dat
0 H02991 ELEMENT 4211202 MODULE guest-wing-roof
1 70 960 -776 290 1 0 0 0 1 0 -0 0 1 3039.dat
0 H02992 ELEMENT 4211202 MODULE guest-wing-roof
1 70 960 -776 350 -1 0 0 0 1 0 -0 0 -1 3039.dat
0 H02993 ELEMENT 4211202 MODULE guest-wing-roof
1 70 1000 -776 290 1 0 0 0 1 0 -0 0 1 3039.dat
0 H02994 ELEMENT 4211202 MODULE guest-wing-roof
1 70 1000 -776 350 -1 0 0 0 1 0 -0 0 -1 3039.dat
0 H02995 ELEMENT 300126 MODULE guest-wing-roof
1 0 940 -776 320 1 0 0 0 1 0 -0 0 1 3001.dat
0 H02996 ELEMENT 4216695 MODULE guest-wing-roof
1 70 880 -760 320 1 0 0 0 1 0 -0 0 1 3022.dat
0 H02997 ELEMENT 4216695 MODULE guest-wing-roof
1 70 1000 -760 320 1 0 0 0 1 0 -0 0 1 3022.dat
0 H02998 ELEMENT 4216695 MODULE guest-wing-roof
1 70 880 -768 320 1 0 0 0 1 0 -0 0 1 3022.dat
0 H02999 ELEMENT 4216695 MODULE guest-wing-roof
1 70 1000 -768 320 1 0 0 0 1 0 -0 0 1 3022.dat
0 H03000 ELEMENT 4216695 MODULE guest-wing-roof
1 70 880 -776 320 1 0 0 0 1 0 -0 0 1 3022.dat
0 H03001 ELEMENT 4271949 MODULE guest-wing-roof
1 70 1000 -776 320 1 0 0 0 1 0 -0 0 1 3068b.dat
0 H03017 ELEMENT 4211202 MODULE connector-roof
1 70 580 -544 90 1 0 0 0 1 0 -0 0 1 3039.dat
0 H03018 ELEMENT 4211202 MODULE connector-roof
1 70 580 -544 230 -1 0 0 0 1 0 -0 0 -1 3039.dat
0 H03019 ELEMENT 4211202 MODULE connector-roof
1 70 620 -544 90 1 0 0 0 1 0 -0 0 1 3039.dat
0 H03020 ELEMENT 4211202 MODULE connector-roof
1 70 620 -544 230 -1 0 0 0 1 0 -0 0 -1 3039.dat
0 H03021 ELEMENT 4211202 MODULE connector-roof
1 70 660 -544 90 1 0 0 0 1 0 -0 0 1 3039.dat
0 H03022 ELEMENT 4211202 MODULE connector-roof
1 70 660 -544 230 -1 0 0 0 1 0 -0 0 -1 3039.dat
0 H03023 ELEMENT 4211202 MODULE connector-roof
1 70 700 -544 90 1 0 0 0 1 0 -0 0 1 3039.dat
0 H03024 ELEMENT 4211202 MODULE connector-roof
1 70 700 -544 230 -1 0 0 0 1 0 -0 0 -1 3039.dat
0 H03025 ELEMENT 4211202 MODULE connector-roof
1 70 740 -544 90 1 0 0 0 1 0 -0 0 1 3039.dat
0 H03026 ELEMENT 4211202 MODULE connector-roof
1 70 740 -544 230 -1 0 0 0 1 0 -0 0 -1 3039.dat
0 H03027 ELEMENT 4211202 MODULE connector-roof
1 70 780 -544 90 1 0 0 0 1 0 -0 0 1 3039.dat
0 H03028 ELEMENT 4211202 MODULE connector-roof
1 70 780 -544 230 -1 0 0 0 1 0 -0 0 -1 3039.dat
0 H03029 ELEMENT 4181139 MODULE connector-roof
1 1 660 -544 120 1 0 0 0 1 0 -0 0 1 2456.dat
0 H03030 ELEMENT 4181139 MODULE connector-roof
1 1 740 -544 160 0 0 1 0 1 0 -1 0 0 2456.dat
0 H03031 ELEMENT 4181138 MODULE connector-roof
1 4 660 -544 160 1 0 0 0 1 0 -0 0 1 2456.dat
0 H03032 ELEMENT 4181138 MODULE connector-roof
1 4 660 -544 200 1 0 0 0 1 0 -0 0 1 2456.dat
0 H03033 ELEMENT 4211186 MODULE connector-roof
1 70 580 -528 140 0 0 1 0 1 0 -1 0 0 3020.dat
0 H03034 ELEMENT 4211186 MODULE connector-roof
1 70 780 -528 140 0 0 1 0 1 0 -1 0 0 3020.dat
0 H03035 ELEMENT 4221744 MODULE connector-roof
1 70 570 -528 190 1 0 0 0 1 0 -0 0 1 3024.dat
0 H03036 ELEMENT 4221744 MODULE connector-roof
1 70 590 -528 190 1 0 0 0 1 0 -0 0 1 3024.dat
0 H03037 ELEMENT 4221744 MODULE connector-roof
1 70 770 -528 190 1 0 0 0 1 0 -0 0 1 3024.dat
0 H03038 ELEMENT 4221744 MODULE connector-roof
1 70 790 -528 190 1 0 0 0 1 0 -0 0 1 3024.dat
0 H03039 ELEMENT 4221744 MODULE connector-roof
1 70 570 -528 210 1 0 0 0 1 0 -0 0 1 3024.dat
0 H03040 ELEMENT 4221744 MODULE connector-roof
1 70 590 -528 210 1 0 0 0 1 0 -0 0 1 3024.dat
0 H03041 ELEMENT 4221744 MODULE connector-roof
1 70 770 -528 210 1 0 0 0 1 0 -0 0 1 3024.dat
0 H03042 ELEMENT 4221744 MODULE connector-roof
1 70 790 -528 210 1 0 0 0 1 0 -0 0 1 3024.dat
0 H03043 ELEMENT 4211186 MODULE connector-roof
1 70 580 -536 140 0 0 1 0 1 0 -1 0 0 3020.dat
0 H03044 ELEMENT 4211186 MODULE connector-roof
1 70 780 -536 140 0 0 1 0 1 0 -1 0 0 3020.dat
0 H03045 ELEMENT 4221744 MODULE connector-roof
1 70 570 -536 190 1 0 0 0 1 0 -0 0 1 3024.dat
0 H03046 ELEMENT 4221744 MODULE connector-roof
1 70 590 -536 190 1 0 0 0 1 0 -0 0 1 3024.dat
0 H03047 ELEMENT 4221744 MODULE connector-roof
1 70 770 -536 190 1 0 0 0 1 0 -0 0 1 3024.dat
0 H03048 ELEMENT 4221744 MODULE connector-roof
1 70 790 -536 190 1 0 0 0 1 0 -0 0 1 3024.dat
0 H03049 ELEMENT 4221744 MODULE connector-roof
1 70 570 -536 210 1 0 0 0 1 0 -0 0 1 3024.dat
0 H03050 ELEMENT 4221744 MODULE connector-roof
1 70 590 -536 210 1 0 0 0 1 0 -0 0 1 3024.dat
0 H03051 ELEMENT 4221744 MODULE connector-roof
1 70 770 -536 210 1 0 0 0 1 0 -0 0 1 3024.dat
0 H03052 ELEMENT 4221744 MODULE connector-roof
1 70 790 -536 210 1 0 0 0 1 0 -0 0 1 3024.dat
0 H03053 ELEMENT 4211186 MODULE connector-roof
1 70 580 -544 140 0 0 1 0 1 0 -1 0 0 3020.dat
0 H03054 ELEMENT 4211186 MODULE connector-roof
1 70 780 -544 140 0 0 1 0 1 0 -1 0 0 3020.dat
0 H03055 ELEMENT 4211151 MODULE connector-roof
1 70 580 -544 190 1 0 0 0 1 0 -0 0 1 3069b.dat
0 H03056 ELEMENT 4211151 MODULE connector-roof
1 70 780 -544 190 1 0 0 0 1 0 -0 0 1 3069b.dat
0 H03057 ELEMENT 4211151 MODULE connector-roof
1 70 580 -544 210 1 0 0 0 1 0 -0 0 1 3069b.dat
0 H03058 ELEMENT 4211151 MODULE connector-roof
1 70 780 -544 210 1 0 0 0 1 0 -0 0 1 3069b.dat
0 H03059 ELEMENT 4211202 MODULE connector-roof
1 70 620 -568 130 1 0 0 0 1 0 -0 0 1 3039.dat
0 H03060 ELEMENT 4211202 MODULE connector-roof
1 70 620 -568 190 -1 0 0 0 1 0 -0 0 -1 3039.dat
0 H03061 ELEMENT 4211202 MODULE connector-roof
1 70 660 -568 130 1 0 0 0 1 0 -0 0 1 3039.dat
0 H03062 ELEMENT 4211202 MODULE connector-roof
1 70 660 -568 190 -1 0 0 0 1 0 -0 0 -1 3039.dat
0 H03063 ELEMENT 4211202 MODULE connector-roof
1 70 700 -568 130 1 0 0 0 1 0 -0 0 1 3039.dat
0 H03064 ELEMENT 4211202 MODULE connector-roof
1 70 700 -568 190 -1 0 0 0 1 0 -0 0 -1 3039.dat
0 H03065 ELEMENT 4211202 MODULE connector-roof
1 70 740 -568 130 1 0 0 0 1 0 -0 0 1 3039.dat
0 H03066 ELEMENT 4211202 MODULE connector-roof
1 70 740 -568 190 -1 0 0 0 1 0 -0 0 -1 3039.dat
0 H03067 ELEMENT 300126 MODULE connector-roof
1 0 680 -568 160 1 0 0 0 1 0 -0 0 1 3001.dat
0 H03068 ELEMENT 6494115 MODULE connector-roof
1 308 620 -552 160 1 0 0 0 1 0 -0 0 1 3022.dat
0 H03069 ELEMENT 6058221 MODULE connector-roof
1 308 740 -552 150 1 0 0 0 1 0 -0 0 1 3023b.dat
0 H03070 ELEMENT 6058221 MODULE connector-roof
1 308 740 -552 170 1 0 0 0 1 0 -0 0 1 3023b.dat
0 H03071 ELEMENT 6058221 MODULE connector-roof
1 308 620 -560 150 1 0 0 0 1 0 -0 0 1 3023b.dat
0 H03072 ELEMENT 6058221 MODULE connector-roof
1 308 740 -560 150 1 0 0 0 1 0 -0 0 1 3023b.dat
0 H03073 ELEMENT 6058221 MODULE connector-roof
1 308 620 -560 170 1 0 0 0 1 0 -0 0 1 3023b.dat
0 H03074 ELEMENT 6058221 MODULE connector-roof
1 308 740 -560 170 1 0 0 0 1 0 -0 0 1 3023b.dat
0 H03075 ELEMENT 4224243 MODULE connector-roof
1 70 620 -568 150 1 0 0 0 1 0 -0 0 1 2412b.dat
0 H03076 ELEMENT 4211151 MODULE connector-roof
1 70 740 -568 150 1 0 0 0 1 0 -0 0 1 3069b.dat
0 H03077 ELEMENT 4224243 MODULE connector-roof
1 70 620 -568 170 1 0 0 0 1 0 -0 0 1 2412b.dat
0 H03078 ELEMENT 4211151 MODULE connector-roof
1 70 740 -568 170 1 0 0 0 1 0 -0 0 1 3069b.dat
