0 Cliffside Hotel — 2,648-piece architectural revision
0 Physical assembly untested.
0 H01296 ELEMENT 6094066 MODULE site-foundation
1 0 160 -8 80 1 0 0 0 1 0 -0 0 1 92438.dat
0 H01297 ELEMENT 6094066 MODULE site-foundation
1 0 480 -8 80 1 0 0 0 1 0 -0 0 1 92438.dat
0 H01298 ELEMENT 6094066 MODULE site-foundation
1 0 800 -8 80 1 0 0 0 1 0 -0 0 1 92438.dat
0 H01299 ELEMENT 4598522 MODULE site-foundation
1 71 1040 -8 160 0 0 1 0 1 0 -1 0 0 92438.dat
0 H01300 ELEMENT 4598522 MODULE site-foundation
1 71 160 -8 240 1 0 0 0 1 0 -0 0 1 92438.dat
0 H01301 ELEMENT 4598522 MODULE site-foundation
1 71 480 -8 240 1 0 0 0 1 0 -0 0 1 92438.dat
0 H01302 ELEMENT 4598522 MODULE site-foundation
1 71 800 -8 240 1 0 0 0 1 0 -0 0 1 92438.dat
0 H01303 ELEMENT 4210720 MODULE site-foundation
1 72 140 -8 380 1 0 0 0 1 0 -0 0 1 3456.dat
0 H01304 ELEMENT 4210720 MODULE site-foundation
1 72 420 -8 380 1 0 0 0 1 0 -0 0 1 3456.dat
0 H01305 ELEMENT 4210720 MODULE site-foundation
1 72 700 -8 380 1 0 0 0 1 0 -0 0 1 3456.dat
0 H01306 ELEMENT 4293831 MODULE site-foundation
1 71 980 -8 380 1 0 0 0 1 0 -0 0 1 3456.dat
0 H01307 ELEMENT 4293831 MODULE site-foundation
1 71 140 -8 500 1 0 0 0 1 0 -0 0 1 3456.dat
0 H01308 ELEMENT 302826 MODULE site-foundation
1 0 400 -8 500 1 0 0 0 1 0 -0 0 1 3028.dat
0 H01309 ELEMENT 302826 MODULE site-foundation
1 0 640 -8 500 1 0 0 0 1 0 -0 0 1 3028.dat
0 H01310 ELEMENT 302826 MODULE site-foundation
1 0 880 -8 500 1 0 0 0 1 0 -0 0 1 3028.dat
0 H01311 ELEMENT 302826 MODULE site-foundation
1 0 1060 -8 560 0 0 1 0 1 0 -1 0 0 3028.dat
0 H01312 ELEMENT 4211400 MODULE site-foundation
1 71 120 -8 620 1 0 0 0 1 0 -0 0 1 3028.dat
0 H01313 ELEMENT 4211400 MODULE site-foundation
1 71 360 -8 620 1 0 0 0 1 0 -0 0 1 3028.dat
0 H01314 ELEMENT 4211400 MODULE site-foundation
1 71 600 -8 620 1 0 0 0 1 0 -0 0 1 3028.dat
0 H01315 ELEMENT 4166619 MODULE site-foundation
1 0 800 -8 640 1 0 0 0 1 0 -0 0 1 41539.dat
0 H01316 ELEMENT 303326 MODULE site-foundation
1 0 940 -8 660 0 0 1 0 1 0 -1 0 0 3033.dat
0 H01317 ELEMENT 4210802 MODULE site-foundation
1 72 80 -8 760 1 0 0 0 1 0 -0 0 1 41539.dat
0 H01318 ELEMENT 4210802 MODULE site-foundation
1 72 240 -8 760 1 0 0 0 1 0 -0 0 1 41539.dat
0 H01319 ELEMENT 4166618 MODULE site-foundation
1 71 400 -8 760 1 0 0 0 1 0 -0 0 1 41539.dat
0 H01320 ELEMENT 4166618 MODULE site-foundation
1 71 560 -8 760 1 0 0 0 1 0 -0 0 1 41539.dat
0 H01321 ELEMENT 303026 MODULE site-foundation
1 0 680 -8 780 0 0 1 0 1 0 -1 0 0 3030.dat
0 H01322 ELEMENT 303326 MODULE site-foundation
1 0 1060 -8 780 0 0 1 0 1 0 -1 0 0 3033.dat
0 H01323 ELEMENT 4166618 MODULE site-foundation
1 71 800 -8 800 1 0 0 0 1 0 -0 0 1 41539.dat
0 H01324 ELEMENT 395826 MODULE site-foundation
1 0 940 -8 820 1 0 0 0 1 0 -0 0 1 3958.dat
0 H01325 ELEMENT 428226 MODULE site-foundation
1 0 160 -8 860 1 0 0 0 1 0 -0 0 1 4282.dat
0 H01326 ELEMENT 428226 MODULE site-foundation
1 0 480 -8 860 1 0 0 0 1 0 -0 0 1 4282.dat
0 H01327 ELEMENT 4211114 MODULE site-foundation
1 72 100 -16 60 1 0 0 0 1 0 -0 0 1 3033.dat
0 H01328 ELEMENT 4211114 MODULE site-foundation
1 72 300 -16 60 1 0 0 0 1 0 -0 0 1 3033.dat
0 H01329 ELEMENT 4211114 MODULE site-foundation
1 72 500 -16 60 1 0 0 0 1 0 -0 0 1 3033.dat
0 H01330 ELEMENT 4211114 MODULE site-foundation
1 72 700 -16 60 1 0 0 0 1 0 -0 0 1 3033.dat
0 H01331 ELEMENT 4211114 MODULE site-foundation
1 72 900 -16 60 1 0 0 0 1 0 -0 0 1 3033.dat
0 H01332 ELEMENT 4211405 MODULE site-foundation
1 71 1060 -16 100 0 0 1 0 1 0 -1 0 0 3033.dat
0 H01333 ELEMENT 4211405 MODULE site-foundation
1 71 100 -16 180 1 0 0 0 1 0 -0 0 1 3033.dat
0 H01334 ELEMENT 4211405 MODULE site-foundation
1 71 300 -16 180 1 0 0 0 1 0 -0 0 1 3033.dat
0 H01335 ELEMENT 4211405 MODULE site-foundation
1 71 500 -16 180 1 0 0 0 1 0 -0 0 1 3033.dat
0 H01336 ELEMENT 4211405 MODULE site-foundation
1 71 700 -16 180 1 0 0 0 1 0 -0 0 1 3033.dat
0 H01337 ELEMENT 4211405 MODULE site-foundation
1 71 900 -16 180 1 0 0 0 1 0 -0 0 1 3033.dat
0 H01338 ELEMENT 4211405 MODULE site-foundation
1 71 1060 -16 300 0 0 1 0 1 0 -1 0 0 3033.dat
0 H01339 ELEMENT 4210794 MODULE site-foundation
1 72 80 -16 300 1 0 0 0 1 0 -0 0 1 3036.dat
0 H01340 ELEMENT 4210794 MODULE site-foundation
1 72 240 -16 300 1 0 0 0 1 0 -0 0 1 3036.dat
0 H01341 ELEMENT 4210794 MODULE site-foundation
1 72 400 -16 300 1 0 0 0 1 0 -0 0 1 3036.dat
0 H01342 ELEMENT 4210706 MODULE site-foundation
1 72 600 -16 280 1 0 0 0 1 0 -0 0 1 3029.dat
0 H01343 ELEMENT 4210794 MODULE site-foundation
1 72 800 -16 300 1 0 0 0 1 0 -0 0 1 3036.dat
0 H01344 ELEMENT 4210706 MODULE site-foundation
1 72 920 -16 360 0 0 1 0 1 0 -1 0 0 3029.dat
0 H01345 ELEMENT 4210796 MODULE site-foundation
1 72 980 -16 400 0 0 1 0 1 0 -1 0 0 4282.dat
0 H01346 ELEMENT 4210794 MODULE site-foundation
1 72 560 -16 380 1 0 0 0 1 0 -0 0 1 3036.dat
0 H01347 ELEMENT 4210706 MODULE site-foundation
1 72 680 -16 440 0 0 1 0 1 0 -1 0 0 3029.dat
0 H01348 ELEMENT 4210794 MODULE site-foundation
1 72 80 -16 420 1 0 0 0 1 0 -0 0 1 3036.dat
0 H01349 ELEMENT 4210706 MODULE site-foundation
1 72 280 -16 400 1 0 0 0 1 0 -0 0 1 3029.dat
0 H01350 ELEMENT 302926 MODULE site-foundation
1 0 440 -16 480 0 0 1 0 1 0 -1 0 0 3029.dat
0 H01351 ELEMENT 4210794 MODULE site-foundation
1 72 800 -16 420 1 0 0 0 1 0 -0 0 1 3036.dat
0 H01352 ELEMENT 302926 MODULE site-foundation
1 0 1040 -16 520 0 0 1 0 1 0 -1 0 0 3029.dat
0 H01353 ELEMENT 4210796 MODULE site-foundation
1 72 1100 -16 560 0 0 1 0 1 0 -1 0 0 4282.dat
0 H01354 ELEMENT 303626 MODULE site-foundation
1 0 240 -16 500 1 0 0 0 1 0 -0 0 1 3036.dat
0 H01355 ELEMENT 302926 MODULE site-foundation
1 0 360 -16 560 0 0 1 0 1 0 -1 0 0 3029.dat
0 H01356 ELEMENT 303626 MODULE site-foundation
1 0 560 -16 500 1 0 0 0 1 0 -0 0 1 3036.dat
0 H01357 ELEMENT 302926 MODULE site-foundation
1 0 40 -16 600 0 0 1 0 1 0 -1 0 0 3029.dat
0 H01358 ELEMENT 302926 MODULE site-foundation
1 0 120 -16 600 0 0 1 0 1 0 -1 0 0 3029.dat
0 H01359 ELEMENT 303626 MODULE site-foundation
1 0 800 -16 540 1 0 0 0 1 0 -0 0 1 3036.dat
0 H01360 ELEMENT 302926 MODULE site-foundation
1 0 920 -16 600 0 0 1 0 1 0 -1 0 0 3029.dat
0 H01361 ELEMENT 303626 MODULE site-foundation
1 0 240 -16 620 1 0 0 0 1 0 -0 0 1 3036.dat
0 H01362 ELEMENT 303626 MODULE site-foundation
1 0 560 -16 620 1 0 0 0 1 0 -0 0 1 3036.dat
0 H01363 ELEMENT 302926 MODULE site-foundation
1 0 680 -16 680 0 0 1 0 1 0 -1 0 0 3029.dat
0 H01364 ELEMENT 4210796 MODULE site-foundation
1 72 980 -16 720 0 0 1 0 1 0 -1 0 0 4282.dat
0 H01365 ELEMENT 4211401 MODULE site-foundation
1 71 440 -16 720 0 0 1 0 1 0 -1 0 0 3029.dat
0 H01366 ELEMENT 303626 MODULE site-foundation
1 0 800 -16 660 1 0 0 0 1 0 -0 0 1 3036.dat
0 H01367 ELEMENT 4211401 MODULE site-foundation
1 71 1040 -16 760 0 0 1 0 1 0 -1 0 0 3029.dat
0 H01368 ELEMENT 4211408 MODULE site-foundation
1 71 240 -16 740 1 0 0 0 1 0 -0 0 1 3036.dat
0 H01369 ELEMENT 4211122 MODULE site-foundation
1 72 360 -16 780 0 0 1 0 1 0 -1 0 0 3030.dat
0 H01370 ELEMENT 4211408 MODULE site-foundation
1 71 560 -16 740 1 0 0 0 1 0 -0 0 1 3036.dat
0 H01371 ELEMENT 4211408 MODULE site-foundation
1 71 80 -16 780 1 0 0 0 1 0 -0 0 1 3036.dat
0 H01372 ELEMENT 4211408 MODULE site-foundation
1 71 800 -16 780 1 0 0 0 1 0 -0 0 1 3036.dat
0 H01373 ELEMENT 4211061 MODULE site-foundation
1 72 920 -16 800 0 0 1 0 1 0 -1 0 0 3035.dat
0 H01374 ELEMENT 4210997 MODULE site-foundation
1 72 1100 -16 800 0 0 1 0 1 0 -1 0 0 3034.dat
0 H01375 ELEMENT 4211061 MODULE site-foundation
1 72 240 -16 840 1 0 0 0 1 0 -0 0 1 3035.dat
0 H01376 ELEMENT 4211401 MODULE site-foundation
1 71 600 -16 840 1 0 0 0 1 0 -0 0 1 3029.dat
0 H01377 ELEMENT 4210997 MODULE site-foundation
1 72 80 -16 860 1 0 0 0 1 0 -0 0 1 3034.dat
0 H01378 ELEMENT 4211065 MODULE site-foundation
1 72 440 -16 860 1 0 0 0 1 0 -0 0 1 3020.dat
0 H01379 ELEMENT 4210997 MODULE site-foundation
1 72 800 -16 860 1 0 0 0 1 0 -0 0 1 3034.dat
0 STEP
0 H01380 ELEMENT 246501 MODULE terrace-supports
1 15 200 -40 50 1 0 0 0 1 0 -0 0 1 2465.dat
0 H01381 ELEMENT 246501 MODULE terrace-supports
1 15 520 -40 50 1 0 0 0 1 0 -0 0 1 2465.dat
0 H01382 ELEMENT 246501 MODULE terrace-supports
1 15 840 -40 50 1 0 0 0 1 0 -0 0 1 2465.dat
0 H01383 ELEMENT 4211363 MODULE terrace-supports
1 71 1020 -136 50 1 0 0 0 1 0 -0 0 1 2454.dat
0 H01384 ELEMENT 4211363 MODULE terrace-supports
1 71 1060 -136 50 1 0 0 0 1 0 -0 0 1 2454.dat
0 H01385 ELEMENT 246501 MODULE terrace-supports
1 15 50 -40 220 0 0 1 0 1 0 -1 0 0 2465.dat
0 H01386 ELEMENT 246501 MODULE terrace-supports
1 15 1070 -40 220 0 0 1 0 1 0 -1 0 0 2465.dat
0 H01387 ELEMENT 4211522 MODULE terrace-supports
1 71 50 -40 500 0 0 1 0 1 0 -1 0 0 6112.dat
0 H01388 ELEMENT 4211522 MODULE terrace-supports
1 71 1070 -40 500 0 0 1 0 1 0 -1 0 0 6112.dat
0 H01389 ELEMENT 246501 MODULE terrace-supports
1 15 200 -40 630 1 0 0 0 1 0 -0 0 1 2465.dat
0 H01390 ELEMENT 4211363 MODULE terrace-supports
1 71 380 -136 630 1 0 0 0 1 0 -0 0 1 2454.dat
0 H01391 ELEMENT 4114064 MODULE terrace-supports
1 19 420 -136 630 1 0 0 0 1 0 -0 0 1 2454.dat
0 H01392 ELEMENT 246501 MODULE terrace-supports
1 15 760 -40 630 1 0 0 0 1 0 -0 0 1 2465.dat
0 H01393 ELEMENT 4114064 MODULE terrace-supports
1 19 940 -136 630 1 0 0 0 1 0 -0 0 1 2454.dat
0 H01394 ELEMENT 4114064 MODULE terrace-supports
1 19 980 -136 630 1 0 0 0 1 0 -0 0 1 2454.dat
0 H01395 ELEMENT 4114064 MODULE terrace-supports
1 19 1020 -136 630 1 0 0 0 1 0 -0 0 1 2454.dat
0 H01396 ELEMENT 4211362 MODULE terrace-supports
1 71 1050 -136 630 1 0 0 0 1 0 -0 0 1 2453a.dat
0 H01397 ELEMENT 4211362 MODULE terrace-supports
1 71 1070 -136 630 1 0 0 0 1 0 -0 0 1 2453a.dat
0 H01398 ELEMENT 246501 MODULE terrace-supports
1 15 200 -64 50 1 0 0 0 1 0 -0 0 1 2465.dat
0 H01399 ELEMENT 4211522 MODULE terrace-supports
1 71 480 -64 50 1 0 0 0 1 0 -0 0 1 6112.dat
0 H01400 ELEMENT 4211522 MODULE terrace-supports
1 71 720 -64 50 1 0 0 0 1 0 -0 0 1 6112.dat
0 H01401 ELEMENT 4211392 MODULE terrace-supports
1 71 920 -64 50 1 0 0 0 1 0 -0 0 1 3008.dat
0 H01402 ELEMENT 4211521 MODULE terrace-supports
1 71 50 -64 160 0 0 1 0 1 0 -1 0 0 6111.dat
0 H01403 ELEMENT 4211521 MODULE terrace-supports
1 71 1070 -64 160 0 0 1 0 1 0 -1 0 0 6111.dat
0 H01404 ELEMENT 4211521 MODULE terrace-supports
1 71 50 -64 360 0 0 1 0 1 0 -1 0 0 6111.dat
0 H01405 ELEMENT 4211521 MODULE terrace-supports
1 71 1070 -64 360 0 0 1 0 1 0 -1 0 0 6111.dat
0 H01406 ELEMENT 4211392 MODULE terrace-supports
1 71 50 -64 540 0 0 1 0 1 0 -1 0 0 3008.dat
0 H01407 ELEMENT 4211392 MODULE terrace-supports
1 71 1070 -64 540 0 0 1 0 1 0 -1 0 0 3008.dat
0 H01408 ELEMENT 4211521 MODULE terrace-supports
1 71 140 -64 630 1 0 0 0 1 0 -0 0 1 6111.dat
0 H01409 ELEMENT 4211393 MODULE terrace-supports
1 71 300 -64 630 1 0 0 0 1 0 -0 0 1 3009.dat
0 H01410 ELEMENT 4211107 MODULE terrace-supports
1 72 700 -64 630 1 0 0 0 1 0 -0 0 1 6111.dat
0 H01411 ELEMENT 4211393 MODULE terrace-supports
1 71 860 -64 630 1 0 0 0 1 0 -0 0 1 3009.dat
0 H01412 ELEMENT 4211107 MODULE terrace-supports
1 72 140 -88 50 1 0 0 0 1 0 -0 0 1 6111.dat
0 H01413 ELEMENT 4211392 MODULE terrace-supports
1 71 320 -88 50 1 0 0 0 1 0 -0 0 1 3008.dat
0 H01414 ELEMENT 4211392 MODULE terrace-supports
1 71 480 -88 50 1 0 0 0 1 0 -0 0 1 3008.dat
0 H01415 ELEMENT 4211392 MODULE terrace-supports
1 71 640 -88 50 1 0 0 0 1 0 -0 0 1 3008.dat
0 H01416 ELEMENT 4211392 MODULE terrace-supports
1 71 800 -88 50 1 0 0 0 1 0 -0 0 1 3008.dat
0 H01417 ELEMENT 4211393 MODULE terrace-supports
1 71 940 -88 50 1 0 0 0 1 0 -0 0 1 3009.dat
0 H01418 ELEMENT 4211392 MODULE terrace-supports
1 71 50 -88 140 0 0 1 0 1 0 -1 0 0 3008.dat
0 H01419 ELEMENT 4211392 MODULE terrace-supports
1 71 1070 -88 140 0 0 1 0 1 0 -1 0 0 3008.dat
0 H01420 ELEMENT 4211099 MODULE terrace-supports
1 72 50 -88 300 0 0 1 0 1 0 -1 0 0 3008.dat
0 H01421 ELEMENT 4211099 MODULE terrace-supports
1 72 1070 -88 300 0 0 1 0 1 0 -1 0 0 3008.dat
0 H01422 ELEMENT 300801 MODULE terrace-supports
1 15 50 -88 460 0 0 1 0 1 0 -1 0 0 3008.dat
0 H01423 ELEMENT 300801 MODULE terrace-supports
1 15 1070 -88 460 0 0 1 0 1 0 -1 0 0 3008.dat
0 H01424 ELEMENT 4211394 MODULE terrace-supports
1 71 50 -88 580 0 0 1 0 1 0 -1 0 0 3010.dat
0 H01425 ELEMENT 4211394 MODULE terrace-supports
1 71 1070 -88 580 0 0 1 0 1 0 -1 0 0 3010.dat
0 H01426 ELEMENT 4211393 MODULE terrace-supports
1 71 100 -88 630 1 0 0 0 1 0 -0 0 1 3009.dat
0 H01427 ELEMENT 4211393 MODULE terrace-supports
1 71 220 -88 630 1 0 0 0 1 0 -0 0 1 3009.dat
0 H01428 ELEMENT 4211394 MODULE terrace-supports
1 71 320 -88 630 1 0 0 0 1 0 -0 0 1 3010.dat
0 H01429 ELEMENT 4211100 MODULE terrace-supports
1 72 660 -88 630 1 0 0 0 1 0 -0 0 1 3009.dat
0 H01430 ELEMENT 4211100 MODULE terrace-supports
1 72 780 -88 630 1 0 0 0 1 0 -0 0 1 3009.dat
0 H01431 ELEMENT 4211394 MODULE terrace-supports
1 71 880 -88 630 1 0 0 0 1 0 -0 0 1 3010.dat
0 H01432 ELEMENT 4211100 MODULE terrace-supports
1 72 100 -112 50 1 0 0 0 1 0 -0 0 1 3009.dat
0 H01433 ELEMENT 4211100 MODULE terrace-supports
1 72 220 -112 50 1 0 0 0 1 0 -0 0 1 3009.dat
0 H01434 ELEMENT 4211100 MODULE terrace-supports
1 72 340 -112 50 1 0 0 0 1 0 -0 0 1 3009.dat
0 H01435 ELEMENT 4211100 MODULE terrace-supports
1 72 460 -112 50 1 0 0 0 1 0 -0 0 1 3009.dat
0 H01436 ELEMENT 4211100 MODULE terrace-supports
1 72 580 -112 50 1 0 0 0 1 0 -0 0 1 3009.dat
0 H01437 ELEMENT 4211100 MODULE terrace-supports
1 72 700 -112 50 1 0 0 0 1 0 -0 0 1 3009.dat
0 H01438 ELEMENT 4211100 MODULE terrace-supports
1 72 820 -112 50 1 0 0 0 1 0 -0 0 1 3009.dat
0 H01439 ELEMENT 4112982 MODULE terrace-supports
1 19 940 -112 50 1 0 0 0 1 0 -0 0 1 3009.dat
0 H01440 ELEMENT 4112982 MODULE terrace-supports
1 19 50 -112 120 0 0 1 0 1 0 -1 0 0 3009.dat
0 H01441 ELEMENT 4112982 MODULE terrace-supports
1 19 1070 -112 120 0 0 1 0 1 0 -1 0 0 3009.dat
0 H01442 ELEMENT 4112982 MODULE terrace-supports
1 19 50 -112 240 0 0 1 0 1 0 -1 0 0 3009.dat
0 H01443 ELEMENT 4112982 MODULE terrace-supports
1 19 1070 -112 240 0 0 1 0 1 0 -1 0 0 3009.dat
0 H01444 ELEMENT 4112982 MODULE terrace-supports
1 19 50 -112 360 0 0 1 0 1 0 -1 0 0 3009.dat
0 H01445 ELEMENT 4112982 MODULE terrace-supports
1 19 1070 -112 360 0 0 1 0 1 0 -1 0 0 3009.dat
0 H01446 ELEMENT 4112982 MODULE terrace-supports
1 19 50 -112 480 0 0 1 0 1 0 -1 0 0 3009.dat
0 H01447 ELEMENT 4112982 MODULE terrace-supports
1 19 1070 -112 480 0 0 1 0 1 0 -1 0 0 3009.dat
0 H01448 ELEMENT 4211394 MODULE terrace-supports
1 71 50 -112 580 0 0 1 0 1 0 -1 0 0 3010.dat
0 H01449 ELEMENT 4211394 MODULE terrace-supports
1 71 1070 -112 580 0 0 1 0 1 0 -1 0 0 3010.dat
0 H01450 ELEMENT 4112982 MODULE terrace-supports
1 19 100 -112 630 1 0 0 0 1 0 -0 0 1 3009.dat
0 H01451 ELEMENT 4112982 MODULE terrace-supports
1 19 220 -112 630 1 0 0 0 1 0 -0 0 1 3009.dat
0 H01452 ELEMENT 4211394 MODULE terrace-supports
1 71 320 -112 630 1 0 0 0 1 0 -0 0 1 3010.dat
0 H01453 ELEMENT 4112982 MODULE terrace-supports
1 19 660 -112 630 1 0 0 0 1 0 -0 0 1 3009.dat
0 H01454 ELEMENT 4112982 MODULE terrace-supports
1 19 780 -112 630 1 0 0 0 1 0 -0 0 1 3009.dat
0 H01455 ELEMENT 4211394 MODULE terrace-supports
1 71 880 -112 630 1 0 0 0 1 0 -0 0 1 3010.dat
0 H01456 ELEMENT 4112982 MODULE terrace-supports
1 19 100 -136 50 1 0 0 0 1 0 -0 0 1 3009.dat
0 H01457 ELEMENT 4112982 MODULE terrace-supports
1 19 220 -136 50 1 0 0 0 1 0 -0 0 1 3009.dat
0 H01458 ELEMENT 4112982 MODULE terrace-supports
1 19 340 -136 50 1 0 0 0 1 0 -0 0 1 3009.dat
0 H01459 ELEMENT 4112982 MODULE terrace-supports
1 19 460 -136 50 1 0 0 0 1 0 -0 0 1 3009.dat
0 H01460 ELEMENT 4112982 MODULE terrace-supports
1 19 580 -136 50 1 0 0 0 1 0 -0 0 1 3009.dat
0 H01461 ELEMENT 4112982 MODULE terrace-supports
1 19 700 -136 50 1 0 0 0 1 0 -0 0 1 3009.dat
0 H01462 ELEMENT 4112982 MODULE terrace-supports
1 19 820 -136 50 1 0 0 0 1 0 -0 0 1 3009.dat
0 H01463 ELEMENT 4112982 MODULE terrace-supports
1 19 940 -136 50 1 0 0 0 1 0 -0 0 1 3009.dat
0 H01464 ELEMENT 4112982 MODULE terrace-supports
1 19 50 -136 120 0 0 1 0 1 0 -1 0 0 3009.dat
0 H01465 ELEMENT 4112982 MODULE terrace-supports
1 19 1070 -136 120 0 0 1 0 1 0 -1 0 0 3009.dat
0 H01466 ELEMENT 4112982 MODULE terrace-supports
1 19 50 -136 240 0 0 1 0 1 0 -1 0 0 3009.dat
0 H01467 ELEMENT 4112982 MODULE terrace-supports
1 19 1070 -136 240 0 0 1 0 1 0 -1 0 0 3009.dat
0 H01468 ELEMENT 4112982 MODULE terrace-supports
1 19 50 -136 360 0 0 1 0 1 0 -1 0 0 3009.dat
0 H01469 ELEMENT 4112982 MODULE terrace-supports
1 19 1070 -136 360 0 0 1 0 1 0 -1 0 0 3009.dat
0 H01470 ELEMENT 4112982 MODULE terrace-supports
1 19 50 -136 480 0 0 1 0 1 0 -1 0 0 3009.dat
0 H01471 ELEMENT 4112982 MODULE terrace-supports
1 19 1070 -136 480 0 0 1 0 1 0 -1 0 0 3009.dat
0 H01472 ELEMENT 4211394 MODULE terrace-supports
1 71 50 -136 580 0 0 1 0 1 0 -1 0 0 3010.dat
0 H01473 ELEMENT 4211394 MODULE terrace-supports
1 71 1070 -136 580 0 0 1 0 1 0 -1 0 0 3010.dat
0 H01474 ELEMENT 4112982 MODULE terrace-supports
1 19 100 -136 630 1 0 0 0 1 0 -0 0 1 3009.dat
0 H01475 ELEMENT 4112982 MODULE terrace-supports
1 19 220 -136 630 1 0 0 0 1 0 -0 0 1 3009.dat
0 H01476 ELEMENT 4211394 MODULE terrace-supports
1 71 320 -136 630 1 0 0 0 1 0 -0 0 1 3010.dat
0 H01477 ELEMENT 4112982 MODULE terrace-supports
1 19 660 -136 630 1 0 0 0 1 0 -0 0 1 3009.dat
0 H01478 ELEMENT 4112982 MODULE terrace-supports
1 19 780 -136 630 1 0 0 0 1 0 -0 0 1 3009.dat
0 H01479 ELEMENT 4211394 MODULE terrace-supports
1 71 880 -136 630 1 0 0 0 1 0 -0 0 1 3010.dat
0 H01480 ELEMENT 4112982 MODULE terrace-supports
1 19 100 -160 50 1 0 0 0 1 0 -0 0 1 3009.dat
0 H01481 ELEMENT 4112982 MODULE terrace-supports
1 19 220 -160 50 1 0 0 0 1 0 -0 0 1 3009.dat
0 H01482 ELEMENT 4112982 MODULE terrace-supports
1 19 340 -160 50 1 0 0 0 1 0 -0 0 1 3009.dat
0 H01483 ELEMENT 4112982 MODULE terrace-supports
1 19 460 -160 50 1 0 0 0 1 0 -0 0 1 3009.dat
0 H01484 ELEMENT 4112982 MODULE terrace-supports
1 19 580 -160 50 1 0 0 0 1 0 -0 0 1 3009.dat
0 H01485 ELEMENT 4112982 MODULE terrace-supports
1 19 700 -160 50 1 0 0 0 1 0 -0 0 1 3009.dat
0 H01486 ELEMENT 4112982 MODULE terrace-supports
1 19 820 -160 50 1 0 0 0 1 0 -0 0 1 3009.dat
0 H01487 ELEMENT 300901 MODULE terrace-supports
1 15 940 -160 50 1 0 0 0 1 0 -0 0 1 3009.dat
0 H01488 ELEMENT 4211394 MODULE terrace-supports
1 71 1040 -160 50 1 0 0 0 1 0 -0 0 1 3010.dat
0 H01489 ELEMENT 300901 MODULE terrace-supports
1 15 50 -160 120 0 0 1 0 1 0 -1 0 0 3009.dat
0 H01490 ELEMENT 300901 MODULE terrace-supports
1 15 1070 -160 120 0 0 1 0 1 0 -1 0 0 3009.dat
0 H01491 ELEMENT 300901 MODULE terrace-supports
1 15 50 -160 240 0 0 1 0 1 0 -1 0 0 3009.dat
0 H01492 ELEMENT 300901 MODULE terrace-supports
1 15 1070 -160 240 0 0 1 0 1 0 -1 0 0 3009.dat
0 H01493 ELEMENT 300901 MODULE terrace-supports
1 15 50 -160 360 0 0 1 0 1 0 -1 0 0 3009.dat
0 H01494 ELEMENT 300901 MODULE terrace-supports
1 15 1070 -160 360 0 0 1 0 1 0 -1 0 0 3009.dat
0 H01495 ELEMENT 300901 MODULE terrace-supports
1 15 50 -160 480 0 0 1 0 1 0 -1 0 0 3009.dat
0 H01496 ELEMENT 300901 MODULE terrace-supports
1 15 1070 -160 480 0 0 1 0 1 0 -1 0 0 3009.dat
0 H01497 ELEMENT 4211394 MODULE terrace-supports
1 71 50 -160 580 0 0 1 0 1 0 -1 0 0 3010.dat
0 H01498 ELEMENT 4211394 MODULE terrace-supports
1 71 1070 -160 580 0 0 1 0 1 0 -1 0 0 3010.dat
0 H01499 ELEMENT 300901 MODULE terrace-supports
1 15 100 -160 630 1 0 0 0 1 0 -0 0 1 3009.dat
0 H01500 ELEMENT 300901 MODULE terrace-supports
1 15 220 -160 630 1 0 0 0 1 0 -0 0 1 3009.dat
0 H01501 ELEMENT 4211394 MODULE terrace-supports
1 71 320 -160 630 1 0 0 0 1 0 -0 0 1 3010.dat
0 H01502 ELEMENT 4211394 MODULE terrace-supports
1 71 400 -160 630 1 0 0 0 1 0 -0 0 1 3010.dat
0 H01503 ELEMENT 4211394 MODULE terrace-supports
1 71 640 -160 630 1 0 0 0 1 0 -0 0 1 3010.dat
0 H01504 ELEMENT 4211394 MODULE terrace-supports
1 71 720 -160 630 1 0 0 0 1 0 -0 0 1 3010.dat
0 H01505 ELEMENT 4211394 MODULE terrace-supports
1 71 800 -160 630 1 0 0 0 1 0 -0 0 1 3010.dat
0 H01506 ELEMENT 4211394 MODULE terrace-supports
1 71 880 -160 630 1 0 0 0 1 0 -0 0 1 3010.dat
0 H01507 ELEMENT 4211394 MODULE terrace-supports
1 71 960 -160 630 1 0 0 0 1 0 -0 0 1 3010.dat
0 H01508 ELEMENT 4211394 MODULE terrace-supports
1 71 1040 -160 630 1 0 0 0 1 0 -0 0 1 3010.dat
0 H01509 ELEMENT 4514846 MODULE terrace-supports
1 71 160 -168 50 1 0 0 0 1 0 -0 0 1 60479.dat
0 H01510 ELEMENT 4514846 MODULE terrace-supports
1 71 400 -168 50 1 0 0 0 1 0 -0 0 1 60479.dat
0 H01511 ELEMENT 4514846 MODULE terrace-supports
1 71 640 -168 50 1 0 0 0 1 0 -0 0 1 60479.dat
0 H01512 ELEMENT 4514846 MODULE terrace-supports
1 71 880 -168 50 1 0 0 0 1 0 -0 0 1 60479.dat
0 H01513 ELEMENT 4211445 MODULE terrace-supports
1 71 1040 -168 50 1 0 0 0 1 0 -0 0 1 3710.dat
0 H01514 ELEMENT 4514846 MODULE terrace-supports
1 71 50 -168 180 0 0 1 0 1 0 -1 0 0 60479.dat
0 H01515 ELEMENT 6156462 MODULE terrace-supports
1 19 1070 -168 180 0 0 1 0 1 0 -1 0 0 60479.dat
0 H01516 ELEMENT 6156462 MODULE terrace-supports
1 19 50 -168 420 0 0 1 0 1 0 -1 0 0 60479.dat
0 H01517 ELEMENT 6156462 MODULE terrace-supports
1 19 1070 -168 420 0 0 1 0 1 0 -1 0 0 60479.dat
0 H01518 ELEMENT 4211445 MODULE terrace-supports
1 71 50 -168 580 0 0 1 0 1 0 -1 0 0 3710.dat
0 H01519 ELEMENT 4211445 MODULE terrace-supports
1 71 1070 -168 580 0 0 1 0 1 0 -1 0 0 3710.dat
0 H01520 ELEMENT 6156462 MODULE terrace-supports
1 19 160 -168 630 1 0 0 0 1 0 -0 0 1 60479.dat
0 H01521 ELEMENT 4211425 MODULE terrace-supports
1 71 360 -168 630 1 0 0 0 1 0 -0 0 1 3460.dat
0 H01522 ELEMENT 6156462 MODULE terrace-supports
1 19 720 -168 630 1 0 0 0 1 0 -0 0 1 60479.dat
0 H01523 ELEMENT 6156462 MODULE terrace-supports
1 19 960 -168 630 1 0 0 0 1 0 -0 0 1 60479.dat
0 H01524 ELEMENT 6156462 MODULE terrace-supports
1 19 160 -176 50 1 0 0 0 1 0 -0 0 1 60479.dat
0 H01525 ELEMENT 6156462 MODULE terrace-supports
1 19 400 -176 50 1 0 0 0 1 0 -0 0 1 60479.dat
0 H01526 ELEMENT 6156462 MODULE terrace-supports
1 19 640 -176 50 1 0 0 0 1 0 -0 0 1 60479.dat
0 H01527 ELEMENT 6156462 MODULE terrace-supports
1 19 880 -176 50 1 0 0 0 1 0 -0 0 1 60479.dat
0 H01528 ELEMENT 4211445 MODULE terrace-supports
1 71 1040 -176 50 1 0 0 0 1 0 -0 0 1 3710.dat
0 H01529 ELEMENT 4251149 MODULE terrace-supports
1 71 50 -176 160 0 0 1 0 1 0 -1 0 0 4477.dat
0 H01530 ELEMENT 4251149 MODULE terrace-supports
1 71 1070 -176 160 0 0 1 0 1 0 -1 0 0 4477.dat
0 H01531 ELEMENT 4251149 MODULE terrace-supports
1 71 50 -176 360 0 0 1 0 1 0 -1 0 0 4477.dat
0 H01532 ELEMENT 4251149 MODULE terrace-supports
1 71 1070 -176 360 0 0 1 0 1 0 -1 0 0 4477.dat
0 H01533 ELEMENT 4211425 MODULE terrace-supports
1 71 50 -176 540 0 0 1 0 1 0 -1 0 0 3460.dat
0 H01534 ELEMENT 4211425 MODULE terrace-supports
1 71 1070 -176 540 0 0 1 0 1 0 -1 0 0 3460.dat
0 H01535 ELEMENT 4251149 MODULE terrace-supports
1 71 140 -176 630 1 0 0 0 1 0 -0 0 1 4477.dat
0 H01536 ELEMENT 4251149 MODULE terrace-supports
1 71 340 -176 630 1 0 0 0 1 0 -0 0 1 4477.dat
0 H01537 ELEMENT 4251149 MODULE terrace-supports
1 71 700 -176 630 1 0 0 0 1 0 -0 0 1 4477.dat
0 H01538 ELEMENT 4251149 MODULE terrace-supports
1 71 900 -176 630 1 0 0 0 1 0 -0 0 1 4477.dat
0 H01539 ELEMENT 4211445 MODULE terrace-supports
1 71 1040 -176 630 1 0 0 0 1 0 -0 0 1 3710.dat
0 H01540 ELEMENT 4251149 MODULE terrace-supports
1 71 140 -184 50 1 0 0 0 1 0 -0 0 1 4477.dat
0 H01541 ELEMENT 4251149 MODULE terrace-supports
1 71 340 -184 50 1 0 0 0 1 0 -0 0 1 4477.dat
0 H01542 ELEMENT 4251149 MODULE terrace-supports
1 71 540 -184 50 1 0 0 0 1 0 -0 0 1 4477.dat
0 H01543 ELEMENT 4143409 MODULE terrace-supports
1 19 740 -184 50 1 0 0 0 1 0 -0 0 1 4477.dat
0 H01544 ELEMENT 4143409 MODULE terrace-supports
1 19 940 -184 50 1 0 0 0 1 0 -0 0 1 4477.dat
0 H01545 ELEMENT 4211398 MODULE terrace-supports
1 71 1060 -184 50 1 0 0 0 1 0 -0 0 1 3023b.dat
0 H01546 ELEMENT 4143409 MODULE terrace-supports
1 19 50 -184 160 0 0 1 0 1 0 -1 0 0 4477.dat
0 H01547 ELEMENT 4143409 MODULE terrace-supports
1 19 1070 -184 160 0 0 1 0 1 0 -1 0 0 4477.dat
0 H01548 ELEMENT 4143409 MODULE terrace-supports
1 19 50 -184 360 0 0 1 0 1 0 -1 0 0 4477.dat
0 H01549 ELEMENT 4143409 MODULE terrace-supports
1 19 1070 -184 360 0 0 1 0 1 0 -1 0 0 4477.dat
0 H01550 ELEMENT 4211425 MODULE terrace-supports
1 71 50 -184 540 0 0 1 0 1 0 -1 0 0 3460.dat
0 H01551 ELEMENT 4211425 MODULE terrace-supports
1 71 1070 -184 540 0 0 1 0 1 0 -1 0 0 3460.dat
0 H01552 ELEMENT 4143409 MODULE terrace-supports
1 19 140 -184 630 1 0 0 0 1 0 -0 0 1 4477.dat
0 H01553 ELEMENT 4143409 MODULE terrace-supports
1 19 340 -184 630 1 0 0 0 1 0 -0 0 1 4477.dat
0 H01554 ELEMENT 4143409 MODULE terrace-supports
1 19 700 -184 630 1 0 0 0 1 0 -0 0 1 4477.dat
0 H01555 ELEMENT 4143409 MODULE terrace-supports
1 19 900 -184 630 1 0 0 0 1 0 -0 0 1 4477.dat
0 H01556 ELEMENT 4211445 MODULE terrace-supports
1 71 1040 -184 630 1 0 0 0 1 0 -0 0 1 3710.dat
0 H01557 ELEMENT 245426 MODULE terrace-supports
1 0 120 -136 110 1 0 0 0 1 0 -0 0 1 2454.dat
0 H01558 ELEMENT 245426 MODULE terrace-supports
1 0 120 -136 130 1 0 0 0 1 0 -0 0 1 2454.dat
0 H01559 ELEMENT 300326 MODULE terrace-supports
1 0 120 -160 120 1 0 0 0 1 0 -0 0 1 3003.dat
0 H01560 ELEMENT 300326 MODULE terrace-supports
1 0 120 -184 120 1 0 0 0 1 0 -0 0 1 3003.dat
0 H01561 ELEMENT 245426 MODULE terrace-supports
1 0 120 -136 270 1 0 0 0 1 0 -0 0 1 2454.dat
0 H01562 ELEMENT 6055104 MODULE terrace-supports
1 1 120 -136 290 1 0 0 0 1 0 -0 0 1 2454.dat
0 H01563 ELEMENT 300326 MODULE terrace-supports
1 0 120 -160 280 1 0 0 0 1 0 -0 0 1 3003.dat
0 H01564 ELEMENT 300326 MODULE terrace-supports
1 0 120 -184 280 1 0 0 0 1 0 -0 0 1 3003.dat
0 H01565 ELEMENT 6055104 MODULE terrace-supports
1 1 120 -136 430 1 0 0 0 1 0 -0 0 1 2454.dat
0 H01566 ELEMENT 4212414 MODULE terrace-supports
1 4 120 -136 450 1 0 0 0 1 0 -0 0 1 2454.dat
0 H01567 ELEMENT 300326 MODULE terrace-supports
1 0 120 -160 440 1 0 0 0 1 0 -0 0 1 3003.dat
0 H01568 ELEMENT 300326 MODULE terrace-supports
1 0 120 -184 440 1 0 0 0 1 0 -0 0 1 3003.dat
0 H01569 ELEMENT 4212414 MODULE terrace-supports
1 4 280 -136 110 1 0 0 0 1 0 -0 0 1 2454.dat
0 H01570 ELEMENT 4566308 MODULE terrace-supports
1 0 270 -136 130 1 0 0 0 1 0 -0 0 1 2453b.dat
0 H01571 ELEMENT 4566308 MODULE terrace-supports
1 0 290 -136 130 1 0 0 0 1 0 -0 0 1 2453b.dat
0 H01572 ELEMENT 300326 MODULE terrace-supports
1 0 280 -160 120 1 0 0 0 1 0 -0 0 1 3003.dat
0 H01573 ELEMENT 300326 MODULE terrace-supports
1 0 280 -184 120 1 0 0 0 1 0 -0 0 1 3003.dat
0 H01574 ELEMENT 4566308 MODULE terrace-supports
1 0 270 -136 270 1 0 0 0 1 0 -0 0 1 2453b.dat
0 H01575 ELEMENT 4566308 MODULE terrace-supports
1 0 290 -136 270 1 0 0 0 1 0 -0 0 1 2453b.dat
0 H01576 ELEMENT 4212410 MODULE terrace-supports
1 4 270 -136 290 1 0 0 0 1 0 -0 0 1 2453a.dat
0 H01577 ELEMENT 4211362 MODULE terrace-supports
1 71 290 -136 290 1 0 0 0 1 0 -0 0 1 2453a.dat
0 H01578 ELEMENT 300326 MODULE terrace-supports
1 0 280 -160 280 1 0 0 0 1 0 -0 0 1 3003.dat
0 H01579 ELEMENT 300326 MODULE terrace-supports
1 0 280 -184 280 1 0 0 0 1 0 -0 0 1 3003.dat
0 H01580 ELEMENT 4211362 MODULE terrace-supports
1 71 270 -136 430 1 0 0 0 1 0 -0 0 1 2453a.dat
0 H01581 ELEMENT 6065496 MODULE terrace-supports
1 0 290 -88 430 1 0 0 0 1 0 -0 0 1 14716.dat
0 H01582 ELEMENT 6065496 MODULE terrace-supports
1 0 270 -88 450 1 0 0 0 1 0 -0 0 1 14716.dat
0 H01583 ELEMENT 6065496 MODULE terrace-supports
1 0 290 -88 450 1 0 0 0 1 0 -0 0 1 14716.dat
0 H01584 ELEMENT 6065496 MODULE terrace-supports
1 0 290 -160 430 1 0 0 0 1 0 -0 0 1 14716.dat
0 H01585 ELEMENT 6469934 MODULE terrace-supports
1 1 270 -160 450 1 0 0 0 1 0 -0 0 1 14716.dat
0 H01586 ELEMENT 6061700 MODULE terrace-supports
1 4 290 -160 450 1 0 0 0 1 0 -0 0 1 14716.dat
0 H01587 ELEMENT 300523 MODULE terrace-supports
1 1 270 -160 430 1 0 0 0 1 0 -0 0 1 3005.dat
0 H01588 ELEMENT 300323 MODULE terrace-supports
1 1 280 -184 440 1 0 0 0 1 0 -0 0 1 3003.dat
0 H01589 ELEMENT 300323 MODULE terrace-supports
1 1 440 -40 120 1 0 0 0 1 0 -0 0 1 3003.dat
0 H01590 ELEMENT 300323 MODULE terrace-supports
1 1 440 -64 120 1 0 0 0 1 0 -0 0 1 3003.dat
0 H01591 ELEMENT 300323 MODULE terrace-supports
1 1 440 -88 120 1 0 0 0 1 0 -0 0 1 3003.dat
0 H01592 ELEMENT 300321 MODULE terrace-supports
1 4 440 -112 120 1 0 0 0 1 0 -0 0 1 3003.dat
0 H01593 ELEMENT 300321 MODULE terrace-supports
1 4 440 -136 120 1 0 0 0 1 0 -0 0 1 3003.dat
0 H01594 ELEMENT 300321 MODULE terrace-supports
1 4 440 -160 120 1 0 0 0 1 0 -0 0 1 3003.dat
0 H01595 ELEMENT 300321 MODULE terrace-supports
1 4 440 -184 120 1 0 0 0 1 0 -0 0 1 3003.dat
0 H01596 ELEMENT 300321 MODULE terrace-supports
1 4 440 -40 280 1 0 0 0 1 0 -0 0 1 3003.dat
0 H01597 ELEMENT 300321 MODULE terrace-supports
1 4 440 -64 280 1 0 0 0 1 0 -0 0 1 3003.dat
0 H01598 ELEMENT 300321 MODULE terrace-supports
1 4 440 -88 280 1 0 0 0 1 0 -0 0 1 3003.dat
0 H01599 ELEMENT 300321 MODULE terrace-supports
1 4 440 -112 280 1 0 0 0 1 0 -0 0 1 3003.dat
0 H01600 ELEMENT 300324 MODULE terrace-supports
1 14 440 -136 280 1 0 0 0 1 0 -0 0 1 3003.dat
0 H01601 ELEMENT 300324 MODULE terrace-supports
1 14 440 -160 280 1 0 0 0 1 0 -0 0 1 3003.dat
0 H01602 ELEMENT 300324 MODULE terrace-supports
1 14 440 -184 280 1 0 0 0 1 0 -0 0 1 3003.dat
0 H01603 ELEMENT 300324 MODULE terrace-supports
1 14 440 -40 440 1 0 0 0 1 0 -0 0 1 3003.dat
0 H01604 ELEMENT 300324 MODULE terrace-supports
1 14 440 -64 440 1 0 0 0 1 0 -0 0 1 3003.dat
0 H01605 ELEMENT 300324 MODULE terrace-supports
1 14 440 -88 440 1 0 0 0 1 0 -0 0 1 3003.dat
0 H01606 ELEMENT 4153825 MODULE terrace-supports
1 25 440 -112 440 1 0 0 0 1 0 -0 0 1 3003.dat
0 H01607 ELEMENT 4153825 MODULE terrace-supports
1 25 440 -136 440 1 0 0 0 1 0 -0 0 1 3003.dat
0 H01608 ELEMENT 300328 MODULE terrace-supports
1 2 440 -160 440 1 0 0 0 1 0 -0 0 1 3003.dat
0 H01609 ELEMENT 300328 MODULE terrace-supports
1 2 440 -184 440 1 0 0 0 1 0 -0 0 1 3003.dat
0 H01610 ELEMENT 300328 MODULE terrace-supports
1 2 600 -40 120 1 0 0 0 1 0 -0 0 1 3003.dat
0 H01611 ELEMENT 4211060 MODULE terrace-supports
1 72 600 -64 120 1 0 0 0 1 0 -0 0 1 3003.dat
0 H01612 ELEMENT 4211060 MODULE terrace-supports
1 72 600 -88 120 1 0 0 0 1 0 -0 0 1 3003.dat
0 H01613 ELEMENT 4211060 MODULE terrace-supports
1 72 600 -112 120 1 0 0 0 1 0 -0 0 1 3003.dat
0 H01614 ELEMENT 4211387 MODULE terrace-supports
1 71 600 -136 120 1 0 0 0 1 0 -0 0 1 3003.dat
0 H01615 ELEMENT 4211387 MODULE terrace-supports
1 71 600 -160 120 1 0 0 0 1 0 -0 0 1 3003.dat
0 H01616 ELEMENT 4211387 MODULE terrace-supports
1 71 600 -184 120 1 0 0 0 1 0 -0 0 1 3003.dat
0 H01617 ELEMENT 4211387 MODULE terrace-supports
1 71 600 -40 280 1 0 0 0 1 0 -0 0 1 3003.dat
0 H01618 ELEMENT 4211387 MODULE terrace-supports
1 71 600 -64 280 1 0 0 0 1 0 -0 0 1 3003.dat
0 H01619 ELEMENT 4211387 MODULE terrace-supports
1 71 600 -88 280 1 0 0 0 1 0 -0 0 1 3003.dat
0 H01620 ELEMENT 4211387 MODULE terrace-supports
1 71 600 -112 280 1 0 0 0 1 0 -0 0 1 3003.dat
0 H01621 ELEMENT 4211387 MODULE terrace-supports
1 71 600 -136 280 1 0 0 0 1 0 -0 0 1 3003.dat
0 H01622 ELEMENT 4211387 MODULE terrace-supports
1 71 600 -160 280 1 0 0 0 1 0 -0 0 1 3003.dat
0 H01623 ELEMENT 4211387 MODULE terrace-supports
1 71 600 -184 280 1 0 0 0 1 0 -0 0 1 3003.dat
0 H01624 ELEMENT 4211387 MODULE terrace-supports
1 71 600 -40 440 1 0 0 0 1 0 -0 0 1 3003.dat
0 H01625 ELEMENT 4211387 MODULE terrace-supports
1 71 600 -64 440 1 0 0 0 1 0 -0 0 1 3003.dat
0 H01626 ELEMENT 4211387 MODULE terrace-supports
1 71 600 -88 440 1 0 0 0 1 0 -0 0 1 3003.dat
0 H01627 ELEMENT 4211387 MODULE terrace-supports
1 71 600 -112 440 1 0 0 0 1 0 -0 0 1 3003.dat
0 H01628 ELEMENT 4211387 MODULE terrace-supports
1 71 600 -136 440 1 0 0 0 1 0 -0 0 1 3003.dat
0 H01629 ELEMENT 4211387 MODULE terrace-supports
1 71 600 -160 440 1 0 0 0 1 0 -0 0 1 3003.dat
0 H01630 ELEMENT 4211387 MODULE terrace-supports
1 71 600 -184 440 1 0 0 0 1 0 -0 0 1 3003.dat
0 H01631 ELEMENT 4211387 MODULE terrace-supports
1 71 760 -40 120 1 0 0 0 1 0 -0 0 1 3003.dat
0 H01632 ELEMENT 6061700 MODULE terrace-supports
1 4 750 -112 110 1 0 0 0 1 0 -0 0 1 14716.dat
0 H01633 ELEMENT 6061700 MODULE terrace-supports
1 4 770 -112 110 1 0 0 0 1 0 -0 0 1 14716.dat
0 H01634 ELEMENT 6061700 MODULE terrace-supports
1 4 750 -112 130 1 0 0 0 1 0 -0 0 1 14716.dat
0 H01635 ELEMENT 6061702 MODULE terrace-supports
1 71 770 -112 130 1 0 0 0 1 0 -0 0 1 14716.dat
0 H01636 ELEMENT 6061702 MODULE terrace-supports
1 71 750 -184 110 1 0 0 0 1 0 -0 0 1 14716.dat
0 H01637 ELEMENT 6061702 MODULE terrace-supports
1 71 770 -184 110 1 0 0 0 1 0 -0 0 1 14716.dat
0 H01638 ELEMENT 6061702 MODULE terrace-supports
1 71 750 -184 130 1 0 0 0 1 0 -0 0 1 14716.dat
0 H01639 ELEMENT 6061702 MODULE terrace-supports
1 71 770 -184 130 1 0 0 0 1 0 -0 0 1 14716.dat
0 H01640 ELEMENT 300426 MODULE terrace-supports
1 0 760 -40 270 1 0 0 0 1 0 -0 0 1 3004.dat
0 H01641 ELEMENT 300426 MODULE terrace-supports
1 0 760 -40 290 1 0 0 0 1 0 -0 0 1 3004.dat
0 H01642 ELEMENT 300426 MODULE terrace-supports
1 0 760 -64 270 1 0 0 0 1 0 -0 0 1 3004.dat
0 H01643 ELEMENT 300426 MODULE terrace-supports
1 0 760 -64 290 1 0 0 0 1 0 -0 0 1 3004.dat
0 H01644 ELEMENT 300426 MODULE terrace-supports
1 0 760 -88 270 1 0 0 0 1 0 -0 0 1 3004.dat
0 H01645 ELEMENT 300426 MODULE terrace-supports
1 0 760 -88 290 1 0 0 0 1 0 -0 0 1 3004.dat
0 H01646 ELEMENT 300426 MODULE terrace-supports
1 0 760 -112 270 1 0 0 0 1 0 -0 0 1 3004.dat
0 H01647 ELEMENT 300426 MODULE terrace-supports
1 0 760 -112 290 1 0 0 0 1 0 -0 0 1 3004.dat
0 H01648 ELEMENT 300426 MODULE terrace-supports
1 0 760 -136 270 1 0 0 0 1 0 -0 0 1 3004.dat
0 H01649 ELEMENT 300423 MODULE terrace-supports
1 1 760 -136 290 1 0 0 0 1 0 -0 0 1 3004.dat
0 H01650 ELEMENT 300423 MODULE terrace-supports
1 1 760 -160 270 1 0 0 0 1 0 -0 0 1 3004.dat
0 H01651 ELEMENT 300423 MODULE terrace-supports
1 1 760 -160 290 1 0 0 0 1 0 -0 0 1 3004.dat
0 H01652 ELEMENT 300423 MODULE terrace-supports
1 1 760 -184 270 1 0 0 0 1 0 -0 0 1 3004.dat
0 H01653 ELEMENT 300423 MODULE terrace-supports
1 1 760 -184 290 1 0 0 0 1 0 -0 0 1 3004.dat
0 H01654 ELEMENT 300423 MODULE terrace-supports
1 1 760 -40 430 1 0 0 0 1 0 -0 0 1 3004.dat
0 H01655 ELEMENT 300423 MODULE terrace-supports
1 1 760 -40 450 1 0 0 0 1 0 -0 0 1 3004.dat
0 H01656 ELEMENT 300423 MODULE terrace-supports
1 1 760 -64 430 1 0 0 0 1 0 -0 0 1 3004.dat
0 H01657 ELEMENT 300421 MODULE terrace-supports
1 4 760 -64 450 1 0 0 0 1 0 -0 0 1 3004.dat
0 H01658 ELEMENT 300421 MODULE terrace-supports
1 4 760 -88 430 1 0 0 0 1 0 -0 0 1 3004.dat
0 H01659 ELEMENT 300421 MODULE terrace-supports
1 4 760 -88 450 1 0 0 0 1 0 -0 0 1 3004.dat
0 H01660 ELEMENT 300421 MODULE terrace-supports
1 4 760 -112 430 1 0 0 0 1 0 -0 0 1 3004.dat
0 H01661 ELEMENT 300421 MODULE terrace-supports
1 4 760 -112 450 1 0 0 0 1 0 -0 0 1 3004.dat
0 H01662 ELEMENT 300421 MODULE terrace-supports
1 4 760 -136 430 1 0 0 0 1 0 -0 0 1 3004.dat
0 H01663 ELEMENT 300421 MODULE terrace-supports
1 4 760 -136 450 1 0 0 0 1 0 -0 0 1 3004.dat
0 H01664 ELEMENT 300421 MODULE terrace-supports
1 4 760 -160 430 1 0 0 0 1 0 -0 0 1 3004.dat
0 H01665 ELEMENT 300421 MODULE terrace-supports
1 4 760 -160 450 1 0 0 0 1 0 -0 0 1 3004.dat
0 H01666 ELEMENT 300421 MODULE terrace-supports
1 4 760 -184 430 1 0 0 0 1 0 -0 0 1 3004.dat
0 H01667 ELEMENT 300424 MODULE terrace-supports
1 14 760 -184 450 1 0 0 0 1 0 -0 0 1 3004.dat
0 H01668 ELEMENT 300424 MODULE terrace-supports
1 14 920 -40 110 1 0 0 0 1 0 -0 0 1 3004.dat
0 H01669 ELEMENT 300424 MODULE terrace-supports
1 14 920 -40 130 1 0 0 0 1 0 -0 0 1 3004.dat
0 H01670 ELEMENT 300424 MODULE terrace-supports
1 14 920 -64 110 1 0 0 0 1 0 -0 0 1 3004.dat
0 H01671 ELEMENT 300424 MODULE terrace-supports
1 14 920 -64 130 1 0 0 0 1 0 -0 0 1 3004.dat
0 H01672 ELEMENT 300424 MODULE terrace-supports
1 14 920 -88 110 1 0 0 0 1 0 -0 0 1 3004.dat
0 H01673 ELEMENT 300424 MODULE terrace-supports
1 14 920 -88 130 1 0 0 0 1 0 -0 0 1 3004.dat
0 H01674 ELEMENT 300424 MODULE terrace-supports
1 14 920 -112 110 1 0 0 0 1 0 -0 0 1 3004.dat
0 H01675 ELEMENT 300424 MODULE terrace-supports
1 14 920 -112 130 1 0 0 0 1 0 -0 0 1 3004.dat
0 H01676 ELEMENT 300424 MODULE terrace-supports
1 14 920 -136 110 1 0 0 0 1 0 -0 0 1 3004.dat
0 H01677 ELEMENT 300424 MODULE terrace-supports
1 14 920 -136 130 1 0 0 0 1 0 -0 0 1 3004.dat
0 H01678 ELEMENT 300424 MODULE terrace-supports
1 14 920 -160 110 1 0 0 0 1 0 -0 0 1 3004.dat
0 H01679 ELEMENT 300424 MODULE terrace-supports
1 14 920 -160 130 1 0 0 0 1 0 -0 0 1 3004.dat
0 H01680 ELEMENT 300424 MODULE terrace-supports
1 14 920 -184 110 1 0 0 0 1 0 -0 0 1 3004.dat
0 H01681 ELEMENT 4121739 MODULE terrace-supports
1 25 920 -184 130 1 0 0 0 1 0 -0 0 1 3004.dat
0 H01682 ELEMENT 4121739 MODULE terrace-supports
1 25 920 -40 270 1 0 0 0 1 0 -0 0 1 3004.dat
0 H01683 ELEMENT 4121739 MODULE terrace-supports
1 25 920 -40 290 1 0 0 0 1 0 -0 0 1 3004.dat
0 H01684 ELEMENT 4121739 MODULE terrace-supports
1 25 920 -64 270 1 0 0 0 1 0 -0 0 1 3004.dat
0 H01685 ELEMENT 4121739 MODULE terrace-supports
1 25 920 -64 290 1 0 0 0 1 0 -0 0 1 3004.dat
0 H01686 ELEMENT 4121739 MODULE terrace-supports
1 25 920 -88 270 1 0 0 0 1 0 -0 0 1 3004.dat
0 H01687 ELEMENT 4107736 MODULE terrace-supports
1 2 920 -88 290 1 0 0 0 1 0 -0 0 1 3004.dat
0 H01688 ELEMENT 4107736 MODULE terrace-supports
1 2 920 -112 270 1 0 0 0 1 0 -0 0 1 3004.dat
0 H01689 ELEMENT 4107736 MODULE terrace-supports
1 2 920 -112 290 1 0 0 0 1 0 -0 0 1 3004.dat
0 H01690 ELEMENT 4211088 MODULE terrace-supports
1 72 920 -136 270 1 0 0 0 1 0 -0 0 1 3004.dat
0 H01691 ELEMENT 4211088 MODULE terrace-supports
1 72 920 -136 290 1 0 0 0 1 0 -0 0 1 3004.dat
0 H01692 ELEMENT 4211088 MODULE terrace-supports
1 72 920 -160 270 1 0 0 0 1 0 -0 0 1 3004.dat
0 H01693 ELEMENT 4211088 MODULE terrace-supports
1 72 920 -160 290 1 0 0 0 1 0 -0 0 1 3004.dat
0 H01694 ELEMENT 4211088 MODULE terrace-supports
1 72 920 -184 270 1 0 0 0 1 0 -0 0 1 3004.dat
0 H01695 ELEMENT 4211088 MODULE terrace-supports
1 72 920 -184 290 1 0 0 0 1 0 -0 0 1 3004.dat
0 H01696 ELEMENT 4211088 MODULE terrace-supports
1 72 920 -40 430 1 0 0 0 1 0 -0 0 1 3004.dat
0 H01697 ELEMENT 4211088 MODULE terrace-supports
1 72 920 -40 450 1 0 0 0 1 0 -0 0 1 3004.dat
0 H01698 ELEMENT 6000311 MODULE terrace-supports
1 72 920 -64 430 1 0 0 0 1 0 -0 0 1 98283.dat
0 H01699 ELEMENT 6000311 MODULE terrace-supports
1 72 920 -64 450 1 0 0 0 1 0 -0 0 1 98283.dat
0 H01700 ELEMENT 4211388 MODULE terrace-supports
1 71 920 -88 430 1 0 0 0 1 0 -0 0 1 3004.dat
0 H01701 ELEMENT 4211388 MODULE terrace-supports
1 71 920 -88 450 1 0 0 0 1 0 -0 0 1 3004.dat
0 H01702 ELEMENT 4211388 MODULE terrace-supports
1 71 920 -112 430 1 0 0 0 1 0 -0 0 1 3004.dat
0 H01703 ELEMENT 4211388 MODULE terrace-supports
1 71 920 -112 450 1 0 0 0 1 0 -0 0 1 3004.dat
0 H01704 ELEMENT 4211388 MODULE terrace-supports
1 71 920 -136 430 1 0 0 0 1 0 -0 0 1 3004.dat
0 H01705 ELEMENT 4211388 MODULE terrace-supports
1 71 920 -136 450 1 0 0 0 1 0 -0 0 1 3004.dat
0 H01706 ELEMENT 4211388 MODULE terrace-supports
1 71 920 -160 430 1 0 0 0 1 0 -0 0 1 3004.dat
0 H01707 ELEMENT 4211388 MODULE terrace-supports
1 71 920 -160 450 1 0 0 0 1 0 -0 0 1 3004.dat
0 H01708 ELEMENT 4211388 MODULE terrace-supports
1 71 920 -184 430 1 0 0 0 1 0 -0 0 1 3004.dat
0 H01709 ELEMENT 4211388 MODULE terrace-supports
1 71 920 -184 450 1 0 0 0 1 0 -0 0 1 3004.dat
0 STEP
0 H02061 ELEMENT 416201 MODULE broad-staircase
1 15 520 -192 490 1 0 0 0 1 0 -0 0 1 4162.dat
0 H02062 ELEMENT 416201 MODULE broad-staircase
1 15 520 -184 510 1 0 0 0 1 0 -0 0 1 4162.dat
0 H02063 ELEMENT 416201 MODULE broad-staircase
1 15 520 -176 530 1 0 0 0 1 0 -0 0 1 4162.dat
0 H02064 ELEMENT 416201 MODULE broad-staircase
1 15 520 -168 550 1 0 0 0 1 0 -0 0 1 4162.dat
0 H02065 ELEMENT 416201 MODULE broad-staircase
1 15 520 -160 570 1 0 0 0 1 0 -0 0 1 4162.dat
0 H02066 ELEMENT 416201 MODULE broad-staircase
1 15 520 -152 590 1 0 0 0 1 0 -0 0 1 4162.dat
0 H02067 ELEMENT 416201 MODULE broad-staircase
1 15 520 -144 610 1 0 0 0 1 0 -0 0 1 4162.dat
0 H02068 ELEMENT 416201 MODULE broad-staircase
1 15 520 -136 630 1 0 0 0 1 0 -0 0 1 4162.dat
0 H02069 ELEMENT 416201 MODULE broad-staircase
1 15 520 -128 650 1 0 0 0 1 0 -0 0 1 4162.dat
0 H02070 ELEMENT 416201 MODULE broad-staircase
1 15 520 -120 670 1 0 0 0 1 0 -0 0 1 4162.dat
0 H02071 ELEMENT 416201 MODULE broad-staircase
1 15 520 -112 690 1 0 0 0 1 0 -0 0 1 4162.dat
0 H02072 ELEMENT 416201 MODULE broad-staircase
1 15 520 -104 710 1 0 0 0 1 0 -0 0 1 4162.dat
0 H02073 ELEMENT 416201 MODULE broad-staircase
1 15 520 -96 730 1 0 0 0 1 0 -0 0 1 4162.dat
0 H02074 ELEMENT 416201 MODULE broad-staircase
1 15 520 -88 750 1 0 0 0 1 0 -0 0 1 4162.dat
0 H02075 ELEMENT 416201 MODULE broad-staircase
1 15 520 -80 770 1 0 0 0 1 0 -0 0 1 4162.dat
0 H02076 ELEMENT 416201 MODULE broad-staircase
1 15 520 -72 790 1 0 0 0 1 0 -0 0 1 4162.dat
0 H02077 ELEMENT 416201 MODULE broad-staircase
1 15 520 -64 810 1 0 0 0 1 0 -0 0 1 4162.dat
0 H02078 ELEMENT 416201 MODULE broad-staircase
1 15 520 -56 830 1 0 0 0 1 0 -0 0 1 4162.dat
0 H02079 ELEMENT 416201 MODULE broad-staircase
1 15 520 -48 850 1 0 0 0 1 0 -0 0 1 4162.dat
0 H02080 ELEMENT 416201 MODULE broad-staircase
1 15 520 -40 870 1 0 0 0 1 0 -0 0 1 4162.dat
0 H02081 ELEMENT 6037398 MODULE broad-staircase
1 19 520 -40 500 1 0 0 0 1 0 -0 0 1 3007.dat
0 H02082 ELEMENT 6037398 MODULE broad-staircase
1 19 520 -40 540 1 0 0 0 1 0 -0 0 1 3007.dat
0 H02083 ELEMENT 6033776 MODULE broad-staircase
1 15 520 -40 580 1 0 0 0 1 0 -0 0 1 3007.dat
0 H02084 ELEMENT 6033776 MODULE broad-staircase
1 15 520 -40 620 1 0 0 0 1 0 -0 0 1 3007.dat
0 H02085 ELEMENT 4211795 MODULE broad-staircase
1 71 500 -40 660 1 0 0 0 1 0 -0 0 1 2456.dat
0 H02086 ELEMENT 4211795 MODULE broad-staircase
1 71 580 -40 700 0 0 1 0 1 0 -1 0 0 2456.dat
0 H02087 ELEMENT 4211795 MODULE broad-staircase
1 71 500 -40 700 1 0 0 0 1 0 -0 0 1 2456.dat
0 H02088 ELEMENT 4211795 MODULE broad-staircase
1 71 500 -40 740 1 0 0 0 1 0 -0 0 1 2456.dat
0 H02089 ELEMENT 4211795 MODULE broad-staircase
1 71 500 -40 780 1 0 0 0 1 0 -0 0 1 2456.dat
0 H02090 ELEMENT 4211385 MODULE broad-staircase
1 71 580 -40 800 0 0 1 0 1 0 -1 0 0 3001.dat
0 H02091 ELEMENT 4211795 MODULE broad-staircase
1 71 500 -40 820 1 0 0 0 1 0 -0 0 1 2456.dat
0 H02092 ELEMENT 4211406 MODULE broad-staircase
1 71 520 -24 860 1 0 0 0 1 0 -0 0 1 3034.dat
0 H02093 ELEMENT 4211406 MODULE broad-staircase
1 71 520 -32 860 1 0 0 0 1 0 -0 0 1 3034.dat
0 H02094 ELEMENT 4211425 MODULE broad-staircase
1 71 520 -40 850 1 0 0 0 1 0 -0 0 1 3460.dat
0 H02095 ELEMENT 4211795 MODULE broad-staircase
1 71 500 -64 500 1 0 0 0 1 0 -0 0 1 2456.dat
0 H02096 ELEMENT 4211795 MODULE broad-staircase
1 71 580 -64 540 0 0 1 0 1 0 -1 0 0 2456.dat
0 H02097 ELEMENT 4211795 MODULE broad-staircase
1 71 500 -64 540 1 0 0 0 1 0 -0 0 1 2456.dat
0 H02098 ELEMENT 4211795 MODULE broad-staircase
1 71 500 -64 580 1 0 0 0 1 0 -0 0 1 2456.dat
0 H02099 ELEMENT 4211795 MODULE broad-staircase
1 71 500 -64 620 1 0 0 0 1 0 -0 0 1 2456.dat
0 H02100 ELEMENT 4211795 MODULE broad-staircase
1 71 580 -64 660 0 0 1 0 1 0 -1 0 0 2456.dat
0 H02101 ELEMENT 4211795 MODULE broad-staircase
1 71 500 -64 660 1 0 0 0 1 0 -0 0 1 2456.dat
0 H02102 ELEMENT 4181134 MODULE broad-staircase
1 19 500 -64 700 1 0 0 0 1 0 -0 0 1 2456.dat
0 H02103 ELEMENT 4181134 MODULE broad-staircase
1 19 500 -64 740 1 0 0 0 1 0 -0 0 1 2456.dat
0 H02104 ELEMENT 4211385 MODULE broad-staircase
1 71 580 -64 760 0 0 1 0 1 0 -1 0 0 3001.dat
0 H02105 ELEMENT 4181134 MODULE broad-staircase
1 19 500 -64 780 1 0 0 0 1 0 -0 0 1 2456.dat
0 H02106 ELEMENT 4211406 MODULE broad-staircase
1 71 520 -48 820 1 0 0 0 1 0 -0 0 1 3034.dat
0 H02107 ELEMENT 4211425 MODULE broad-staircase
1 71 520 -56 810 1 0 0 0 1 0 -0 0 1 3460.dat
0 H02108 ELEMENT 4181134 MODULE broad-staircase
1 19 500 -88 500 1 0 0 0 1 0 -0 0 1 2456.dat
0 H02109 ELEMENT 4181134 MODULE broad-staircase
1 19 580 -88 540 0 0 1 0 1 0 -1 0 0 2456.dat
0 H02110 ELEMENT 4181134 MODULE broad-staircase
1 19 500 -88 540 1 0 0 0 1 0 -0 0 1 2456.dat
0 H02111 ELEMENT 4181134 MODULE broad-staircase
1 19 500 -88 580 1 0 0 0 1 0 -0 0 1 2456.dat
0 H02112 ELEMENT 4181134 MODULE broad-staircase
1 19 500 -88 620 1 0 0 0 1 0 -0 0 1 2456.dat
0 H02113 ELEMENT 4181134 MODULE broad-staircase
1 19 580 -88 660 0 0 1 0 1 0 -1 0 0 2456.dat
0 H02114 ELEMENT 4181134 MODULE broad-staircase
1 19 500 -88 660 1 0 0 0 1 0 -0 0 1 2456.dat
0 H02115 ELEMENT 4181142 MODULE broad-staircase
1 15 500 -88 700 1 0 0 0 1 0 -0 0 1 2456.dat
0 H02116 ELEMENT 4211406 MODULE broad-staircase
1 71 520 -72 740 1 0 0 0 1 0 -0 0 1 3034.dat
0 H02117 ELEMENT 4211425 MODULE broad-staircase
1 71 520 -72 770 1 0 0 0 1 0 -0 0 1 3460.dat
0 H02118 ELEMENT 4211406 MODULE broad-staircase
1 71 520 -80 740 1 0 0 0 1 0 -0 0 1 3034.dat
0 H02119 ELEMENT 4211425 MODULE broad-staircase
1 71 520 -88 730 1 0 0 0 1 0 -0 0 1 3460.dat
0 H02120 ELEMENT 4181142 MODULE broad-staircase
1 15 500 -112 500 1 0 0 0 1 0 -0 0 1 2456.dat
0 H02121 ELEMENT 4181142 MODULE broad-staircase
1 15 580 -112 540 0 0 1 0 1 0 -1 0 0 2456.dat
0 H02122 ELEMENT 4181142 MODULE broad-staircase
1 15 500 -112 540 1 0 0 0 1 0 -0 0 1 2456.dat
0 H02123 ELEMENT 4181142 MODULE broad-staircase
1 15 500 -112 580 1 0 0 0 1 0 -0 0 1 2456.dat
0 H02124 ELEMENT 4181142 MODULE broad-staircase
1 15 500 -112 620 1 0 0 0 1 0 -0 0 1 2456.dat
0 H02125 ELEMENT 4211385 MODULE broad-staircase
1 71 580 -112 640 0 0 1 0 1 0 -1 0 0 3001.dat
0 H02126 ELEMENT 4181142 MODULE broad-staircase
1 15 500 -112 660 1 0 0 0 1 0 -0 0 1 2456.dat
0 H02127 ELEMENT 4211406 MODULE broad-staircase
1 71 520 -96 700 1 0 0 0 1 0 -0 0 1 3034.dat
0 H02128 ELEMENT 4210998 MODULE broad-staircase
1 72 520 -104 690 1 0 0 0 1 0 -0 0 1 3460.dat
0 H02129 ELEMENT 4181142 MODULE broad-staircase
1 15 500 -136 500 1 0 0 0 1 0 -0 0 1 2456.dat
0 H02130 ELEMENT 4181142 MODULE broad-staircase
1 15 580 -136 540 0 0 1 0 1 0 -1 0 0 2456.dat
0 H02131 ELEMENT 4181142 MODULE broad-staircase
1 15 500 -136 540 1 0 0 0 1 0 -0 0 1 2456.dat
0 H02132 ELEMENT 4181142 MODULE broad-staircase
1 15 500 -136 580 1 0 0 0 1 0 -0 0 1 2456.dat
0 H02133 ELEMENT 4211406 MODULE broad-staircase
1 71 520 -120 620 1 0 0 0 1 0 -0 0 1 3034.dat
0 H02134 ELEMENT 4210998 MODULE broad-staircase
1 72 520 -120 650 1 0 0 0 1 0 -0 0 1 3460.dat
0 H02135 ELEMENT 4211406 MODULE broad-staircase
1 71 520 -128 620 1 0 0 0 1 0 -0 0 1 3034.dat
0 H02136 ELEMENT 4210998 MODULE broad-staircase
1 72 520 -136 610 1 0 0 0 1 0 -0 0 1 3460.dat
0 H02137 ELEMENT 4181142 MODULE broad-staircase
1 15 500 -160 500 1 0 0 0 1 0 -0 0 1 2456.dat
0 H02138 ELEMENT 4211385 MODULE broad-staircase
1 71 580 -160 520 0 0 1 0 1 0 -1 0 0 3001.dat
0 H02139 ELEMENT 4181142 MODULE broad-staircase
1 15 500 -160 540 1 0 0 0 1 0 -0 0 1 2456.dat
0 H02140 ELEMENT 4211406 MODULE broad-staircase
1 71 520 -144 580 1 0 0 0 1 0 -0 0 1 3034.dat
0 H02141 ELEMENT 4210998 MODULE broad-staircase
1 72 520 -152 570 1 0 0 0 1 0 -0 0 1 3460.dat
0 H02142 ELEMENT 4211406 MODULE broad-staircase
1 71 520 -168 500 1 0 0 0 1 0 -0 0 1 3034.dat
0 H02143 ELEMENT 4210998 MODULE broad-staircase
1 72 520 -168 530 1 0 0 0 1 0 -0 0 1 3460.dat
0 H02144 ELEMENT 4211406 MODULE broad-staircase
1 71 520 -176 500 1 0 0 0 1 0 -0 0 1 3034.dat
0 H02145 ELEMENT 4210998 MODULE broad-staircase
1 72 520 -184 490 1 0 0 0 1 0 -0 0 1 3460.dat
0 H02146 ELEMENT 4211385 MODULE layered-rock
1 71 80 -40 660 1 0 0 0 1 0 -0 0 1 3001.dat
0 H02147 ELEMENT 4211385 MODULE layered-rock
1 71 140 -40 680 0 0 1 0 1 0 -1 0 0 3001.dat
0 H02148 ELEMENT 4247151 MODULE layered-rock
1 28 170 -40 700 0 0 1 0 1 0 -1 0 0 3009.dat
0 H02149 ELEMENT 4211385 MODULE layered-rock
1 71 260 -40 660 1 0 0 0 1 0 -0 0 1 3001.dat
0 H02150 ELEMENT 4211385 MODULE layered-rock
1 71 340 -40 660 1 0 0 0 1 0 -0 0 1 3001.dat
0 H02151 ELEMENT 4247151 MODULE layered-rock
1 28 390 -40 700 0 0 1 0 1 0 -1 0 0 3009.dat
0 H02152 ELEMENT 4211385 MODULE layered-rock
1 71 680 -40 660 1 0 0 0 1 0 -0 0 1 3001.dat
0 H02153 ELEMENT 4211385 MODULE layered-rock
1 71 760 -40 660 1 0 0 0 1 0 -0 0 1 3001.dat
0 H02154 ELEMENT 4211385 MODULE layered-rock
1 71 840 -40 660 1 0 0 0 1 0 -0 0 1 3001.dat
0 H02155 ELEMENT 4211385 MODULE layered-rock
1 71 920 -40 660 1 0 0 0 1 0 -0 0 1 3001.dat
0 H02156 ELEMENT 4211385 MODULE layered-rock
1 71 980 -40 680 0 0 1 0 1 0 -1 0 0 3001.dat
0 H02157 ELEMENT 4211085 MODULE layered-rock
1 72 80 -40 700 1 0 0 0 1 0 -0 0 1 3001.dat
0 H02158 ELEMENT 4211085 MODULE layered-rock
1 72 260 -40 700 1 0 0 0 1 0 -0 0 1 3001.dat
0 H02159 ELEMENT 4211085 MODULE layered-rock
1 72 340 -40 700 1 0 0 0 1 0 -0 0 1 3001.dat
0 H02160 ELEMENT 4211085 MODULE layered-rock
1 72 680 -40 700 1 0 0 0 1 0 -0 0 1 3001.dat
0 H02161 ELEMENT 4211085 MODULE layered-rock
1 72 760 -40 700 1 0 0 0 1 0 -0 0 1 3001.dat
0 H02162 ELEMENT 4247145 MODULE layered-rock
1 28 840 -40 700 1 0 0 0 1 0 -0 0 1 3001.dat
0 H02163 ELEMENT 4247145 MODULE layered-rock
1 28 920 -40 700 1 0 0 0 1 0 -0 0 1 3001.dat
0 H02164 ELEMENT 4211386 MODULE layered-rock
1 71 130 -40 740 1 0 0 0 1 0 -0 0 1 3002.dat
0 H02165 ELEMENT 4114319 MODULE layered-rock
1 19 220 -40 740 1 0 0 0 1 0 -0 0 1 3001.dat
0 H02166 ELEMENT 4114319 MODULE layered-rock
1 19 340 -40 740 1 0 0 0 1 0 -0 0 1 3001.dat
0 H02167 ELEMENT 4247151 MODULE layered-rock
1 28 700 -40 730 1 0 0 0 1 0 -0 0 1 3009.dat
0 H02168 ELEMENT 6057517 MODULE layered-rock
1 19 770 -88 730 1 0 0 0 1 0 -0 0 1 14716.dat
0 H02169 ELEMENT 6057517 MODULE layered-rock
1 19 790 -88 730 1 0 0 0 1 0 -0 0 1 14716.dat
0 H02170 ELEMENT 4114319 MODULE layered-rock
1 19 940 -40 740 1 0 0 0 1 0 -0 0 1 3001.dat
0 H02171 ELEMENT 4114319 MODULE layered-rock
1 19 1020 -40 740 1 0 0 0 1 0 -0 0 1 3001.dat
0 H02172 ELEMENT 4211394 MODULE layered-rock
1 71 140 -40 770 1 0 0 0 1 0 -0 0 1 3010.dat
0 H02173 ELEMENT 4211394 MODULE layered-rock
1 71 220 -40 770 1 0 0 0 1 0 -0 0 1 3010.dat
0 H02174 ELEMENT 4114319 MODULE layered-rock
1 19 340 -40 780 1 0 0 0 1 0 -0 0 1 3001.dat
0 H02175 ELEMENT 4211388 MODULE layered-rock
1 71 390 -40 780 0 0 1 0 1 0 -1 0 0 3004.dat
0 H02176 ELEMENT 4114319 MODULE layered-rock
1 19 720 -40 780 1 0 0 0 1 0 -0 0 1 3001.dat
0 H02177 ELEMENT 4114319 MODULE layered-rock
1 19 800 -40 780 1 0 0 0 1 0 -0 0 1 3001.dat
0 H02178 ELEMENT 4211386 MODULE layered-rock
1 71 860 -40 790 0 0 1 0 1 0 -1 0 0 3002.dat
0 H02179 ELEMENT 4211394 MODULE layered-rock
1 71 940 -40 770 1 0 0 0 1 0 -0 0 1 3010.dat
0 H02180 ELEMENT 4211394 MODULE layered-rock
1 71 1020 -40 770 1 0 0 0 1 0 -0 0 1 3010.dat
0 H02181 ELEMENT 4211394 MODULE layered-rock
1 71 720 -40 810 1 0 0 0 1 0 -0 0 1 3010.dat
0 H02182 ELEMENT 4211394 MODULE layered-rock
1 71 800 -40 810 1 0 0 0 1 0 -0 0 1 3010.dat
0 H02183 ELEMENT 4114319 MODULE layered-rock
1 19 80 -64 660 1 0 0 0 1 0 -0 0 1 3001.dat
0 H02184 ELEMENT 4114319 MODULE layered-rock
1 19 140 -64 680 0 0 1 0 1 0 -1 0 0 3001.dat
0 H02185 ELEMENT 4211103 MODULE layered-rock
1 72 170 -64 680 0 0 1 0 1 0 -1 0 0 3010.dat
0 H02186 ELEMENT 4114319 MODULE layered-rock
1 19 260 -64 660 1 0 0 0 1 0 -0 0 1 3001.dat
0 H02187 ELEMENT 4114319 MODULE layered-rock
1 19 340 -64 660 1 0 0 0 1 0 -0 0 1 3001.dat
0 H02188 ELEMENT 4211103 MODULE layered-rock
1 72 390 -64 680 0 0 1 0 1 0 -1 0 0 3010.dat
0 H02189 ELEMENT 4114319 MODULE layered-rock
1 19 680 -64 660 1 0 0 0 1 0 -0 0 1 3001.dat
0 H02190 ELEMENT 4114319 MODULE layered-rock
1 19 760 -64 660 1 0 0 0 1 0 -0 0 1 3001.dat
0 H02191 ELEMENT 4211386 MODULE layered-rock
1 71 830 -64 660 1 0 0 0 1 0 -0 0 1 3002.dat
0 H02192 ELEMENT 4211386 MODULE layered-rock
1 71 890 -64 660 1 0 0 0 1 0 -0 0 1 3002.dat
0 H02193 ELEMENT 4211386 MODULE layered-rock
1 71 950 -64 660 1 0 0 0 1 0 -0 0 1 3002.dat
0 H02194 ELEMENT 4211103 MODULE layered-rock
1 72 990 -64 680 0 0 1 0 1 0 -1 0 0 3010.dat
0 H02195 ELEMENT 4211386 MODULE layered-rock
1 71 70 -64 700 1 0 0 0 1 0 -0 0 1 3002.dat
0 H02196 ELEMENT 4211103 MODULE layered-rock
1 72 110 -64 720 0 0 1 0 1 0 -1 0 0 3010.dat
0 H02197 ELEMENT 4211386 MODULE layered-rock
1 71 250 -64 700 1 0 0 0 1 0 -0 0 1 3002.dat
0 H02198 ELEMENT 4211386 MODULE layered-rock
1 71 310 -64 700 1 0 0 0 1 0 -0 0 1 3002.dat
0 H02199 ELEMENT 4255416 MODULE layered-rock
1 28 360 -64 700 1 0 0 0 1 0 -0 0 1 3003.dat
0 H02200 ELEMENT 4211386 MODULE layered-rock
1 71 670 -64 700 1 0 0 0 1 0 -0 0 1 3002.dat
0 H02201 ELEMENT 4211386 MODULE layered-rock
1 71 730 -64 700 1 0 0 0 1 0 -0 0 1 3002.dat
0 H02202 ELEMENT 4211386 MODULE layered-rock
1 71 790 -64 700 1 0 0 0 1 0 -0 0 1 3002.dat
0 H02203 ELEMENT 4211105 MODULE layered-rock
1 72 850 -64 700 1 0 0 0 1 0 -0 0 1 3002.dat
0 H02204 ELEMENT 4211105 MODULE layered-rock
1 72 910 -64 700 1 0 0 0 1 0 -0 0 1 3002.dat
0 H02205 ELEMENT 4211105 MODULE layered-rock
1 72 960 -64 710 0 0 1 0 1 0 -1 0 0 3002.dat
0 H02206 ELEMENT 4211105 MODULE layered-rock
1 72 150 -64 740 1 0 0 0 1 0 -0 0 1 3002.dat
0 H02207 ELEMENT 4211105 MODULE layered-rock
1 72 210 -64 740 1 0 0 0 1 0 -0 0 1 3002.dat
0 H02208 ELEMENT 4211428 MODULE layered-rock
1 71 250 -64 750 0 0 1 0 1 0 -1 0 0 3622.dat
0 H02209 ELEMENT 4211395 MODULE layered-rock
1 71 340 -48 740 1 0 0 0 1 0 -0 0 1 3020.dat
0 H02210 ELEMENT 4211445 MODULE layered-rock
1 71 390 -48 760 0 0 1 0 1 0 -1 0 0 3710.dat
0 H02211 ELEMENT 4211103 MODULE layered-rock
1 72 680 -64 730 1 0 0 0 1 0 -0 0 1 3010.dat
0 H02212 ELEMENT 4211388 MODULE layered-rock
1 71 740 -64 730 1 0 0 0 1 0 -0 0 1 3004.dat
0 H02213 ELEMENT 4159739 MODULE layered-rock
1 19 920 -64 750 0 0 1 0 1 0 -1 0 0 3002.dat
0 H02214 ELEMENT 4159739 MODULE layered-rock
1 19 1010 -64 740 1 0 0 0 1 0 -0 0 1 3002.dat
0 H02215 ELEMENT 4211428 MODULE layered-rock
1 71 1050 -64 750 0 0 1 0 1 0 -1 0 0 3622.dat
0 H02216 ELEMENT 4255416 MODULE layered-rock
1 28 960 -64 760 1 0 0 0 1 0 -0 0 1 3003.dat
0 H02217 ELEMENT 4211103 MODULE layered-rock
1 72 140 -64 770 1 0 0 0 1 0 -0 0 1 3010.dat
0 H02218 ELEMENT 4211428 MODULE layered-rock
1 71 210 -64 770 1 0 0 0 1 0 -0 0 1 3622.dat
0 H02219 ELEMENT 4211395 MODULE layered-rock
1 71 340 -48 780 1 0 0 0 1 0 -0 0 1 3020.dat
0 H02220 ELEMENT 4211395 MODULE layered-rock
1 71 720 -48 780 1 0 0 0 1 0 -0 0 1 3020.dat
0 H02221 ELEMENT 4211395 MODULE layered-rock
1 71 800 -48 780 1 0 0 0 1 0 -0 0 1 3020.dat
0 H02222 ELEMENT 4211396 MODULE layered-rock
1 71 860 -48 790 0 0 1 0 1 0 -1 0 0 3021.dat
0 H02223 ELEMENT 4211428 MODULE layered-rock
1 71 1010 -64 770 1 0 0 0 1 0 -0 0 1 3622.dat
0 H02224 ELEMENT 4210998 MODULE layered-rock
1 72 760 -48 810 1 0 0 0 1 0 -0 0 1 3460.dat
0 H02225 ELEMENT 4211395 MODULE layered-rock
1 71 340 -56 740 1 0 0 0 1 0 -0 0 1 3020.dat
0 H02226 ELEMENT 4211445 MODULE layered-rock
1 71 390 -56 760 0 0 1 0 1 0 -1 0 0 3710.dat
0 H02227 ELEMENT 4211395 MODULE layered-rock
1 71 340 -56 780 1 0 0 0 1 0 -0 0 1 3020.dat
0 H02228 ELEMENT 4211395 MODULE layered-rock
1 71 720 -56 780 1 0 0 0 1 0 -0 0 1 3020.dat
0 H02229 ELEMENT 4211395 MODULE layered-rock
1 71 800 -56 780 1 0 0 0 1 0 -0 0 1 3020.dat
0 H02230 ELEMENT 4211396 MODULE layered-rock
1 71 860 -56 790 0 0 1 0 1 0 -1 0 0 3021.dat
0 H02231 ELEMENT 4210998 MODULE layered-rock
1 72 760 -56 810 1 0 0 0 1 0 -0 0 1 3460.dat
0 H02232 ELEMENT 4159739 MODULE layered-rock
1 19 70 -88 660 1 0 0 0 1 0 -0 0 1 3002.dat
0 H02233 ELEMENT 4159739 MODULE layered-rock
1 19 130 -88 660 1 0 0 0 1 0 -0 0 1 3002.dat
0 H02234 ELEMENT 4211103 MODULE layered-rock
1 72 170 -88 680 0 0 1 0 1 0 -1 0 0 3010.dat
0 H02235 ELEMENT 4159739 MODULE layered-rock
1 19 250 -88 660 1 0 0 0 1 0 -0 0 1 3002.dat
0 H02236 ELEMENT 4159739 MODULE layered-rock
1 19 310 -88 660 1 0 0 0 1 0 -0 0 1 3002.dat
0 H02237 ELEMENT 4159739 MODULE layered-rock
1 19 370 -88 660 1 0 0 0 1 0 -0 0 1 3002.dat
0 H02238 ELEMENT 4211103 MODULE layered-rock
1 72 680 -88 650 1 0 0 0 1 0 -0 0 1 3010.dat
0 H02239 ELEMENT 4211103 MODULE layered-rock
1 72 760 -88 650 1 0 0 0 1 0 -0 0 1 3010.dat
0 H02240 ELEMENT 4211103 MODULE layered-rock
1 72 840 -88 650 1 0 0 0 1 0 -0 0 1 3010.dat
0 H02241 ELEMENT 4211103 MODULE layered-rock
1 72 920 -88 650 1 0 0 0 1 0 -0 0 1 3010.dat
0 H02242 ELEMENT 4211103 MODULE layered-rock
1 72 970 -88 680 0 0 1 0 1 0 -1 0 0 3010.dat
0 H02243 ELEMENT 4211103 MODULE layered-rock
1 72 990 -88 680 0 0 1 0 1 0 -1 0 0 3010.dat
0 H02244 ELEMENT 4211103 MODULE layered-rock
1 72 680 -88 670 1 0 0 0 1 0 -0 0 1 3010.dat
0 H02245 ELEMENT 4211103 MODULE layered-rock
1 72 760 -88 670 1 0 0 0 1 0 -0 0 1 3010.dat
0 H02246 ELEMENT 4211103 MODULE layered-rock
1 72 840 -88 670 1 0 0 0 1 0 -0 0 1 3010.dat
0 H02247 ELEMENT 4211103 MODULE layered-rock
1 72 920 -88 670 1 0 0 0 1 0 -0 0 1 3010.dat
0 H02248 ELEMENT 4211103 MODULE layered-rock
1 72 80 -88 690 1 0 0 0 1 0 -0 0 1 3010.dat
0 H02249 ELEMENT 4255416 MODULE layered-rock
1 28 140 -88 700 1 0 0 0 1 0 -0 0 1 3003.dat
0 H02250 ELEMENT 4255416 MODULE layered-rock
1 28 240 -88 700 1 0 0 0 1 0 -0 0 1 3003.dat
0 H02251 ELEMENT 4255416 MODULE layered-rock
1 28 280 -88 700 1 0 0 0 1 0 -0 0 1 3003.dat
0 H02252 ELEMENT 6001822 MODULE layered-rock
1 28 340 -88 690 1 0 0 0 1 0 -0 0 1 3010.dat
0 H02253 ELEMENT 4211388 MODULE layered-rock
1 71 390 -88 700 0 0 1 0 1 0 -1 0 0 3004.dat
0 H02254 ELEMENT 6001822 MODULE layered-rock
1 28 680 -88 690 1 0 0 0 1 0 -0 0 1 3010.dat
0 H02255 ELEMENT 6001822 MODULE layered-rock
1 28 760 -88 690 1 0 0 0 1 0 -0 0 1 3010.dat
0 H02256 ELEMENT 6001822 MODULE layered-rock
1 28 840 -88 690 1 0 0 0 1 0 -0 0 1 3010.dat
0 H02257 ELEMENT 6001822 MODULE layered-rock
1 28 920 -88 690 1 0 0 0 1 0 -0 0 1 3010.dat
0 H02258 ELEMENT 4113916 MODULE layered-rock
1 19 80 -88 710 1 0 0 0 1 0 -0 0 1 3010.dat
0 H02259 ELEMENT 4113916 MODULE layered-rock
1 19 340 -88 710 1 0 0 0 1 0 -0 0 1 3010.dat
0 H02260 ELEMENT 4113916 MODULE layered-rock
1 19 680 -88 710 1 0 0 0 1 0 -0 0 1 3010.dat
0 H02261 ELEMENT 4113916 MODULE layered-rock
1 19 760 -88 710 1 0 0 0 1 0 -0 0 1 3010.dat
0 H02262 ELEMENT 4113916 MODULE layered-rock
1 19 840 -88 710 1 0 0 0 1 0 -0 0 1 3010.dat
0 H02263 ELEMENT 4113916 MODULE layered-rock
1 19 920 -88 710 1 0 0 0 1 0 -0 0 1 3010.dat
0 H02264 ELEMENT 4211395 MODULE layered-rock
1 71 140 -72 740 1 0 0 0 1 0 -0 0 1 3020.dat
0 H02265 ELEMENT 4211395 MODULE layered-rock
1 71 220 -72 740 1 0 0 0 1 0 -0 0 1 3020.dat
0 H02266 ELEMENT 4113916 MODULE layered-rock
1 19 680 -88 730 1 0 0 0 1 0 -0 0 1 3010.dat
0 H02267 ELEMENT 4211388 MODULE layered-rock
1 71 740 -88 730 1 0 0 0 1 0 -0 0 1 3004.dat
0 H02268 ELEMENT 4211395 MODULE layered-rock
1 71 940 -72 740 1 0 0 0 1 0 -0 0 1 3020.dat
0 H02269 ELEMENT 4211395 MODULE layered-rock
1 71 1020 -72 740 1 0 0 0 1 0 -0 0 1 3020.dat
0 H02270 ELEMENT 4210998 MODULE layered-rock
1 72 180 -72 770 1 0 0 0 1 0 -0 0 1 3460.dat
0 H02271 ELEMENT 4210998 MODULE layered-rock
1 72 980 -72 770 1 0 0 0 1 0 -0 0 1 3460.dat
0 H02272 ELEMENT 4211395 MODULE layered-rock
1 71 140 -80 740 1 0 0 0 1 0 -0 0 1 3020.dat
0 H02273 ELEMENT 4211395 MODULE layered-rock
1 71 220 -80 740 1 0 0 0 1 0 -0 0 1 3020.dat
0 H02274 ELEMENT 4211395 MODULE layered-rock
1 71 940 -80 740 1 0 0 0 1 0 -0 0 1 3020.dat
0 H02275 ELEMENT 4211395 MODULE layered-rock
1 71 1020 -80 740 1 0 0 0 1 0 -0 0 1 3020.dat
0 H02276 ELEMENT 4210998 MODULE layered-rock
1 72 180 -80 770 1 0 0 0 1 0 -0 0 1 3460.dat
0 H02277 ELEMENT 4210998 MODULE layered-rock
1 72 980 -80 770 1 0 0 0 1 0 -0 0 1 3460.dat
0 H02278 ELEMENT 4113916 MODULE layered-rock
1 19 80 -112 650 1 0 0 0 1 0 -0 0 1 3010.dat
0 H02279 ELEMENT 4113916 MODULE layered-rock
1 19 130 -112 680 0 0 1 0 1 0 -1 0 0 3010.dat
0 H02280 ELEMENT 4113916 MODULE layered-rock
1 19 150 -112 680 0 0 1 0 1 0 -1 0 0 3010.dat
0 H02281 ELEMENT 4113916 MODULE layered-rock
1 19 170 -112 680 0 0 1 0 1 0 -1 0 0 3010.dat
0 H02282 ELEMENT 4211395 MODULE layered-rock
1 71 260 -96 660 1 0 0 0 1 0 -0 0 1 3020.dat
0 H02283 ELEMENT 4211395 MODULE layered-rock
1 71 340 -96 660 1 0 0 0 1 0 -0 0 1 3020.dat
0 H02284 ELEMENT 4211445 MODULE layered-rock
1 71 390 -96 680 0 0 1 0 1 0 -1 0 0 3710.dat
0 H02285 ELEMENT 4211395 MODULE layered-rock
1 71 680 -96 660 1 0 0 0 1 0 -0 0 1 3020.dat
0 H02286 ELEMENT 4211395 MODULE layered-rock
1 71 760 -96 660 1 0 0 0 1 0 -0 0 1 3020.dat
0 H02287 ELEMENT 4113916 MODULE layered-rock
1 19 840 -112 650 1 0 0 0 1 0 -0 0 1 3010.dat
0 H02288 ELEMENT 4113916 MODULE layered-rock
1 19 920 -112 650 1 0 0 0 1 0 -0 0 1 3010.dat
0 H02289 ELEMENT 4113916 MODULE layered-rock
1 19 970 -112 680 0 0 1 0 1 0 -1 0 0 3010.dat
0 H02290 ELEMENT 4113916 MODULE layered-rock
1 19 990 -112 680 0 0 1 0 1 0 -1 0 0 3010.dat
0 H02291 ELEMENT 4113916 MODULE layered-rock
1 19 80 -112 670 1 0 0 0 1 0 -0 0 1 3010.dat
0 H02292 ELEMENT 4113916 MODULE layered-rock
1 19 840 -112 670 1 0 0 0 1 0 -0 0 1 3010.dat
0 H02293 ELEMENT 4114306 MODULE layered-rock
1 19 900 -112 680 1 0 0 0 1 0 -0 0 1 3003.dat
0 H02294 ELEMENT 4114306 MODULE layered-rock
1 19 940 -112 680 1 0 0 0 1 0 -0 0 1 3003.dat
0 H02295 ELEMENT 4114306 MODULE layered-rock
1 19 60 -112 700 1 0 0 0 1 0 -0 0 1 3003.dat
0 H02296 ELEMENT 4114306 MODULE layered-rock
1 19 100 -112 700 1 0 0 0 1 0 -0 0 1 3003.dat
0 H02297 ELEMENT 4211395 MODULE layered-rock
1 71 260 -96 700 1 0 0 0 1 0 -0 0 1 3020.dat
0 H02298 ELEMENT 4211395 MODULE layered-rock
1 71 340 -96 700 1 0 0 0 1 0 -0 0 1 3020.dat
0 H02299 ELEMENT 4211395 MODULE layered-rock
1 71 680 -96 700 1 0 0 0 1 0 -0 0 1 3020.dat
0 H02300 ELEMENT 4211395 MODULE layered-rock
1 71 760 -96 700 1 0 0 0 1 0 -0 0 1 3020.dat
0 H02301 ELEMENT 4114306 MODULE layered-rock
1 19 820 -112 700 1 0 0 0 1 0 -0 0 1 3003.dat
0 H02302 ELEMENT 4114306 MODULE layered-rock
1 19 860 -112 700 1 0 0 0 1 0 -0 0 1 3003.dat
0 H02303 ELEMENT 4211428 MODULE layered-rock
1 71 910 -112 710 1 0 0 0 1 0 -0 0 1 3622.dat
0 H02304 ELEMENT 4211389 MODULE layered-rock
1 71 950 -112 710 1 0 0 0 1 0 -0 0 1 3005.dat
0 H02305 ELEMENT 4210998 MODULE layered-rock
1 72 720 -96 730 1 0 0 0 1 0 -0 0 1 3460.dat
0 H02306 ELEMENT 4211395 MODULE layered-rock
1 71 260 -104 660 1 0 0 0 1 0 -0 0 1 3020.dat
0 H02307 ELEMENT 4211065 MODULE layered-rock
1 72 340 -104 660 1 0 0 0 1 0 -0 0 1 3020.dat
0 H02308 ELEMENT 4211445 MODULE layered-rock
1 71 390 -104 680 0 0 1 0 1 0 -1 0 0 3710.dat
0 H02309 ELEMENT 4210998 MODULE layered-rock
1 72 300 -104 690 1 0 0 0 1 0 -0 0 1 3460.dat
0 H02310 ELEMENT 6156492 MODULE layered-rock
1 28 300 -104 710 1 0 0 0 1 0 -0 0 1 3460.dat
0 H02311 ELEMENT 4211065 MODULE layered-rock
1 72 80 -120 660 1 0 0 0 1 0 -0 0 1 3020.dat
0 H02312 ELEMENT 4211065 MODULE layered-rock
1 72 140 -120 680 0 0 1 0 1 0 -1 0 0 3020.dat
0 H02313 ELEMENT 4211445 MODULE layered-rock
1 71 170 -120 680 0 0 1 0 1 0 -1 0 0 3710.dat
0 H02314 ELEMENT 4114306 MODULE layered-rock
1 19 820 -136 660 1 0 0 0 1 0 -0 0 1 3003.dat
0 H02315 ELEMENT 4114306 MODULE layered-rock
1 19 860 -136 660 1 0 0 0 1 0 -0 0 1 3003.dat
0 H02316 ELEMENT 4211428 MODULE layered-rock
1 71 910 -136 650 1 0 0 0 1 0 -0 0 1 3622.dat
0 H02317 ELEMENT 4211428 MODULE layered-rock
1 71 970 -136 650 1 0 0 0 1 0 -0 0 1 3622.dat
0 H02318 ELEMENT 4211428 MODULE layered-rock
1 71 910 -136 670 1 0 0 0 1 0 -0 0 1 3622.dat
0 H02319 ELEMENT 4211428 MODULE layered-rock
1 71 970 -136 670 1 0 0 0 1 0 -0 0 1 3622.dat
0 H02320 ELEMENT 4211065 MODULE layered-rock
1 72 80 -120 700 1 0 0 0 1 0 -0 0 1 3020.dat
0 H02321 ELEMENT 4211428 MODULE layered-rock
1 71 830 -136 690 1 0 0 0 1 0 -0 0 1 3622.dat
0 H02322 ELEMENT 4211428 MODULE layered-rock
1 71 890 -136 690 1 0 0 0 1 0 -0 0 1 3622.dat
0 H02323 ELEMENT 4211428 MODULE layered-rock
1 71 950 -136 690 1 0 0 0 1 0 -0 0 1 3622.dat
0 H02324 ELEMENT 4211388 MODULE layered-rock
1 71 990 -136 700 0 0 1 0 1 0 -1 0 0 3004.dat
0 H02325 ELEMENT 4211428 MODULE layered-rock
1 71 830 -136 710 1 0 0 0 1 0 -0 0 1 3622.dat
0 H02326 ELEMENT 4211428 MODULE layered-rock
1 71 890 -136 710 1 0 0 0 1 0 -0 0 1 3622.dat
0 H02327 ELEMENT 4211428 MODULE layered-rock
1 71 950 -136 710 1 0 0 0 1 0 -0 0 1 3622.dat
0 H02328 ELEMENT 4211065 MODULE layered-rock
1 72 80 -128 660 1 0 0 0 1 0 -0 0 1 3020.dat
0 H02329 ELEMENT 4211065 MODULE layered-rock
1 72 140 -128 680 0 0 1 0 1 0 -1 0 0 3020.dat
0 H02330 ELEMENT 4211445 MODULE layered-rock
1 71 170 -128 680 0 0 1 0 1 0 -1 0 0 3710.dat
0 H02331 ELEMENT 4211065 MODULE layered-rock
1 72 80 -128 700 1 0 0 0 1 0 -0 0 1 3020.dat
0 H02332 ELEMENT 4211065 MODULE layered-rock
1 72 840 -144 660 1 0 0 0 1 0 -0 0 1 3020.dat
0 H02333 ELEMENT 4211065 MODULE layered-rock
1 72 920 -144 660 1 0 0 0 1 0 -0 0 1 3020.dat
0 H02334 ELEMENT 4211065 MODULE layered-rock
1 72 980 -144 680 0 0 1 0 1 0 -1 0 0 3020.dat
0 H02335 ELEMENT 4211065 MODULE layered-rock
1 72 840 -144 700 1 0 0 0 1 0 -0 0 1 3020.dat
0 H02336 ELEMENT 4211065 MODULE layered-rock
1 72 920 -144 700 1 0 0 0 1 0 -0 0 1 3020.dat
0 H02337 ELEMENT 4211410 MODULE layered-rock
1 71 60 -152 650 -1 0 0 0 1 0 -0 0 -1 3039.dat
0 H02338 ELEMENT 4211410 MODULE layered-rock
1 71 100 -152 650 -1 0 0 0 1 0 -0 0 -1 3039.dat
0 H02339 ELEMENT 4211410 MODULE layered-rock
1 71 140 -152 650 -1 0 0 0 1 0 -0 0 -1 3039.dat
0 H02340 ELEMENT 4211410 MODULE layered-rock
1 71 240 -128 650 -1 0 0 0 1 0 -0 0 -1 3039.dat
0 H02341 ELEMENT 4211410 MODULE layered-rock
1 71 280 -128 650 -1 0 0 0 1 0 -0 0 -1 3039.dat
0 H02342 ELEMENT 4211054 MODULE layered-rock
1 72 320 -128 650 -1 0 0 0 1 0 -0 0 -1 3039.dat
0 H02343 ELEMENT 4211054 MODULE layered-rock
1 72 360 -128 650 -1 0 0 0 1 0 -0 0 -1 3039.dat
0 H02344 ELEMENT 4211054 MODULE layered-rock
1 72 660 -120 650 -1 0 0 0 1 0 -0 0 -1 3039.dat
0 H02345 ELEMENT 4211054 MODULE layered-rock
1 72 700 -120 650 -1 0 0 0 1 0 -0 0 -1 3039.dat
0 H02346 ELEMENT 6184880 MODULE layered-rock
1 28 740 -120 650 -1 0 0 0 1 0 -0 0 -1 3039.dat
0 STEP
0 H01710 ELEMENT 4624223 MODULE terrace-deck
1 19 120 -192 120 1 0 0 0 1 0 -0 0 1 41539.dat
0 H01711 ELEMENT 4624223 MODULE terrace-deck
1 19 280 -192 120 1 0 0 0 1 0 -0 0 1 41539.dat
0 H01712 ELEMENT 4624223 MODULE terrace-deck
1 19 440 -192 120 1 0 0 0 1 0 -0 0 1 41539.dat
0 H01713 ELEMENT 4624223 MODULE terrace-deck
1 19 600 -192 120 1 0 0 0 1 0 -0 0 1 41539.dat
0 H01714 ELEMENT 4624223 MODULE terrace-deck
1 19 760 -192 120 1 0 0 0 1 0 -0 0 1 41539.dat
0 H01715 ELEMENT 4624911 MODULE terrace-deck
1 15 920 -192 120 1 0 0 0 1 0 -0 0 1 41539.dat
0 H01716 ELEMENT 4211401 MODULE terrace-deck
1 71 1040 -192 160 0 0 1 0 1 0 -1 0 0 3029.dat
0 H01717 ELEMENT 4624911 MODULE terrace-deck
1 15 120 -192 280 1 0 0 0 1 0 -0 0 1 41539.dat
0 H01718 ELEMENT 4624911 MODULE terrace-deck
1 15 280 -192 280 1 0 0 0 1 0 -0 0 1 41539.dat
0 H01719 ELEMENT 4624185 MODULE terrace-deck
1 19 460 -192 260 1 0 0 0 1 0 -0 0 1 3033.dat
0 H01720 ELEMENT 4624185 MODULE terrace-deck
1 19 660 -192 260 1 0 0 0 1 0 -0 0 1 3033.dat
0 H01721 ELEMENT 4624185 MODULE terrace-deck
1 19 860 -192 260 1 0 0 0 1 0 -0 0 1 3033.dat
0 H01722 ELEMENT 6030980 MODULE terrace-deck
1 19 980 -192 360 0 0 1 0 1 0 -1 0 0 4282.dat
0 H01723 ELEMENT 4211401 MODULE terrace-deck
1 71 1040 -192 400 0 0 1 0 1 0 -1 0 0 3029.dat
0 H01724 ELEMENT 4624185 MODULE terrace-deck
1 19 460 -192 380 1 0 0 0 1 0 -0 0 1 3033.dat
0 H01725 ELEMENT 4624185 MODULE terrace-deck
1 19 660 -192 380 1 0 0 0 1 0 -0 0 1 3033.dat
0 H01726 ELEMENT 4528341 MODULE terrace-deck
1 15 860 -192 380 1 0 0 0 1 0 -0 0 1 3033.dat
0 H01727 ELEMENT 4528341 MODULE terrace-deck
1 15 140 -192 420 1 0 0 0 1 0 -0 0 1 3033.dat
0 H01728 ELEMENT 4528341 MODULE terrace-deck
1 15 300 -192 460 0 0 1 0 1 0 -1 0 0 3033.dat
0 H01729 ELEMENT 6037834 MODULE terrace-deck
1 19 400 -192 540 0 0 1 0 1 0 -1 0 0 3030.dat
0 H01730 ELEMENT 6030980 MODULE terrace-deck
1 19 600 -192 460 1 0 0 0 1 0 -0 0 1 4282.dat
0 H01731 ELEMENT 4249019 MODULE terrace-deck
1 19 860 -192 460 1 0 0 0 1 0 -0 0 1 3832.dat
0 H01732 ELEMENT 4528341 MODULE terrace-deck
1 15 140 -192 540 1 0 0 0 1 0 -0 0 1 3033.dat
0 H01733 ELEMENT 4509897 MODULE terrace-deck
1 19 640 -192 560 0 0 1 0 1 0 -1 0 0 3035.dat
0 H01734 ELEMENT 4143409 MODULE terrace-deck
1 19 780 -192 490 1 0 0 0 1 0 -0 0 1 4477.dat
0 H01735 ELEMENT 4113233 MODULE terrace-deck
1 19 920 -192 490 1 0 0 0 1 0 -0 0 1 3710.dat
0 H01736 ELEMENT 4113993 MODULE terrace-deck
1 19 940 -192 560 0 0 1 0 1 0 -1 0 0 3795.dat
0 H01737 ELEMENT 4125217 MODULE terrace-deck
1 19 1020 -192 580 1 0 0 0 1 0 -0 0 1 3958.dat
0 H01738 ELEMENT 4114001 MODULE terrace-deck
1 19 300 -192 600 1 0 0 0 1 0 -0 0 1 3032.dat
0 H01739 ELEMENT 4249019 MODULE terrace-deck
1 19 140 -192 620 1 0 0 0 1 0 -0 0 1 3832.dat
0 H01740 ELEMENT 4143409 MODULE terrace-deck
1 19 780 -192 630 1 0 0 0 1 0 -0 0 1 4477.dat
0 H01741 ELEMENT 4113233 MODULE terrace-deck
1 19 920 -192 630 1 0 0 0 1 0 -0 0 1 3710.dat
0 STEP
0 H01949 ELEMENT 302223 MODULE pool
1 1 700 -24 520 1 0 0 0 1 0 -0 0 1 3022.dat
0 H01950 ELEMENT 302223 MODULE pool
1 1 700 -32 520 1 0 0 0 1 0 -0 0 1 3022.dat
0 H01951 ELEMENT 302223 MODULE pool
1 1 700 -40 520 1 0 0 0 1 0 -0 0 1 3022.dat
0 H01952 ELEMENT 302223 MODULE pool
1 1 700 -48 520 1 0 0 0 1 0 -0 0 1 3022.dat
0 H01953 ELEMENT 302223 MODULE pool
1 1 700 -56 520 1 0 0 0 1 0 -0 0 1 3022.dat
0 H01954 ELEMENT 302223 MODULE pool
1 1 700 -64 520 1 0 0 0 1 0 -0 0 1 3022.dat
0 H01955 ELEMENT 302223 MODULE pool
1 1 700 -72 520 1 0 0 0 1 0 -0 0 1 3022.dat
0 H01956 ELEMENT 302226 MODULE pool
1 0 700 -80 520 1 0 0 0 1 0 -0 0 1 3022.dat
0 H01957 ELEMENT 302226 MODULE pool
1 0 700 -88 520 1 0 0 0 1 0 -0 0 1 3022.dat
0 H01958 ELEMENT 302226 MODULE pool
1 0 700 -96 520 1 0 0 0 1 0 -0 0 1 3022.dat
0 H01959 ELEMENT 302226 MODULE pool
1 0 700 -104 520 1 0 0 0 1 0 -0 0 1 3022.dat
0 H01960 ELEMENT 302226 MODULE pool
1 0 700 -112 520 1 0 0 0 1 0 -0 0 1 3022.dat
0 H01961 ELEMENT 302226 MODULE pool
1 0 700 -120 520 1 0 0 0 1 0 -0 0 1 3022.dat
0 H01962 ELEMENT 302226 MODULE pool
1 0 700 -128 520 1 0 0 0 1 0 -0 0 1 3022.dat
0 H01963 ELEMENT 302226 MODULE pool
1 0 700 -136 520 1 0 0 0 1 0 -0 0 1 3022.dat
0 H01964 ELEMENT 302226 MODULE pool
1 0 700 -144 520 1 0 0 0 1 0 -0 0 1 3022.dat
0 H01965 ELEMENT 302226 MODULE pool
1 0 700 -152 520 1 0 0 0 1 0 -0 0 1 3022.dat
0 H01966 ELEMENT 302226 MODULE pool
1 0 700 -160 520 1 0 0 0 1 0 -0 0 1 3022.dat
0 H01967 ELEMENT 302226 MODULE pool
1 0 900 -24 520 1 0 0 0 1 0 -0 0 1 3022.dat
0 H01968 ELEMENT 302226 MODULE pool
1 0 900 -32 520 1 0 0 0 1 0 -0 0 1 3022.dat
0 H01969 ELEMENT 302226 MODULE pool
1 0 900 -40 520 1 0 0 0 1 0 -0 0 1 3022.dat
0 H01970 ELEMENT 302226 MODULE pool
1 0 900 -48 520 1 0 0 0 1 0 -0 0 1 3022.dat
0 H01971 ELEMENT 302226 MODULE pool
1 0 900 -56 520 1 0 0 0 1 0 -0 0 1 3022.dat
0 H01972 ELEMENT 302226 MODULE pool
1 0 900 -64 520 1 0 0 0 1 0 -0 0 1 3022.dat
0 H01973 ELEMENT 302226 MODULE pool
1 0 900 -72 520 1 0 0 0 1 0 -0 0 1 3022.dat
0 H01974 ELEMENT 302226 MODULE pool
1 0 900 -80 520 1 0 0 0 1 0 -0 0 1 3022.dat
0 H01975 ELEMENT 302226 MODULE pool
1 0 900 -88 520 1 0 0 0 1 0 -0 0 1 3022.dat
0 H01976 ELEMENT 302226 MODULE pool
1 0 900 -96 520 1 0 0 0 1 0 -0 0 1 3022.dat
0 H01977 ELEMENT 302226 MODULE pool
1 0 900 -104 520 1 0 0 0 1 0 -0 0 1 3022.dat
0 H01978 ELEMENT 302226 MODULE pool
1 0 900 -112 520 1 0 0 0 1 0 -0 0 1 3022.dat
0 H01979 ELEMENT 302224 MODULE pool
1 14 900 -120 520 1 0 0 0 1 0 -0 0 1 3022.dat
0 H01980 ELEMENT 302224 MODULE pool
1 14 900 -128 520 1 0 0 0 1 0 -0 0 1 3022.dat
0 H01981 ELEMENT 302224 MODULE pool
1 14 900 -136 520 1 0 0 0 1 0 -0 0 1 3022.dat
0 H01982 ELEMENT 302224 MODULE pool
1 14 900 -144 520 1 0 0 0 1 0 -0 0 1 3022.dat
0 H01983 ELEMENT 302224 MODULE pool
1 14 900 -152 520 1 0 0 0 1 0 -0 0 1 3022.dat
0 H01984 ELEMENT 302224 MODULE pool
1 14 900 -160 520 1 0 0 0 1 0 -0 0 1 3022.dat
0 H01985 ELEMENT 302224 MODULE pool
1 14 700 -24 600 1 0 0 0 1 0 -0 0 1 3022.dat
0 H01986 ELEMENT 302224 MODULE pool
1 14 700 -32 600 1 0 0 0 1 0 -0 0 1 3022.dat
0 H01987 ELEMENT 302224 MODULE pool
1 14 700 -40 600 1 0 0 0 1 0 -0 0 1 3022.dat
0 H01988 ELEMENT 302224 MODULE pool
1 14 700 -48 600 1 0 0 0 1 0 -0 0 1 3022.dat
0 H01989 ELEMENT 302224 MODULE pool
1 14 700 -56 600 1 0 0 0 1 0 -0 0 1 3022.dat
0 H01990 ELEMENT 302224 MODULE pool
1 14 700 -64 600 1 0 0 0 1 0 -0 0 1 3022.dat
0 H01991 ELEMENT 302224 MODULE pool
1 14 700 -72 600 1 0 0 0 1 0 -0 0 1 3022.dat
0 H01992 ELEMENT 302221 MODULE pool
1 4 700 -80 600 1 0 0 0 1 0 -0 0 1 3022.dat
0 H01993 ELEMENT 302221 MODULE pool
1 4 700 -88 600 1 0 0 0 1 0 -0 0 1 3022.dat
0 H01994 ELEMENT 302221 MODULE pool
1 4 700 -96 600 1 0 0 0 1 0 -0 0 1 3022.dat
0 H01995 ELEMENT 302221 MODULE pool
1 4 700 -104 600 1 0 0 0 1 0 -0 0 1 3022.dat
0 H01996 ELEMENT 302221 MODULE pool
1 4 700 -112 600 1 0 0 0 1 0 -0 0 1 3022.dat
0 H01997 ELEMENT 302221 MODULE pool
1 4 700 -120 600 1 0 0 0 1 0 -0 0 1 3022.dat
0 H01998 ELEMENT 302221 MODULE pool
1 4 700 -128 600 1 0 0 0 1 0 -0 0 1 3022.dat
0 H01999 ELEMENT 302221 MODULE pool
1 4 700 -136 600 1 0 0 0 1 0 -0 0 1 3022.dat
0 H02000 ELEMENT 302221 MODULE pool
1 4 700 -144 600 1 0 0 0 1 0 -0 0 1 3022.dat
0 H02001 ELEMENT 302221 MODULE pool
1 4 700 -152 600 1 0 0 0 1 0 -0 0 1 3022.dat
0 H02002 ELEMENT 302221 MODULE pool
1 4 700 -160 600 1 0 0 0 1 0 -0 0 1 3022.dat
0 H02003 ELEMENT 302221 MODULE pool
1 4 900 -24 600 1 0 0 0 1 0 -0 0 1 3022.dat
0 H02004 ELEMENT 300523 MODULE pool
1 1 890 -48 590 1 0 0 0 1 0 -0 0 1 3005.dat
0 H02005 ELEMENT 300523 MODULE pool
1 1 910 -48 590 1 0 0 0 1 0 -0 0 1 3005.dat
0 H02006 ELEMENT 300523 MODULE pool
1 1 890 -48 610 1 0 0 0 1 0 -0 0 1 3005.dat
0 H02007 ELEMENT 300523 MODULE pool
1 1 910 -48 610 1 0 0 0 1 0 -0 0 1 3005.dat
0 H02008 ELEMENT 300524 MODULE pool
1 14 890 -72 590 1 0 0 0 1 0 -0 0 1 3005.dat
0 H02009 ELEMENT 300524 MODULE pool
1 14 910 -72 590 1 0 0 0 1 0 -0 0 1 3005.dat
0 H02010 ELEMENT 300524 MODULE pool
1 14 890 -72 610 1 0 0 0 1 0 -0 0 1 3005.dat
0 H02011 ELEMENT 300524 MODULE pool
1 14 910 -72 610 1 0 0 0 1 0 -0 0 1 3005.dat
0 H02012 ELEMENT 300524 MODULE pool
1 14 890 -96 590 1 0 0 0 1 0 -0 0 1 3005.dat
0 H02013 ELEMENT 300524 MODULE pool
1 14 910 -96 590 1 0 0 0 1 0 -0 0 1 3005.dat
0 H02014 ELEMENT 300524 MODULE pool
1 14 890 -96 610 1 0 0 0 1 0 -0 0 1 3005.dat
0 H02015 ELEMENT 300524 MODULE pool
1 14 910 -96 610 1 0 0 0 1 0 -0 0 1 3005.dat
0 H02016 ELEMENT 300524 MODULE pool
1 14 890 -120 590 1 0 0 0 1 0 -0 0 1 3005.dat
0 H02017 ELEMENT 300524 MODULE pool
1 14 910 -120 590 1 0 0 0 1 0 -0 0 1 3005.dat
0 H02018 ELEMENT 300524 MODULE pool
1 14 890 -120 610 1 0 0 0 1 0 -0 0 1 3005.dat
0 H02019 ELEMENT 300521 MODULE pool
1 4 910 -120 610 1 0 0 0 1 0 -0 0 1 3005.dat
0 H02020 ELEMENT 300521 MODULE pool
1 4 890 -144 590 1 0 0 0 1 0 -0 0 1 3005.dat
0 H02021 ELEMENT 300521 MODULE pool
1 4 910 -144 590 1 0 0 0 1 0 -0 0 1 3005.dat
0 H02022 ELEMENT 300521 MODULE pool
1 4 890 -144 610 1 0 0 0 1 0 -0 0 1 3005.dat
0 H02023 ELEMENT 300521 MODULE pool
1 4 910 -144 610 1 0 0 0 1 0 -0 0 1 3005.dat
0 H02024 ELEMENT 302323 MODULE pool
1 1 900 -152 590 1 0 0 0 1 0 -0 0 1 3023b.dat
0 H02025 ELEMENT 302323 MODULE pool
1 1 900 -152 610 1 0 0 0 1 0 -0 0 1 3023b.dat
0 H02026 ELEMENT 302323 MODULE pool
1 1 900 -160 590 1 0 0 0 1 0 -0 0 1 3023b.dat
0 H02027 ELEMENT 302323 MODULE pool
1 1 900 -160 610 1 0 0 0 1 0 -0 0 1 3023b.dat
0 H02028 ELEMENT 303223 MODULE pool
1 1 740 -168 540 1 0 0 0 1 0 -0 0 1 3032.dat
0 H02029 ELEMENT 303223 MODULE pool
1 1 860 -168 540 1 0 0 0 1 0 -0 0 1 3032.dat
0 H02030 ELEMENT 244523 MODULE pool
1 1 800 -168 600 1 0 0 0 1 0 -0 0 1 2445.dat
0 H02031 ELEMENT 6510178 MODULE pool
1 43 720 -176 510 1 0 0 0 1 0 -0 0 1 2431.dat
0 H02032 ELEMENT 6510178 MODULE pool
1 43 800 -176 510 1 0 0 0 1 0 -0 0 1 2431.dat
0 H02033 ELEMENT 6510178 MODULE pool
1 43 880 -176 510 1 0 0 0 1 0 -0 0 1 2431.dat
0 H02034 ELEMENT 6510178 MODULE pool
1 43 720 -176 530 1 0 0 0 1 0 -0 0 1 2431.dat
0 H02035 ELEMENT 6514224 MODULE pool
1 43 780 -176 530 1 0 0 0 1 0 -0 0 1 3069b.dat
0 H02036 ELEMENT 6514224 MODULE pool
1 43 820 -176 530 1 0 0 0 1 0 -0 0 1 3069b.dat
0 H02037 ELEMENT 6514224 MODULE pool
1 43 860 -176 530 1 0 0 0 1 0 -0 0 1 3069b.dat
0 H02038 ELEMENT 6514224 MODULE pool
1 43 900 -176 530 1 0 0 0 1 0 -0 0 1 3069b.dat
0 H02039 ELEMENT 6514224 MODULE pool
1 43 700 -176 550 1 0 0 0 1 0 -0 0 1 3069b.dat
0 H02040 ELEMENT 6514224 MODULE pool
1 43 740 -176 550 1 0 0 0 1 0 -0 0 1 3069b.dat
0 H02041 ELEMENT 6514224 MODULE pool
1 43 780 -176 550 1 0 0 0 1 0 -0 0 1 3069b.dat
0 H02042 ELEMENT 6514224 MODULE pool
1 43 820 -176 550 1 0 0 0 1 0 -0 0 1 3069b.dat
0 H02043 ELEMENT 6514224 MODULE pool
1 43 860 -176 550 1 0 0 0 1 0 -0 0 1 3069b.dat
0 H02044 ELEMENT 6514224 MODULE pool
1 43 900 -176 550 1 0 0 0 1 0 -0 0 1 3069b.dat
0 H02045 ELEMENT 6254256 MODULE pool
1 43 690 -176 570 1 0 0 0 1 0 -0 0 1 3070b.dat
0 H02046 ELEMENT 6254256 MODULE pool
1 43 710 -176 570 1 0 0 0 1 0 -0 0 1 3070b.dat
0 H02047 ELEMENT 6254256 MODULE pool
1 43 730 -176 570 1 0 0 0 1 0 -0 0 1 3070b.dat
0 H02048 ELEMENT 6254256 MODULE pool
1 43 750 -176 570 1 0 0 0 1 0 -0 0 1 3070b.dat
0 H02049 ELEMENT 6510182 MODULE pool
1 47 800 -176 570 1 0 0 0 1 0 -0 0 1 2431.dat
0 H02050 ELEMENT 6510182 MODULE pool
1 47 880 -176 570 1 0 0 0 1 0 -0 0 1 2431.dat
0 H02051 ELEMENT 6510182 MODULE pool
1 47 720 -176 590 1 0 0 0 1 0 -0 0 1 2431.dat
0 H02052 ELEMENT 6514223 MODULE pool
1 47 780 -176 590 1 0 0 0 1 0 -0 0 1 3069b.dat
0 H02053 ELEMENT 6514223 MODULE pool
1 47 820 -176 590 1 0 0 0 1 0 -0 0 1 3069b.dat
0 H02054 ELEMENT 6514223 MODULE pool
1 47 860 -176 590 1 0 0 0 1 0 -0 0 1 3069b.dat
0 H02055 ELEMENT 6514223 MODULE pool
1 47 900 -176 590 1 0 0 0 1 0 -0 0 1 3069b.dat
0 H02056 ELEMENT 6514223 MODULE pool
1 47 700 -176 610 1 0 0 0 1 0 -0 0 1 3069b.dat
0 H02057 ELEMENT 6254254 MODULE pool
1 47 730 -176 610 1 0 0 0 1 0 -0 0 1 3070b.dat
0 H02058 ELEMENT 6254254 MODULE pool
1 47 750 -176 610 1 0 0 0 1 0 -0 0 1 3070b.dat
0 H02059 ELEMENT 6468267 MODULE pool
1 212 800 -176 610 1 0 0 0 1 0 -0 0 1 2431.dat
0 H02060 ELEMENT 6468267 MODULE pool
1 212 880 -176 610 1 0 0 0 1 0 -0 0 1 2431.dat
0 STEP
0 H01742 ELEMENT 6122047 MODULE courtyard-paving
1 19 80 -200 60 1 0 0 0 1 0 -0 0 1 87079.dat
0 H01743 ELEMENT 6122047 MODULE courtyard-paving
1 19 160 -200 60 1 0 0 0 1 0 -0 0 1 87079.dat
0 H01744 ELEMENT 6122047 MODULE courtyard-paving
1 19 240 -200 60 1 0 0 0 1 0 -0 0 1 87079.dat
0 H01745 ELEMENT 6122047 MODULE courtyard-paving
1 19 320 -200 60 1 0 0 0 1 0 -0 0 1 87079.dat
0 H01746 ELEMENT 6122047 MODULE courtyard-paving
1 19 400 -200 60 1 0 0 0 1 0 -0 0 1 87079.dat
0 H01747 ELEMENT 6122047 MODULE courtyard-paving
1 19 480 -200 60 1 0 0 0 1 0 -0 0 1 87079.dat
0 H01748 ELEMENT 6122047 MODULE courtyard-paving
1 19 560 -200 60 1 0 0 0 1 0 -0 0 1 87079.dat
0 H01749 ELEMENT 6122047 MODULE courtyard-paving
1 19 640 -200 60 1 0 0 0 1 0 -0 0 1 87079.dat
0 H01750 ELEMENT 6122047 MODULE courtyard-paving
1 19 720 -200 60 1 0 0 0 1 0 -0 0 1 87079.dat
0 H01751 ELEMENT 6122047 MODULE courtyard-paving
1 19 800 -200 60 1 0 0 0 1 0 -0 0 1 87079.dat
0 H01752 ELEMENT 6122047 MODULE courtyard-paving
1 19 880 -200 60 1 0 0 0 1 0 -0 0 1 87079.dat
0 H01753 ELEMENT 6122047 MODULE courtyard-paving
1 19 960 -200 60 1 0 0 0 1 0 -0 0 1 87079.dat
0 H01754 ELEMENT 6122047 MODULE courtyard-paving
1 19 1040 -200 60 1 0 0 0 1 0 -0 0 1 87079.dat
0 H01755 ELEMENT 4544139 MODULE courtyard-paving
1 19 50 -200 160 0 0 1 0 1 0 -1 0 0 4162.dat
0 H01756 ELEMENT 4544139 MODULE courtyard-paving
1 19 70 -200 160 0 0 1 0 1 0 -1 0 0 4162.dat
0 H01757 ELEMENT 6122047 MODULE courtyard-paving
1 19 840 -200 100 1 0 0 0 1 0 -0 0 1 87079.dat
0 H01758 ELEMENT 6122047 MODULE courtyard-paving
1 19 920 -200 100 1 0 0 0 1 0 -0 0 1 87079.dat
0 H01759 ELEMENT 6122047 MODULE courtyard-paving
1 19 1000 -200 100 1 0 0 0 1 0 -0 0 1 87079.dat
0 H01760 ELEMENT 6122047 MODULE courtyard-paving
1 19 1060 -200 120 0 0 1 0 1 0 -1 0 0 87079.dat
0 H01761 ELEMENT 4544139 MODULE courtyard-paving
1 19 880 -200 130 1 0 0 0 1 0 -0 0 1 4162.dat
0 H01762 ELEMENT 6122047 MODULE courtyard-paving
1 19 1000 -200 140 1 0 0 0 1 0 -0 0 1 87079.dat
0 H01763 ELEMENT 4544139 MODULE courtyard-paving
1 19 880 -200 150 1 0 0 0 1 0 -0 0 1 4162.dat
0 H01764 ELEMENT 4544139 MODULE courtyard-paving
1 19 880 -200 170 1 0 0 0 1 0 -0 0 1 4162.dat
0 H01765 ELEMENT 6122047 MODULE courtyard-paving
1 19 1000 -200 180 1 0 0 0 1 0 -0 0 1 87079.dat
0 H01766 ELEMENT 4185177 MODULE courtyard-paving
1 19 1060 -200 180 1 0 0 0 1 0 -0 0 1 3068b.dat
0 H01767 ELEMENT 4544139 MODULE courtyard-paving
1 19 880 -200 190 1 0 0 0 1 0 -0 0 1 4162.dat
0 H01768 ELEMENT 4544139 MODULE courtyard-paving
1 19 50 -200 320 0 0 1 0 1 0 -1 0 0 4162.dat
0 H01769 ELEMENT 4544139 MODULE courtyard-paving
1 19 70 -200 320 0 0 1 0 1 0 -1 0 0 4162.dat
0 H01770 ELEMENT 6122047 MODULE courtyard-paving
1 19 600 -200 260 1 0 0 0 1 0 -0 0 1 87079.dat
0 H01771 ELEMENT 6122047 MODULE courtyard-paving
1 19 680 -200 260 1 0 0 0 1 0 -0 0 1 87079.dat
0 H01772 ELEMENT 4157277 MODULE courtyard-paving
1 19 730 -200 300 0 0 1 0 1 0 -1 0 0 6636.dat
0 H01773 ELEMENT 4157277 MODULE courtyard-paving
1 19 750 -200 300 0 0 1 0 1 0 -1 0 0 6636.dat
0 H01774 ELEMENT 4157277 MODULE courtyard-paving
1 19 770 -200 300 0 0 1 0 1 0 -1 0 0 6636.dat
0 H01775 ELEMENT 4157277 MODULE courtyard-paving
1 19 790 -200 300 0 0 1 0 1 0 -1 0 0 6636.dat
0 H01777 ELEMENT 4157277 MODULE courtyard-paving
1 19 690 -200 340 0 0 1 0 1 0 -1 0 0 6636.dat
0 H01778 ELEMENT 4157277 MODULE courtyard-paving
1 19 710 -200 340 0 0 1 0 1 0 -1 0 0 6636.dat
0 H01780 ELEMENT 4157277 MODULE courtyard-paving
1 19 620 -200 330 1 0 0 0 1 0 -0 0 1 6636.dat
0 H01781 ELEMENT 4157277 MODULE courtyard-paving
1 19 620 -200 350 1 0 0 0 1 0 -0 0 1 6636.dat
0 H01784 ELEMENT 4157277 MODULE courtyard-paving
1 19 130 -200 420 0 0 1 0 1 0 -1 0 0 6636.dat
0 H01785 ELEMENT 4157277 MODULE courtyard-paving
1 19 230 -200 420 0 0 1 0 1 0 -1 0 0 6636.dat
0 H01786 ELEMENT 4185177 MODULE courtyard-paving
1 19 260 -200 380 1 0 0 0 1 0 -0 0 1 3068b.dat
0 H01787 ELEMENT 4185177 MODULE courtyard-paving
1 19 380 -200 380 1 0 0 0 1 0 -0 0 1 3068b.dat
0 H01789 ELEMENT 4185177 MODULE courtyard-paving
1 19 520 -200 380 1 0 0 0 1 0 -0 0 1 3068b.dat
0 H01790 ELEMENT 4185177 MODULE courtyard-paving
1 19 560 -200 380 1 0 0 0 1 0 -0 0 1 3068b.dat
0 H01793 ELEMENT 4550324 MODULE courtyard-paving
1 19 670 -200 400 0 0 1 0 1 0 -1 0 0 2431.dat
0 H01794 ELEMENT 4185177 MODULE courtyard-paving
1 19 740 -200 380 1 0 0 0 1 0 -0 0 1 3068b.dat
0 H01795 ELEMENT 4185177 MODULE courtyard-paving
1 19 780 -200 380 1 0 0 0 1 0 -0 0 1 3068b.dat
0 H01796 ELEMENT 4185177 MODULE courtyard-paving
1 19 160 -200 400 1 0 0 0 1 0 -0 0 1 3068b.dat
0 H01797 ELEMENT 4185177 MODULE courtyard-paving
1 19 200 -200 400 1 0 0 0 1 0 -0 0 1 3068b.dat
0 H01798 ELEMENT 4185177 MODULE courtyard-paving
1 19 300 -200 400 1 0 0 0 1 0 -0 0 1 3068b.dat
0 H01799 ELEMENT 4185177 MODULE courtyard-paving
1 19 340 -200 400 1 0 0 0 1 0 -0 0 1 3068b.dat
0 H01800 ELEMENT 4185177 MODULE courtyard-paving
1 19 440 -200 400 1 0 0 0 1 0 -0 0 1 3068b.dat
0 H01801 ELEMENT 4185177 MODULE courtyard-paving
1 19 480 -200 400 1 0 0 0 1 0 -0 0 1 3068b.dat
0 H01803 ELEMENT 4185177 MODULE courtyard-paving
1 19 260 -200 420 1 0 0 0 1 0 -0 0 1 3068b.dat
0 H01805 ELEMENT 4185177 MODULE courtyard-paving
1 19 520 -200 420 1 0 0 0 1 0 -0 0 1 3068b.dat
0 H01806 ELEMENT 4185177 MODULE courtyard-paving
1 19 560 -200 420 1 0 0 0 1 0 -0 0 1 3068b.dat
0 H01809 ELEMENT 4185177 MODULE courtyard-paving
1 19 700 -200 420 1 0 0 0 1 0 -0 0 1 3068b.dat
0 H01810 ELEMENT 4185177 MODULE courtyard-paving
1 19 740 -200 420 1 0 0 0 1 0 -0 0 1 3068b.dat
0 H01811 ELEMENT 4185177 MODULE courtyard-paving
1 19 780 -200 420 1 0 0 0 1 0 -0 0 1 3068b.dat
0 H01813 ELEMENT 4185177 MODULE courtyard-paving
1 19 200 -200 440 1 0 0 0 1 0 -0 0 1 3068b.dat
0 H01816 ELEMENT 4185177 MODULE courtyard-paving
1 19 440 -200 440 1 0 0 0 1 0 -0 0 1 3068b.dat
0 H01817 ELEMENT 4185177 MODULE courtyard-paving
1 19 480 -200 440 1 0 0 0 1 0 -0 0 1 3068b.dat
0 H01818 ELEMENT 4185177 MODULE courtyard-paving
1 19 60 -200 460 1 0 0 0 1 0 -0 0 1 3068b.dat
0 H01819 ELEMENT 4185177 MODULE courtyard-paving
1 19 260 -200 460 1 0 0 0 1 0 -0 0 1 3068b.dat
0 H01820 ELEMENT 4185177 MODULE courtyard-paving
1 19 380 -200 460 1 0 0 0 1 0 -0 0 1 3068b.dat
0 H01821 ELEMENT 4550324 MODULE courtyard-paving
1 19 410 -200 480 0 0 1 0 1 0 -1 0 0 2431.dat
0 H01822 ELEMENT 4185177 MODULE courtyard-paving
1 19 520 -200 460 1 0 0 0 1 0 -0 0 1 3068b.dat
0 H01823 ELEMENT 4185177 MODULE courtyard-paving
1 19 560 -200 460 1 0 0 0 1 0 -0 0 1 3068b.dat
0 H01825 ELEMENT 4185177 MODULE courtyard-paving
1 19 680 -200 460 1 0 0 0 1 0 -0 0 1 3068b.dat
0 H01826 ELEMENT 4550324 MODULE courtyard-paving
1 19 740 -200 450 1 0 0 0 1 0 -0 0 1 2431.dat
0 H01827 ELEMENT 4185177 MODULE courtyard-paving
1 19 800 -200 460 1 0 0 0 1 0 -0 0 1 3068b.dat
0 H01828 ELEMENT 4550324 MODULE courtyard-paving
1 19 860 -200 450 1 0 0 0 1 0 -0 0 1 2431.dat
0 H01829 ELEMENT 4185177 MODULE courtyard-paving
1 19 920 -200 460 1 0 0 0 1 0 -0 0 1 3068b.dat
0 H01830 ELEMENT 4550324 MODULE courtyard-paving
1 19 980 -200 450 1 0 0 0 1 0 -0 0 1 2431.dat
0 H01831 ELEMENT 4185177 MODULE courtyard-paving
1 19 1040 -200 460 1 0 0 0 1 0 -0 0 1 3068b.dat
0 H01832 ELEMENT 4550324 MODULE courtyard-paving
1 19 1070 -200 480 0 0 1 0 1 0 -1 0 0 2431.dat
0 H01833 ELEMENT 4185177 MODULE courtyard-paving
1 19 160 -200 480 1 0 0 0 1 0 -0 0 1 3068b.dat
0 H01835 ELEMENT 4550324 MODULE courtyard-paving
1 19 210 -200 500 0 0 1 0 1 0 -1 0 0 2431.dat
0 H01836 ELEMENT 4185177 MODULE courtyard-paving
1 19 300 -200 480 1 0 0 0 1 0 -0 0 1 3068b.dat
0 H01837 ELEMENT 4185177 MODULE courtyard-paving
1 19 340 -200 480 1 0 0 0 1 0 -0 0 1 3068b.dat
0 H01838 ELEMENT 4550324 MODULE courtyard-paving
1 19 460 -200 470 1 0 0 0 1 0 -0 0 1 2431.dat
0 H01839 ELEMENT 4550324 MODULE courtyard-paving
1 19 620 -200 470 1 0 0 0 1 0 -0 0 1 2431.dat
0 H01840 ELEMENT 6131896 MODULE courtyard-paving
1 19 730 -200 470 1 0 0 0 1 0 -0 0 1 63864.dat
0 H01841 ELEMENT 4125253 MODULE courtyard-paving
1 19 770 -200 470 1 0 0 0 1 0 -0 0 1 3070b.dat
0 H01842 ELEMENT 6131896 MODULE courtyard-paving
1 19 850 -200 470 1 0 0 0 1 0 -0 0 1 63864.dat
0 H01843 ELEMENT 4125253 MODULE courtyard-paving
1 19 890 -200 470 1 0 0 0 1 0 -0 0 1 3070b.dat
0 H01844 ELEMENT 4185177 MODULE courtyard-paving
1 19 960 -200 480 1 0 0 0 1 0 -0 0 1 3068b.dat
0 H01845 ELEMENT 6131896 MODULE courtyard-paving
1 19 990 -200 490 0 0 1 0 1 0 -1 0 0 63864.dat
0 H01846 ELEMENT 6131896 MODULE courtyard-paving
1 19 1010 -200 490 0 0 1 0 1 0 -1 0 0 63864.dat
0 H01849 ELEMENT 6131896 MODULE courtyard-paving
1 19 130 -200 510 0 0 1 0 1 0 -1 0 0 63864.dat
0 H01850 ELEMENT 6131896 MODULE courtyard-paving
1 19 250 -200 490 1 0 0 0 1 0 -0 0 1 63864.dat
0 H01851 ELEMENT 6131896 MODULE courtyard-paving
1 19 370 -200 510 0 0 1 0 1 0 -1 0 0 63864.dat
0 H01852 ELEMENT 6131896 MODULE courtyard-paving
1 19 390 -200 510 0 0 1 0 1 0 -1 0 0 63864.dat
0 H01853 ELEMENT 6131896 MODULE courtyard-paving
1 19 430 -200 510 0 0 1 0 1 0 -1 0 0 63864.dat
0 H01854 ELEMENT 6131896 MODULE courtyard-paving
1 19 630 -200 490 1 0 0 0 1 0 -0 0 1 63864.dat
0 H01855 ELEMENT 6131896 MODULE courtyard-paving
1 19 1030 -200 510 0 0 1 0 1 0 -1 0 0 63864.dat
0 H01856 ELEMENT 6131896 MODULE courtyard-paving
1 19 1050 -200 510 0 0 1 0 1 0 -1 0 0 63864.dat
0 H01857 ELEMENT 4114026 MODULE courtyard-paving
1 19 60 -200 510 1 0 0 0 1 0 -0 0 1 3069b.dat
0 H01863 ELEMENT 4114026 MODULE courtyard-paving
1 19 350 -200 520 0 0 1 0 1 0 -1 0 0 3069b.dat
0 H01864 ELEMENT 4114026 MODULE courtyard-paving
1 19 620 -200 510 1 0 0 0 1 0 -0 0 1 3069b.dat
0 H01865 ELEMENT 4114026 MODULE courtyard-paving
1 19 650 -200 520 0 0 1 0 1 0 -1 0 0 3069b.dat
0 H01866 ELEMENT 4114026 MODULE courtyard-paving
1 19 960 -200 510 1 0 0 0 1 0 -0 0 1 3069b.dat
0 H01873 ELEMENT 4114026 MODULE courtyard-paving
1 19 620 -200 530 1 0 0 0 1 0 -0 0 1 3069b.dat
0 H01874 ELEMENT 4114026 MODULE courtyard-paving
1 19 960 -200 530 1 0 0 0 1 0 -0 0 1 3069b.dat
0 H01876 ELEMENT 4114026 MODULE courtyard-paving
1 19 1070 -200 540 0 0 1 0 1 0 -1 0 0 3069b.dat
0 H01879 ELEMENT 4114026 MODULE courtyard-paving
1 19 140 -200 550 1 0 0 0 1 0 -0 0 1 3069b.dat
0 H01880 ELEMENT 4114026 MODULE courtyard-paving
1 19 180 -200 550 1 0 0 0 1 0 -0 0 1 3069b.dat
0 H01881 ELEMENT 4114026 MODULE courtyard-paving
1 19 220 -200 550 1 0 0 0 1 0 -0 0 1 3069b.dat
0 H01882 ELEMENT 4114026 MODULE courtyard-paving
1 19 260 -200 550 1 0 0 0 1 0 -0 0 1 3069b.dat
0 H01883 ELEMENT 4114026 MODULE courtyard-paving
1 19 300 -200 550 1 0 0 0 1 0 -0 0 1 3069b.dat
0 H01884 ELEMENT 4114026 MODULE courtyard-paving
1 19 340 -200 550 1 0 0 0 1 0 -0 0 1 3069b.dat
0 H01886 ELEMENT 4114026 MODULE courtyard-paving
1 19 430 -200 560 0 0 1 0 1 0 -1 0 0 3069b.dat
0 H01887 ELEMENT 4114026 MODULE courtyard-paving
1 19 620 -200 550 1 0 0 0 1 0 -0 0 1 3069b.dat
0 H01888 ELEMENT 4114026 MODULE courtyard-paving
1 19 650 -200 560 0 0 1 0 1 0 -1 0 0 3069b.dat
0 H01889 ELEMENT 4114026 MODULE courtyard-paving
1 19 960 -200 550 1 0 0 0 1 0 -0 0 1 3069b.dat
0 H01891 ELEMENT 4114026 MODULE courtyard-paving
1 19 1040 -200 550 1 0 0 0 1 0 -0 0 1 3069b.dat
0 H01892 ELEMENT 4114026 MODULE courtyard-paving
1 19 60 -200 570 1 0 0 0 1 0 -0 0 1 3069b.dat
0 H01893 ELEMENT 4114026 MODULE courtyard-paving
1 19 100 -200 570 1 0 0 0 1 0 -0 0 1 3069b.dat
0 H01896 ELEMENT 4114026 MODULE courtyard-paving
1 19 220 -200 570 1 0 0 0 1 0 -0 0 1 3069b.dat
0 H01897 ELEMENT 4114026 MODULE courtyard-paving
1 19 260 -200 570 1 0 0 0 1 0 -0 0 1 3069b.dat
0 H01902 ELEMENT 4114026 MODULE courtyard-paving
1 19 620 -200 570 1 0 0 0 1 0 -0 0 1 3069b.dat
0 H01903 ELEMENT 4114026 MODULE courtyard-paving
1 19 960 -200 570 1 0 0 0 1 0 -0 0 1 3069b.dat
0 H01904 ELEMENT 4124456 MODULE courtyard-paving
1 19 1000 -200 570 1 0 0 0 1 0 -0 0 1 2412b.dat
0 H01905 ELEMENT 4114026 MODULE courtyard-paving
1 19 1040 -200 570 1 0 0 0 1 0 -0 0 1 3069b.dat
0 H01906 ELEMENT 4124456 MODULE courtyard-paving
1 19 1070 -200 580 0 0 1 0 1 0 -1 0 0 2412b.dat
0 H01907 ELEMENT 4114026 MODULE courtyard-paving
1 19 60 -200 590 1 0 0 0 1 0 -0 0 1 3069b.dat
0 H01908 ELEMENT 4124456 MODULE courtyard-paving
1 19 100 -200 590 1 0 0 0 1 0 -0 0 1 2412b.dat
0 H01909 ELEMENT 4114026 MODULE courtyard-paving
1 19 140 -200 590 1 0 0 0 1 0 -0 0 1 3069b.dat
0 H01910 ELEMENT 4124456 MODULE courtyard-paving
1 19 180 -200 590 1 0 0 0 1 0 -0 0 1 2412b.dat
0 H01911 ELEMENT 4114026 MODULE courtyard-paving
1 19 220 -200 590 1 0 0 0 1 0 -0 0 1 3069b.dat
0 H01912 ELEMENT 4124456 MODULE courtyard-paving
1 19 260 -200 590 1 0 0 0 1 0 -0 0 1 2412b.dat
0 H01913 ELEMENT 4114026 MODULE courtyard-paving
1 19 300 -200 590 1 0 0 0 1 0 -0 0 1 3069b.dat
0 H01914 ELEMENT 4124456 MODULE courtyard-paving
1 19 340 -200 590 1 0 0 0 1 0 -0 0 1 2412b.dat
0 H01915 ELEMENT 4114026 MODULE courtyard-paving
1 19 380 -200 590 1 0 0 0 1 0 -0 0 1 3069b.dat
0 H01916 ELEMENT 4124456 MODULE courtyard-paving
1 19 430 -200 600 0 0 1 0 1 0 -1 0 0 2412b.dat
0 H01917 ELEMENT 4125253 MODULE courtyard-paving
1 19 610 -200 590 1 0 0 0 1 0 -0 0 1 3070b.dat
0 H01918 ELEMENT 4125253 MODULE courtyard-paving
1 19 630 -200 590 1 0 0 0 1 0 -0 0 1 3070b.dat
0 H01919 ELEMENT 4125253 MODULE courtyard-paving
1 19 650 -200 590 1 0 0 0 1 0 -0 0 1 3070b.dat
0 H01920 ELEMENT 4125253 MODULE courtyard-paving
1 19 950 -200 590 1 0 0 0 1 0 -0 0 1 3070b.dat
0 H01921 ELEMENT 4125253 MODULE courtyard-paving
1 19 970 -200 590 1 0 0 0 1 0 -0 0 1 3070b.dat
0 H01922 ELEMENT 4125253 MODULE courtyard-paving
1 19 990 -200 590 1 0 0 0 1 0 -0 0 1 3070b.dat
0 H01923 ELEMENT 4125253 MODULE courtyard-paving
1 19 1010 -200 590 1 0 0 0 1 0 -0 0 1 3070b.dat
0 H01924 ELEMENT 4125253 MODULE courtyard-paving
1 19 1030 -200 590 1 0 0 0 1 0 -0 0 1 3070b.dat
0 H01925 ELEMENT 4125253 MODULE courtyard-paving
1 19 1050 -200 590 1 0 0 0 1 0 -0 0 1 3070b.dat
0 H01926 ELEMENT 4125253 MODULE courtyard-paving
1 19 50 -200 610 1 0 0 0 1 0 -0 0 1 3070b.dat
0 H01927 ELEMENT 4125253 MODULE courtyard-paving
1 19 70 -200 610 1 0 0 0 1 0 -0 0 1 3070b.dat
0 H01928 ELEMENT 4125253 MODULE courtyard-paving
1 19 90 -200 610 1 0 0 0 1 0 -0 0 1 3070b.dat
0 H01929 ELEMENT 4125253 MODULE courtyard-paving
1 19 110 -200 610 1 0 0 0 1 0 -0 0 1 3070b.dat
0 H01930 ELEMENT 4125253 MODULE courtyard-paving
1 19 130 -200 610 1 0 0 0 1 0 -0 0 1 3070b.dat
0 H01931 ELEMENT 416201 MODULE courtyard-paving
1 15 220 -200 610 1 0 0 0 1 0 -0 0 1 4162.dat
0 H01935 ELEMENT 306901 MODULE courtyard-paving
1 15 650 -200 620 0 0 1 0 1 0 -1 0 0 3069b.dat
0 H01938 ELEMENT 306901 MODULE courtyard-paving
1 15 1070 -200 620 0 0 1 0 1 0 -1 0 0 3069b.dat
0 H01941 ELEMENT 307001 MODULE courtyard-paving
1 15 290 -200 630 1 0 0 0 1 0 -0 0 1 3070b.dat
0 H01942 ELEMENT 307001 MODULE courtyard-paving
1 15 430 -200 630 1 0 0 0 1 0 -0 0 1 3070b.dat
0 H01943 ELEMENT 416201 MODULE courtyard-paving
1 15 740 -200 490 1 0 0 0 1 0 -0 0 1 4162.dat
0 H01944 ELEMENT 663601 MODULE courtyard-paving
1 15 880 -200 490 1 0 0 0 1 0 -0 0 1 6636.dat
0 H01945 ELEMENT 663601 MODULE courtyard-paving
1 15 670 -200 560 0 0 1 0 1 0 -1 0 0 6636.dat
0 H01946 ELEMENT 663601 MODULE courtyard-paving
1 15 930 -200 560 0 0 1 0 1 0 -1 0 0 6636.dat
0 H02347 ELEMENT 6372257 MODULE waterfront
1 212 20 -24 680 0 0 1 0 1 0 -1 0 0 87079.dat
0 H02348 ELEMENT 6372257 MODULE waterfront
1 212 200 -24 680 0 0 1 0 1 0 -1 0 0 87079.dat
0 H02349 ELEMENT 6372257 MODULE waterfront
1 212 420 -24 680 0 0 1 0 1 0 -1 0 0 87079.dat
0 H02350 ELEMENT 6372121 MODULE waterfront
1 212 610 -24 720 0 0 1 0 1 0 -1 0 0 4162.dat
0 H02351 ELEMENT 6468267 MODULE waterfront
1 212 630 -24 680 0 0 1 0 1 0 -1 0 0 2431.dat
0 H02352 ELEMENT 6372257 MODULE waterfront
1 212 1040 -24 660 1 0 0 0 1 0 -0 0 1 87079.dat
0 H02353 ELEMENT 6468267 MODULE waterfront
1 212 1090 -24 680 0 0 1 0 1 0 -1 0 0 2431.dat
0 H02354 ELEMENT 6468267 MODULE waterfront
1 212 1110 -24 680 0 0 1 0 1 0 -1 0 0 2431.dat
0 H02355 ELEMENT 6162894 MODULE waterfront
1 212 1020 -24 700 1 0 0 0 1 0 -0 0 1 3068b.dat
0 H02356 ELEMENT 6097861 MODULE waterfront
1 212 1060 -24 690 1 0 0 0 1 0 -0 0 1 3069b.dat
0 H02357 ELEMENT 6097861 MODULE waterfront
1 212 1060 -24 710 1 0 0 0 1 0 -0 0 1 3069b.dat
0 H02358 ELEMENT 6468267 MODULE waterfront
1 212 40 -24 730 1 0 0 0 1 0 -0 0 1 2431.dat
0 H02359 ELEMENT 6372225 MODULE waterfront
1 212 90 -24 750 0 0 1 0 1 0 -1 0 0 63864.dat
0 H02360 ELEMENT 6097861 MODULE waterfront
1 212 280 -24 730 1 0 0 0 1 0 -0 0 1 3069b.dat
0 H02361 ELEMENT 6097861 MODULE waterfront
1 212 420 -24 730 1 0 0 0 1 0 -0 0 1 3069b.dat
0 H02362 ELEMENT 6097861 MODULE waterfront
1 212 630 -24 740 0 0 1 0 1 0 -1 0 0 3069b.dat
0 H02363 ELEMENT 6097861 MODULE waterfront
1 212 820 -24 730 1 0 0 0 1 0 -0 0 1 3069b.dat
0 H02364 ELEMENT 6097861 MODULE waterfront
1 212 860 -24 730 1 0 0 0 1 0 -0 0 1 3069b.dat
0 H02365 ELEMENT 6097861 MODULE waterfront
1 212 890 -24 740 0 0 1 0 1 0 -1 0 0 3069b.dat
0 H02366 ELEMENT 6097861 MODULE waterfront
1 212 1080 -24 730 1 0 0 0 1 0 -0 0 1 3069b.dat
0 H02367 ELEMENT 6097861 MODULE waterfront
1 212 1110 -24 740 0 0 1 0 1 0 -1 0 0 3069b.dat
0 H02368 ELEMENT 6097861 MODULE waterfront
1 212 20 -24 750 1 0 0 0 1 0 -0 0 1 3069b.dat
0 H02369 ELEMENT 6097861 MODULE waterfront
1 212 60 -24 750 1 0 0 0 1 0 -0 0 1 3069b.dat
0 H02370 ELEMENT 6097861 MODULE waterfront
1 212 280 -24 750 1 0 0 0 1 0 -0 0 1 3069b.dat
0 H02371 ELEMENT 6097861 MODULE waterfront
1 212 420 -24 750 1 0 0 0 1 0 -0 0 1 3069b.dat
0 H02372 ELEMENT 6097861 MODULE waterfront
1 212 660 -24 750 1 0 0 0 1 0 -0 0 1 3069b.dat
0 H02373 ELEMENT 6097861 MODULE waterfront
1 212 700 -24 750 1 0 0 0 1 0 -0 0 1 3069b.dat
0 H02374 ELEMENT 6316569 MODULE waterfront
1 212 730 -24 750 1 0 0 0 1 0 -0 0 1 3070b.dat
0 H02375 ELEMENT 6316569 MODULE waterfront
1 212 750 -24 750 1 0 0 0 1 0 -0 0 1 3070b.dat
0 H02376 ELEMENT 6316569 MODULE waterfront
1 212 770 -24 750 1 0 0 0 1 0 -0 0 1 3070b.dat
0 H02377 ELEMENT 6316569 MODULE waterfront
1 212 790 -24 750 1 0 0 0 1 0 -0 0 1 3070b.dat
0 H02378 ELEMENT 6316569 MODULE waterfront
1 212 810 -24 750 1 0 0 0 1 0 -0 0 1 3070b.dat
0 H02379 ELEMENT 6316569 MODULE waterfront
1 212 830 -24 750 1 0 0 0 1 0 -0 0 1 3070b.dat
0 H02380 ELEMENT 6316569 MODULE waterfront
1 212 850 -24 750 1 0 0 0 1 0 -0 0 1 3070b.dat
0 H02381 ELEMENT 6316569 MODULE waterfront
1 212 870 -24 750 1 0 0 0 1 0 -0 0 1 3070b.dat
0 H02382 ELEMENT 6316569 MODULE waterfront
1 212 1070 -24 750 1 0 0 0 1 0 -0 0 1 3070b.dat
0 H02383 ELEMENT 6316569 MODULE waterfront
1 212 1090 -24 750 1 0 0 0 1 0 -0 0 1 3070b.dat
0 H02384 ELEMENT 6316569 MODULE waterfront
1 212 10 -24 770 1 0 0 0 1 0 -0 0 1 3070b.dat
0 H02385 ELEMENT 6223065 MODULE waterfront
1 3 40 -24 800 0 0 1 0 1 0 -1 0 0 87079.dat
0 H02386 ELEMENT 6264986 MODULE waterfront
1 3 70 -24 820 0 0 1 0 1 0 -1 0 0 6636.dat
0 H02387 ELEMENT 6223065 MODULE waterfront
1 3 280 -24 800 0 0 1 0 1 0 -1 0 0 87079.dat
0 H02388 ELEMENT 6223065 MODULE waterfront
1 3 420 -24 800 0 0 1 0 1 0 -1 0 0 87079.dat
0 H02389 ELEMENT 6223065 MODULE waterfront
1 3 640 -24 800 0 0 1 0 1 0 -1 0 0 87079.dat
0 H02390 ELEMENT 6264986 MODULE waterfront
1 3 670 -24 820 0 0 1 0 1 0 -1 0 0 6636.dat
0 H02391 ELEMENT 6264986 MODULE waterfront
1 3 890 -24 820 0 0 1 0 1 0 -1 0 0 6636.dat
0 H02392 ELEMENT 6223065 MODULE waterfront
1 3 1080 -24 800 0 0 1 0 1 0 -1 0 0 87079.dat
0 H02393 ELEMENT 6264986 MODULE waterfront
1 3 1110 -24 820 0 0 1 0 1 0 -1 0 0 6636.dat
0 H02394 ELEMENT 6292786 MODULE waterfront
1 3 10 -24 820 0 0 1 0 1 0 -1 0 0 2431.dat
0 H02395 ELEMENT 6223065 MODULE waterfront
1 3 120 -24 800 1 0 0 0 1 0 -0 0 1 87079.dat
0 H02396 ELEMENT 6223065 MODULE waterfront
1 3 200 -24 800 1 0 0 0 1 0 -0 0 1 87079.dat
0 H02397 ELEMENT 6292786 MODULE waterfront
1 3 250 -24 820 0 0 1 0 1 0 -1 0 0 2431.dat
0 H02398 ELEMENT 6223065 MODULE waterfront
1 3 940 -24 800 1 0 0 0 1 0 -0 0 1 87079.dat
0 H02399 ELEMENT 6273853 MODULE waterfront
1 3 1000 -24 800 1 0 0 0 1 0 -0 0 1 3068b.dat
0 H02400 ELEMENT 6292786 MODULE waterfront
1 3 1030 -24 820 0 0 1 0 1 0 -1 0 0 2431.dat
0 H02401 ELEMENT 6292786 MODULE waterfront
1 3 1050 -24 820 0 0 1 0 1 0 -1 0 0 2431.dat
0 H02402 ELEMENT 6273853 MODULE waterfront
1 3 320 -24 820 1 0 0 0 1 0 -0 0 1 3068b.dat
0 H02403 ELEMENT 6273853 MODULE waterfront
1 3 360 -24 820 1 0 0 0 1 0 -0 0 1 3068b.dat
0 H02404 ELEMENT 6292786 MODULE waterfront
1 3 390 -24 840 0 0 1 0 1 0 -1 0 0 2431.dat
0 H02405 ELEMENT 6292786 MODULE waterfront
1 3 610 -24 840 0 0 1 0 1 0 -1 0 0 2431.dat
0 H02406 ELEMENT 6264986 MODULE waterfront
1 3 140 -24 830 1 0 0 0 1 0 -0 0 1 6636.dat
0 H02407 ELEMENT 6273853 MODULE waterfront
1 3 220 -24 840 1 0 0 0 1 0 -0 0 1 3068b.dat
0 H02408 ELEMENT 6264986 MODULE waterfront
1 3 740 -24 830 1 0 0 0 1 0 -0 0 1 6636.dat
0 H02409 ELEMENT 6273853 MODULE waterfront
1 3 820 -24 840 1 0 0 0 1 0 -0 0 1 3068b.dat
0 H02410 ELEMENT 6273853 MODULE waterfront
1 3 860 -24 840 1 0 0 0 1 0 -0 0 1 3068b.dat
0 H02411 ELEMENT 6292786 MODULE waterfront
1 3 940 -24 830 1 0 0 0 1 0 -0 0 1 2431.dat
0 H02412 ELEMENT 6273853 MODULE waterfront
1 3 1000 -24 840 1 0 0 0 1 0 -0 0 1 3068b.dat
0 H02413 ELEMENT 6213779 MODULE waterfront
1 3 40 -24 850 1 0 0 0 1 0 -0 0 1 3069b.dat
0 H02414 ELEMENT 6292786 MODULE waterfront
1 3 120 -24 850 1 0 0 0 1 0 -0 0 1 2431.dat
0 H02415 ELEMENT 6213779 MODULE waterfront
1 3 180 -24 850 1 0 0 0 1 0 -0 0 1 3069b.dat
0 H02416 ELEMENT 6292786 MODULE waterfront
1 3 300 -24 850 1 0 0 0 1 0 -0 0 1 2431.dat
0 H02417 ELEMENT 6213779 MODULE waterfront
1 3 360 -24 850 1 0 0 0 1 0 -0 0 1 3069b.dat
0 H02418 ELEMENT 6213779 MODULE waterfront
1 3 420 -24 850 1 0 0 0 1 0 -0 0 1 3069b.dat
0 H02419 ELEMENT 6213779 MODULE waterfront
1 3 640 -24 850 1 0 0 0 1 0 -0 0 1 3069b.dat
0 H02420 ELEMENT 6213787 MODULE waterfront
1 3 710 -24 850 1 0 0 0 1 0 -0 0 1 63864.dat
0 H02421 ELEMENT 6213779 MODULE waterfront
1 3 760 -24 850 1 0 0 0 1 0 -0 0 1 3069b.dat
0 H02422 ELEMENT 6213779 MODULE waterfront
1 3 790 -24 860 0 0 1 0 1 0 -1 0 0 3069b.dat
0 H02423 ELEMENT 6213779 MODULE waterfront
1 3 920 -24 850 1 0 0 0 1 0 -0 0 1 3069b.dat
0 H02424 ELEMENT 6213779 MODULE waterfront
1 3 960 -24 850 1 0 0 0 1 0 -0 0 1 3069b.dat
0 H02425 ELEMENT 6213779 MODULE waterfront
1 3 1080 -24 850 1 0 0 0 1 0 -0 0 1 3069b.dat
0 H02426 ELEMENT 6213779 MODULE waterfront
1 3 20 -24 870 1 0 0 0 1 0 -0 0 1 3069b.dat
0 H02427 ELEMENT 6213782 MODULE waterfront
1 3 50 -24 870 1 0 0 0 1 0 -0 0 1 3070b.dat
0 H02428 ELEMENT 6213779 MODULE waterfront
1 3 100 -24 870 1 0 0 0 1 0 -0 0 1 3069b.dat
0 H02429 ELEMENT 6213782 MODULE waterfront
1 3 130 -24 870 1 0 0 0 1 0 -0 0 1 3070b.dat
0 H02430 ELEMENT 6213782 MODULE waterfront
1 3 150 -24 870 1 0 0 0 1 0 -0 0 1 3070b.dat
0 H02431 ELEMENT 6213782 MODULE waterfront
1 3 170 -24 870 1 0 0 0 1 0 -0 0 1 3070b.dat
0 H02432 ELEMENT 6213782 MODULE waterfront
1 3 190 -24 870 1 0 0 0 1 0 -0 0 1 3070b.dat
0 H02433 ELEMENT 6213782 MODULE waterfront
1 3 210 -24 870 1 0 0 0 1 0 -0 0 1 3070b.dat
0 H02434 ELEMENT 6213782 MODULE waterfront
1 3 230 -24 870 1 0 0 0 1 0 -0 0 1 3070b.dat
0 H02435 ELEMENT 6213782 MODULE waterfront
1 3 250 -24 870 1 0 0 0 1 0 -0 0 1 3070b.dat
0 H02436 ELEMENT 6213782 MODULE waterfront
1 3 270 -24 870 1 0 0 0 1 0 -0 0 1 3070b.dat
0 H02437 ELEMENT 6213782 MODULE waterfront
1 3 290 -24 870 1 0 0 0 1 0 -0 0 1 3070b.dat
0 H02438 ELEMENT 243123 MODULE waterfront
1 1 340 -24 870 1 0 0 0 1 0 -0 0 1 2431.dat
0 H02439 ELEMENT 306923 MODULE waterfront
1 1 420 -24 870 1 0 0 0 1 0 -0 0 1 3069b.dat
0 H02440 ELEMENT 306923 MODULE waterfront
1 1 640 -24 870 1 0 0 0 1 0 -0 0 1 3069b.dat
0 H02441 ELEMENT 243123 MODULE waterfront
1 1 720 -24 870 1 0 0 0 1 0 -0 0 1 2431.dat
0 H02442 ELEMENT 4206330 MODULE waterfront
1 1 770 -24 870 1 0 0 0 1 0 -0 0 1 3070b.dat
0 H02443 ELEMENT 243123 MODULE waterfront
1 1 840 -24 870 1 0 0 0 1 0 -0 0 1 2431.dat
0 H02444 ELEMENT 416223 MODULE waterfront
1 1 980 -24 870 1 0 0 0 1 0 -0 0 1 4162.dat
0 H02445 ELEMENT 306923 MODULE waterfront
1 1 1080 -24 870 1 0 0 0 1 0 -0 0 1 3069b.dat
0 STEP
0 H00172 ELEMENT 4162465 MODULE storey-1
1 19 110 -216 350 1 0 0 0 1 0 -0 0 1 3622.dat
0 H00173 ELEMENT 4162465 MODULE storey-1
1 19 250 -216 350 1 0 0 0 1 0 -0 0 1 3622.dat
0 H00174 ELEMENT 4162465 MODULE storey-1
1 19 390 -216 350 1 0 0 0 1 0 -0 0 1 3622.dat
0 H00175 ELEMENT 4162465 MODULE storey-1
1 19 530 -216 350 1 0 0 0 1 0 -0 0 1 3622.dat
0 H00176 ELEMENT 4114064 MODULE storey-1
1 19 100 -336 350 1 0 0 0 1 0 -0 0 1 2454.dat
0 H00177 ELEMENT 4112980 MODULE storey-1
1 19 250 -336 350 1 0 0 0 1 0 -0 0 1 2453a.dat
0 H00178 ELEMENT 4112980 MODULE storey-1
1 19 390 -336 350 1 0 0 0 1 0 -0 0 1 2453a.dat
0 H00179 ELEMENT 4114064 MODULE storey-1
1 19 540 -336 350 1 0 0 0 1 0 -0 0 1 2454.dat
0 H00180 ELEMENT 4295313 MODULE storey-1
1 19 240 -360 350 1 0 0 0 1 0 -0 0 1 2465.dat
0 H00181 ELEMENT 4159774 MODULE storey-1
1 19 480 -360 350 1 0 0 0 1 0 -0 0 1 3008.dat
0 H00182 ELEMENT 6055541 MODULE storey-1
1 15 130 -288 350 1 0 0 0 1 0 -0 0 1 14716.dat
0 H00183 ELEMENT 6055541 MODULE storey-1
1 15 230 -288 350 1 0 0 0 1 0 -0 0 1 14716.dat
0 H00184 ELEMENT 6106183 MODULE storey-1
1 15 180 -336 350 1 0 0 0 1 0 -0 0 1 15254.dat
0 H00185 ELEMENT 301001 MODULE storey-1
1 15 180 -216 330 1 0 0 0 1 0 -0 0 1 3010.dat
0 H00186 ELEMENT 300101 MODULE storey-1
1 15 180 -216 360 1 0 0 0 1 0 -0 0 1 3001.dat
0 H00187 ELEMENT 4530589 MODULE storey-1
1 0 180 -288 330 1 0 0 0 1 0 -0 0 1 60594.dat
0 H00188 ELEMENT 6514142 MODULE storey-1
1 47 180 -280 334 1 0 0 0 1 0 -0 0 1 86210.dat
0 H00189 ELEMENT 301026 MODULE storey-1
1 0 180 -312 330 1 0 0 0 1 0 -0 0 1 3010.dat
0 H00190 ELEMENT 301026 MODULE storey-1
1 0 180 -336 330 1 0 0 0 1 0 -0 0 1 3010.dat
0 H00191 ELEMENT 4550324 MODULE storey-1
1 19 180 -224 370 1 0 0 0 1 0 -0 0 1 2431.dat
0 H00192 ELEMENT 6055541 MODULE storey-1
1 15 270 -288 350 1 0 0 0 1 0 -0 0 1 14716.dat
0 H00193 ELEMENT 6055541 MODULE storey-1
1 15 370 -288 350 1 0 0 0 1 0 -0 0 1 14716.dat
0 H00194 ELEMENT 6106183 MODULE storey-1
1 15 320 -336 350 1 0 0 0 1 0 -0 0 1 15254.dat
0 H00195 ELEMENT 4277016 MODULE storey-1
1 70 300 -312 330 1 0 0 0 1 0 -0 0 1 2454.dat
0 H00196 ELEMENT 4277016 MODULE storey-1
1 70 340 -312 330 1 0 0 0 1 0 -0 0 1 2454.dat
0 H00197 ELEMENT 4211225 MODULE storey-1
1 70 320 -336 330 1 0 0 0 1 0 -0 0 1 3010.dat
0 H00198 ELEMENT 6122047 MODULE storey-1
1 19 320 -200 360 1 0 0 0 1 0 -0 0 1 87079.dat
0 H00199 ELEMENT 6055541 MODULE storey-1
1 15 410 -288 350 1 0 0 0 1 0 -0 0 1 14716.dat
0 H00200 ELEMENT 6055541 MODULE storey-1
1 15 510 -288 350 1 0 0 0 1 0 -0 0 1 14716.dat
0 H00201 ELEMENT 6106183 MODULE storey-1
1 15 460 -336 350 1 0 0 0 1 0 -0 0 1 15254.dat
0 H00202 ELEMENT 301001 MODULE storey-1
1 15 460 -216 330 1 0 0 0 1 0 -0 0 1 3010.dat
0 H00203 ELEMENT 300101 MODULE storey-1
1 15 460 -216 360 1 0 0 0 1 0 -0 0 1 3001.dat
0 H00204 ELEMENT 4530589 MODULE storey-1
1 0 460 -288 330 1 0 0 0 1 0 -0 0 1 60594.dat
0 H00205 ELEMENT 6514142 MODULE storey-1
1 47 460 -280 334 1 0 0 0 1 0 -0 0 1 86210.dat
0 H00206 ELEMENT 301026 MODULE storey-1
1 0 460 -312 330 1 0 0 0 1 0 -0 0 1 3010.dat
0 H00207 ELEMENT 301026 MODULE storey-1
1 0 460 -336 330 1 0 0 0 1 0 -0 0 1 3010.dat
0 H00208 ELEMENT 4550324 MODULE storey-1
1 19 460 -224 370 1 0 0 0 1 0 -0 0 1 2431.dat
0 H00209 ELEMENT 6075179 MODULE storey-1
1 19 90 -216 200 0 0 1 0 1 0 -1 0 0 6112.dat
0 H00210 ELEMENT 4113915 MODULE storey-1
1 19 90 -216 330 1 0 0 0 1 0 -0 0 1 3005.dat
0 H00211 ELEMENT 245301 MODULE storey-1
1 15 90 -336 90 1 0 0 0 1 0 -0 0 1 2453a.dat
0 H00212 ELEMENT 245401 MODULE storey-1
1 15 90 -336 320 0 0 1 0 1 0 -1 0 0 2454.dat
0 H00213 ELEMENT 6146877 MODULE storey-1
1 19 90 -288 140 0 0 1 0 1 0 -1 0 0 60581.dat
0 H00214 ELEMENT 4113916 MODULE storey-1
1 19 90 -312 140 0 0 1 0 1 0 -1 0 0 3010.dat
0 H00215 ELEMENT 4113916 MODULE storey-1
1 19 90 -336 140 0 0 1 0 1 0 -1 0 0 3010.dat
0 H00216 ELEMENT 6055541 MODULE storey-1
1 15 90 -288 190 1 0 0 0 1 0 -0 0 1 14716.dat
0 H00217 ELEMENT 6055541 MODULE storey-1
1 15 90 -288 290 1 0 0 0 1 0 -0 0 1 14716.dat
0 H00218 ELEMENT 6106183 MODULE storey-1
1 15 90 -336 240 0 0 1 0 1 0 -1 0 0 15254.dat
0 H00219 ELEMENT 6075179 MODULE storey-1
1 19 90 -360 200 0 0 1 0 1 0 -1 0 0 6112.dat
0 H00220 ELEMENT 4113915 MODULE storey-1
1 19 90 -360 330 1 0 0 0 1 0 -0 0 1 3005.dat
0 H00221 ELEMENT 301001 MODULE storey-1
1 15 110 -216 240 0 0 1 0 1 0 -1 0 0 3010.dat
0 H00222 ELEMENT 4530590 MODULE storey-1
1 15 110 -288 240 0 0 1 0 1 0 -1 0 0 60594.dat
0 H00223 ELEMENT 301026 MODULE storey-1
1 0 110 -312 240 0 0 1 0 1 0 -1 0 0 3010.dat
0 H00224 ELEMENT 301026 MODULE storey-1
1 0 110 -336 240 0 0 1 0 1 0 -1 0 0 3010.dat
0 H00225 ELEMENT 6075179 MODULE storey-1
1 19 550 -216 200 0 0 1 0 1 0 -1 0 0 6112.dat
0 H00226 ELEMENT 4113915 MODULE storey-1
1 19 550 -216 330 1 0 0 0 1 0 -0 0 1 3005.dat
0 H00227 ELEMENT 245301 MODULE storey-1
1 15 550 -336 90 1 0 0 0 1 0 -0 0 1 2453a.dat
0 H00228 ELEMENT 245401 MODULE storey-1
1 15 550 -336 320 0 0 1 0 1 0 -1 0 0 2454.dat
0 H00229 ELEMENT 6146877 MODULE storey-1
1 19 550 -288 140 0 0 1 0 1 0 -1 0 0 60581.dat
0 H00230 ELEMENT 4113916 MODULE storey-1
1 19 550 -312 140 0 0 1 0 1 0 -1 0 0 3010.dat
0 H00231 ELEMENT 4113916 MODULE storey-1
1 19 550 -336 140 0 0 1 0 1 0 -1 0 0 3010.dat
0 H00232 ELEMENT 6055541 MODULE storey-1
1 15 550 -288 190 1 0 0 0 1 0 -0 0 1 14716.dat
0 H00233 ELEMENT 6055541 MODULE storey-1
1 15 550 -288 290 1 0 0 0 1 0 -0 0 1 14716.dat
0 H00234 ELEMENT 6106183 MODULE storey-1
1 15 550 -336 240 0 0 1 0 1 0 -1 0 0 15254.dat
0 H00235 ELEMENT 6075179 MODULE storey-1
1 19 550 -360 200 0 0 1 0 1 0 -1 0 0 6112.dat
0 H00236 ELEMENT 4113915 MODULE storey-1
1 19 550 -360 330 1 0 0 0 1 0 -0 0 1 3005.dat
0 H00237 ELEMENT 301001 MODULE storey-1
1 15 530 -216 240 0 0 1 0 1 0 -1 0 0 3010.dat
0 H00238 ELEMENT 4530590 MODULE storey-1
1 15 530 -288 240 0 0 1 0 1 0 -1 0 0 60594.dat
0 H00239 ELEMENT 301026 MODULE storey-1
1 0 530 -312 240 0 0 1 0 1 0 -1 0 0 3010.dat
0 H00240 ELEMENT 301026 MODULE storey-1
1 0 530 -336 240 0 0 1 0 1 0 -1 0 0 3010.dat
0 H00241 ELEMENT 246501 MODULE storey-1
1 15 260 -216 90 1 0 0 0 1 0 -0 0 1 2465.dat
0 H00242 ELEMENT 300901 MODULE storey-1
1 15 480 -216 90 1 0 0 0 1 0 -0 0 1 3009.dat
0 H00243 ELEMENT 6262945 MODULE storey-1
1 15 200 -360 90 1 0 0 0 1 0 -0 0 1 60596.dat
0 H00244 ELEMENT 6514119 MODULE storey-1
1 47 168 -360 95 1 0 0 0 1 0 -0 0 1 60616a.dat
0 H00245 ELEMENT 6262945 MODULE storey-1
1 15 400 -360 90 1 0 0 0 1 0 -0 0 1 60596.dat
0 H00246 ELEMENT 6514119 MODULE storey-1
1 47 368 -360 95 1 0 0 0 1 0 -0 0 1 60616a.dat
0 H00247 ELEMENT 245401 MODULE storey-1
1 15 120 -336 90 1 0 0 0 1 0 -0 0 1 2454.dat
0 H00248 ELEMENT 245301 MODULE storey-1
1 15 150 -336 90 1 0 0 0 1 0 -0 0 1 2453a.dat
0 H00249 ELEMENT 245401 MODULE storey-1
1 15 260 -336 90 1 0 0 0 1 0 -0 0 1 2454.dat
0 H00250 ELEMENT 245401 MODULE storey-1
1 15 300 -336 90 1 0 0 0 1 0 -0 0 1 2454.dat
0 H00251 ELEMENT 245401 MODULE storey-1
1 15 340 -336 90 1 0 0 0 1 0 -0 0 1 2454.dat
0 H00252 ELEMENT 245401 MODULE storey-1
1 15 460 -336 90 1 0 0 0 1 0 -0 0 1 2454.dat
0 H00253 ELEMENT 245401 MODULE storey-1
1 15 500 -336 90 1 0 0 0 1 0 -0 0 1 2454.dat
0 H00254 ELEMENT 245301 MODULE storey-1
1 15 530 -336 90 1 0 0 0 1 0 -0 0 1 2453a.dat
0 H00255 ELEMENT 362201 MODULE storey-1
1 15 130 -360 90 1 0 0 0 1 0 -0 0 1 3622.dat
0 H00256 ELEMENT 300901 MODULE storey-1
1 15 300 -360 90 1 0 0 0 1 0 -0 0 1 3009.dat
0 H00257 ELEMENT 301001 MODULE storey-1
1 15 480 -360 90 1 0 0 0 1 0 -0 0 1 3010.dat
0 H00258 ELEMENT 300501 MODULE storey-1
1 15 530 -360 90 1 0 0 0 1 0 -0 0 1 3005.dat
0 STEP
0 H00259 ELEMENT 4119227 MODULE floor-and-cornice-1
1 15 240 -368 100 1 0 0 0 1 0 -0 0 1 4282.dat
0 H00260 ELEMENT 303501 MODULE floor-and-cornice-1
1 15 480 -368 120 1 0 0 0 1 0 -0 0 1 3035.dat
0 H00261 ELEMENT 4119227 MODULE floor-and-cornice-1
1 15 240 -368 140 1 0 0 0 1 0 -0 0 1 4282.dat
0 H00262 ELEMENT 4119227 MODULE floor-and-cornice-1
1 15 240 -368 180 1 0 0 0 1 0 -0 0 1 4282.dat
0 H00263 ELEMENT 303501 MODULE floor-and-cornice-1
1 15 480 -368 200 1 0 0 0 1 0 -0 0 1 3035.dat
0 H00264 ELEMENT 4119227 MODULE floor-and-cornice-1
1 15 240 -368 220 1 0 0 0 1 0 -0 0 1 4282.dat
0 H00265 ELEMENT 4119227 MODULE floor-and-cornice-1
1 15 240 -368 260 1 0 0 0 1 0 -0 0 1 4282.dat
0 H00266 ELEMENT 303501 MODULE floor-and-cornice-1
1 15 480 -368 280 1 0 0 0 1 0 -0 0 1 3035.dat
0 H00267 ELEMENT 4119227 MODULE floor-and-cornice-1
1 15 240 -368 300 1 0 0 0 1 0 -0 0 1 4282.dat
0 H00268 ELEMENT 4119227 MODULE floor-and-cornice-1
1 15 240 -368 340 1 0 0 0 1 0 -0 0 1 4282.dat
0 H00269 ELEMENT 303401 MODULE floor-and-cornice-1
1 15 480 -368 340 1 0 0 0 1 0 -0 0 1 3034.dat
0 H00270 ELEMENT 379501 MODULE floor-and-cornice-1
1 15 180 -368 380 1 0 0 0 1 0 -0 0 1 3795.dat
0 H00271 ELEMENT 379501 MODULE floor-and-cornice-1
1 15 320 -368 380 1 0 0 0 1 0 -0 0 1 3795.dat
0 H00272 ELEMENT 366601 MODULE floor-and-cornice-1
1 15 180 -368 410 1 0 0 0 1 0 -0 0 1 3666.dat
0 H00273 ELEMENT 366601 MODULE floor-and-cornice-1
1 15 320 -368 410 1 0 0 0 1 0 -0 0 1 3666.dat
0 H00274 ELEMENT 303201 MODULE floor-and-cornice-1
1 15 180 -376 380 1 0 0 0 1 0 -0 0 1 3032.dat
0 H00275 ELEMENT 303201 MODULE floor-and-cornice-1
1 15 320 -376 380 1 0 0 0 1 0 -0 0 1 3032.dat
0 H00276 ELEMENT 303501 MODULE floor-and-cornice-1
1 15 160 -376 120 1 0 0 0 1 0 -0 0 1 3035.dat
0 H00277 ELEMENT 303501 MODULE floor-and-cornice-1
1 15 320 -376 120 1 0 0 0 1 0 -0 0 1 3035.dat
0 H00278 ELEMENT 303501 MODULE floor-and-cornice-1
1 15 480 -376 120 1 0 0 0 1 0 -0 0 1 3035.dat
0 H00279 ELEMENT 4119227 MODULE floor-and-cornice-1
1 15 240 -376 180 1 0 0 0 1 0 -0 0 1 4282.dat
0 H00280 ELEMENT 303201 MODULE floor-and-cornice-1
1 15 460 -376 200 1 0 0 0 1 0 -0 0 1 3032.dat
0 H00281 ELEMENT 383201 MODULE floor-and-cornice-1
1 15 540 -376 260 0 0 1 0 1 0 -1 0 0 3832.dat
0 H00282 ELEMENT 4119227 MODULE floor-and-cornice-1
1 15 240 -376 220 1 0 0 0 1 0 -0 0 1 4282.dat
0 H00283 ELEMENT 244501 MODULE floor-and-cornice-1
1 15 200 -376 260 1 0 0 0 1 0 -0 0 1 2445.dat
0 H00284 ELEMENT 303201 MODULE floor-and-cornice-1
1 15 380 -376 280 1 0 0 0 1 0 -0 0 1 3032.dat
0 H00285 ELEMENT 303201 MODULE floor-and-cornice-1
1 15 480 -376 300 0 0 1 0 1 0 -1 0 0 3032.dat
0 H00286 ELEMENT 244501 MODULE floor-and-cornice-1
1 15 200 -376 300 1 0 0 0 1 0 -0 0 1 2445.dat
0 H00287 ELEMENT 4514842 MODULE floor-and-cornice-1
1 15 200 -376 330 1 0 0 0 1 0 -0 0 1 60479.dat
0 H00288 ELEMENT 366601 MODULE floor-and-cornice-1
1 15 380 -376 330 1 0 0 0 1 0 -0 0 1 3666.dat
0 H00289 ELEMENT 302301 MODULE floor-and-cornice-1
1 15 100 -376 350 1 0 0 0 1 0 -0 0 1 3023b.dat
0 H00290 ELEMENT 302401 MODULE floor-and-cornice-1
1 15 250 -376 350 1 0 0 0 1 0 -0 0 1 3024.dat
0 H00291 ELEMENT 362301 MODULE floor-and-cornice-1
1 15 410 -376 350 1 0 0 0 1 0 -0 0 1 3623.dat
0 STEP
0 H00292 ELEMENT 243226 MODULE balconies-1
1 0 160 -408 410 1 0 0 0 1 0 -0 0 1 2432.dat
0 H00293 ELEMENT 243226 MODULE balconies-1
1 0 200 -408 410 1 0 0 0 1 0 -0 0 1 2432.dat
0 H00294 ELEMENT 306226 MODULE balconies-1
1 0 130 -400 410 1 0 0 0 1 0 -0 0 1 3062b.dat
0 H00295 ELEMENT 307026 MODULE balconies-1
1 0 130 -408 410 1 0 0 0 1 0 -0 0 1 3070b.dat
0 H00296 ELEMENT 306226 MODULE balconies-1
1 0 230 -400 410 1 0 0 0 1 0 -0 0 1 3062b.dat
0 H00297 ELEMENT 307026 MODULE balconies-1
1 0 230 -408 410 1 0 0 0 1 0 -0 0 1 3070b.dat
0 H00298 ELEMENT 4211183 MODULE balconies-1
1 70 130 -400 390 1 0 0 0 1 0 -0 0 1 3062b.dat
0 H00299 ELEMENT 6209673 MODULE balconies-1
1 31 130 -424 390 1 0 0 0 1 0 -0 0 1 3062b.dat
0 H00300 ELEMENT 6229130 MODULE balconies-1
1 2 130 -432 390 1 0 0 0 1 0 -0 0 1 32607.dat
0 H00301 ELEMENT 6299813 MODULE balconies-1
1 14 130 -440 390 1 0 0 0 1 0 -0 0 1 24866.dat
0 H00302 ELEMENT 4211183 MODULE balconies-1
1 70 230 -400 390 1 0 0 0 1 0 -0 0 1 3062b.dat
0 H00303 ELEMENT 6209673 MODULE balconies-1
1 31 230 -424 390 1 0 0 0 1 0 -0 0 1 3062b.dat
0 H00304 ELEMENT 6229130 MODULE balconies-1
1 2 230 -432 390 -1 0 0 0 1 0 -0 0 -1 32607.dat
0 H00305 ELEMENT 6299813 MODULE balconies-1
1 14 230 -440 390 1 0 0 0 1 0 -0 0 1 24866.dat
0 H00306 ELEMENT 243226 MODULE balconies-1
1 0 300 -408 410 1 0 0 0 1 0 -0 0 1 2432.dat
0 H00307 ELEMENT 243226 MODULE balconies-1
1 0 340 -408 410 1 0 0 0 1 0 -0 0 1 2432.dat
0 H00308 ELEMENT 306226 MODULE balconies-1
1 0 270 -400 410 1 0 0 0 1 0 -0 0 1 3062b.dat
0 H00309 ELEMENT 307026 MODULE balconies-1
1 0 270 -408 410 1 0 0 0 1 0 -0 0 1 3070b.dat
0 H00310 ELEMENT 306226 MODULE balconies-1
1 0 370 -400 410 1 0 0 0 1 0 -0 0 1 3062b.dat
0 H00311 ELEMENT 307026 MODULE balconies-1
1 0 370 -408 410 1 0 0 0 1 0 -0 0 1 3070b.dat
0 H00312 ELEMENT 4211183 MODULE balconies-1
1 70 270 -400 390 1 0 0 0 1 0 -0 0 1 3062b.dat
0 H00313 ELEMENT 6209673 MODULE balconies-1
1 31 270 -424 390 1 0 0 0 1 0 -0 0 1 3062b.dat
0 H00314 ELEMENT 6229130 MODULE balconies-1
1 2 270 -432 390 1 0 0 0 1 0 -0 0 1 32607.dat
0 H00315 ELEMENT 6299813 MODULE balconies-1
1 14 270 -440 390 1 0 0 0 1 0 -0 0 1 24866.dat
0 H00316 ELEMENT 4211183 MODULE balconies-1
1 70 370 -400 390 1 0 0 0 1 0 -0 0 1 3062b.dat
0 H00317 ELEMENT 6209673 MODULE balconies-1
1 31 370 -424 390 1 0 0 0 1 0 -0 0 1 3062b.dat
0 H00318 ELEMENT 6229130 MODULE balconies-1
1 2 370 -432 390 -1 0 0 0 1 0 -0 0 -1 32607.dat
0 H00319 ELEMENT 6299813 MODULE balconies-1
1 14 370 -440 390 1 0 0 0 1 0 -0 0 1 24866.dat
0 STEP
0 H00320 ELEMENT 4162465 MODULE storey-2
1 19 110 -400 350 1 0 0 0 1 0 -0 0 1 3622.dat
0 H00321 ELEMENT 4162465 MODULE storey-2
1 19 250 -400 350 1 0 0 0 1 0 -0 0 1 3622.dat
0 H00322 ELEMENT 4162465 MODULE storey-2
1 19 390 -400 350 1 0 0 0 1 0 -0 0 1 3622.dat
0 H00323 ELEMENT 4162465 MODULE storey-2
1 19 530 -400 350 1 0 0 0 1 0 -0 0 1 3622.dat
0 H00324 ELEMENT 4579260 MODULE storey-2
1 19 110 -472 350 -1 0 0 0 1 0 -0 0 -1 87087.dat
0 H00325 ELEMENT 371028 MODULE storey-2
1 2 110 -452 368 0 0 1 -1 0 0 0 -1 0 3710.dat
0 H00326 ELEMENT 4579260 MODULE storey-2
1 19 250 -472 350 -1 0 0 0 1 0 -0 0 -1 87087.dat
0 H00327 ELEMENT 371028 MODULE storey-2
1 2 250 -452 368 0 0 1 -1 0 0 0 -1 0 3710.dat
0 H00328 ELEMENT 4579260 MODULE storey-2
1 19 390 -472 350 -1 0 0 0 1 0 -0 0 -1 87087.dat
0 H00329 ELEMENT 371028 MODULE storey-2
1 2 390 -452 368 0 0 1 -1 0 0 0 -1 0 3710.dat
0 H00330 ELEMENT 4579260 MODULE storey-2
1 19 530 -472 350 -1 0 0 0 1 0 -0 0 -1 87087.dat
0 H00331 ELEMENT 371028 MODULE storey-2
1 2 530 -452 368 0 0 1 -1 0 0 0 -1 0 3710.dat
0 H00332 ELEMENT 4112980 MODULE storey-2
1 19 90 -520 350 1 0 0 0 1 0 -0 0 1 2453a.dat
0 H00333 ELEMENT 4113915 MODULE storey-2
1 19 110 -424 350 1 0 0 0 1 0 -0 0 1 3005.dat
0 H00334 ELEMENT 4113915 MODULE storey-2
1 19 250 -424 350 1 0 0 0 1 0 -0 0 1 3005.dat
0 H00335 ELEMENT 4113915 MODULE storey-2
1 19 390 -424 350 1 0 0 0 1 0 -0 0 1 3005.dat
0 H00336 ELEMENT 4109995 MODULE storey-2
1 19 540 -424 350 1 0 0 0 1 0 -0 0 1 3004.dat
0 H00337 ELEMENT 4113915 MODULE storey-2
1 19 110 -448 350 1 0 0 0 1 0 -0 0 1 3005.dat
0 H00338 ELEMENT 4113915 MODULE storey-2
1 19 250 -448 350 1 0 0 0 1 0 -0 0 1 3005.dat
0 H00339 ELEMENT 4113915 MODULE storey-2
1 19 390 -448 350 1 0 0 0 1 0 -0 0 1 3005.dat
0 H00340 ELEMENT 4109995 MODULE storey-2
1 19 540 -448 350 1 0 0 0 1 0 -0 0 1 3004.dat
0 H00341 ELEMENT 6057517 MODULE storey-2
1 19 550 -520 350 1 0 0 0 1 0 -0 0 1 14716.dat
0 H00342 ELEMENT 4113915 MODULE storey-2
1 19 110 -496 350 1 0 0 0 1 0 -0 0 1 3005.dat
0 H00343 ELEMENT 4113915 MODULE storey-2
1 19 250 -496 350 1 0 0 0 1 0 -0 0 1 3005.dat
0 H00344 ELEMENT 4113915 MODULE storey-2
1 19 390 -496 350 1 0 0 0 1 0 -0 0 1 3005.dat
0 H00345 ELEMENT 4113915 MODULE storey-2
1 19 530 -496 350 1 0 0 0 1 0 -0 0 1 3005.dat
0 H00346 ELEMENT 4113915 MODULE storey-2
1 19 110 -520 350 1 0 0 0 1 0 -0 0 1 3005.dat
0 H00347 ELEMENT 4113915 MODULE storey-2
1 19 250 -520 350 1 0 0 0 1 0 -0 0 1 3005.dat
0 H00348 ELEMENT 4113915 MODULE storey-2
1 19 390 -520 350 1 0 0 0 1 0 -0 0 1 3005.dat
0 H00349 ELEMENT 4159553 MODULE storey-2
1 19 530 -504 350 1 0 0 0 1 0 -0 0 1 3024.dat
0 H00350 ELEMENT 4159553 MODULE storey-2
1 19 530 -512 350 1 0 0 0 1 0 -0 0 1 3024.dat
0 H00351 ELEMENT 4159553 MODULE storey-2
1 19 530 -520 350 1 0 0 0 1 0 -0 0 1 3024.dat
0 H00352 ELEMENT 6075179 MODULE storey-2
1 19 200 -544 350 1 0 0 0 1 0 -0 0 1 6112.dat
0 H00353 ELEMENT 6075179 MODULE storey-2
1 19 440 -544 350 1 0 0 0 1 0 -0 0 1 6112.dat
0 H00354 ELEMENT 6055541 MODULE storey-2
1 15 130 -472 350 1 0 0 0 1 0 -0 0 1 14716.dat
0 H00355 ELEMENT 6055541 MODULE storey-2
1 15 230 -472 350 1 0 0 0 1 0 -0 0 1 14716.dat
0 H00356 ELEMENT 6106183 MODULE storey-2
1 15 180 -520 350 1 0 0 0 1 0 -0 0 1 15254.dat
0 H00357 ELEMENT 301001 MODULE storey-2
1 15 180 -400 330 1 0 0 0 1 0 -0 0 1 3010.dat
0 H00358 ELEMENT 300101 MODULE storey-2
1 15 180 -400 360 1 0 0 0 1 0 -0 0 1 3001.dat
0 H00359 ELEMENT 4530589 MODULE storey-2
1 0 180 -472 330 1 0 0 0 1 0 -0 0 1 60594.dat
0 H00360 ELEMENT 6514142 MODULE storey-2
1 47 180 -464 334 1 0 0 0 1 0 -0 0 1 86210.dat
0 H00361 ELEMENT 301026 MODULE storey-2
1 0 180 -496 330 1 0 0 0 1 0 -0 0 1 3010.dat
0 H00362 ELEMENT 301026 MODULE storey-2
1 0 180 -520 330 1 0 0 0 1 0 -0 0 1 3010.dat
0 H00363 ELEMENT 4550324 MODULE storey-2
1 19 180 -408 370 1 0 0 0 1 0 -0 0 1 2431.dat
0 H00364 ELEMENT 6055541 MODULE storey-2
1 15 270 -472 350 1 0 0 0 1 0 -0 0 1 14716.dat
0 H00365 ELEMENT 6055541 MODULE storey-2
1 15 370 -472 350 1 0 0 0 1 0 -0 0 1 14716.dat
0 H00366 ELEMENT 6106183 MODULE storey-2
1 15 320 -520 350 1 0 0 0 1 0 -0 0 1 15254.dat
0 H00367 ELEMENT 301001 MODULE storey-2
1 15 320 -400 330 1 0 0 0 1 0 -0 0 1 3010.dat
0 H00368 ELEMENT 300101 MODULE storey-2
1 15 320 -400 360 1 0 0 0 1 0 -0 0 1 3001.dat
0 H00369 ELEMENT 4530589 MODULE storey-2
1 0 320 -472 330 1 0 0 0 1 0 -0 0 1 60594.dat
0 H00370 ELEMENT 6514142 MODULE storey-2
1 47 320 -464 334 1 0 0 0 1 0 -0 0 1 86210.dat
0 H00371 ELEMENT 301026 MODULE storey-2
1 0 320 -496 330 1 0 0 0 1 0 -0 0 1 3010.dat
0 H00372 ELEMENT 301026 MODULE storey-2
1 0 320 -520 330 1 0 0 0 1 0 -0 0 1 3010.dat
0 H00373 ELEMENT 4550324 MODULE storey-2
1 19 320 -408 370 1 0 0 0 1 0 -0 0 1 2431.dat
0 H00374 ELEMENT 6055541 MODULE storey-2
1 15 410 -472 350 1 0 0 0 1 0 -0 0 1 14716.dat
0 H00375 ELEMENT 6055541 MODULE storey-2
1 15 510 -472 350 1 0 0 0 1 0 -0 0 1 14716.dat
0 H00376 ELEMENT 6106183 MODULE storey-2
1 15 460 -520 350 1 0 0 0 1 0 -0 0 1 15254.dat
0 H00377 ELEMENT 301001 MODULE storey-2
1 15 460 -400 330 1 0 0 0 1 0 -0 0 1 3010.dat
0 H00378 ELEMENT 300101 MODULE storey-2
1 15 460 -400 360 1 0 0 0 1 0 -0 0 1 3001.dat
0 H00379 ELEMENT 4530589 MODULE storey-2
1 0 460 -472 330 1 0 0 0 1 0 -0 0 1 60594.dat
0 H00380 ELEMENT 6514142 MODULE storey-2
1 47 460 -464 334 1 0 0 0 1 0 -0 0 1 86210.dat
0 H00381 ELEMENT 301026 MODULE storey-2
1 0 460 -496 330 1 0 0 0 1 0 -0 0 1 3010.dat
0 H00382 ELEMENT 301026 MODULE storey-2
1 0 460 -520 330 1 0 0 0 1 0 -0 0 1 3010.dat
0 H00383 ELEMENT 4550324 MODULE storey-2
1 19 460 -408 370 1 0 0 0 1 0 -0 0 1 2431.dat
0 H00384 ELEMENT 6075179 MODULE storey-2
1 19 90 -400 200 0 0 1 0 1 0 -1 0 0 6112.dat
0 H00385 ELEMENT 4159553 MODULE storey-2
1 19 90 -384 330 1 0 0 0 1 0 -0 0 1 3024.dat
0 H00386 ELEMENT 4159553 MODULE storey-2
1 19 90 -392 330 1 0 0 0 1 0 -0 0 1 3024.dat
0 H00387 ELEMENT 4159553 MODULE storey-2
1 19 90 -400 330 1 0 0 0 1 0 -0 0 1 3024.dat
0 H00388 ELEMENT 245301 MODULE storey-2
1 15 90 -520 90 1 0 0 0 1 0 -0 0 1 2453a.dat
0 H00389 ELEMENT 245401 MODULE storey-2
1 15 90 -520 320 0 0 1 0 1 0 -1 0 0 2454.dat
0 H00390 ELEMENT 6146877 MODULE storey-2
1 19 90 -472 140 0 0 1 0 1 0 -1 0 0 60581.dat
0 H00391 ELEMENT 4113916 MODULE storey-2
1 19 90 -496 140 0 0 1 0 1 0 -1 0 0 3010.dat
0 H00392 ELEMENT 4113916 MODULE storey-2
1 19 90 -520 140 0 0 1 0 1 0 -1 0 0 3010.dat
0 H00393 ELEMENT 6055541 MODULE storey-2
1 15 90 -472 190 1 0 0 0 1 0 -0 0 1 14716.dat
0 H00394 ELEMENT 6055541 MODULE storey-2
1 15 90 -472 290 1 0 0 0 1 0 -0 0 1 14716.dat
0 H00395 ELEMENT 6106183 MODULE storey-2
1 15 90 -520 240 0 0 1 0 1 0 -1 0 0 15254.dat
0 H00396 ELEMENT 4166138 MODULE storey-2
1 19 90 -544 180 0 0 1 0 1 0 -1 0 0 6111.dat
0 H00397 ELEMENT 4162465 MODULE storey-2
1 19 90 -544 310 0 0 1 0 1 0 -1 0 0 3622.dat
0 H00398 ELEMENT 301001 MODULE storey-2
1 15 110 -400 240 0 0 1 0 1 0 -1 0 0 3010.dat
0 H00399 ELEMENT 4530590 MODULE storey-2
1 15 110 -472 240 0 0 1 0 1 0 -1 0 0 60594.dat
0 H00400 ELEMENT 6514142 MODULE storey-2
1 47 114 -464 240 0 0 1 0 1 0 -1 0 0 86210.dat
0 H00401 ELEMENT 301026 MODULE storey-2
1 0 110 -496 240 0 0 1 0 1 0 -1 0 0 3010.dat
0 H00402 ELEMENT 301026 MODULE storey-2
1 0 110 -520 240 0 0 1 0 1 0 -1 0 0 3010.dat
0 H00403 ELEMENT 4166138 MODULE storey-2
1 19 550 -400 180 0 0 1 0 1 0 -1 0 0 6111.dat
0 H00404 ELEMENT 4162465 MODULE storey-2
1 19 550 -400 310 0 0 1 0 1 0 -1 0 0 3622.dat
0 H00405 ELEMENT 245301 MODULE storey-2
1 15 550 -520 90 1 0 0 0 1 0 -0 0 1 2453a.dat
0 H00406 ELEMENT 245401 MODULE storey-2
1 15 550 -520 320 0 0 1 0 1 0 -1 0 0 2454.dat
0 H00407 ELEMENT 6146877 MODULE storey-2
1 19 550 -472 140 0 0 1 0 1 0 -1 0 0 60581.dat
0 H00408 ELEMENT 4113916 MODULE storey-2
1 19 550 -496 140 0 0 1 0 1 0 -1 0 0 3010.dat
0 H00409 ELEMENT 4113916 MODULE storey-2
1 19 550 -520 140 0 0 1 0 1 0 -1 0 0 3010.dat
0 H00410 ELEMENT 6055541 MODULE storey-2
1 15 550 -472 190 1 0 0 0 1 0 -0 0 1 14716.dat
0 H00411 ELEMENT 6055541 MODULE storey-2
1 15 550 -472 290 1 0 0 0 1 0 -0 0 1 14716.dat
0 H00412 ELEMENT 6106183 MODULE storey-2
1 15 550 -520 240 0 0 1 0 1 0 -1 0 0 15254.dat
0 H00413 ELEMENT 4159774 MODULE storey-2
1 19 550 -544 160 0 0 1 0 1 0 -1 0 0 3008.dat
0 H00414 ELEMENT 4113916 MODULE storey-2
1 19 550 -544 280 0 0 1 0 1 0 -1 0 0 3010.dat
0 H00415 ELEMENT 4159553 MODULE storey-2
1 19 550 -528 330 1 0 0 0 1 0 -0 0 1 3024.dat
0 H00416 ELEMENT 4159553 MODULE storey-2
1 19 550 -536 330 1 0 0 0 1 0 -0 0 1 3024.dat
0 H00417 ELEMENT 4159553 MODULE storey-2
1 19 550 -544 330 1 0 0 0 1 0 -0 0 1 3024.dat
0 H00418 ELEMENT 301001 MODULE storey-2
1 15 530 -400 240 0 0 1 0 1 0 -1 0 0 3010.dat
0 H00419 ELEMENT 4530590 MODULE storey-2
1 15 530 -472 240 0 0 1 0 1 0 -1 0 0 60594.dat
0 H00420 ELEMENT 6514142 MODULE storey-2
1 47 534 -464 240 0 0 1 0 1 0 -1 0 0 86210.dat
0 H00421 ELEMENT 301026 MODULE storey-2
1 0 530 -496 240 0 0 1 0 1 0 -1 0 0 3010.dat
0 H00422 ELEMENT 362226 MODULE storey-2
1 0 530 -520 230 0 0 1 0 1 0 -1 0 0 3622.dat
0 H00423 ELEMENT 300526 MODULE storey-2
1 0 530 -520 270 1 0 0 0 1 0 -0 0 1 3005.dat
0 H00424 ELEMENT 246501 MODULE storey-2
1 15 260 -400 90 1 0 0 0 1 0 -0 0 1 2465.dat
0 H00425 ELEMENT 300901 MODULE storey-2
1 15 480 -400 90 1 0 0 0 1 0 -0 0 1 3009.dat
0 H00426 ELEMENT 6262945 MODULE storey-2
1 15 200 -544 90 1 0 0 0 1 0 -0 0 1 60596.dat
0 H00427 ELEMENT 6514119 MODULE storey-2
1 47 168 -544 95 1 0 0 0 1 0 -0 0 1 60616a.dat
0 H00428 ELEMENT 6262945 MODULE storey-2
1 15 400 -544 90 1 0 0 0 1 0 -0 0 1 60596.dat
0 H00429 ELEMENT 6514119 MODULE storey-2
1 47 368 -544 95 1 0 0 0 1 0 -0 0 1 60616a.dat
0 H00430 ELEMENT 245401 MODULE storey-2
1 15 120 -520 90 1 0 0 0 1 0 -0 0 1 2454.dat
0 H00431 ELEMENT 245301 MODULE storey-2
1 15 150 -520 90 1 0 0 0 1 0 -0 0 1 2453a.dat
0 H00432 ELEMENT 300901 MODULE storey-2
1 15 300 -424 90 1 0 0 0 1 0 -0 0 1 3009.dat
0 H00433 ELEMENT 245301 MODULE storey-2
1 15 450 -520 90 1 0 0 0 1 0 -0 0 1 2453a.dat
0 H00434 ELEMENT 245301 MODULE storey-2
1 15 470 -520 90 1 0 0 0 1 0 -0 0 1 2453a.dat
0 H00435 ELEMENT 245301 MODULE storey-2
1 15 490 -520 90 1 0 0 0 1 0 -0 0 1 2453a.dat
0 H00436 ELEMENT 245301 MODULE storey-2
1 15 510 -520 90 1 0 0 0 1 0 -0 0 1 2453a.dat
0 H00437 ELEMENT 245301 MODULE storey-2
1 15 530 -520 90 1 0 0 0 1 0 -0 0 1 2453a.dat
0 H00438 ELEMENT 300901 MODULE storey-2
1 15 300 -448 90 1 0 0 0 1 0 -0 0 1 3009.dat
0 H00439 ELEMENT 300901 MODULE storey-2
1 15 300 -472 90 1 0 0 0 1 0 -0 0 1 3009.dat
0 H00440 ELEMENT 300901 MODULE storey-2
1 15 300 -496 90 1 0 0 0 1 0 -0 0 1 3009.dat
0 H00441 ELEMENT 300901 MODULE storey-2
1 15 300 -520 90 1 0 0 0 1 0 -0 0 1 3009.dat
0 H00442 ELEMENT 362201 MODULE storey-2
1 15 130 -544 90 1 0 0 0 1 0 -0 0 1 3622.dat
0 H00443 ELEMENT 300901 MODULE storey-2
1 15 300 -544 90 1 0 0 0 1 0 -0 0 1 3009.dat
0 H00444 ELEMENT 301001 MODULE storey-2
1 15 480 -544 90 1 0 0 0 1 0 -0 0 1 3010.dat
0 H00445 ELEMENT 300501 MODULE storey-2
1 15 530 -544 90 1 0 0 0 1 0 -0 0 1 3005.dat
0 H00913 ELEMENT 611201 MODULE guest-wing
1 15 920 -216 430 1 0 0 0 1 0 -0 0 1 6112.dat
0 H00914 ELEMENT 300401 MODULE guest-wing
1 15 1060 -216 430 1 0 0 0 1 0 -0 0 1 3004.dat
0 H00915 ELEMENT 300501 MODULE guest-wing
1 15 810 -240 430 1 0 0 0 1 0 -0 0 1 3005.dat
0 H00916 ELEMENT 300501 MODULE guest-wing
1 15 1070 -240 430 1 0 0 0 1 0 -0 0 1 3005.dat
0 H00917 ELEMENT 300501 MODULE guest-wing
1 15 810 -264 430 1 0 0 0 1 0 -0 0 1 3005.dat
0 H00918 ELEMENT 300501 MODULE guest-wing
1 15 1070 -264 430 1 0 0 0 1 0 -0 0 1 3005.dat
0 H00919 ELEMENT 300501 MODULE guest-wing
1 15 810 -288 430 1 0 0 0 1 0 -0 0 1 3005.dat
0 H00920 ELEMENT 300501 MODULE guest-wing
1 15 1070 -288 430 1 0 0 0 1 0 -0 0 1 3005.dat
0 H00921 ELEMENT 300501 MODULE guest-wing
1 15 810 -312 430 1 0 0 0 1 0 -0 0 1 3005.dat
0 H00922 ELEMENT 300501 MODULE guest-wing
1 15 1070 -312 430 1 0 0 0 1 0 -0 0 1 3005.dat
0 H00923 ELEMENT 300501 MODULE guest-wing
1 15 810 -336 430 1 0 0 0 1 0 -0 0 1 3005.dat
0 H00924 ELEMENT 300501 MODULE guest-wing
1 15 1070 -336 430 1 0 0 0 1 0 -0 0 1 3005.dat
0 H00925 ELEMENT 300501 MODULE guest-wing
1 15 830 -240 430 1 0 0 0 1 0 -0 0 1 3005.dat
0 H00926 ELEMENT 300501 MODULE guest-wing
1 15 830 -264 430 1 0 0 0 1 0 -0 0 1 3005.dat
0 H00927 ELEMENT 300501 MODULE guest-wing
1 15 830 -288 430 1 0 0 0 1 0 -0 0 1 3005.dat
0 H00928 ELEMENT 300501 MODULE guest-wing
1 15 930 -240 430 1 0 0 0 1 0 -0 0 1 3005.dat
0 H00929 ELEMENT 300501 MODULE guest-wing
1 15 930 -264 430 1 0 0 0 1 0 -0 0 1 3005.dat
0 H00930 ELEMENT 300501 MODULE guest-wing
1 15 930 -288 430 1 0 0 0 1 0 -0 0 1 3005.dat
0 H00931 ELEMENT 6106183 MODULE guest-wing
1 15 880 -336 430 1 0 0 0 1 0 -0 0 1 15254.dat
0 H00932 ELEMENT 300501 MODULE guest-wing
1 15 950 -240 430 1 0 0 0 1 0 -0 0 1 3005.dat
0 H00933 ELEMENT 300501 MODULE guest-wing
1 15 950 -264 430 1 0 0 0 1 0 -0 0 1 3005.dat
0 H00934 ELEMENT 300501 MODULE guest-wing
1 15 950 -288 430 1 0 0 0 1 0 -0 0 1 3005.dat
0 H00935 ELEMENT 300501 MODULE guest-wing
1 15 1050 -240 430 1 0 0 0 1 0 -0 0 1 3005.dat
0 H00936 ELEMENT 300501 MODULE guest-wing
1 15 1050 -264 430 1 0 0 0 1 0 -0 0 1 3005.dat
0 H00937 ELEMENT 300501 MODULE guest-wing
1 15 1050 -288 430 1 0 0 0 1 0 -0 0 1 3005.dat
0 H00938 ELEMENT 6106183 MODULE guest-wing
1 15 1000 -336 430 1 0 0 0 1 0 -0 0 1 15254.dat
0 H00939 ELEMENT 611201 MODULE guest-wing
1 15 920 -360 430 1 0 0 0 1 0 -0 0 1 6112.dat
0 H00940 ELEMENT 300401 MODULE guest-wing
1 15 1060 -360 430 1 0 0 0 1 0 -0 0 1 3004.dat
0 H00941 ELEMENT 4226966 MODULE guest-wing
1 70 850 -312 410 1 0 0 0 1 0 -0 0 1 2453a.dat
0 H00942 ELEMENT 4226966 MODULE guest-wing
1 70 870 -312 410 1 0 0 0 1 0 -0 0 1 2453a.dat
0 H00943 ELEMENT 6177699 MODULE guest-wing
1 70 890 -264 410 1 0 0 0 1 0 -0 0 1 14716.dat
0 H00944 ELEMENT 6177699 MODULE guest-wing
1 70 910 -264 410 1 0 0 0 1 0 -0 0 1 14716.dat
0 H00945 ELEMENT 6177699 MODULE guest-wing
1 70 890 -336 410 1 0 0 0 1 0 -0 0 1 14716.dat
0 H00946 ELEMENT 6177699 MODULE guest-wing
1 70 910 -336 410 1 0 0 0 1 0 -0 0 1 14716.dat
0 H00947 ELEMENT 4211149 MODULE guest-wing
1 70 860 -336 410 1 0 0 0 1 0 -0 0 1 3004.dat
0 H00948 ELEMENT 4211225 MODULE guest-wing
1 70 1000 -216 410 1 0 0 0 1 0 -0 0 1 3010.dat
0 H00949 ELEMENT 4211225 MODULE guest-wing
1 70 1000 -240 410 1 0 0 0 1 0 -0 0 1 3010.dat
0 H00950 ELEMENT 4211225 MODULE guest-wing
1 70 1000 -264 410 1 0 0 0 1 0 -0 0 1 3010.dat
0 H00951 ELEMENT 4211225 MODULE guest-wing
1 70 1000 -288 410 1 0 0 0 1 0 -0 0 1 3010.dat
0 H00952 ELEMENT 4211225 MODULE guest-wing
1 70 1000 -312 410 1 0 0 0 1 0 -0 0 1 3010.dat
0 H00953 ELEMENT 4211225 MODULE guest-wing
1 70 1000 -336 410 1 0 0 0 1 0 -0 0 1 3010.dat
0 H00954 ELEMENT 611101 MODULE guest-wing
1 15 810 -216 320 0 0 1 0 1 0 -1 0 0 6111.dat
0 H00955 ELEMENT 611101 MODULE guest-wing
1 15 810 -240 320 0 0 1 0 1 0 -1 0 0 6111.dat
0 H00956 ELEMENT 611101 MODULE guest-wing
1 15 810 -264 320 0 0 1 0 1 0 -1 0 0 6111.dat
0 H00957 ELEMENT 611101 MODULE guest-wing
1 15 810 -288 320 0 0 1 0 1 0 -1 0 0 6111.dat
0 H00958 ELEMENT 611101 MODULE guest-wing
1 15 810 -312 320 0 0 1 0 1 0 -1 0 0 6111.dat
0 H00959 ELEMENT 611101 MODULE guest-wing
1 15 810 -336 320 0 0 1 0 1 0 -1 0 0 6111.dat
0 H00960 ELEMENT 300801 MODULE guest-wing
1 15 810 -360 300 0 0 1 0 1 0 -1 0 0 3008.dat
0 H00961 ELEMENT 300401 MODULE guest-wing
1 15 810 -360 400 0 0 1 0 1 0 -1 0 0 3004.dat
0 H00962 ELEMENT 300801 MODULE guest-wing
1 15 1070 -216 300 0 0 1 0 1 0 -1 0 0 3008.dat
0 H00963 ELEMENT 300401 MODULE guest-wing
1 15 1070 -216 400 0 0 1 0 1 0 -1 0 0 3004.dat
0 H00964 ELEMENT 300401 MODULE guest-wing
1 15 1070 -240 240 0 0 1 0 1 0 -1 0 0 3004.dat
0 H00965 ELEMENT 300401 MODULE guest-wing
1 15 1070 -240 400 0 0 1 0 1 0 -1 0 0 3004.dat
0 H00966 ELEMENT 300401 MODULE guest-wing
1 15 1070 -264 240 0 0 1 0 1 0 -1 0 0 3004.dat
0 H00967 ELEMENT 300401 MODULE guest-wing
1 15 1070 -264 400 0 0 1 0 1 0 -1 0 0 3004.dat
0 H00968 ELEMENT 300401 MODULE guest-wing
1 15 1070 -288 240 0 0 1 0 1 0 -1 0 0 3004.dat
0 H00969 ELEMENT 300401 MODULE guest-wing
1 15 1070 -288 400 0 0 1 0 1 0 -1 0 0 3004.dat
0 H00970 ELEMENT 300401 MODULE guest-wing
1 15 1070 -312 240 0 0 1 0 1 0 -1 0 0 3004.dat
0 H00971 ELEMENT 300401 MODULE guest-wing
1 15 1070 -312 400 0 0 1 0 1 0 -1 0 0 3004.dat
0 H00972 ELEMENT 300401 MODULE guest-wing
1 15 1070 -336 240 0 0 1 0 1 0 -1 0 0 3004.dat
0 H00973 ELEMENT 300401 MODULE guest-wing
1 15 1070 -336 400 0 0 1 0 1 0 -1 0 0 3004.dat
0 H00974 ELEMENT 300501 MODULE guest-wing
1 15 1070 -240 270 1 0 0 0 1 0 -0 0 1 3005.dat
0 H00975 ELEMENT 300501 MODULE guest-wing
1 15 1070 -264 270 1 0 0 0 1 0 -0 0 1 3005.dat
0 H00976 ELEMENT 300501 MODULE guest-wing
1 15 1070 -288 270 1 0 0 0 1 0 -0 0 1 3005.dat
0 H00977 ELEMENT 300501 MODULE guest-wing
1 15 1070 -240 370 1 0 0 0 1 0 -0 0 1 3005.dat
0 H00978 ELEMENT 300501 MODULE guest-wing
1 15 1070 -264 370 1 0 0 0 1 0 -0 0 1 3005.dat
0 H00979 ELEMENT 300501 MODULE guest-wing
1 15 1070 -288 370 1 0 0 0 1 0 -0 0 1 3005.dat
0 H00980 ELEMENT 6106183 MODULE guest-wing
1 15 1070 -336 320 0 0 1 0 1 0 -1 0 0 15254.dat
0 H00981 ELEMENT 300801 MODULE guest-wing
1 15 1070 -360 300 0 0 1 0 1 0 -1 0 0 3008.dat
0 H00982 ELEMENT 300401 MODULE guest-wing
1 15 1070 -360 400 0 0 1 0 1 0 -1 0 0 3004.dat
0 H00983 ELEMENT 301001 MODULE guest-wing
1 15 1050 -216 320 0 0 1 0 1 0 -1 0 0 3010.dat
0 H00984 ELEMENT 4530590 MODULE guest-wing
1 15 1050 -288 320 0 0 1 0 1 0 -1 0 0 60594.dat
0 H00985 ELEMENT 300426 MODULE guest-wing
1 0 1050 -312 300 0 0 1 0 1 0 -1 0 0 3004.dat
0 H00986 ELEMENT 300426 MODULE guest-wing
1 0 1050 -312 340 0 0 1 0 1 0 -1 0 0 3004.dat
0 H00987 ELEMENT 300426 MODULE guest-wing
1 0 1050 -336 300 0 0 1 0 1 0 -1 0 0 3004.dat
0 H00988 ELEMENT 300426 MODULE guest-wing
1 0 1050 -336 340 0 0 1 0 1 0 -1 0 0 3004.dat
0 H00989 ELEMENT 611201 MODULE guest-wing
1 15 920 -216 210 1 0 0 0 1 0 -0 0 1 6112.dat
0 H00990 ELEMENT 300401 MODULE guest-wing
1 15 1060 -216 210 1 0 0 0 1 0 -0 0 1 3004.dat
0 H00991 ELEMENT 6262945 MODULE guest-wing
1 15 880 -360 210 1 0 0 0 1 0 -0 0 1 60596.dat
0 H00992 ELEMENT 6514119 MODULE guest-wing
1 47 848 -360 215 1 0 0 0 1 0 -0 0 1 60616a.dat
0 H00993 ELEMENT 6262945 MODULE guest-wing
1 15 1000 -360 210 1 0 0 0 1 0 -0 0 1 60596.dat
0 H00994 ELEMENT 6514119 MODULE guest-wing
1 47 968 -360 215 1 0 0 0 1 0 -0 0 1 60616a.dat
0 H00995 ELEMENT 300401 MODULE guest-wing
1 15 820 -240 210 1 0 0 0 1 0 -0 0 1 3004.dat
0 H00996 ELEMENT 300401 MODULE guest-wing
1 15 940 -240 210 1 0 0 0 1 0 -0 0 1 3004.dat
0 H00997 ELEMENT 300401 MODULE guest-wing
1 15 1060 -240 210 1 0 0 0 1 0 -0 0 1 3004.dat
0 H00998 ELEMENT 300401 MODULE guest-wing
1 15 820 -264 210 1 0 0 0 1 0 -0 0 1 3004.dat
0 H00999 ELEMENT 300401 MODULE guest-wing
1 15 940 -264 210 1 0 0 0 1 0 -0 0 1 3004.dat
0 H01000 ELEMENT 300401 MODULE guest-wing
1 15 1060 -264 210 1 0 0 0 1 0 -0 0 1 3004.dat
0 H01001 ELEMENT 300401 MODULE guest-wing
1 15 820 -288 210 1 0 0 0 1 0 -0 0 1 3004.dat
0 H01002 ELEMENT 300401 MODULE guest-wing
1 15 940 -288 210 1 0 0 0 1 0 -0 0 1 3004.dat
0 H01003 ELEMENT 300401 MODULE guest-wing
1 15 1060 -288 210 1 0 0 0 1 0 -0 0 1 3004.dat
0 H01004 ELEMENT 300401 MODULE guest-wing
1 15 820 -312 210 1 0 0 0 1 0 -0 0 1 3004.dat
0 H01005 ELEMENT 300401 MODULE guest-wing
1 15 940 -312 210 1 0 0 0 1 0 -0 0 1 3004.dat
0 H01006 ELEMENT 300401 MODULE guest-wing
1 15 1060 -312 210 1 0 0 0 1 0 -0 0 1 3004.dat
0 H01007 ELEMENT 300401 MODULE guest-wing
1 15 820 -336 210 1 0 0 0 1 0 -0 0 1 3004.dat
0 H01008 ELEMENT 300401 MODULE guest-wing
1 15 940 -336 210 1 0 0 0 1 0 -0 0 1 3004.dat
0 H01009 ELEMENT 300401 MODULE guest-wing
1 15 1060 -336 210 1 0 0 0 1 0 -0 0 1 3004.dat
0 H01010 ELEMENT 300401 MODULE guest-wing
1 15 820 -360 210 1 0 0 0 1 0 -0 0 1 3004.dat
0 H01011 ELEMENT 300401 MODULE guest-wing
1 15 940 -360 210 1 0 0 0 1 0 -0 0 1 3004.dat
0 H01012 ELEMENT 300401 MODULE guest-wing
1 15 1060 -360 210 1 0 0 0 1 0 -0 0 1 3004.dat
0 H01200 ELEMENT 300801 MODULE connector
1 15 640 -216 230 1 0 0 0 1 0 -0 0 1 3008.dat
0 H01201 ELEMENT 301001 MODULE connector
1 15 760 -216 230 1 0 0 0 1 0 -0 0 1 3010.dat
0 H01202 ELEMENT 362201 MODULE connector
1 15 590 -240 230 1 0 0 0 1 0 -0 0 1 3622.dat
0 H01203 ELEMENT 362201 MODULE connector
1 15 770 -240 230 1 0 0 0 1 0 -0 0 1 3622.dat
0 H01204 ELEMENT 362201 MODULE connector
1 15 590 -264 230 1 0 0 0 1 0 -0 0 1 3622.dat
0 H01205 ELEMENT 362201 MODULE connector
1 15 770 -264 230 1 0 0 0 1 0 -0 0 1 3622.dat
0 H01206 ELEMENT 362201 MODULE connector
1 15 590 -288 230 1 0 0 0 1 0 -0 0 1 3622.dat
0 H01207 ELEMENT 362201 MODULE connector
1 15 770 -288 230 1 0 0 0 1 0 -0 0 1 3622.dat
0 H01208 ELEMENT 362201 MODULE connector
1 15 590 -312 230 1 0 0 0 1 0 -0 0 1 3622.dat
0 H01209 ELEMENT 362201 MODULE connector
1 15 770 -312 230 1 0 0 0 1 0 -0 0 1 3622.dat
0 H01210 ELEMENT 362201 MODULE connector
1 15 590 -336 230 1 0 0 0 1 0 -0 0 1 3622.dat
0 H01211 ELEMENT 362201 MODULE connector
1 15 770 -336 230 1 0 0 0 1 0 -0 0 1 3622.dat
0 H01212 ELEMENT 302401 MODULE connector
1 15 630 -224 230 1 0 0 0 1 0 -0 0 1 3024.dat
0 H01213 ELEMENT 302401 MODULE connector
1 15 630 -232 230 1 0 0 0 1 0 -0 0 1 3024.dat
0 H01214 ELEMENT 302401 MODULE connector
1 15 630 -240 230 1 0 0 0 1 0 -0 0 1 3024.dat
0 H01215 ELEMENT 302401 MODULE connector
1 15 630 -248 230 1 0 0 0 1 0 -0 0 1 3024.dat
0 H01216 ELEMENT 302401 MODULE connector
1 15 630 -256 230 1 0 0 0 1 0 -0 0 1 3024.dat
0 H01217 ELEMENT 302401 MODULE connector
1 15 630 -264 230 1 0 0 0 1 0 -0 0 1 3024.dat
0 H01218 ELEMENT 302401 MODULE connector
1 15 630 -272 230 1 0 0 0 1 0 -0 0 1 3024.dat
0 H01219 ELEMENT 302401 MODULE connector
1 15 630 -280 230 1 0 0 0 1 0 -0 0 1 3024.dat
0 H01220 ELEMENT 302401 MODULE connector
1 15 630 -288 230 1 0 0 0 1 0 -0 0 1 3024.dat
0 H01221 ELEMENT 302401 MODULE connector
1 15 730 -224 230 1 0 0 0 1 0 -0 0 1 3024.dat
0 H01222 ELEMENT 302401 MODULE connector
1 15 730 -232 230 1 0 0 0 1 0 -0 0 1 3024.dat
0 H01223 ELEMENT 302401 MODULE connector
1 15 730 -240 230 1 0 0 0 1 0 -0 0 1 3024.dat
0 H01224 ELEMENT 302401 MODULE connector
1 15 730 -248 230 1 0 0 0 1 0 -0 0 1 3024.dat
0 H01225 ELEMENT 302401 MODULE connector
1 15 730 -256 230 1 0 0 0 1 0 -0 0 1 3024.dat
0 H01226 ELEMENT 302401 MODULE connector
1 15 730 -264 230 1 0 0 0 1 0 -0 0 1 3024.dat
0 H01227 ELEMENT 302401 MODULE connector
1 15 730 -272 230 1 0 0 0 1 0 -0 0 1 3024.dat
0 H01228 ELEMENT 302401 MODULE connector
1 15 730 -280 230 1 0 0 0 1 0 -0 0 1 3024.dat
0 H01229 ELEMENT 302401 MODULE connector
1 15 730 -288 230 1 0 0 0 1 0 -0 0 1 3024.dat
0 H01230 ELEMENT 6106183 MODULE connector
1 15 680 -336 230 1 0 0 0 1 0 -0 0 1 15254.dat
0 H01231 ELEMENT 300801 MODULE connector
1 15 640 -360 230 1 0 0 0 1 0 -0 0 1 3008.dat
0 H01232 ELEMENT 301001 MODULE connector
1 15 760 -360 230 1 0 0 0 1 0 -0 0 1 3010.dat
0 H01233 ELEMENT 4211220 MODULE connector
1 70 670 -216 210 1 0 0 0 1 0 -0 0 1 3622.dat
0 H01234 ELEMENT 6177699 MODULE connector
1 70 710 -264 210 1 0 0 0 1 0 -0 0 1 14716.dat
0 H01235 ELEMENT 4211220 MODULE connector
1 70 670 -240 210 1 0 0 0 1 0 -0 0 1 3622.dat
0 H01236 ELEMENT 4211220 MODULE connector
1 70 670 -264 210 1 0 0 0 1 0 -0 0 1 3622.dat
0 H01237 ELEMENT 4211220 MODULE connector
1 70 670 -288 210 1 0 0 0 1 0 -0 0 1 3622.dat
0 H01238 ELEMENT 4211242 MODULE connector
1 70 710 -288 210 1 0 0 0 1 0 -0 0 1 3005.dat
0 H01239 ELEMENT 4211220 MODULE connector
1 70 670 -312 210 1 0 0 0 1 0 -0 0 1 3622.dat
0 H01240 ELEMENT 4211242 MODULE connector
1 70 710 -312 210 1 0 0 0 1 0 -0 0 1 3005.dat
0 H01241 ELEMENT 4211220 MODULE connector
1 70 670 -336 210 1 0 0 0 1 0 -0 0 1 3622.dat
0 H01242 ELEMENT 4211242 MODULE connector
1 70 710 -336 210 1 0 0 0 1 0 -0 0 1 3005.dat
0 H01243 ELEMENT 300901 MODULE connector
1 15 570 -216 160 0 0 1 0 1 0 -1 0 0 3009.dat
0 H01244 ELEMENT 300901 MODULE connector
1 15 570 -240 160 0 0 1 0 1 0 -1 0 0 3009.dat
0 H01245 ELEMENT 300901 MODULE connector
1 15 570 -264 160 0 0 1 0 1 0 -1 0 0 3009.dat
0 H01246 ELEMENT 300901 MODULE connector
1 15 570 -288 160 0 0 1 0 1 0 -1 0 0 3009.dat
0 H01247 ELEMENT 300901 MODULE connector
1 15 570 -312 160 0 0 1 0 1 0 -1 0 0 3009.dat
0 H01248 ELEMENT 300901 MODULE connector
1 15 570 -336 160 0 0 1 0 1 0 -1 0 0 3009.dat
0 H01249 ELEMENT 300901 MODULE connector
1 15 570 -360 160 0 0 1 0 1 0 -1 0 0 3009.dat
0 H01250 ELEMENT 300901 MODULE connector
1 15 790 -216 160 0 0 1 0 1 0 -1 0 0 3009.dat
0 H01251 ELEMENT 300901 MODULE connector
1 15 790 -240 160 0 0 1 0 1 0 -1 0 0 3009.dat
0 H01252 ELEMENT 300901 MODULE connector
1 15 790 -264 160 0 0 1 0 1 0 -1 0 0 3009.dat
0 H01253 ELEMENT 300901 MODULE connector
1 15 790 -288 160 0 0 1 0 1 0 -1 0 0 3009.dat
0 H01254 ELEMENT 300901 MODULE connector
1 15 790 -312 160 0 0 1 0 1 0 -1 0 0 3009.dat
0 H01255 ELEMENT 300901 MODULE connector
1 15 790 -336 160 0 0 1 0 1 0 -1 0 0 3009.dat
0 H01256 ELEMENT 300901 MODULE connector
1 15 790 -360 160 0 0 1 0 1 0 -1 0 0 3009.dat
0 H01257 ELEMENT 300801 MODULE connector
1 15 640 -216 90 1 0 0 0 1 0 -0 0 1 3008.dat
0 H01258 ELEMENT 301001 MODULE connector
1 15 760 -216 90 1 0 0 0 1 0 -0 0 1 3010.dat
0 H01259 ELEMENT 6262945 MODULE connector
1 15 680 -360 90 1 0 0 0 1 0 -0 0 1 60596.dat
0 H01260 ELEMENT 6514119 MODULE connector
1 47 648 -360 95 1 0 0 0 1 0 -0 0 1 60616a.dat
0 H01261 ELEMENT 301001 MODULE connector
1 15 600 -240 90 1 0 0 0 1 0 -0 0 1 3010.dat
0 H01262 ELEMENT 301001 MODULE connector
1 15 760 -240 90 1 0 0 0 1 0 -0 0 1 3010.dat
0 H01263 ELEMENT 301001 MODULE connector
1 15 600 -264 90 1 0 0 0 1 0 -0 0 1 3010.dat
0 H01264 ELEMENT 301001 MODULE connector
1 15 760 -264 90 1 0 0 0 1 0 -0 0 1 3010.dat
0 H01265 ELEMENT 301001 MODULE connector
1 15 600 -288 90 1 0 0 0 1 0 -0 0 1 3010.dat
0 H01266 ELEMENT 301001 MODULE connector
1 15 760 -288 90 1 0 0 0 1 0 -0 0 1 3010.dat
0 H01267 ELEMENT 301001 MODULE connector
1 15 600 -312 90 1 0 0 0 1 0 -0 0 1 3010.dat
0 H01268 ELEMENT 301001 MODULE connector
1 15 760 -312 90 1 0 0 0 1 0 -0 0 1 3010.dat
0 H01269 ELEMENT 301001 MODULE connector
1 15 600 -336 90 1 0 0 0 1 0 -0 0 1 3010.dat
0 H01270 ELEMENT 301001 MODULE connector
1 15 760 -336 90 1 0 0 0 1 0 -0 0 1 3010.dat
0 H01271 ELEMENT 301001 MODULE connector
1 15 600 -360 90 1 0 0 0 1 0 -0 0 1 3010.dat
0 H01272 ELEMENT 301001 MODULE connector
1 15 760 -360 90 1 0 0 0 1 0 -0 0 1 3010.dat
0 STEP
0 H00446 ELEMENT 244501 MODULE floor-and-cornice-2
1 15 200 -552 100 1 0 0 0 1 0 -0 0 1 2445.dat
0 H00447 ELEMENT 244501 MODULE floor-and-cornice-2
1 15 440 -552 100 1 0 0 0 1 0 -0 0 1 2445.dat
0 H00448 ELEMENT 244501 MODULE floor-and-cornice-2
1 15 200 -552 140 1 0 0 0 1 0 -0 0 1 2445.dat
0 H00449 ELEMENT 244501 MODULE floor-and-cornice-2
1 15 440 -552 140 1 0 0 0 1 0 -0 0 1 2445.dat
0 H00450 ELEMENT 244501 MODULE floor-and-cornice-2
1 15 200 -552 180 1 0 0 0 1 0 -0 0 1 2445.dat
0 H00451 ELEMENT 244501 MODULE floor-and-cornice-2
1 15 440 -552 180 1 0 0 0 1 0 -0 0 1 2445.dat
0 H00452 ELEMENT 244501 MODULE floor-and-cornice-2
1 15 200 -552 220 1 0 0 0 1 0 -0 0 1 2445.dat
0 H00453 ELEMENT 244501 MODULE floor-and-cornice-2
1 15 440 -552 220 1 0 0 0 1 0 -0 0 1 2445.dat
0 H00454 ELEMENT 244501 MODULE floor-and-cornice-2
1 15 200 -552 260 1 0 0 0 1 0 -0 0 1 2445.dat
0 H00455 ELEMENT 244501 MODULE floor-and-cornice-2
1 15 440 -552 260 1 0 0 0 1 0 -0 0 1 2445.dat
0 H00456 ELEMENT 244501 MODULE floor-and-cornice-2
1 15 200 -552 300 1 0 0 0 1 0 -0 0 1 2445.dat
0 H00457 ELEMENT 244501 MODULE floor-and-cornice-2
1 15 440 -552 300 1 0 0 0 1 0 -0 0 1 2445.dat
0 H00458 ELEMENT 244501 MODULE floor-and-cornice-2
1 15 200 -552 340 1 0 0 0 1 0 -0 0 1 2445.dat
0 H00459 ELEMENT 244501 MODULE floor-and-cornice-2
1 15 440 -552 340 1 0 0 0 1 0 -0 0 1 2445.dat
0 H00460 ELEMENT 379501 MODULE floor-and-cornice-2
1 15 180 -552 380 1 0 0 0 1 0 -0 0 1 3795.dat
0 H00461 ELEMENT 366601 MODULE floor-and-cornice-2
1 15 180 -552 410 1 0 0 0 1 0 -0 0 1 3666.dat
0 H00462 ELEMENT 303201 MODULE floor-and-cornice-2
1 15 180 -560 380 1 0 0 0 1 0 -0 0 1 3032.dat
0 H00463 ELEMENT 302101 MODULE floor-and-cornice-2
1 15 300 -560 370 0 0 1 0 1 0 -1 0 0 3021.dat
0 H00464 ELEMENT 302101 MODULE floor-and-cornice-2
1 15 340 -560 370 0 0 1 0 1 0 -1 0 0 3021.dat
0 H00465 ELEMENT 244501 MODULE floor-and-cornice-2
1 15 200 -560 100 1 0 0 0 1 0 -0 0 1 2445.dat
0 H00466 ELEMENT 244501 MODULE floor-and-cornice-2
1 15 440 -560 100 1 0 0 0 1 0 -0 0 1 2445.dat
0 H00467 ELEMENT 244501 MODULE floor-and-cornice-2
1 15 200 -560 140 1 0 0 0 1 0 -0 0 1 2445.dat
0 H00468 ELEMENT 244501 MODULE floor-and-cornice-2
1 15 440 -560 140 1 0 0 0 1 0 -0 0 1 2445.dat
0 H00469 ELEMENT 303201 MODULE floor-and-cornice-2
1 15 140 -560 200 1 0 0 0 1 0 -0 0 1 3032.dat
0 H00470 ELEMENT 244501 MODULE floor-and-cornice-2
1 15 320 -560 180 1 0 0 0 1 0 -0 0 1 2445.dat
0 H00471 ELEMENT 303201 MODULE floor-and-cornice-2
1 15 500 -560 200 1 0 0 0 1 0 -0 0 1 3032.dat
0 H00472 ELEMENT 244501 MODULE floor-and-cornice-2
1 15 320 -560 220 1 0 0 0 1 0 -0 0 1 2445.dat
0 H00473 ELEMENT 303201 MODULE floor-and-cornice-2
1 15 140 -560 280 1 0 0 0 1 0 -0 0 1 3032.dat
0 H00474 ELEMENT 244501 MODULE floor-and-cornice-2
1 15 320 -560 260 1 0 0 0 1 0 -0 0 1 2445.dat
0 H00475 ELEMENT 303201 MODULE floor-and-cornice-2
1 15 500 -560 280 1 0 0 0 1 0 -0 0 1 3032.dat
0 H00476 ELEMENT 244501 MODULE floor-and-cornice-2
1 15 320 -560 300 1 0 0 0 1 0 -0 0 1 2445.dat
0 H00477 ELEMENT 4514842 MODULE floor-and-cornice-2
1 15 200 -560 330 1 0 0 0 1 0 -0 0 1 60479.dat
0 H00478 ELEMENT 4514842 MODULE floor-and-cornice-2
1 15 440 -560 330 1 0 0 0 1 0 -0 0 1 60479.dat
0 H00479 ELEMENT 302301 MODULE floor-and-cornice-2
1 15 100 -560 350 1 0 0 0 1 0 -0 0 1 3023b.dat
0 H00480 ELEMENT 302301 MODULE floor-and-cornice-2
1 15 260 -560 350 1 0 0 0 1 0 -0 0 1 3023b.dat
0 H00481 ELEMENT 447701 MODULE floor-and-cornice-2
1 15 460 -560 350 1 0 0 0 1 0 -0 0 1 4477.dat
0 H01013 ELEMENT 302001 MODULE guest-wing-floor
1 15 860 -368 460 0 0 1 0 1 0 -1 0 0 3020.dat
0 H01014 ELEMENT 302001 MODULE guest-wing-floor
1 15 900 -368 460 0 0 1 0 1 0 -1 0 0 3020.dat
0 H01015 ELEMENT 302001 MODULE guest-wing-floor
1 15 940 -368 460 0 0 1 0 1 0 -1 0 0 3020.dat
0 H01016 ELEMENT 302001 MODULE guest-wing-floor
1 15 980 -368 460 0 0 1 0 1 0 -1 0 0 3020.dat
0 H01017 ELEMENT 302001 MODULE guest-wing-floor
1 15 1020 -368 460 0 0 1 0 1 0 -1 0 0 3020.dat
0 H01018 ELEMENT 379501 MODULE guest-wing-floor
1 15 860 -368 220 1 0 0 0 1 0 -0 0 1 3795.dat
0 H01019 ELEMENT 379501 MODULE guest-wing-floor
1 15 980 -368 220 1 0 0 0 1 0 -0 0 1 3795.dat
0 H01020 ELEMENT 379501 MODULE guest-wing-floor
1 15 1060 -368 260 0 0 1 0 1 0 -1 0 0 3795.dat
0 H01021 ELEMENT 379501 MODULE guest-wing-floor
1 15 860 -368 260 1 0 0 0 1 0 -0 0 1 3795.dat
0 H01022 ELEMENT 379501 MODULE guest-wing-floor
1 15 980 -368 260 1 0 0 0 1 0 -0 0 1 3795.dat
0 H01023 ELEMENT 379501 MODULE guest-wing-floor
1 15 860 -368 300 1 0 0 0 1 0 -0 0 1 3795.dat
0 H01024 ELEMENT 379501 MODULE guest-wing-floor
1 15 980 -368 300 1 0 0 0 1 0 -0 0 1 3795.dat
0 H01025 ELEMENT 379501 MODULE guest-wing-floor
1 15 860 -368 340 1 0 0 0 1 0 -0 0 1 3795.dat
0 H01026 ELEMENT 379501 MODULE guest-wing-floor
1 15 980 -368 340 1 0 0 0 1 0 -0 0 1 3795.dat
0 H01027 ELEMENT 379501 MODULE guest-wing-floor
1 15 1060 -368 380 0 0 1 0 1 0 -1 0 0 3795.dat
0 H01028 ELEMENT 4514842 MODULE guest-wing-floor
1 15 920 -368 370 1 0 0 0 1 0 -0 0 1 60479.dat
0 H01029 ELEMENT 4514842 MODULE guest-wing-floor
1 15 920 -368 390 1 0 0 0 1 0 -0 0 1 60479.dat
0 H01030 ELEMENT 4514842 MODULE guest-wing-floor
1 15 920 -368 410 1 0 0 0 1 0 -0 0 1 60479.dat
0 H01031 ELEMENT 302301 MODULE guest-wing-floor
1 15 820 -368 430 1 0 0 0 1 0 -0 0 1 3023b.dat
0 H01032 ELEMENT 302001 MODULE guest-wing-floor
1 15 860 -376 460 0 0 1 0 1 0 -1 0 0 3020.dat
0 H01033 ELEMENT 302001 MODULE guest-wing-floor
1 15 900 -376 460 0 0 1 0 1 0 -1 0 0 3020.dat
0 H01034 ELEMENT 302001 MODULE guest-wing-floor
1 15 940 -376 460 0 0 1 0 1 0 -1 0 0 3020.dat
0 H01035 ELEMENT 302001 MODULE guest-wing-floor
1 15 980 -376 460 0 0 1 0 1 0 -1 0 0 3020.dat
0 H01036 ELEMENT 302001 MODULE guest-wing-floor
1 15 1020 -376 460 0 0 1 0 1 0 -1 0 0 3020.dat
0 H01037 ELEMENT 302001 MODULE guest-wing-floor
1 15 920 -376 280 1 0 0 0 1 0 -0 0 1 3020.dat
0 H01038 ELEMENT 302001 MODULE guest-wing-floor
1 15 920 -376 360 1 0 0 0 1 0 -0 0 1 3020.dat
0 H01039 ELEMENT 379501 MODULE guest-wing-floor
1 15 860 -376 220 1 0 0 0 1 0 -0 0 1 3795.dat
0 H01040 ELEMENT 379501 MODULE guest-wing-floor
1 15 980 -376 220 1 0 0 0 1 0 -0 0 1 3795.dat
0 H01041 ELEMENT 4514842 MODULE guest-wing-floor
1 15 1050 -376 320 0 0 1 0 1 0 -1 0 0 60479.dat
0 H01042 ELEMENT 4514842 MODULE guest-wing-floor
1 15 1070 -376 320 0 0 1 0 1 0 -1 0 0 60479.dat
0 H01043 ELEMENT 379501 MODULE guest-wing-floor
1 15 820 -376 300 0 0 1 0 1 0 -1 0 0 3795.dat
0 H01044 ELEMENT 379501 MODULE guest-wing-floor
1 15 860 -376 300 0 0 1 0 1 0 -1 0 0 3795.dat
0 H01045 ELEMENT 346001 MODULE guest-wing-floor
1 15 960 -376 250 1 0 0 0 1 0 -0 0 1 3460.dat
0 H01046 ELEMENT 379501 MODULE guest-wing-floor
1 15 980 -376 320 0 0 1 0 1 0 -1 0 0 3795.dat
0 H01047 ELEMENT 379501 MODULE guest-wing-floor
1 15 1020 -376 320 0 0 1 0 1 0 -1 0 0 3795.dat
0 H01048 ELEMENT 302001 MODULE guest-wing-floor
1 15 920 -376 320 1 0 0 0 1 0 -0 0 1 3020.dat
0 H01049 ELEMENT 302001 MODULE guest-wing-floor
1 15 840 -376 380 1 0 0 0 1 0 -0 0 1 3020.dat
0 H01050 ELEMENT 379501 MODULE guest-wing-floor
1 15 940 -376 400 1 0 0 0 1 0 -0 0 1 3795.dat
0 H01051 ELEMENT 302201 MODULE guest-wing-floor
1 15 1020 -376 400 1 0 0 0 1 0 -0 0 1 3022.dat
0 H01052 ELEMENT 371001 MODULE guest-wing-floor
1 15 840 -376 410 1 0 0 0 1 0 -0 0 1 3710.dat
0 H01053 ELEMENT 302301 MODULE guest-wing-floor
1 15 820 -376 430 1 0 0 0 1 0 -0 0 1 3023b.dat
0 H01054 ELEMENT 243226 MODULE guest-balcony
1 0 920 -408 490 1 0 0 0 1 0 -0 0 1 2432.dat
0 H01055 ELEMENT 243226 MODULE guest-balcony
1 0 960 -408 490 1 0 0 0 1 0 -0 0 1 2432.dat
0 H01273 ELEMENT 447701 MODULE connector-floor
1 15 660 -368 90 1 0 0 0 1 0 -0 0 1 4477.dat
0 H01274 ELEMENT 346001 MODULE connector-floor
1 15 770 -368 160 0 0 1 0 1 0 -1 0 0 3460.dat
0 H01275 ELEMENT 346001 MODULE connector-floor
1 15 790 -368 160 0 0 1 0 1 0 -1 0 0 3460.dat
0 H01276 ELEMENT 447701 MODULE connector-floor
1 15 660 -368 110 1 0 0 0 1 0 -0 0 1 4477.dat
0 H01277 ELEMENT 447701 MODULE connector-floor
1 15 660 -368 130 1 0 0 0 1 0 -0 0 1 4477.dat
0 H01278 ELEMENT 447701 MODULE connector-floor
1 15 660 -368 150 1 0 0 0 1 0 -0 0 1 4477.dat
0 H01279 ELEMENT 447701 MODULE connector-floor
1 15 660 -368 170 1 0 0 0 1 0 -0 0 1 4477.dat
0 H01280 ELEMENT 447701 MODULE connector-floor
1 15 660 -368 190 1 0 0 0 1 0 -0 0 1 4477.dat
0 H01281 ELEMENT 346001 MODULE connector-floor
1 15 640 -368 210 1 0 0 0 1 0 -0 0 1 3460.dat
0 H01282 ELEMENT 302201 MODULE connector-floor
1 15 740 -368 220 1 0 0 0 1 0 -0 0 1 3022.dat
0 H01283 ELEMENT 346001 MODULE connector-floor
1 15 640 -368 230 1 0 0 0 1 0 -0 0 1 3460.dat
0 H01284 ELEMENT 346001 MODULE connector-floor
1 15 640 -376 90 1 0 0 0 1 0 -0 0 1 3460.dat
0 H01285 ELEMENT 346001 MODULE connector-floor
1 15 730 -376 160 0 0 1 0 1 0 -1 0 0 3460.dat
0 H01286 ELEMENT 302001 MODULE connector-floor
1 15 760 -376 120 0 0 1 0 1 0 -1 0 0 3020.dat
0 H01287 ELEMENT 346001 MODULE connector-floor
1 15 790 -376 160 0 0 1 0 1 0 -1 0 0 3460.dat
0 H01288 ELEMENT 302001 MODULE connector-floor
1 15 600 -376 120 1 0 0 0 1 0 -0 0 1 3020.dat
0 H01289 ELEMENT 302001 MODULE connector-floor
1 15 680 -376 120 1 0 0 0 1 0 -0 0 1 3020.dat
0 H01290 ELEMENT 346001 MODULE connector-floor
1 15 640 -376 150 1 0 0 0 1 0 -0 0 1 3460.dat
0 H01291 ELEMENT 346001 MODULE connector-floor
1 15 640 -376 170 1 0 0 0 1 0 -0 0 1 3460.dat
0 H01292 ELEMENT 302001 MODULE connector-floor
1 15 760 -376 200 0 0 1 0 1 0 -1 0 0 3020.dat
0 H01293 ELEMENT 346001 MODULE connector-floor
1 15 640 -376 190 1 0 0 0 1 0 -0 0 1 3460.dat
0 H01294 ELEMENT 302001 MODULE connector-floor
1 15 600 -376 220 1 0 0 0 1 0 -0 0 1 3020.dat
0 H01295 ELEMENT 302001 MODULE connector-floor
1 15 680 -376 220 1 0 0 0 1 0 -0 0 1 3020.dat
0 STEP
0 H00482 ELEMENT 243226 MODULE balconies-2
1 0 160 -592 410 1 0 0 0 1 0 -0 0 1 2432.dat
0 H00483 ELEMENT 243226 MODULE balconies-2
1 0 200 -592 410 1 0 0 0 1 0 -0 0 1 2432.dat
0 H00484 ELEMENT 306226 MODULE balconies-2
1 0 130 -584 410 1 0 0 0 1 0 -0 0 1 3062b.dat
0 H00485 ELEMENT 307026 MODULE balconies-2
1 0 130 -592 410 1 0 0 0 1 0 -0 0 1 3070b.dat
0 H00486 ELEMENT 306226 MODULE balconies-2
1 0 230 -584 410 1 0 0 0 1 0 -0 0 1 3062b.dat
0 H00487 ELEMENT 307026 MODULE balconies-2
1 0 230 -592 410 1 0 0 0 1 0 -0 0 1 3070b.dat
0 H00488 ELEMENT 4211183 MODULE balconies-2
1 70 130 -584 390 1 0 0 0 1 0 -0 0 1 3062b.dat
0 H00489 ELEMENT 6209673 MODULE balconies-2
1 31 130 -608 390 1 0 0 0 1 0 -0 0 1 3062b.dat
0 H00490 ELEMENT 6229130 MODULE balconies-2
1 2 130 -616 390 1 0 0 0 1 0 -0 0 1 32607.dat
0 H00491 ELEMENT 6299813 MODULE balconies-2
1 14 130 -624 390 1 0 0 0 1 0 -0 0 1 24866.dat
0 H00492 ELEMENT 4211183 MODULE balconies-2
1 70 230 -584 390 1 0 0 0 1 0 -0 0 1 3062b.dat
0 H00493 ELEMENT 6209673 MODULE balconies-2
1 31 230 -608 390 1 0 0 0 1 0 -0 0 1 3062b.dat
0 H00494 ELEMENT 6229130 MODULE balconies-2
1 2 230 -616 390 -1 0 0 0 1 0 -0 0 -1 32607.dat
0 H00495 ELEMENT 6299813 MODULE balconies-2
1 14 230 -624 390 1 0 0 0 1 0 -0 0 1 24866.dat
0 H00496 ELEMENT 243226 MODULE balconies-2
1 0 300 -592 390 1 0 0 0 1 0 -0 0 1 2432.dat
0 H00497 ELEMENT 243226 MODULE balconies-2
1 0 340 -592 390 1 0 0 0 1 0 -0 0 1 2432.dat
0 STEP
0 H00498 ELEMENT 4162465 MODULE storey-3
1 19 110 -584 350 1 0 0 0 1 0 -0 0 1 3622.dat
0 H00499 ELEMENT 4162465 MODULE storey-3
1 19 250 -584 350 1 0 0 0 1 0 -0 0 1 3622.dat
0 H00500 ELEMENT 4162465 MODULE storey-3
1 19 390 -584 350 1 0 0 0 1 0 -0 0 1 3622.dat
0 H00501 ELEMENT 4109995 MODULE storey-3
1 19 520 -584 350 1 0 0 0 1 0 -0 0 1 3004.dat
0 H00502 ELEMENT 4159553 MODULE storey-3
1 19 550 -568 350 1 0 0 0 1 0 -0 0 1 3024.dat
0 H00503 ELEMENT 4159553 MODULE storey-3
1 19 550 -576 350 1 0 0 0 1 0 -0 0 1 3024.dat
0 H00504 ELEMENT 4159553 MODULE storey-3
1 19 550 -584 350 1 0 0 0 1 0 -0 0 1 3024.dat
0 H00505 ELEMENT 4579260 MODULE storey-3
1 19 110 -656 350 -1 0 0 0 1 0 -0 0 -1 87087.dat
0 H00506 ELEMENT 371028 MODULE storey-3
1 2 110 -636 368 0 0 1 -1 0 0 0 -1 0 3710.dat
0 H00507 ELEMENT 4579260 MODULE storey-3
1 19 250 -656 350 -1 0 0 0 1 0 -0 0 -1 87087.dat
0 H00508 ELEMENT 371028 MODULE storey-3
1 2 250 -636 368 0 0 1 -1 0 0 0 -1 0 3710.dat
0 H00509 ELEMENT 4579260 MODULE storey-3
1 19 390 -656 350 -1 0 0 0 1 0 -0 0 -1 87087.dat
0 H00510 ELEMENT 371028 MODULE storey-3
1 2 390 -636 368 0 0 1 -1 0 0 0 -1 0 3710.dat
0 H00511 ELEMENT 4558952 MODULE storey-3
1 15 530 -656 350 -1 0 0 0 1 0 -0 0 -1 87087.dat
0 H00512 ELEMENT 371028 MODULE storey-3
1 2 530 -636 368 0 0 1 -1 0 0 0 -1 0 3710.dat
0 H00513 ELEMENT 4112980 MODULE storey-3
1 19 90 -704 350 1 0 0 0 1 0 -0 0 1 2453a.dat
0 H00514 ELEMENT 4159553 MODULE storey-3
1 19 110 -592 350 1 0 0 0 1 0 -0 0 1 3024.dat
0 H00515 ELEMENT 4159553 MODULE storey-3
1 19 250 -592 350 1 0 0 0 1 0 -0 0 1 3024.dat
0 H00516 ELEMENT 4159553 MODULE storey-3
1 19 390 -592 350 1 0 0 0 1 0 -0 0 1 3024.dat
0 H00517 ELEMENT 4109995 MODULE storey-3
1 19 540 -608 350 1 0 0 0 1 0 -0 0 1 3004.dat
0 H00518 ELEMENT 4159553 MODULE storey-3
1 19 110 -600 350 1 0 0 0 1 0 -0 0 1 3024.dat
0 H00519 ELEMENT 4159553 MODULE storey-3
1 19 250 -600 350 1 0 0 0 1 0 -0 0 1 3024.dat
0 H00520 ELEMENT 4159553 MODULE storey-3
1 19 390 -600 350 1 0 0 0 1 0 -0 0 1 3024.dat
0 H00521 ELEMENT 4159553 MODULE storey-3
1 19 110 -608 350 1 0 0 0 1 0 -0 0 1 3024.dat
0 H00522 ELEMENT 4159553 MODULE storey-3
1 19 250 -608 350 1 0 0 0 1 0 -0 0 1 3024.dat
0 H00523 ELEMENT 4159553 MODULE storey-3
1 19 390 -608 350 1 0 0 0 1 0 -0 0 1 3024.dat
0 H00524 ELEMENT 4159553 MODULE storey-3
1 19 110 -616 350 1 0 0 0 1 0 -0 0 1 3024.dat
0 H00525 ELEMENT 4159553 MODULE storey-3
1 19 250 -616 350 1 0 0 0 1 0 -0 0 1 3024.dat
0 H00526 ELEMENT 4159553 MODULE storey-3
1 19 390 -616 350 1 0 0 0 1 0 -0 0 1 3024.dat
0 H00527 ELEMENT 4109995 MODULE storey-3
1 19 540 -632 350 1 0 0 0 1 0 -0 0 1 3004.dat
0 H00528 ELEMENT 4159553 MODULE storey-3
1 19 110 -624 350 1 0 0 0 1 0 -0 0 1 3024.dat
0 H00529 ELEMENT 4159553 MODULE storey-3
1 19 250 -624 350 1 0 0 0 1 0 -0 0 1 3024.dat
0 H00530 ELEMENT 4159553 MODULE storey-3
1 19 390 -624 350 1 0 0 0 1 0 -0 0 1 3024.dat
0 H00531 ELEMENT 4159553 MODULE storey-3
1 19 110 -632 350 1 0 0 0 1 0 -0 0 1 3024.dat
0 H00532 ELEMENT 4159553 MODULE storey-3
1 19 250 -632 350 1 0 0 0 1 0 -0 0 1 3024.dat
0 H00533 ELEMENT 4159553 MODULE storey-3
1 19 390 -632 350 1 0 0 0 1 0 -0 0 1 3024.dat
0 H00534 ELEMENT 6057517 MODULE storey-3
1 19 550 -704 350 1 0 0 0 1 0 -0 0 1 14716.dat
0 H00535 ELEMENT 4159553 MODULE storey-3
1 19 110 -664 350 1 0 0 0 1 0 -0 0 1 3024.dat
0 H00536 ELEMENT 4159553 MODULE storey-3
1 19 250 -664 350 1 0 0 0 1 0 -0 0 1 3024.dat
0 H00537 ELEMENT 4159553 MODULE storey-3
1 19 390 -664 350 1 0 0 0 1 0 -0 0 1 3024.dat
0 H00538 ELEMENT 4159553 MODULE storey-3
1 19 530 -664 350 1 0 0 0 1 0 -0 0 1 3024.dat
0 H00539 ELEMENT 4159553 MODULE storey-3
1 19 110 -672 350 1 0 0 0 1 0 -0 0 1 3024.dat
0 H00540 ELEMENT 4159553 MODULE storey-3
1 19 250 -672 350 1 0 0 0 1 0 -0 0 1 3024.dat
0 H00541 ELEMENT 4159553 MODULE storey-3
1 19 390 -672 350 1 0 0 0 1 0 -0 0 1 3024.dat
0 H00542 ELEMENT 4159553 MODULE storey-3
1 19 530 -672 350 1 0 0 0 1 0 -0 0 1 3024.dat
0 H00543 ELEMENT 4159553 MODULE storey-3
1 19 110 -680 350 1 0 0 0 1 0 -0 0 1 3024.dat
0 H00544 ELEMENT 4159553 MODULE storey-3
1 19 250 -680 350 1 0 0 0 1 0 -0 0 1 3024.dat
0 H00545 ELEMENT 4159553 MODULE storey-3
1 19 390 -680 350 1 0 0 0 1 0 -0 0 1 3024.dat
0 H00546 ELEMENT 4159553 MODULE storey-3
1 19 530 -680 350 1 0 0 0 1 0 -0 0 1 3024.dat
0 H00547 ELEMENT 4159553 MODULE storey-3
1 19 110 -688 350 1 0 0 0 1 0 -0 0 1 3024.dat
0 H00548 ELEMENT 4159553 MODULE storey-3
1 19 250 -688 350 1 0 0 0 1 0 -0 0 1 3024.dat
0 H00549 ELEMENT 4159553 MODULE storey-3
1 19 390 -688 350 1 0 0 0 1 0 -0 0 1 3024.dat
0 H00550 ELEMENT 4159553 MODULE storey-3
1 19 530 -688 350 1 0 0 0 1 0 -0 0 1 3024.dat
0 H00551 ELEMENT 4159553 MODULE storey-3
1 19 110 -696 350 1 0 0 0 1 0 -0 0 1 3024.dat
0 H00552 ELEMENT 4159553 MODULE storey-3
1 19 250 -696 350 1 0 0 0 1 0 -0 0 1 3024.dat
0 H00553 ELEMENT 4159553 MODULE storey-3
1 19 390 -696 350 1 0 0 0 1 0 -0 0 1 3024.dat
0 H00554 ELEMENT 4159553 MODULE storey-3
1 19 530 -696 350 1 0 0 0 1 0 -0 0 1 3024.dat
0 H00555 ELEMENT 4159553 MODULE storey-3
1 19 110 -704 350 1 0 0 0 1 0 -0 0 1 3024.dat
0 H00556 ELEMENT 4159553 MODULE storey-3
1 19 250 -704 350 1 0 0 0 1 0 -0 0 1 3024.dat
0 H00557 ELEMENT 4159553 MODULE storey-3
1 19 390 -704 350 1 0 0 0 1 0 -0 0 1 3024.dat
0 H00558 ELEMENT 4159553 MODULE storey-3
1 19 530 -704 350 1 0 0 0 1 0 -0 0 1 3024.dat
0 H00559 ELEMENT 4159774 MODULE storey-3
1 19 160 -728 350 1 0 0 0 1 0 -0 0 1 3008.dat
0 H00560 ELEMENT 4159774 MODULE storey-3
1 19 320 -728 350 1 0 0 0 1 0 -0 0 1 3008.dat
0 H00561 ELEMENT 4159774 MODULE storey-3
1 19 480 -728 350 1 0 0 0 1 0 -0 0 1 3008.dat
0 H00562 ELEMENT 6055541 MODULE storey-3
1 15 130 -656 350 1 0 0 0 1 0 -0 0 1 14716.dat
0 H00563 ELEMENT 6055541 MODULE storey-3
1 15 230 -656 350 1 0 0 0 1 0 -0 0 1 14716.dat
0 H00564 ELEMENT 6106183 MODULE storey-3
1 15 180 -704 350 1 0 0 0 1 0 -0 0 1 15254.dat
0 H00565 ELEMENT 301001 MODULE storey-3
1 15 180 -584 330 1 0 0 0 1 0 -0 0 1 3010.dat
0 H00566 ELEMENT 300101 MODULE storey-3
1 15 180 -584 360 1 0 0 0 1 0 -0 0 1 3001.dat
0 H00567 ELEMENT 4530589 MODULE storey-3
1 0 180 -656 330 1 0 0 0 1 0 -0 0 1 60594.dat
0 H00568 ELEMENT 6514142 MODULE storey-3
1 47 180 -648 334 1 0 0 0 1 0 -0 0 1 86210.dat
0 H00569 ELEMENT 362226 MODULE storey-3
1 0 170 -680 330 1 0 0 0 1 0 -0 0 1 3622.dat
0 H00570 ELEMENT 300526 MODULE storey-3
1 0 210 -680 330 1 0 0 0 1 0 -0 0 1 3005.dat
0 H00571 ELEMENT 362226 MODULE storey-3
1 0 170 -704 330 1 0 0 0 1 0 -0 0 1 3622.dat
0 H00572 ELEMENT 300526 MODULE storey-3
1 0 210 -704 330 1 0 0 0 1 0 -0 0 1 3005.dat
0 H00573 ELEMENT 4550324 MODULE storey-3
1 19 180 -592 370 1 0 0 0 1 0 -0 0 1 2431.dat
0 H00574 ELEMENT 6055541 MODULE storey-3
1 15 270 -656 350 1 0 0 0 1 0 -0 0 1 14716.dat
0 H00575 ELEMENT 6055541 MODULE storey-3
1 15 370 -656 350 1 0 0 0 1 0 -0 0 1 14716.dat
0 H00576 ELEMENT 6106183 MODULE storey-3
1 15 320 -704 350 1 0 0 0 1 0 -0 0 1 15254.dat
0 H00577 ELEMENT 301001 MODULE storey-3
1 15 320 -584 330 1 0 0 0 1 0 -0 0 1 3010.dat
0 H00578 ELEMENT 300101 MODULE storey-3
1 15 320 -584 360 1 0 0 0 1 0 -0 0 1 3001.dat
0 H00579 ELEMENT 4530589 MODULE storey-3
1 0 320 -656 330 1 0 0 0 1 0 -0 0 1 60594.dat
0 H00580 ELEMENT 6514142 MODULE storey-3
1 47 320 -648 334 1 0 0 0 1 0 -0 0 1 86210.dat
0 H00581 ELEMENT 362226 MODULE storey-3
1 0 310 -680 330 1 0 0 0 1 0 -0 0 1 3622.dat
0 H00582 ELEMENT 300526 MODULE storey-3
1 0 350 -680 330 1 0 0 0 1 0 -0 0 1 3005.dat
0 H00583 ELEMENT 362226 MODULE storey-3
1 0 310 -704 330 1 0 0 0 1 0 -0 0 1 3622.dat
0 H00584 ELEMENT 300526 MODULE storey-3
1 0 350 -704 330 1 0 0 0 1 0 -0 0 1 3005.dat
0 H00585 ELEMENT 4550324 MODULE storey-3
1 19 320 -592 370 1 0 0 0 1 0 -0 0 1 2431.dat
0 H00586 ELEMENT 6055541 MODULE storey-3
1 15 410 -656 350 1 0 0 0 1 0 -0 0 1 14716.dat
0 H00587 ELEMENT 6055541 MODULE storey-3
1 15 510 -656 350 1 0 0 0 1 0 -0 0 1 14716.dat
0 H00588 ELEMENT 6106183 MODULE storey-3
1 15 460 -704 350 1 0 0 0 1 0 -0 0 1 15254.dat
0 H00589 ELEMENT 301001 MODULE storey-3
1 15 460 -584 330 1 0 0 0 1 0 -0 0 1 3010.dat
0 H00590 ELEMENT 300101 MODULE storey-3
1 15 460 -584 360 1 0 0 0 1 0 -0 0 1 3001.dat
0 H00591 ELEMENT 4530589 MODULE storey-3
1 0 460 -656 330 1 0 0 0 1 0 -0 0 1 60594.dat
0 H00592 ELEMENT 6514142 MODULE storey-3
1 47 460 -648 334 1 0 0 0 1 0 -0 0 1 86210.dat
0 H00593 ELEMENT 362226 MODULE storey-3
1 0 450 -680 330 1 0 0 0 1 0 -0 0 1 3622.dat
0 H00594 ELEMENT 300526 MODULE storey-3
1 0 490 -680 330 1 0 0 0 1 0 -0 0 1 3005.dat
0 H00595 ELEMENT 362226 MODULE storey-3
1 0 450 -704 330 1 0 0 0 1 0 -0 0 1 3622.dat
0 H00596 ELEMENT 300526 MODULE storey-3
1 0 490 -704 330 1 0 0 0 1 0 -0 0 1 3005.dat
0 H00597 ELEMENT 4550324 MODULE storey-3
1 19 460 -592 370 1 0 0 0 1 0 -0 0 1 2431.dat
0 H00598 ELEMENT 4112982 MODULE storey-3
1 19 90 -584 140 0 0 1 0 1 0 -1 0 0 3009.dat
0 H00599 ELEMENT 4112982 MODULE storey-3
1 19 90 -584 260 0 0 1 0 1 0 -1 0 0 3009.dat
0 H00600 ELEMENT 4159553 MODULE storey-3
1 19 90 -568 330 1 0 0 0 1 0 -0 0 1 3024.dat
0 H00601 ELEMENT 4159553 MODULE storey-3
1 19 90 -576 330 1 0 0 0 1 0 -0 0 1 3024.dat
0 H00602 ELEMENT 4159553 MODULE storey-3
1 19 90 -584 330 1 0 0 0 1 0 -0 0 1 3024.dat
0 H00603 ELEMENT 245301 MODULE storey-3
1 15 90 -704 90 1 0 0 0 1 0 -0 0 1 2453a.dat
0 H00604 ELEMENT 245301 MODULE storey-3
1 15 90 -704 310 1 0 0 0 1 0 -0 0 1 2453a.dat
0 H00605 ELEMENT 245301 MODULE storey-3
1 15 90 -704 330 1 0 0 0 1 0 -0 0 1 2453a.dat
0 H00606 ELEMENT 6146877 MODULE storey-3
1 19 90 -656 140 0 0 1 0 1 0 -1 0 0 60581.dat
0 H00607 ELEMENT 4113916 MODULE storey-3
1 19 90 -680 140 0 0 1 0 1 0 -1 0 0 3010.dat
0 H00608 ELEMENT 4113916 MODULE storey-3
1 19 90 -704 140 0 0 1 0 1 0 -1 0 0 3010.dat
0 H00609 ELEMENT 6055541 MODULE storey-3
1 15 90 -656 190 1 0 0 0 1 0 -0 0 1 14716.dat
0 H00610 ELEMENT 6055541 MODULE storey-3
1 15 90 -656 290 1 0 0 0 1 0 -0 0 1 14716.dat
0 H00611 ELEMENT 6106183 MODULE storey-3
1 15 90 -704 240 0 0 1 0 1 0 -1 0 0 15254.dat
0 H00612 ELEMENT 4112982 MODULE storey-3
1 19 90 -728 140 0 0 1 0 1 0 -1 0 0 3009.dat
0 H00613 ELEMENT 4112982 MODULE storey-3
1 19 90 -728 260 0 0 1 0 1 0 -1 0 0 3009.dat
0 H00614 ELEMENT 4159553 MODULE storey-3
1 19 90 -712 330 1 0 0 0 1 0 -0 0 1 3024.dat
0 H00615 ELEMENT 4159553 MODULE storey-3
1 19 90 -720 330 1 0 0 0 1 0 -0 0 1 3024.dat
0 H00616 ELEMENT 4159553 MODULE storey-3
1 19 90 -728 330 1 0 0 0 1 0 -0 0 1 3024.dat
0 H00617 ELEMENT 301001 MODULE storey-3
1 15 110 -584 240 0 0 1 0 1 0 -1 0 0 3010.dat
0 H00618 ELEMENT 4530590 MODULE storey-3
1 15 110 -656 240 0 0 1 0 1 0 -1 0 0 60594.dat
0 H00619 ELEMENT 6514142 MODULE storey-3
1 47 114 -648 240 0 0 1 0 1 0 -1 0 0 86210.dat
0 H00620 ELEMENT 362226 MODULE storey-3
1 0 110 -680 230 0 0 1 0 1 0 -1 0 0 3622.dat
0 H00621 ELEMENT 300526 MODULE storey-3
1 0 110 -680 270 1 0 0 0 1 0 -0 0 1 3005.dat
0 H00622 ELEMENT 362226 MODULE storey-3
1 0 110 -704 230 0 0 1 0 1 0 -1 0 0 3622.dat
0 H00623 ELEMENT 300526 MODULE storey-3
1 0 110 -704 270 1 0 0 0 1 0 -0 0 1 3005.dat
0 H00624 ELEMENT 4112982 MODULE storey-3
1 19 550 -584 140 0 0 1 0 1 0 -1 0 0 3009.dat
0 H00625 ELEMENT 4112982 MODULE storey-3
1 19 550 -584 260 0 0 1 0 1 0 -1 0 0 3009.dat
0 H00626 ELEMENT 4159553 MODULE storey-3
1 19 550 -568 330 1 0 0 0 1 0 -0 0 1 3024.dat
0 H00627 ELEMENT 4159553 MODULE storey-3
1 19 550 -576 330 1 0 0 0 1 0 -0 0 1 3024.dat
0 H00628 ELEMENT 4159553 MODULE storey-3
1 19 550 -584 330 1 0 0 0 1 0 -0 0 1 3024.dat
0 H00629 ELEMENT 245301 MODULE storey-3
1 15 550 -704 90 1 0 0 0 1 0 -0 0 1 2453a.dat
0 H00630 ELEMENT 245301 MODULE storey-3
1 15 550 -704 310 1 0 0 0 1 0 -0 0 1 2453a.dat
0 H00631 ELEMENT 245301 MODULE storey-3
1 15 550 -704 330 1 0 0 0 1 0 -0 0 1 2453a.dat
0 H00632 ELEMENT 6146877 MODULE storey-3
1 19 550 -656 140 0 0 1 0 1 0 -1 0 0 60581.dat
0 H00633 ELEMENT 4113916 MODULE storey-3
1 19 550 -680 140 0 0 1 0 1 0 -1 0 0 3010.dat
0 H00634 ELEMENT 4113916 MODULE storey-3
1 19 550 -704 140 0 0 1 0 1 0 -1 0 0 3010.dat
0 H00635 ELEMENT 6055541 MODULE storey-3
1 15 550 -656 190 1 0 0 0 1 0 -0 0 1 14716.dat
0 H00636 ELEMENT 300501 MODULE storey-3
1 15 550 -608 290 1 0 0 0 1 0 -0 0 1 3005.dat
0 H00637 ELEMENT 300501 MODULE storey-3
1 15 550 -632 290 1 0 0 0 1 0 -0 0 1 3005.dat
0 H00638 ELEMENT 300501 MODULE storey-3
1 15 550 -656 290 1 0 0 0 1 0 -0 0 1 3005.dat
0 H00639 ELEMENT 6106183 MODULE storey-3
1 15 550 -704 240 0 0 1 0 1 0 -1 0 0 15254.dat
0 H00640 ELEMENT 4112982 MODULE storey-3
1 19 550 -728 140 0 0 1 0 1 0 -1 0 0 3009.dat
0 H00641 ELEMENT 4112982 MODULE storey-3
1 19 550 -728 260 0 0 1 0 1 0 -1 0 0 3009.dat
0 H00642 ELEMENT 4159553 MODULE storey-3
1 19 550 -712 330 1 0 0 0 1 0 -0 0 1 3024.dat
0 H00643 ELEMENT 4159553 MODULE storey-3
1 19 550 -720 330 1 0 0 0 1 0 -0 0 1 3024.dat
0 H00644 ELEMENT 4159553 MODULE storey-3
1 19 550 -728 330 1 0 0 0 1 0 -0 0 1 3024.dat
0 H00645 ELEMENT 301001 MODULE storey-3
1 15 530 -584 240 0 0 1 0 1 0 -1 0 0 3010.dat
0 H00646 ELEMENT 4530590 MODULE storey-3
1 15 530 -656 240 0 0 1 0 1 0 -1 0 0 60594.dat
0 H00647 ELEMENT 6514142 MODULE storey-3
1 47 534 -648 240 0 0 1 0 1 0 -1 0 0 86210.dat
0 H00648 ELEMENT 362226 MODULE storey-3
1 0 530 -680 230 0 0 1 0 1 0 -1 0 0 3622.dat
0 H00649 ELEMENT 300526 MODULE storey-3
1 0 530 -680 270 1 0 0 0 1 0 -0 0 1 3005.dat
0 H00650 ELEMENT 362226 MODULE storey-3
1 0 530 -704 230 0 0 1 0 1 0 -1 0 0 3622.dat
0 H00651 ELEMENT 302426 MODULE storey-3
1 0 530 -688 270 1 0 0 0 1 0 -0 0 1 3024.dat
0 H00652 ELEMENT 302426 MODULE storey-3
1 0 530 -696 270 1 0 0 0 1 0 -0 0 1 3024.dat
0 H00653 ELEMENT 302426 MODULE storey-3
1 0 530 -704 270 1 0 0 0 1 0 -0 0 1 3024.dat
0 H00654 ELEMENT 246501 MODULE storey-3
1 15 260 -584 90 1 0 0 0 1 0 -0 0 1 2465.dat
0 H00655 ELEMENT 300901 MODULE storey-3
1 15 480 -584 90 1 0 0 0 1 0 -0 0 1 3009.dat
0 H00656 ELEMENT 6262945 MODULE storey-3
1 15 200 -728 90 1 0 0 0 1 0 -0 0 1 60596.dat
0 H00657 ELEMENT 6514119 MODULE storey-3
1 47 168 -728 95 1 0 0 0 1 0 -0 0 1 60616a.dat
0 H00658 ELEMENT 6262945 MODULE storey-3
1 15 400 -728 90 1 0 0 0 1 0 -0 0 1 60596.dat
0 H00659 ELEMENT 6514119 MODULE storey-3
1 47 368 -728 95 1 0 0 0 1 0 -0 0 1 60616a.dat
0 H00660 ELEMENT 245301 MODULE storey-3
1 15 110 -704 90 1 0 0 0 1 0 -0 0 1 2453a.dat
0 H00661 ELEMENT 245301 MODULE storey-3
1 15 130 -704 90 1 0 0 0 1 0 -0 0 1 2453a.dat
0 H00662 ELEMENT 300501 MODULE storey-3
1 15 150 -608 90 1 0 0 0 1 0 -0 0 1 3005.dat
0 H00663 ELEMENT 300901 MODULE storey-3
1 15 300 -608 90 1 0 0 0 1 0 -0 0 1 3009.dat
0 H00664 ELEMENT 301001 MODULE storey-3
1 15 480 -608 90 1 0 0 0 1 0 -0 0 1 3010.dat
0 H00665 ELEMENT 300501 MODULE storey-3
1 15 530 -608 90 1 0 0 0 1 0 -0 0 1 3005.dat
0 H00666 ELEMENT 300501 MODULE storey-3
1 15 150 -632 90 1 0 0 0 1 0 -0 0 1 3005.dat
0 H00667 ELEMENT 300901 MODULE storey-3
1 15 300 -632 90 1 0 0 0 1 0 -0 0 1 3009.dat
0 H00668 ELEMENT 301001 MODULE storey-3
1 15 480 -632 90 1 0 0 0 1 0 -0 0 1 3010.dat
0 H00669 ELEMENT 300501 MODULE storey-3
1 15 530 -632 90 1 0 0 0 1 0 -0 0 1 3005.dat
0 H00670 ELEMENT 300501 MODULE storey-3
1 15 150 -656 90 1 0 0 0 1 0 -0 0 1 3005.dat
0 H00671 ELEMENT 300901 MODULE storey-3
1 15 300 -656 90 1 0 0 0 1 0 -0 0 1 3009.dat
0 H00672 ELEMENT 301001 MODULE storey-3
1 15 480 -656 90 1 0 0 0 1 0 -0 0 1 3010.dat
0 H00673 ELEMENT 300501 MODULE storey-3
1 15 530 -656 90 1 0 0 0 1 0 -0 0 1 3005.dat
0 H00674 ELEMENT 300501 MODULE storey-3
1 15 150 -680 90 1 0 0 0 1 0 -0 0 1 3005.dat
0 H00675 ELEMENT 300901 MODULE storey-3
1 15 300 -680 90 1 0 0 0 1 0 -0 0 1 3009.dat
0 H00676 ELEMENT 301001 MODULE storey-3
1 15 480 -680 90 1 0 0 0 1 0 -0 0 1 3010.dat
0 H00677 ELEMENT 300501 MODULE storey-3
1 15 530 -680 90 1 0 0 0 1 0 -0 0 1 3005.dat
0 H00678 ELEMENT 300501 MODULE storey-3
1 15 150 -704 90 1 0 0 0 1 0 -0 0 1 3005.dat
0 H00679 ELEMENT 300901 MODULE storey-3
1 15 300 -704 90 1 0 0 0 1 0 -0 0 1 3009.dat
0 H00680 ELEMENT 301001 MODULE storey-3
1 15 480 -704 90 1 0 0 0 1 0 -0 0 1 3010.dat
0 H00681 ELEMENT 300501 MODULE storey-3
1 15 530 -704 90 1 0 0 0 1 0 -0 0 1 3005.dat
0 H00682 ELEMENT 362201 MODULE storey-3
1 15 130 -728 90 1 0 0 0 1 0 -0 0 1 3622.dat
0 H00683 ELEMENT 300901 MODULE storey-3
1 15 300 -728 90 1 0 0 0 1 0 -0 0 1 3009.dat
0 H00684 ELEMENT 301001 MODULE storey-3
1 15 480 -728 90 1 0 0 0 1 0 -0 0 1 3010.dat
0 H00685 ELEMENT 300501 MODULE storey-3
1 15 530 -728 90 1 0 0 0 1 0 -0 0 1 3005.dat
0 STEP
0 H00686 ELEMENT 303201 MODULE floor-and-cornice-3
1 15 120 -736 100 1 0 0 0 1 0 -0 0 1 3032.dat
0 H00687 ELEMENT 244501 MODULE floor-and-cornice-3
1 15 300 -736 80 1 0 0 0 1 0 -0 0 1 2445.dat
0 H00688 ELEMENT 303201 MODULE floor-and-cornice-3
1 15 480 -736 100 1 0 0 0 1 0 -0 0 1 3032.dat
0 H00689 ELEMENT 383201 MODULE floor-and-cornice-3
1 15 560 -736 160 0 0 1 0 1 0 -1 0 0 3832.dat
0 H00690 ELEMENT 383201 MODULE floor-and-cornice-3
1 15 280 -736 120 1 0 0 0 1 0 -0 0 1 3832.dat
0 H00691 ELEMENT 383201 MODULE floor-and-cornice-3
1 15 400 -736 200 0 0 1 0 1 0 -1 0 0 3832.dat
0 H00692 ELEMENT 383201 MODULE floor-and-cornice-3
1 15 160 -736 160 1 0 0 0 1 0 -0 0 1 3832.dat
0 H00693 ELEMENT 383201 MODULE floor-and-cornice-3
1 15 280 -736 240 0 0 1 0 1 0 -1 0 0 3832.dat
0 H00694 ELEMENT 383201 MODULE floor-and-cornice-3
1 15 320 -736 240 0 0 1 0 1 0 -1 0 0 3832.dat
0 H00695 ELEMENT 383201 MODULE floor-and-cornice-3
1 15 360 -736 240 0 0 1 0 1 0 -1 0 0 3832.dat
0 H00696 ELEMENT 383201 MODULE floor-and-cornice-3
1 15 440 -736 240 0 0 1 0 1 0 -1 0 0 3832.dat
0 H00697 ELEMENT 303401 MODULE floor-and-cornice-3
1 15 480 -736 220 0 0 1 0 1 0 -1 0 0 3034.dat
0 H00698 ELEMENT 303401 MODULE floor-and-cornice-3
1 15 520 -736 220 0 0 1 0 1 0 -1 0 0 3034.dat
0 H00699 ELEMENT 303401 MODULE floor-and-cornice-3
1 15 140 -736 200 1 0 0 0 1 0 -0 0 1 3034.dat
0 H00700 ELEMENT 303401 MODULE floor-and-cornice-3
1 15 240 -736 260 0 0 1 0 1 0 -1 0 0 3034.dat
0 H00701 ELEMENT 303401 MODULE floor-and-cornice-3
1 15 140 -736 240 1 0 0 0 1 0 -0 0 1 3034.dat
0 H00702 ELEMENT 303401 MODULE floor-and-cornice-3
1 15 140 -736 280 1 0 0 0 1 0 -0 0 1 3034.dat
0 H00703 ELEMENT 379501 MODULE floor-and-cornice-3
1 15 560 -736 320 0 0 1 0 1 0 -1 0 0 3795.dat
0 H00704 ELEMENT 303401 MODULE floor-and-cornice-3
1 15 140 -736 320 1 0 0 0 1 0 -0 0 1 3034.dat
0 H00705 ELEMENT 302001 MODULE floor-and-cornice-3
1 15 400 -736 340 0 0 1 0 1 0 -1 0 0 3020.dat
0 H00706 ELEMENT 4243812 MODULE floor-and-cornice-3
1 15 500 -736 340 1 0 0 0 1 0 -0 0 1 3031.dat
0 H00707 ELEMENT 303401 MODULE floor-and-cornice-3
1 15 140 -736 360 1 0 0 0 1 0 -0 0 1 3034.dat
0 H00708 ELEMENT 303401 MODULE floor-and-cornice-3
1 15 300 -736 360 1 0 0 0 1 0 -0 0 1 3034.dat
0 H00709 ELEMENT 302201 MODULE floor-and-cornice-3
1 15 440 -736 360 1 0 0 0 1 0 -0 0 1 3022.dat
0 H00710 ELEMENT 303401 MODULE floor-and-cornice-3
1 15 140 -744 80 1 0 0 0 1 0 -0 0 1 3034.dat
0 H00711 ELEMENT 303401 MODULE floor-and-cornice-3
1 15 300 -744 80 1 0 0 0 1 0 -0 0 1 3034.dat
0 H00712 ELEMENT 303401 MODULE floor-and-cornice-3
1 15 460 -744 80 1 0 0 0 1 0 -0 0 1 3034.dat
0 H00713 ELEMENT 303401 MODULE floor-and-cornice-3
1 15 560 -744 140 0 0 1 0 1 0 -1 0 0 3034.dat
0 H00714 ELEMENT 303401 MODULE floor-and-cornice-3
1 15 140 -744 120 1 0 0 0 1 0 -0 0 1 3034.dat
0 H00715 ELEMENT 4243812 MODULE floor-and-cornice-3
1 15 260 -744 140 1 0 0 0 1 0 -0 0 1 3031.dat
0 H00716 ELEMENT 303401 MODULE floor-and-cornice-3
1 15 380 -744 120 1 0 0 0 1 0 -0 0 1 3034.dat
0 H00717 ELEMENT 4243812 MODULE floor-and-cornice-3
1 15 500 -744 140 1 0 0 0 1 0 -0 0 1 3031.dat
0 H00718 ELEMENT 303401 MODULE floor-and-cornice-3
1 15 140 -744 160 1 0 0 0 1 0 -0 0 1 3034.dat
0 H00719 ELEMENT 4243812 MODULE floor-and-cornice-3
1 15 340 -744 180 1 0 0 0 1 0 -0 0 1 3031.dat
0 H00720 ELEMENT 303401 MODULE floor-and-cornice-3
1 15 400 -744 220 0 0 1 0 1 0 -1 0 0 3034.dat
0 H00721 ELEMENT 303401 MODULE floor-and-cornice-3
1 15 440 -744 220 0 0 1 0 1 0 -1 0 0 3034.dat
0 H00722 ELEMENT 4243812 MODULE floor-and-cornice-3
1 15 100 -744 220 1 0 0 0 1 0 -0 0 1 3031.dat
0 H00723 ELEMENT 4243812 MODULE floor-and-cornice-3
1 15 180 -744 220 1 0 0 0 1 0 -0 0 1 3031.dat
0 H00724 ELEMENT 303401 MODULE floor-and-cornice-3
1 15 240 -744 260 0 0 1 0 1 0 -1 0 0 3034.dat
0 H00725 ELEMENT 303401 MODULE floor-and-cornice-3
1 15 280 -744 260 0 0 1 0 1 0 -1 0 0 3034.dat
0 H00726 ELEMENT 4243812 MODULE floor-and-cornice-3
1 15 500 -744 220 1 0 0 0 1 0 -0 0 1 3031.dat
0 H00727 ELEMENT 4243812 MODULE floor-and-cornice-3
1 15 340 -744 260 1 0 0 0 1 0 -0 0 1 3031.dat
0 H00728 ELEMENT 303401 MODULE floor-and-cornice-3
1 15 560 -744 300 0 0 1 0 1 0 -1 0 0 3034.dat
0 H00729 ELEMENT 4243812 MODULE floor-and-cornice-3
1 15 100 -744 300 1 0 0 0 1 0 -0 0 1 3031.dat
0 H00730 ELEMENT 4243812 MODULE floor-and-cornice-3
1 15 180 -744 300 1 0 0 0 1 0 -0 0 1 3031.dat
0 H00731 ELEMENT 4243812 MODULE floor-and-cornice-3
1 15 500 -744 300 1 0 0 0 1 0 -0 0 1 3031.dat
0 H00732 ELEMENT 303401 MODULE floor-and-cornice-3
1 15 380 -744 320 1 0 0 0 1 0 -0 0 1 3034.dat
0 H00733 ELEMENT 303401 MODULE floor-and-cornice-3
1 15 140 -744 360 1 0 0 0 1 0 -0 0 1 3034.dat
0 H00734 ELEMENT 379501 MODULE floor-and-cornice-3
1 15 280 -744 360 1 0 0 0 1 0 -0 0 1 3795.dat
0 H00735 ELEMENT 379501 MODULE floor-and-cornice-3
1 15 400 -744 360 1 0 0 0 1 0 -0 0 1 3795.dat
0 H00736 ELEMENT 302001 MODULE floor-and-cornice-3
1 15 500 -744 360 1 0 0 0 1 0 -0 0 1 3020.dat
0 STEP
0 H01056 ELEMENT 611201 MODULE guest-wing
1 15 920 -400 430 1 0 0 0 1 0 -0 0 1 6112.dat
0 H01057 ELEMENT 300401 MODULE guest-wing
1 15 1060 -400 430 1 0 0 0 1 0 -0 0 1 3004.dat
0 H01058 ELEMENT 300501 MODULE guest-wing
1 15 810 -424 430 1 0 0 0 1 0 -0 0 1 3005.dat
0 H01059 ELEMENT 300501 MODULE guest-wing
1 15 1070 -424 430 1 0 0 0 1 0 -0 0 1 3005.dat
0 H01060 ELEMENT 300501 MODULE guest-wing
1 15 810 -448 430 1 0 0 0 1 0 -0 0 1 3005.dat
0 H01061 ELEMENT 300501 MODULE guest-wing
1 15 1070 -448 430 1 0 0 0 1 0 -0 0 1 3005.dat
0 H01062 ELEMENT 300501 MODULE guest-wing
1 15 810 -472 430 1 0 0 0 1 0 -0 0 1 3005.dat
0 H01063 ELEMENT 300501 MODULE guest-wing
1 15 1070 -472 430 1 0 0 0 1 0 -0 0 1 3005.dat
0 H01064 ELEMENT 300501 MODULE guest-wing
1 15 810 -496 430 1 0 0 0 1 0 -0 0 1 3005.dat
0 H01065 ELEMENT 300501 MODULE guest-wing
1 15 1070 -496 430 1 0 0 0 1 0 -0 0 1 3005.dat
0 H01066 ELEMENT 300501 MODULE guest-wing
1 15 810 -520 430 1 0 0 0 1 0 -0 0 1 3005.dat
0 H01067 ELEMENT 300501 MODULE guest-wing
1 15 1070 -520 430 1 0 0 0 1 0 -0 0 1 3005.dat
0 H01068 ELEMENT 300501 MODULE guest-wing
1 15 830 -424 430 1 0 0 0 1 0 -0 0 1 3005.dat
0 H01069 ELEMENT 300501 MODULE guest-wing
1 15 830 -448 430 1 0 0 0 1 0 -0 0 1 3005.dat
0 H01070 ELEMENT 300501 MODULE guest-wing
1 15 830 -472 430 1 0 0 0 1 0 -0 0 1 3005.dat
0 H01071 ELEMENT 300501 MODULE guest-wing
1 15 930 -424 430 1 0 0 0 1 0 -0 0 1 3005.dat
0 H01072 ELEMENT 300501 MODULE guest-wing
1 15 930 -448 430 1 0 0 0 1 0 -0 0 1 3005.dat
0 H01073 ELEMENT 300501 MODULE guest-wing
1 15 930 -472 430 1 0 0 0 1 0 -0 0 1 3005.dat
0 H01074 ELEMENT 6106183 MODULE guest-wing
1 15 880 -520 430 1 0 0 0 1 0 -0 0 1 15254.dat
0 H01075 ELEMENT 300501 MODULE guest-wing
1 15 950 -424 430 1 0 0 0 1 0 -0 0 1 3005.dat
0 H01076 ELEMENT 300501 MODULE guest-wing
1 15 950 -448 430 1 0 0 0 1 0 -0 0 1 3005.dat
0 H01077 ELEMENT 300501 MODULE guest-wing
1 15 950 -472 430 1 0 0 0 1 0 -0 0 1 3005.dat
0 H01078 ELEMENT 300501 MODULE guest-wing
1 15 1050 -424 430 1 0 0 0 1 0 -0 0 1 3005.dat
0 H01079 ELEMENT 300501 MODULE guest-wing
1 15 1050 -448 430 1 0 0 0 1 0 -0 0 1 3005.dat
0 H01080 ELEMENT 300501 MODULE guest-wing
1 15 1050 -472 430 1 0 0 0 1 0 -0 0 1 3005.dat
0 H01081 ELEMENT 6106183 MODULE guest-wing
1 15 1000 -520 430 1 0 0 0 1 0 -0 0 1 15254.dat
0 H01082 ELEMENT 611201 MODULE guest-wing
1 15 920 -544 430 1 0 0 0 1 0 -0 0 1 6112.dat
0 H01083 ELEMENT 300401 MODULE guest-wing
1 15 1060 -544 430 1 0 0 0 1 0 -0 0 1 3004.dat
0 H01084 ELEMENT 301001 MODULE guest-wing
1 15 880 -400 410 1 0 0 0 1 0 -0 0 1 3010.dat
0 H01085 ELEMENT 4530590 MODULE guest-wing
1 15 880 -472 410 1 0 0 0 1 0 -0 0 1 60594.dat
0 H01086 ELEMENT 6514142 MODULE guest-wing
1 47 880 -464 414 1 0 0 0 1 0 -0 0 1 86210.dat
0 H01087 ELEMENT 300426 MODULE guest-wing
1 0 860 -496 410 1 0 0 0 1 0 -0 0 1 3004.dat
0 H01088 ELEMENT 300426 MODULE guest-wing
1 0 900 -496 410 1 0 0 0 1 0 -0 0 1 3004.dat
0 H01089 ELEMENT 300426 MODULE guest-wing
1 0 860 -520 410 1 0 0 0 1 0 -0 0 1 3004.dat
0 H01090 ELEMENT 300426 MODULE guest-wing
1 0 900 -520 410 1 0 0 0 1 0 -0 0 1 3004.dat
0 H01091 ELEMENT 301001 MODULE guest-wing
1 15 1000 -400 410 1 0 0 0 1 0 -0 0 1 3010.dat
0 H01092 ELEMENT 4530590 MODULE guest-wing
1 15 1000 -472 410 1 0 0 0 1 0 -0 0 1 60594.dat
0 H01093 ELEMENT 300426 MODULE guest-wing
1 0 980 -496 410 1 0 0 0 1 0 -0 0 1 3004.dat
0 H01094 ELEMENT 300426 MODULE guest-wing
1 0 1020 -496 410 1 0 0 0 1 0 -0 0 1 3004.dat
0 H01095 ELEMENT 300426 MODULE guest-wing
1 0 980 -520 410 1 0 0 0 1 0 -0 0 1 3004.dat
0 H01096 ELEMENT 300426 MODULE guest-wing
1 0 1020 -520 410 1 0 0 0 1 0 -0 0 1 3004.dat
0 H01097 ELEMENT 300801 MODULE guest-wing
1 15 810 -400 300 0 0 1 0 1 0 -1 0 0 3008.dat
0 H01098 ELEMENT 300401 MODULE guest-wing
1 15 810 -400 400 0 0 1 0 1 0 -1 0 0 3004.dat
0 H01099 ELEMENT 300801 MODULE guest-wing
1 15 810 -424 300 0 0 1 0 1 0 -1 0 0 3008.dat
0 H01100 ELEMENT 300401 MODULE guest-wing
1 15 810 -424 400 0 0 1 0 1 0 -1 0 0 3004.dat
0 H01101 ELEMENT 300801 MODULE guest-wing
1 15 810 -448 300 0 0 1 0 1 0 -1 0 0 3008.dat
0 H01102 ELEMENT 300401 MODULE guest-wing
1 15 810 -448 400 0 0 1 0 1 0 -1 0 0 3004.dat
0 H01103 ELEMENT 300801 MODULE guest-wing
1 15 810 -472 300 0 0 1 0 1 0 -1 0 0 3008.dat
0 H01104 ELEMENT 300401 MODULE guest-wing
1 15 810 -472 400 0 0 1 0 1 0 -1 0 0 3004.dat
0 H01105 ELEMENT 300801 MODULE guest-wing
1 15 810 -496 300 0 0 1 0 1 0 -1 0 0 3008.dat
0 H01106 ELEMENT 300401 MODULE guest-wing
1 15 810 -496 400 0 0 1 0 1 0 -1 0 0 3004.dat
0 H01107 ELEMENT 300801 MODULE guest-wing
1 15 810 -520 300 0 0 1 0 1 0 -1 0 0 3008.dat
0 H01108 ELEMENT 300401 MODULE guest-wing
1 15 810 -520 400 0 0 1 0 1 0 -1 0 0 3004.dat
0 H01109 ELEMENT 300801 MODULE guest-wing
1 15 810 -544 300 0 0 1 0 1 0 -1 0 0 3008.dat
0 H01110 ELEMENT 300401 MODULE guest-wing
1 15 810 -544 400 0 0 1 0 1 0 -1 0 0 3004.dat
0 H01111 ELEMENT 300801 MODULE guest-wing
1 15 1070 -400 300 0 0 1 0 1 0 -1 0 0 3008.dat
0 H01112 ELEMENT 300401 MODULE guest-wing
1 15 1070 -400 400 0 0 1 0 1 0 -1 0 0 3004.dat
0 H01113 ELEMENT 300401 MODULE guest-wing
1 15 1070 -424 240 0 0 1 0 1 0 -1 0 0 3004.dat
0 H01114 ELEMENT 300401 MODULE guest-wing
1 15 1070 -424 400 0 0 1 0 1 0 -1 0 0 3004.dat
0 H01115 ELEMENT 300401 MODULE guest-wing
1 15 1070 -448 240 0 0 1 0 1 0 -1 0 0 3004.dat
0 H01116 ELEMENT 300401 MODULE guest-wing
1 15 1070 -448 400 0 0 1 0 1 0 -1 0 0 3004.dat
0 H01117 ELEMENT 300401 MODULE guest-wing
1 15 1070 -472 240 0 0 1 0 1 0 -1 0 0 3004.dat
0 H01118 ELEMENT 300401 MODULE guest-wing
1 15 1070 -472 400 0 0 1 0 1 0 -1 0 0 3004.dat
0 H01119 ELEMENT 300401 MODULE guest-wing
1 15 1070 -496 240 0 0 1 0 1 0 -1 0 0 3004.dat
0 H01120 ELEMENT 300401 MODULE guest-wing
1 15 1070 -496 400 0 0 1 0 1 0 -1 0 0 3004.dat
0 H01121 ELEMENT 300401 MODULE guest-wing
1 15 1070 -520 240 0 0 1 0 1 0 -1 0 0 3004.dat
0 H01122 ELEMENT 300401 MODULE guest-wing
1 15 1070 -520 400 0 0 1 0 1 0 -1 0 0 3004.dat
0 H01123 ELEMENT 300501 MODULE guest-wing
1 15 1070 -424 270 1 0 0 0 1 0 -0 0 1 3005.dat
0 H01124 ELEMENT 300501 MODULE guest-wing
1 15 1070 -448 270 1 0 0 0 1 0 -0 0 1 3005.dat
0 H01125 ELEMENT 300501 MODULE guest-wing
1 15 1070 -472 270 1 0 0 0 1 0 -0 0 1 3005.dat
0 H01126 ELEMENT 300501 MODULE guest-wing
1 15 1070 -424 370 1 0 0 0 1 0 -0 0 1 3005.dat
0 H01127 ELEMENT 300501 MODULE guest-wing
1 15 1070 -448 370 1 0 0 0 1 0 -0 0 1 3005.dat
0 H01128 ELEMENT 302401 MODULE guest-wing
1 15 1070 -456 370 1 0 0 0 1 0 -0 0 1 3024.dat
0 H01129 ELEMENT 302401 MODULE guest-wing
1 15 1070 -464 370 1 0 0 0 1 0 -0 0 1 3024.dat
0 H01130 ELEMENT 302401 MODULE guest-wing
1 15 1070 -472 370 1 0 0 0 1 0 -0 0 1 3024.dat
0 H01131 ELEMENT 6106183 MODULE guest-wing
1 15 1070 -520 320 0 0 1 0 1 0 -1 0 0 15254.dat
0 H01132 ELEMENT 300801 MODULE guest-wing
1 15 1070 -544 300 0 0 1 0 1 0 -1 0 0 3008.dat
0 H01133 ELEMENT 300401 MODULE guest-wing
1 15 1070 -544 400 0 0 1 0 1 0 -1 0 0 3004.dat
0 H01134 ELEMENT 301001 MODULE guest-wing
1 15 1050 -400 320 0 0 1 0 1 0 -1 0 0 3010.dat
0 H01135 ELEMENT 4530590 MODULE guest-wing
1 15 1050 -472 320 0 0 1 0 1 0 -1 0 0 60594.dat
0 H01136 ELEMENT 300426 MODULE guest-wing
1 0 1050 -496 300 0 0 1 0 1 0 -1 0 0 3004.dat
0 H01137 ELEMENT 300426 MODULE guest-wing
1 0 1050 -496 340 0 0 1 0 1 0 -1 0 0 3004.dat
0 H01138 ELEMENT 300426 MODULE guest-wing
1 0 1050 -520 300 0 0 1 0 1 0 -1 0 0 3004.dat
0 H01139 ELEMENT 300426 MODULE guest-wing
1 0 1050 -520 340 0 0 1 0 1 0 -1 0 0 3004.dat
0 H01140 ELEMENT 611201 MODULE guest-wing
1 15 920 -400 210 1 0 0 0 1 0 -0 0 1 6112.dat
0 H01141 ELEMENT 300401 MODULE guest-wing
1 15 1060 -400 210 1 0 0 0 1 0 -0 0 1 3004.dat
0 H01142 ELEMENT 6262945 MODULE guest-wing
1 15 880 -544 210 1 0 0 0 1 0 -0 0 1 60596.dat
0 H01143 ELEMENT 6514119 MODULE guest-wing
1 47 848 -544 215 1 0 0 0 1 0 -0 0 1 60616a.dat
0 H01144 ELEMENT 6262945 MODULE guest-wing
1 15 1000 -544 210 1 0 0 0 1 0 -0 0 1 60596.dat
0 H01145 ELEMENT 6514119 MODULE guest-wing
1 47 968 -544 215 1 0 0 0 1 0 -0 0 1 60616a.dat
0 H01146 ELEMENT 300401 MODULE guest-wing
1 15 820 -424 210 1 0 0 0 1 0 -0 0 1 3004.dat
0 H01147 ELEMENT 300401 MODULE guest-wing
1 15 940 -424 210 1 0 0 0 1 0 -0 0 1 3004.dat
0 H01148 ELEMENT 300401 MODULE guest-wing
1 15 1060 -424 210 1 0 0 0 1 0 -0 0 1 3004.dat
0 H01149 ELEMENT 300401 MODULE guest-wing
1 15 820 -448 210 1 0 0 0 1 0 -0 0 1 3004.dat
0 H01150 ELEMENT 300401 MODULE guest-wing
1 15 940 -448 210 1 0 0 0 1 0 -0 0 1 3004.dat
0 H01151 ELEMENT 300401 MODULE guest-wing
1 15 1060 -448 210 1 0 0 0 1 0 -0 0 1 3004.dat
0 H01152 ELEMENT 300401 MODULE guest-wing
1 15 820 -472 210 1 0 0 0 1 0 -0 0 1 3004.dat
0 H01153 ELEMENT 300401 MODULE guest-wing
1 15 940 -472 210 1 0 0 0 1 0 -0 0 1 3004.dat
0 H01154 ELEMENT 300401 MODULE guest-wing
1 15 1060 -472 210 1 0 0 0 1 0 -0 0 1 3004.dat
0 H01155 ELEMENT 300401 MODULE guest-wing
1 15 820 -496 210 1 0 0 0 1 0 -0 0 1 3004.dat
0 H01156 ELEMENT 300401 MODULE guest-wing
1 15 940 -496 210 1 0 0 0 1 0 -0 0 1 3004.dat
0 H01157 ELEMENT 300401 MODULE guest-wing
1 15 1060 -496 210 1 0 0 0 1 0 -0 0 1 3004.dat
0 H01158 ELEMENT 300401 MODULE guest-wing
1 15 820 -520 210 1 0 0 0 1 0 -0 0 1 3004.dat
0 H01159 ELEMENT 300401 MODULE guest-wing
1 15 940 -520 210 1 0 0 0 1 0 -0 0 1 3004.dat
0 H01160 ELEMENT 300401 MODULE guest-wing
1 15 1060 -520 210 1 0 0 0 1 0 -0 0 1 3004.dat
0 H01161 ELEMENT 300401 MODULE guest-wing
1 15 820 -544 210 1 0 0 0 1 0 -0 0 1 3004.dat
0 H01162 ELEMENT 300401 MODULE guest-wing
1 15 940 -544 210 1 0 0 0 1 0 -0 0 1 3004.dat
0 H01163 ELEMENT 300401 MODULE guest-wing
1 15 1060 -544 210 1 0 0 0 1 0 -0 0 1 3004.dat
0 STEP
0 H01164 ELEMENT 4514842 MODULE guest-wing-floor
1 15 920 -552 210 1 0 0 0 1 0 -0 0 1 60479.dat
0 H01165 ELEMENT 4514842 MODULE guest-wing-floor
1 15 1050 -552 320 0 0 1 0 1 0 -1 0 0 60479.dat
0 H01166 ELEMENT 4514842 MODULE guest-wing-floor
1 15 1070 -552 320 0 0 1 0 1 0 -1 0 0 60479.dat
0 H01167 ELEMENT 4514842 MODULE guest-wing-floor
1 15 920 -552 230 1 0 0 0 1 0 -0 0 1 60479.dat
0 H01168 ELEMENT 4514842 MODULE guest-wing-floor
1 15 920 -552 250 1 0 0 0 1 0 -0 0 1 60479.dat
0 H01169 ELEMENT 447701 MODULE guest-wing-floor
1 15 900 -552 270 1 0 0 0 1 0 -0 0 1 4477.dat
0 H01170 ELEMENT 346001 MODULE guest-wing-floor
1 15 1010 -552 340 0 0 1 0 1 0 -1 0 0 3460.dat
0 H01171 ELEMENT 346001 MODULE guest-wing-floor
1 15 1030 -552 340 0 0 1 0 1 0 -1 0 0 3460.dat
0 H01172 ELEMENT 447701 MODULE guest-wing-floor
1 15 900 -552 290 1 0 0 0 1 0 -0 0 1 4477.dat
0 H01173 ELEMENT 447701 MODULE guest-wing-floor
1 15 900 -552 310 1 0 0 0 1 0 -0 0 1 4477.dat
0 H01174 ELEMENT 447701 MODULE guest-wing-floor
1 15 900 -552 330 1 0 0 0 1 0 -0 0 1 4477.dat
0 H01175 ELEMENT 447701 MODULE guest-wing-floor
1 15 900 -552 350 1 0 0 0 1 0 -0 0 1 4477.dat
0 H01176 ELEMENT 447701 MODULE guest-wing-floor
1 15 900 -552 370 1 0 0 0 1 0 -0 0 1 4477.dat
0 H01177 ELEMENT 447701 MODULE guest-wing-floor
1 15 900 -552 390 1 0 0 0 1 0 -0 0 1 4477.dat
0 H01178 ELEMENT 447701 MODULE guest-wing-floor
1 15 900 -552 410 1 0 0 0 1 0 -0 0 1 4477.dat
0 H01179 ELEMENT 447701 MODULE guest-wing-floor
1 15 900 -552 430 1 0 0 0 1 0 -0 0 1 4477.dat
0 H01180 ELEMENT 302301 MODULE guest-wing-floor
1 15 1020 -552 430 1 0 0 0 1 0 -0 0 1 3023b.dat
0 H01181 ELEMENT 302001 MODULE guest-wing-floor
1 15 920 -560 280 1 0 0 0 1 0 -0 0 1 3020.dat
0 H01182 ELEMENT 302001 MODULE guest-wing-floor
1 15 920 -560 360 1 0 0 0 1 0 -0 0 1 3020.dat
0 H01183 ELEMENT 447701 MODULE guest-wing-floor
1 15 900 -560 210 1 0 0 0 1 0 -0 0 1 4477.dat
0 H01184 ELEMENT 447701 MODULE guest-wing-floor
1 15 1010 -560 300 0 0 1 0 1 0 -1 0 0 4477.dat
0 H01185 ELEMENT 447701 MODULE guest-wing-floor
1 15 1030 -560 300 0 0 1 0 1 0 -1 0 0 4477.dat
0 H01186 ELEMENT 447701 MODULE guest-wing-floor
1 15 1050 -560 300 0 0 1 0 1 0 -1 0 0 4477.dat
0 H01187 ELEMENT 447701 MODULE guest-wing-floor
1 15 1070 -560 300 0 0 1 0 1 0 -1 0 0 4477.dat
0 H01188 ELEMENT 447701 MODULE guest-wing-floor
1 15 900 -560 230 1 0 0 0 1 0 -0 0 1 4477.dat
0 H01189 ELEMENT 447701 MODULE guest-wing-floor
1 15 900 -560 250 1 0 0 0 1 0 -0 0 1 4477.dat
0 H01190 ELEMENT 346001 MODULE guest-wing-floor
1 15 810 -560 340 0 0 1 0 1 0 -1 0 0 3460.dat
0 H01191 ELEMENT 302001 MODULE guest-wing-floor
1 15 840 -560 300 0 0 1 0 1 0 -1 0 0 3020.dat
0 H01192 ELEMENT 346001 MODULE guest-wing-floor
1 15 870 -560 340 0 0 1 0 1 0 -1 0 0 3460.dat
0 H01193 ELEMENT 302001 MODULE guest-wing-floor
1 15 980 -560 300 0 0 1 0 1 0 -1 0 0 3020.dat
0 H01194 ELEMENT 302001 MODULE guest-wing-floor
1 15 920 -560 320 1 0 0 0 1 0 -0 0 1 3020.dat
0 H01195 ELEMENT 302001 MODULE guest-wing-floor
1 15 840 -560 380 0 0 1 0 1 0 -1 0 0 3020.dat
0 H01196 ELEMENT 302001 MODULE guest-wing-floor
1 15 980 -560 380 0 0 1 0 1 0 -1 0 0 3020.dat
0 H01197 ELEMENT 302001 MODULE guest-wing-floor
1 15 920 -560 400 1 0 0 0 1 0 -0 0 1 3020.dat
0 H01198 ELEMENT 302001 MODULE guest-wing-floor
1 15 1040 -560 420 1 0 0 0 1 0 -0 0 1 3020.dat
0 H01199 ELEMENT 447701 MODULE guest-wing-floor
1 15 900 -560 430 1 0 0 0 1 0 -0 0 1 4477.dat
0 STEP
0 H02446 ELEMENT 4114026 MODULE courtyard-pergola
1 19 160 -200 430 1 0 0 0 1 0 -0 0 1 3069b.dat
0 H02447 ELEMENT 4114026 MODULE courtyard-pergola
1 19 300 -200 430 1 0 0 0 1 0 -0 0 1 3069b.dat
0 H02448 ELEMENT 4114026 MODULE courtyard-pergola
1 19 340 -200 430 1 0 0 0 1 0 -0 0 1 3069b.dat
0 H02449 ELEMENT 307001 MODULE courtyard-pergola
1 15 290 -200 450 1 0 0 0 1 0 -0 0 1 3070b.dat
0 H02450 ELEMENT 307001 MODULE courtyard-pergola
1 15 350 -200 450 1 0 0 0 1 0 -0 0 1 3070b.dat
0 H02451 ELEMENT 307001 MODULE courtyard-pergola
1 15 130 -200 570 1 0 0 0 1 0 -0 0 1 3070b.dat
0 H02452 ELEMENT 307001 MODULE courtyard-pergola
1 15 190 -200 570 1 0 0 0 1 0 -0 0 1 3070b.dat
0 H02453 ELEMENT 307001 MODULE courtyard-pergola
1 15 290 -200 570 1 0 0 0 1 0 -0 0 1 3070b.dat
0 H02454 ELEMENT 307001 MODULE courtyard-pergola
1 15 350 -200 570 1 0 0 0 1 0 -0 0 1 3070b.dat
0 H02455 ELEMENT 4211149 MODULE courtyard-pergola
1 70 160 -216 450 1 0 0 0 1 0 -0 0 1 3004.dat
0 H02456 ELEMENT 4211149 MODULE courtyard-pergola
1 70 160 -240 450 1 0 0 0 1 0 -0 0 1 3004.dat
0 H02457 ELEMENT 4211149 MODULE courtyard-pergola
1 70 160 -264 450 1 0 0 0 1 0 -0 0 1 3004.dat
0 H02458 ELEMENT 4211149 MODULE courtyard-pergola
1 70 160 -288 450 1 0 0 0 1 0 -0 0 1 3004.dat
0 H02459 ELEMENT 4211149 MODULE courtyard-pergola
1 70 160 -312 450 1 0 0 0 1 0 -0 0 1 3004.dat
0 H02460 ELEMENT 4211149 MODULE courtyard-pergola
1 70 320 -216 450 1 0 0 0 1 0 -0 0 1 3004.dat
0 H02461 ELEMENT 4211149 MODULE courtyard-pergola
1 70 320 -240 450 1 0 0 0 1 0 -0 0 1 3004.dat
0 H02462 ELEMENT 4211149 MODULE courtyard-pergola
1 70 320 -264 450 1 0 0 0 1 0 -0 0 1 3004.dat
0 H02463 ELEMENT 4211149 MODULE courtyard-pergola
1 70 320 -288 450 1 0 0 0 1 0 -0 0 1 3004.dat
0 H02464 ELEMENT 6361793 MODULE courtyard-pergola
1 70 320 -312 450 1 0 0 0 1 0 -0 0 1 98283.dat
0 H02465 ELEMENT 6226437 MODULE courtyard-pergola
1 308 150 -216 570 1 0 0 0 1 0 -0 0 1 3005.dat
0 H02466 ELEMENT 6226437 MODULE courtyard-pergola
1 308 170 -216 570 1 0 0 0 1 0 -0 0 1 3005.dat
0 H02467 ELEMENT 4211242 MODULE courtyard-pergola
1 70 150 -240 570 1 0 0 0 1 0 -0 0 1 3005.dat
0 H02468 ELEMENT 4211242 MODULE courtyard-pergola
1 70 170 -240 570 1 0 0 0 1 0 -0 0 1 3005.dat
0 H02469 ELEMENT 4211242 MODULE courtyard-pergola
1 70 150 -264 570 1 0 0 0 1 0 -0 0 1 3005.dat
0 H02470 ELEMENT 4211242 MODULE courtyard-pergola
1 70 170 -264 570 1 0 0 0 1 0 -0 0 1 3005.dat
0 H02471 ELEMENT 4211242 MODULE courtyard-pergola
1 70 150 -288 570 1 0 0 0 1 0 -0 0 1 3005.dat
0 H02472 ELEMENT 6194729 MODULE courtyard-pergola
1 308 170 -272 570 1 0 0 0 1 0 -0 0 1 3024.dat
0 H02473 ELEMENT 6194729 MODULE courtyard-pergola
1 308 170 -280 570 1 0 0 0 1 0 -0 0 1 3024.dat
0 H02474 ELEMENT 6194729 MODULE courtyard-pergola
1 308 170 -288 570 1 0 0 0 1 0 -0 0 1 3024.dat
0 H02475 ELEMENT 6058221 MODULE courtyard-pergola
1 308 160 -296 570 1 0 0 0 1 0 -0 0 1 3023b.dat
0 H02476 ELEMENT 6058221 MODULE courtyard-pergola
1 308 160 -304 570 1 0 0 0 1 0 -0 0 1 3023b.dat
0 H02477 ELEMENT 6058221 MODULE courtyard-pergola
1 308 160 -312 570 1 0 0 0 1 0 -0 0 1 3023b.dat
0 H02478 ELEMENT 6058221 MODULE courtyard-pergola
1 308 320 -200 570 1 0 0 0 1 0 -0 0 1 3023b.dat
0 H02479 ELEMENT 6058221 MODULE courtyard-pergola
1 308 320 -208 570 1 0 0 0 1 0 -0 0 1 3023b.dat
0 H02480 ELEMENT 6058221 MODULE courtyard-pergola
1 308 320 -216 570 1 0 0 0 1 0 -0 0 1 3023b.dat
0 H02481 ELEMENT 6058221 MODULE courtyard-pergola
1 308 320 -224 570 1 0 0 0 1 0 -0 0 1 3023b.dat
0 H02482 ELEMENT 6058221 MODULE courtyard-pergola
1 308 320 -232 570 1 0 0 0 1 0 -0 0 1 3023b.dat
0 H02483 ELEMENT 6058221 MODULE courtyard-pergola
1 308 320 -240 570 1 0 0 0 1 0 -0 0 1 3023b.dat
0 H02484 ELEMENT 6058221 MODULE courtyard-pergola
1 308 320 -248 570 1 0 0 0 1 0 -0 0 1 3023b.dat
0 H02485 ELEMENT 6058221 MODULE courtyard-pergola
1 308 320 -256 570 1 0 0 0 1 0 -0 0 1 3023b.dat
0 H02486 ELEMENT 6058221 MODULE courtyard-pergola
1 308 320 -264 570 1 0 0 0 1 0 -0 0 1 3023b.dat
0 H02487 ELEMENT 6058221 MODULE courtyard-pergola
1 308 320 -272 570 1 0 0 0 1 0 -0 0 1 3023b.dat
0 H02488 ELEMENT 6058221 MODULE courtyard-pergola
1 308 320 -280 570 1 0 0 0 1 0 -0 0 1 3023b.dat
0 H02489 ELEMENT 6058221 MODULE courtyard-pergola
1 308 320 -288 570 1 0 0 0 1 0 -0 0 1 3023b.dat
0 H02490 ELEMENT 6058221 MODULE courtyard-pergola
1 308 320 -296 570 1 0 0 0 1 0 -0 0 1 3023b.dat
0 H02491 ELEMENT 6058221 MODULE courtyard-pergola
1 308 320 -304 570 1 0 0 0 1 0 -0 0 1 3023b.dat
0 H02492 ELEMENT 6058221 MODULE courtyard-pergola
1 308 320 -312 570 1 0 0 0 1 0 -0 0 1 3023b.dat
0 H02493 ELEMENT 4223683 MODULE courtyard-pergola
1 70 240 -320 450 1 0 0 0 1 0 -0 0 1 4477.dat
0 H02494 ELEMENT 4519946 MODULE courtyard-pergola
1 308 220 -328 450 1 0 0 0 1 0 -0 0 1 3460.dat
0 H02495 ELEMENT 6058221 MODULE courtyard-pergola
1 308 320 -328 450 1 0 0 0 1 0 -0 0 1 3023b.dat
0 H02496 ELEMENT 4223683 MODULE courtyard-pergola
1 70 240 -320 570 1 0 0 0 1 0 -0 0 1 4477.dat
0 H02497 ELEMENT 4519946 MODULE courtyard-pergola
1 308 220 -328 570 1 0 0 0 1 0 -0 0 1 3460.dat
0 H02498 ELEMENT 6058221 MODULE courtyard-pergola
1 308 320 -328 570 1 0 0 0 1 0 -0 0 1 3023b.dat
0 H02499 ELEMENT 4519946 MODULE courtyard-pergola
1 308 150 -336 520 0 0 1 0 1 0 -1 0 0 3460.dat
0 H02500 ELEMENT 4519946 MODULE courtyard-pergola
1 308 190 -336 520 0 0 1 0 1 0 -1 0 0 3460.dat
0 H02501 ELEMENT 4519946 MODULE courtyard-pergola
1 308 230 -336 520 0 0 1 0 1 0 -1 0 0 3460.dat
0 H02502 ELEMENT 4519946 MODULE courtyard-pergola
1 308 270 -336 520 0 0 1 0 1 0 -1 0 0 3460.dat
0 H02503 ELEMENT 4519946 MODULE courtyard-pergola
1 308 310 -336 520 0 0 1 0 1 0 -1 0 0 3460.dat
0 STEP
0 H02504 ELEMENT 4114026 MODULE terrace-balustrade
1 19 320 -200 610 1 0 0 0 1 0 -0 0 1 3069b.dat
0 H02505 ELEMENT 4185177 MODULE terrace-balustrade
1 19 360 -200 620 1 0 0 0 1 0 -0 0 1 3068b.dat
0 H02506 ELEMENT 306901 MODULE terrace-balustrade
1 15 400 -200 610 1 0 0 0 1 0 -0 0 1 3069b.dat
0 H02507 ELEMENT 307001 MODULE terrace-balustrade
1 15 50 -200 630 1 0 0 0 1 0 -0 0 1 3070b.dat
0 H02508 ELEMENT 4558168 MODULE terrace-balustrade
1 15 110 -200 630 1 0 0 0 1 0 -0 0 1 63864.dat
0 H02509 ELEMENT 4558168 MODULE terrace-balustrade
1 15 190 -200 630 1 0 0 0 1 0 -0 0 1 63864.dat
0 H02510 ELEMENT 306901 MODULE terrace-balustrade
1 15 260 -200 630 1 0 0 0 1 0 -0 0 1 3069b.dat
0 H02511 ELEMENT 307001 MODULE terrace-balustrade
1 15 330 -200 630 1 0 0 0 1 0 -0 0 1 3070b.dat
0 H02512 ELEMENT 302401 MODULE terrace-balustrade
1 15 70 -200 630 1 0 0 0 1 0 -0 0 1 3024.dat
0 H02513 ELEMENT 302401 MODULE terrace-balustrade
1 15 70 -208 630 1 0 0 0 1 0 -0 0 1 3024.dat
0 H02514 ELEMENT 302401 MODULE terrace-balustrade
1 15 70 -216 630 1 0 0 0 1 0 -0 0 1 3024.dat
0 H02515 ELEMENT 302401 MODULE terrace-balustrade
1 15 70 -224 630 1 0 0 0 1 0 -0 0 1 3024.dat
0 H02516 ELEMENT 302401 MODULE terrace-balustrade
1 15 70 -232 630 1 0 0 0 1 0 -0 0 1 3024.dat
0 H02517 ELEMENT 302401 MODULE terrace-balustrade
1 15 70 -240 630 1 0 0 0 1 0 -0 0 1 3024.dat
0 H02518 ELEMENT 302401 MODULE terrace-balustrade
1 15 150 -200 630 1 0 0 0 1 0 -0 0 1 3024.dat
0 H02519 ELEMENT 302401 MODULE terrace-balustrade
1 15 150 -208 630 1 0 0 0 1 0 -0 0 1 3024.dat
0 H02520 ELEMENT 302401 MODULE terrace-balustrade
1 15 150 -216 630 1 0 0 0 1 0 -0 0 1 3024.dat
0 H02521 ELEMENT 302401 MODULE terrace-balustrade
1 15 150 -224 630 1 0 0 0 1 0 -0 0 1 3024.dat
0 H02522 ELEMENT 302401 MODULE terrace-balustrade
1 15 150 -232 630 1 0 0 0 1 0 -0 0 1 3024.dat
0 H02523 ELEMENT 302401 MODULE terrace-balustrade
1 15 150 -240 630 1 0 0 0 1 0 -0 0 1 3024.dat
0 H02524 ELEMENT 302401 MODULE terrace-balustrade
1 15 230 -200 630 1 0 0 0 1 0 -0 0 1 3024.dat
0 H02525 ELEMENT 302401 MODULE terrace-balustrade
1 15 230 -208 630 1 0 0 0 1 0 -0 0 1 3024.dat
0 H02526 ELEMENT 302401 MODULE terrace-balustrade
1 15 230 -216 630 1 0 0 0 1 0 -0 0 1 3024.dat
0 H02527 ELEMENT 302401 MODULE terrace-balustrade
1 15 230 -224 630 1 0 0 0 1 0 -0 0 1 3024.dat
0 H02528 ELEMENT 302401 MODULE terrace-balustrade
1 15 230 -232 630 1 0 0 0 1 0 -0 0 1 3024.dat
0 H02529 ELEMENT 302401 MODULE terrace-balustrade
1 15 230 -240 630 1 0 0 0 1 0 -0 0 1 3024.dat
0 H02530 ELEMENT 302401 MODULE terrace-balustrade
1 15 310 -200 630 1 0 0 0 1 0 -0 0 1 3024.dat
0 H02531 ELEMENT 302401 MODULE terrace-balustrade
1 15 310 -208 630 1 0 0 0 1 0 -0 0 1 3024.dat
0 H02532 ELEMENT 302401 MODULE terrace-balustrade
1 15 310 -216 630 1 0 0 0 1 0 -0 0 1 3024.dat
0 H02533 ELEMENT 302401 MODULE terrace-balustrade
1 15 310 -224 630 1 0 0 0 1 0 -0 0 1 3024.dat
0 H02534 ELEMENT 302401 MODULE terrace-balustrade
1 15 310 -232 630 1 0 0 0 1 0 -0 0 1 3024.dat
0 H02535 ELEMENT 302401 MODULE terrace-balustrade
1 15 310 -240 630 1 0 0 0 1 0 -0 0 1 3024.dat
0 H02536 ELEMENT 302401 MODULE terrace-balustrade
1 15 390 -200 630 1 0 0 0 1 0 -0 0 1 3024.dat
0 H02537 ELEMENT 302401 MODULE terrace-balustrade
1 15 390 -208 630 1 0 0 0 1 0 -0 0 1 3024.dat
0 H02538 ELEMENT 302401 MODULE terrace-balustrade
1 15 390 -216 630 1 0 0 0 1 0 -0 0 1 3024.dat
0 H02539 ELEMENT 302401 MODULE terrace-balustrade
1 15 390 -224 630 1 0 0 0 1 0 -0 0 1 3024.dat
0 H02540 ELEMENT 302401 MODULE terrace-balustrade
1 15 390 -232 630 1 0 0 0 1 0 -0 0 1 3024.dat
0 H02541 ELEMENT 302401 MODULE terrace-balustrade
1 15 390 -240 630 1 0 0 0 1 0 -0 0 1 3024.dat
0 H02542 ELEMENT 302401 MODULE terrace-balustrade
1 15 410 -200 630 1 0 0 0 1 0 -0 0 1 3024.dat
0 H02543 ELEMENT 302401 MODULE terrace-balustrade
1 15 410 -208 630 1 0 0 0 1 0 -0 0 1 3024.dat
0 H02544 ELEMENT 302401 MODULE terrace-balustrade
1 15 410 -216 630 1 0 0 0 1 0 -0 0 1 3024.dat
0 H02545 ELEMENT 302401 MODULE terrace-balustrade
1 15 410 -224 630 1 0 0 0 1 0 -0 0 1 3024.dat
0 H02546 ELEMENT 302401 MODULE terrace-balustrade
1 15 410 -232 630 1 0 0 0 1 0 -0 0 1 3024.dat
0 H02547 ELEMENT 302401 MODULE terrace-balustrade
1 15 410 -240 630 1 0 0 0 1 0 -0 0 1 3024.dat
0 H02548 ELEMENT 346001 MODULE terrace-balustrade
1 15 140 -248 630 1 0 0 0 1 0 -0 0 1 3460.dat
0 H02549 ELEMENT 346001 MODULE terrace-balustrade
1 15 300 -248 630 1 0 0 0 1 0 -0 0 1 3460.dat
0 H02550 ELEMENT 302301 MODULE terrace-balustrade
1 15 400 -248 630 1 0 0 0 1 0 -0 0 1 3023b.dat
0 H02551 ELEMENT 416201 MODULE terrace-balustrade
1 15 140 -256 630 1 0 0 0 1 0 -0 0 1 4162.dat
0 H02552 ELEMENT 416201 MODULE terrace-balustrade
1 15 300 -256 630 1 0 0 0 1 0 -0 0 1 4162.dat
0 H02553 ELEMENT 306901 MODULE terrace-balustrade
1 15 400 -256 630 1 0 0 0 1 0 -0 0 1 3069b.dat
0 H02554 ELEMENT 306901 MODULE terrace-balustrade
1 15 620 -200 610 1 0 0 0 1 0 -0 0 1 3069b.dat
0 H02555 ELEMENT 663601 MODULE terrace-balustrade
1 15 1000 -200 610 1 0 0 0 1 0 -0 0 1 6636.dat
0 H02556 ELEMENT 307001 MODULE terrace-balustrade
1 15 610 -200 630 1 0 0 0 1 0 -0 0 1 3070b.dat
0 H02557 ELEMENT 306901 MODULE terrace-balustrade
1 15 680 -200 630 1 0 0 0 1 0 -0 0 1 3069b.dat
0 H02558 ELEMENT 4558168 MODULE terrace-balustrade
1 15 750 -200 630 1 0 0 0 1 0 -0 0 1 63864.dat
0 H02559 ELEMENT 4558168 MODULE terrace-balustrade
1 15 830 -200 630 1 0 0 0 1 0 -0 0 1 63864.dat
0 H02560 ELEMENT 4558168 MODULE terrace-balustrade
1 15 910 -200 630 1 0 0 0 1 0 -0 0 1 63864.dat
0 H02561 ELEMENT 4558168 MODULE terrace-balustrade
1 15 990 -200 630 1 0 0 0 1 0 -0 0 1 63864.dat
0 H02562 ELEMENT 302401 MODULE terrace-balustrade
1 15 630 -200 630 1 0 0 0 1 0 -0 0 1 3024.dat
0 H02563 ELEMENT 302401 MODULE terrace-balustrade
1 15 630 -208 630 1 0 0 0 1 0 -0 0 1 3024.dat
0 H02564 ELEMENT 302401 MODULE terrace-balustrade
1 15 630 -216 630 1 0 0 0 1 0 -0 0 1 3024.dat
0 H02565 ELEMENT 302401 MODULE terrace-balustrade
1 15 630 -224 630 1 0 0 0 1 0 -0 0 1 3024.dat
0 H02566 ELEMENT 302401 MODULE terrace-balustrade
1 15 630 -232 630 1 0 0 0 1 0 -0 0 1 3024.dat
0 H02567 ELEMENT 302401 MODULE terrace-balustrade
1 15 630 -240 630 1 0 0 0 1 0 -0 0 1 3024.dat
0 H02568 ELEMENT 302401 MODULE terrace-balustrade
1 15 710 -200 630 1 0 0 0 1 0 -0 0 1 3024.dat
0 H02569 ELEMENT 302401 MODULE terrace-balustrade
1 15 710 -208 630 1 0 0 0 1 0 -0 0 1 3024.dat
0 H02570 ELEMENT 302401 MODULE terrace-balustrade
1 15 710 -216 630 1 0 0 0 1 0 -0 0 1 3024.dat
0 H02571 ELEMENT 302401 MODULE terrace-balustrade
1 15 710 -224 630 1 0 0 0 1 0 -0 0 1 3024.dat
0 H02572 ELEMENT 302401 MODULE terrace-balustrade
1 15 710 -232 630 1 0 0 0 1 0 -0 0 1 3024.dat
0 H02573 ELEMENT 302401 MODULE terrace-balustrade
1 15 710 -240 630 1 0 0 0 1 0 -0 0 1 3024.dat
0 H02574 ELEMENT 302401 MODULE terrace-balustrade
1 15 790 -200 630 1 0 0 0 1 0 -0 0 1 3024.dat
0 H02575 ELEMENT 302401 MODULE terrace-balustrade
1 15 790 -208 630 1 0 0 0 1 0 -0 0 1 3024.dat
0 H02576 ELEMENT 302401 MODULE terrace-balustrade
1 15 790 -216 630 1 0 0 0 1 0 -0 0 1 3024.dat
0 H02577 ELEMENT 302401 MODULE terrace-balustrade
1 15 790 -224 630 1 0 0 0 1 0 -0 0 1 3024.dat
0 H02578 ELEMENT 302401 MODULE terrace-balustrade
1 15 790 -232 630 1 0 0 0 1 0 -0 0 1 3024.dat
0 H02579 ELEMENT 302401 MODULE terrace-balustrade
1 15 790 -240 630 1 0 0 0 1 0 -0 0 1 3024.dat
0 H02580 ELEMENT 302401 MODULE terrace-balustrade
1 15 870 -200 630 1 0 0 0 1 0 -0 0 1 3024.dat
0 H02581 ELEMENT 302401 MODULE terrace-balustrade
1 15 870 -208 630 1 0 0 0 1 0 -0 0 1 3024.dat
0 H02582 ELEMENT 302401 MODULE terrace-balustrade
1 15 870 -216 630 1 0 0 0 1 0 -0 0 1 3024.dat
0 H02583 ELEMENT 302401 MODULE terrace-balustrade
1 15 870 -224 630 1 0 0 0 1 0 -0 0 1 3024.dat
0 H02584 ELEMENT 302401 MODULE terrace-balustrade
1 15 870 -232 630 1 0 0 0 1 0 -0 0 1 3024.dat
0 H02585 ELEMENT 302401 MODULE terrace-balustrade
1 15 870 -240 630 1 0 0 0 1 0 -0 0 1 3024.dat
0 H02586 ELEMENT 302401 MODULE terrace-balustrade
1 15 950 -200 630 1 0 0 0 1 0 -0 0 1 3024.dat
0 H02587 ELEMENT 302401 MODULE terrace-balustrade
1 15 950 -208 630 1 0 0 0 1 0 -0 0 1 3024.dat
0 H02588 ELEMENT 302401 MODULE terrace-balustrade
1 15 950 -216 630 1 0 0 0 1 0 -0 0 1 3024.dat
0 H02589 ELEMENT 302401 MODULE terrace-balustrade
1 15 950 -224 630 1 0 0 0 1 0 -0 0 1 3024.dat
0 H02590 ELEMENT 302401 MODULE terrace-balustrade
1 15 950 -232 630 1 0 0 0 1 0 -0 0 1 3024.dat
0 H02591 ELEMENT 302401 MODULE terrace-balustrade
1 15 950 -240 630 1 0 0 0 1 0 -0 0 1 3024.dat
0 H02592 ELEMENT 302401 MODULE terrace-balustrade
1 15 1030 -200 630 1 0 0 0 1 0 -0 0 1 3024.dat
0 H02593 ELEMENT 302401 MODULE terrace-balustrade
1 15 1030 -208 630 1 0 0 0 1 0 -0 0 1 3024.dat
0 H02594 ELEMENT 302401 MODULE terrace-balustrade
1 15 1030 -216 630 1 0 0 0 1 0 -0 0 1 3024.dat
0 H02595 ELEMENT 302401 MODULE terrace-balustrade
1 15 1030 -224 630 1 0 0 0 1 0 -0 0 1 3024.dat
0 H02596 ELEMENT 302401 MODULE terrace-balustrade
1 15 1030 -232 630 1 0 0 0 1 0 -0 0 1 3024.dat
0 H02597 ELEMENT 302401 MODULE terrace-balustrade
1 15 1030 -240 630 1 0 0 0 1 0 -0 0 1 3024.dat
0 H02598 ELEMENT 302401 MODULE terrace-balustrade
1 15 1050 -200 630 1 0 0 0 1 0 -0 0 1 3024.dat
0 H02599 ELEMENT 302401 MODULE terrace-balustrade
1 15 1050 -208 630 1 0 0 0 1 0 -0 0 1 3024.dat
0 H02600 ELEMENT 302401 MODULE terrace-balustrade
1 15 1050 -216 630 1 0 0 0 1 0 -0 0 1 3024.dat
0 H02601 ELEMENT 302401 MODULE terrace-balustrade
1 15 1050 -224 630 1 0 0 0 1 0 -0 0 1 3024.dat
0 H02602 ELEMENT 302401 MODULE terrace-balustrade
1 15 1050 -232 630 1 0 0 0 1 0 -0 0 1 3024.dat
0 H02603 ELEMENT 302401 MODULE terrace-balustrade
1 15 1050 -240 630 1 0 0 0 1 0 -0 0 1 3024.dat
0 H02604 ELEMENT 346001 MODULE terrace-balustrade
1 15 700 -248 630 1 0 0 0 1 0 -0 0 1 3460.dat
0 H02605 ELEMENT 346001 MODULE terrace-balustrade
1 15 860 -248 630 1 0 0 0 1 0 -0 0 1 3460.dat
0 H02606 ELEMENT 366601 MODULE terrace-balustrade
1 15 1000 -248 630 1 0 0 0 1 0 -0 0 1 3666.dat
0 H02607 ELEMENT 416201 MODULE terrace-balustrade
1 15 700 -256 630 1 0 0 0 1 0 -0 0 1 4162.dat
0 H02608 ELEMENT 416201 MODULE terrace-balustrade
1 15 860 -256 630 1 0 0 0 1 0 -0 0 1 4162.dat
0 H02609 ELEMENT 663601 MODULE terrace-balustrade
1 15 1000 -256 630 1 0 0 0 1 0 -0 0 1 6636.dat
0 STEP
0 H02610 ELEMENT 300301 MODULE courtyard-furniture
1 15 240 -216 520 1 0 0 0 1 0 -0 0 1 3003.dat
0 H02611 ELEMENT 300301 MODULE courtyard-furniture
1 15 240 -240 520 1 0 0 0 1 0 -0 0 1 3003.dat
0 H02612 ELEMENT 4216695 MODULE courtyard-furniture
1 70 240 -248 520 1 0 0 0 1 0 -0 0 1 3022.dat
0 H02613 ELEMENT 4659665 MODULE courtyard-furniture
1 15 230 -272 510 1 0 0 0 1 0 -0 0 1 3899.dat
0 H02614 ELEMENT 4114026 MODULE courtyard-furniture
1 19 590 -200 380 0 0 1 0 1 0 -1 0 0 3069b.dat
0 H02615 ELEMENT 4114026 MODULE courtyard-furniture
1 19 650 -200 380 0 0 1 0 1 0 -1 0 0 3069b.dat
0 H02616 ELEMENT 300301 MODULE courtyard-furniture
1 15 620 -216 380 1 0 0 0 1 0 -0 0 1 3003.dat
0 H02617 ELEMENT 300301 MODULE courtyard-furniture
1 15 620 -240 380 1 0 0 0 1 0 -0 0 1 3003.dat
0 H02618 ELEMENT 4216695 MODULE courtyard-furniture
1 70 620 -248 380 1 0 0 0 1 0 -0 0 1 3022.dat
0 H02619 ELEMENT 4659665 MODULE courtyard-furniture
1 15 610 -272 370 1 0 0 0 1 0 -0 0 1 3899.dat
0 H02620 ELEMENT 4114026 MODULE courtyard-furniture
1 19 190 -200 480 0 0 1 0 1 0 -1 0 0 3069b.dat
0 H02621 ELEMENT 4114026 MODULE courtyard-furniture
1 19 150 -200 520 0 0 1 0 1 0 -1 0 0 3069b.dat
0 H02622 ELEMENT 4211210 MODULE courtyard-furniture
1 70 180 -216 520 1 0 0 0 1 0 -0 0 1 3003.dat
0 H02623 ELEMENT 4185177 MODULE courtyard-furniture
1 19 180 -224 520 1 0 0 0 1 0 -0 0 1 3068b.dat
0 H02624 ELEMENT 4114026 MODULE courtyard-furniture
1 19 270 -200 520 0 0 1 0 1 0 -1 0 0 3069b.dat
0 H02625 ELEMENT 4114026 MODULE courtyard-furniture
1 19 330 -200 520 0 0 1 0 1 0 -1 0 0 3069b.dat
0 H02626 ELEMENT 4211210 MODULE courtyard-furniture
1 70 300 -216 520 1 0 0 0 1 0 -0 0 1 3003.dat
0 H02627 ELEMENT 4185177 MODULE courtyard-furniture
1 19 300 -224 520 1 0 0 0 1 0 -0 0 1 3068b.dat
0 H02628 ELEMENT 4550324 MODULE courtyard-furniture
1 19 620 -200 410 1 0 0 0 1 0 -0 0 1 2431.dat
0 H02629 ELEMENT 4114026 MODULE courtyard-furniture
1 19 590 -200 440 0 0 1 0 1 0 -1 0 0 3069b.dat
0 H02630 ELEMENT 4114026 MODULE courtyard-furniture
1 19 650 -200 440 0 0 1 0 1 0 -1 0 0 3069b.dat
0 H02631 ELEMENT 4211210 MODULE courtyard-furniture
1 70 620 -216 440 1 0 0 0 1 0 -0 0 1 3003.dat
0 H02632 ELEMENT 4185177 MODULE courtyard-furniture
1 19 620 -224 440 1 0 0 0 1 0 -0 0 1 3068b.dat
0 STEP
0 H02633 ELEMENT 306901 MODULE garden-planters
1 15 90 -200 380 0 0 1 0 1 0 -1 0 0 3069b.dat
0 H02634 ELEMENT 306901 MODULE garden-planters
1 15 50 -200 420 0 0 1 0 1 0 -1 0 0 3069b.dat
0 H02636 ELEMENT 4211210 MODULE garden-planters
1 70 80 -216 420 1 0 0 0 1 0 -0 0 1 3003.dat
0 H02637 ELEMENT 6400754 MODULE garden-planters
1 288 70 -224 410 1 0 0 0 1 0 -0 0 1 32607.dat
0 H02638 ELEMENT 6212501 MODULE garden-planters
1 29 70 -232 410 1 0 0 0 1 0 -0 0 1 24866.dat
0 H02639 ELEMENT 6400754 MODULE garden-planters
1 288 90 -224 430 -1 0 0 0 1 0 -0 0 -1 32607.dat
0 H02640 ELEMENT 6212501 MODULE garden-planters
1 29 90 -232 430 1 0 0 0 1 0 -0 0 1 24866.dat
0 H02641 ELEMENT 307001 MODULE garden-planters
1 15 90 -200 510 1 0 0 0 1 0 -0 0 1 3070b.dat
0 H02642 ELEMENT 4114026 MODULE garden-planters
1 19 50 -200 540 0 0 1 0 1 0 -1 0 0 3069b.dat
0 H02643 ELEMENT 307001 MODULE garden-planters
1 15 110 -200 550 1 0 0 0 1 0 -0 0 1 3070b.dat
0 H02644 ELEMENT 4211210 MODULE garden-planters
1 70 80 -216 540 1 0 0 0 1 0 -0 0 1 3003.dat
0 H02645 ELEMENT 6400754 MODULE garden-planters
1 288 70 -224 530 1 0 0 0 1 0 -0 0 1 32607.dat
0 H02646 ELEMENT 6212501 MODULE garden-planters
1 29 70 -232 530 1 0 0 0 1 0 -0 0 1 24866.dat
0 H02647 ELEMENT 6400754 MODULE garden-planters
1 288 90 -224 550 -1 0 0 0 1 0 -0 0 -1 32607.dat
0 H02648 ELEMENT 6212501 MODULE garden-planters
1 29 90 -232 550 1 0 0 0 1 0 -0 0 1 24866.dat
0 H02649 ELEMENT 4114026 MODULE garden-planters
1 19 410 -200 380 0 0 1 0 1 0 -1 0 0 3069b.dat
0 H02650 ELEMENT 4114026 MODULE garden-planters
1 19 370 -200 420 0 0 1 0 1 0 -1 0 0 3069b.dat
0 H02651 ELEMENT 4211210 MODULE garden-planters
1 70 400 -216 420 1 0 0 0 1 0 -0 0 1 3003.dat
0 H02652 ELEMENT 6400754 MODULE garden-planters
1 288 390 -224 410 1 0 0 0 1 0 -0 0 1 32607.dat
0 H02653 ELEMENT 6212501 MODULE garden-planters
1 29 390 -232 410 1 0 0 0 1 0 -0 0 1 24866.dat
0 H02654 ELEMENT 6400754 MODULE garden-planters
1 288 410 -224 430 -1 0 0 0 1 0 -0 0 -1 32607.dat
0 H02655 ELEMENT 6212501 MODULE garden-planters
1 29 410 -232 430 1 0 0 0 1 0 -0 0 1 24866.dat
0 H02656 ELEMENT 4185177 MODULE garden-planters
1 19 580 -200 300 1 0 0 0 1 0 -0 0 1 3068b.dat
0 H02657 ELEMENT 4114026 MODULE garden-planters
1 19 610 -200 300 0 0 1 0 1 0 -1 0 0 3069b.dat
0 H02658 ELEMENT 306901 MODULE garden-planters
1 15 670 -200 300 0 0 1 0 1 0 -1 0 0 3069b.dat
0 H02659 ELEMENT 4211210 MODULE garden-planters
1 70 640 -216 300 1 0 0 0 1 0 -0 0 1 3003.dat
0 H02660 ELEMENT 6400754 MODULE garden-planters
1 288 630 -224 290 1 0 0 0 1 0 -0 0 1 32607.dat
0 H02661 ELEMENT 6212501 MODULE garden-planters
1 29 630 -232 290 1 0 0 0 1 0 -0 0 1 24866.dat
0 H02662 ELEMENT 6400754 MODULE garden-planters
1 288 650 -224 310 -1 0 0 0 1 0 -0 0 -1 32607.dat
0 H02663 ELEMENT 6212501 MODULE garden-planters
1 29 650 -232 310 1 0 0 0 1 0 -0 0 1 24866.dat
0 H02664 ELEMENT 4211210 MODULE garden-planters
1 70 1000 -216 540 1 0 0 0 1 0 -0 0 1 3003.dat
0 H02665 ELEMENT 6400754 MODULE garden-planters
1 288 990 -224 530 1 0 0 0 1 0 -0 0 1 32607.dat
0 H02666 ELEMENT 6212501 MODULE garden-planters
1 29 990 -232 530 1 0 0 0 1 0 -0 0 1 24866.dat
0 H02667 ELEMENT 6400754 MODULE garden-planters
1 288 1010 -224 550 -1 0 0 0 1 0 -0 0 -1 32607.dat
0 H02668 ELEMENT 6212501 MODULE garden-planters
1 29 1010 -232 550 1 0 0 0 1 0 -0 0 1 24866.dat
0 H02669 ELEMENT 4550324 MODULE garden-planters
1 19 110 -200 400 0 0 1 0 1 0 -1 0 0 2431.dat
0 H02670 ELEMENT 4114026 MODULE garden-planters
1 19 100 -200 450 1 0 0 0 1 0 -0 0 1 3069b.dat
0 H02671 ELEMENT 4114026 MODULE garden-planters
1 19 60 -200 490 1 0 0 0 1 0 -0 0 1 3069b.dat
0 H02672 ELEMENT 306901 MODULE garden-planters
1 15 110 -200 520 0 0 1 0 1 0 -1 0 0 3069b.dat
0 H02673 ELEMENT 4521914 MODULE garden-planters
1 28 100 -216 470 1 0 0 0 1 0 -0 0 1 3004.dat
0 H02674 ELEMENT 4521914 MODULE garden-planters
1 28 100 -216 490 1 0 0 0 1 0 -0 0 1 3004.dat
0 H02675 ELEMENT 6214611 MODULE garden-planters
1 288 100 -240 480 1 0 0 0 1 0 -0 0 1 3003.dat
0 H02676 ELEMENT 6214611 MODULE garden-planters
1 288 100 -264 480 1 0 0 0 1 0 -0 0 1 3003.dat
0 H02677 ELEMENT 6442896 MODULE garden-planters
1 10 100 -288 480 1 0 0 0 1 0 -0 0 1 3003.dat
0 H02678 ELEMENT 4245570 MODULE garden-planters
1 288 100 -312 470 1 0 0 0 1 0 -0 0 1 3004.dat
0 H02679 ELEMENT 4245570 MODULE garden-planters
1 288 100 -312 490 1 0 0 0 1 0 -0 0 1 3004.dat
0 H02680 ELEMENT 4647553 MODULE garden-planters
1 10 100 -336 470 1 0 0 0 1 0 -0 0 1 3004.dat
0 H02681 ELEMENT 4521915 MODULE garden-planters
1 288 90 -336 490 1 0 0 0 1 0 -0 0 1 3005.dat
0 H02682 ELEMENT 4521915 MODULE garden-planters
1 288 110 -336 490 1 0 0 0 1 0 -0 0 1 3005.dat
0 H02683 ELEMENT 302228 MODULE garden-planters
1 2 100 -344 480 1 0 0 0 1 0 -0 0 1 3022.dat
0 H02684 ELEMENT 302228 MODULE garden-planters
1 2 100 -352 480 1 0 0 0 1 0 -0 0 1 3022.dat
0 H02685 ELEMENT 302228 MODULE garden-planters
1 2 100 -360 480 1 0 0 0 1 0 -0 0 1 3022.dat
0 H02686 ELEMENT 300528 MODULE garden-planters
1 2 90 -384 470 1 0 0 0 1 0 -0 0 1 3005.dat
0 H02687 ELEMENT 300528 MODULE garden-planters
1 2 90 -408 470 1 0 0 0 1 0 -0 0 1 3005.dat
0 H02688 ELEMENT 6229130 MODULE garden-planters
1 2 90 -416 470 1 0 0 0 1 0 -0 0 1 32607.dat
0 H02689 ELEMENT 307001 MODULE garden-planters
1 15 410 -200 530 1 0 0 0 1 0 -0 0 1 3070b.dat
0 H02690 ELEMENT 4114026 MODULE garden-planters
1 19 370 -200 560 0 0 1 0 1 0 -1 0 0 3069b.dat
0 H02691 ELEMENT 307001 MODULE garden-planters
1 15 410 -200 590 1 0 0 0 1 0 -0 0 1 3070b.dat
0 H02692 ELEMENT 4521914 MODULE garden-planters
1 28 400 -216 550 1 0 0 0 1 0 -0 0 1 3004.dat
0 H02693 ELEMENT 4521914 MODULE garden-planters
1 28 400 -216 570 1 0 0 0 1 0 -0 0 1 3004.dat
0 H02694 ELEMENT 302228 MODULE garden-planters
1 2 400 -224 560 1 0 0 0 1 0 -0 0 1 3022.dat
0 H02695 ELEMENT 302228 MODULE garden-planters
1 2 400 -232 560 1 0 0 0 1 0 -0 0 1 3022.dat
0 H02696 ELEMENT 6357612 MODULE garden-planters
1 10 400 -240 560 1 0 0 0 1 0 -0 0 1 3022.dat
0 H02697 ELEMENT 6357612 MODULE garden-planters
1 10 400 -248 560 1 0 0 0 1 0 -0 0 1 3022.dat
0 H02698 ELEMENT 6357612 MODULE garden-planters
1 10 400 -256 560 1 0 0 0 1 0 -0 0 1 3022.dat
0 H02699 ELEMENT 6357612 MODULE garden-planters
1 10 400 -264 560 1 0 0 0 1 0 -0 0 1 3022.dat
0 H02700 ELEMENT 6357612 MODULE garden-planters
1 10 400 -272 560 1 0 0 0 1 0 -0 0 1 3022.dat
0 H02701 ELEMENT 6013102 MODULE garden-planters
1 288 400 -280 550 1 0 0 0 1 0 -0 0 1 3023b.dat
0 H02702 ELEMENT 6013102 MODULE garden-planters
1 288 400 -280 570 1 0 0 0 1 0 -0 0 1 3023b.dat
0 H02703 ELEMENT 6013102 MODULE garden-planters
1 288 400 -288 550 1 0 0 0 1 0 -0 0 1 3023b.dat
0 H02704 ELEMENT 6013102 MODULE garden-planters
1 288 400 -288 570 1 0 0 0 1 0 -0 0 1 3023b.dat
0 H02705 ELEMENT 302328 MODULE garden-planters
1 2 400 -296 550 1 0 0 0 1 0 -0 0 1 3023b.dat
0 H02706 ELEMENT 302328 MODULE garden-planters
1 2 400 -296 570 1 0 0 0 1 0 -0 0 1 3023b.dat
0 H02707 ELEMENT 302328 MODULE garden-planters
1 2 400 -304 550 1 0 0 0 1 0 -0 0 1 3023b.dat
0 H02708 ELEMENT 302328 MODULE garden-planters
1 2 400 -304 570 1 0 0 0 1 0 -0 0 1 3023b.dat
0 H02709 ELEMENT 302328 MODULE garden-planters
1 2 400 -312 550 1 0 0 0 1 0 -0 0 1 3023b.dat
0 H02710 ELEMENT 302328 MODULE garden-planters
1 2 400 -312 570 1 0 0 0 1 0 -0 0 1 3023b.dat
0 H02711 ELEMENT 302328 MODULE garden-planters
1 2 400 -320 550 1 0 0 0 1 0 -0 0 1 3023b.dat
0 H02712 ELEMENT 302328 MODULE garden-planters
1 2 400 -320 570 1 0 0 0 1 0 -0 0 1 3023b.dat
0 H02713 ELEMENT 302328 MODULE garden-planters
1 2 400 -328 550 1 0 0 0 1 0 -0 0 1 3023b.dat
0 H02714 ELEMENT 302328 MODULE garden-planters
1 2 400 -328 570 1 0 0 0 1 0 -0 0 1 3023b.dat
0 H02715 ELEMENT 302328 MODULE garden-planters
1 2 400 -336 550 1 0 0 0 1 0 -0 0 1 3023b.dat
0 H02716 ELEMENT 6343326 MODULE garden-planters
1 10 400 -336 570 1 0 0 0 1 0 -0 0 1 3023b.dat
0 H02717 ELEMENT 6343326 MODULE garden-planters
1 10 400 -344 550 1 0 0 0 1 0 -0 0 1 3023b.dat
0 H02718 ELEMENT 6343326 MODULE garden-planters
1 10 400 -344 570 1 0 0 0 1 0 -0 0 1 3023b.dat
0 H02719 ELEMENT 6343326 MODULE garden-planters
1 10 400 -352 550 1 0 0 0 1 0 -0 0 1 3023b.dat
0 H02720 ELEMENT 6343326 MODULE garden-planters
1 10 400 -352 570 1 0 0 0 1 0 -0 0 1 3023b.dat
0 H02721 ELEMENT 6343326 MODULE garden-planters
1 10 400 -360 550 1 0 0 0 1 0 -0 0 1 3023b.dat
0 H02722 ELEMENT 6343326 MODULE garden-planters
1 10 400 -360 570 1 0 0 0 1 0 -0 0 1 3023b.dat
0 H02723 ELEMENT 6055169 MODULE garden-planters
1 288 390 -368 550 1 0 0 0 1 0 -0 0 1 3024.dat
0 H02724 ELEMENT 6055169 MODULE garden-planters
1 288 390 -376 550 1 0 0 0 1 0 -0 0 1 3024.dat
0 H02725 ELEMENT 6055169 MODULE garden-planters
1 288 390 -384 550 1 0 0 0 1 0 -0 0 1 3024.dat
0 H02726 ELEMENT 6055169 MODULE garden-planters
1 288 390 -392 550 1 0 0 0 1 0 -0 0 1 3024.dat
0 H02727 ELEMENT 302428 MODULE garden-planters
1 2 390 -400 550 1 0 0 0 1 0 -0 0 1 3024.dat
0 H02728 ELEMENT 302428 MODULE garden-planters
1 2 390 -408 550 1 0 0 0 1 0 -0 0 1 3024.dat
0 H02729 ELEMENT 6229130 MODULE garden-planters
1 2 390 -416 550 1 0 0 0 1 0 -0 0 1 32607.dat
0 STEP
0 H00001 ELEMENT 4211202 MODULE main-roof
1 70 80 -768 90 1 0 0 0 1 0 -0 0 1 3039.dat
0 H00002 ELEMENT 4211202 MODULE main-roof
1 70 80 -768 350 -1 0 0 0 1 0 -0 0 -1 3039.dat
0 H00003 ELEMENT 4211202 MODULE main-roof
1 70 120 -768 90 1 0 0 0 1 0 -0 0 1 3039.dat
0 H00004 ELEMENT 4211202 MODULE main-roof
1 70 120 -768 350 -1 0 0 0 1 0 -0 0 -1 3039.dat
0 H00005 ELEMENT 4211202 MODULE main-roof
1 70 160 -768 90 1 0 0 0 1 0 -0 0 1 3039.dat
0 H00006 ELEMENT 4211202 MODULE main-roof
1 70 160 -768 350 -1 0 0 0 1 0 -0 0 -1 3039.dat
0 H00007 ELEMENT 4211202 MODULE main-roof
1 70 200 -768 90 1 0 0 0 1 0 -0 0 1 3039.dat
0 H00008 ELEMENT 4211202 MODULE main-roof
1 70 200 -768 350 -1 0 0 0 1 0 -0 0 -1 3039.dat
0 H00009 ELEMENT 4211202 MODULE main-roof
1 70 240 -768 90 1 0 0 0 1 0 -0 0 1 3039.dat
0 H00010 ELEMENT 4211202 MODULE main-roof
1 70 240 -768 350 -1 0 0 0 1 0 -0 0 -1 3039.dat
0 H00011 ELEMENT 4211202 MODULE main-roof
1 70 280 -768 90 1 0 0 0 1 0 -0 0 1 3039.dat
0 H00012 ELEMENT 4211202 MODULE main-roof
1 70 280 -768 350 -1 0 0 0 1 0 -0 0 -1 3039.dat
0 H00013 ELEMENT 4211202 MODULE main-roof
1 70 320 -768 90 1 0 0 0 1 0 -0 0 1 3039.dat
0 H00014 ELEMENT 4211202 MODULE main-roof
1 70 320 -768 350 -1 0 0 0 1 0 -0 0 -1 3039.dat
0 H00015 ELEMENT 4211202 MODULE main-roof
1 70 360 -768 90 1 0 0 0 1 0 -0 0 1 3039.dat
0 H00016 ELEMENT 4211202 MODULE main-roof
1 70 360 -768 350 -1 0 0 0 1 0 -0 0 -1 3039.dat
0 H00017 ELEMENT 4211202 MODULE main-roof
1 70 400 -768 90 1 0 0 0 1 0 -0 0 1 3039.dat
0 H00018 ELEMENT 4211202 MODULE main-roof
1 70 400 -768 350 -1 0 0 0 1 0 -0 0 -1 3039.dat
0 H00019 ELEMENT 4211202 MODULE main-roof
1 70 440 -768 90 1 0 0 0 1 0 -0 0 1 3039.dat
0 H00020 ELEMENT 4211202 MODULE main-roof
1 70 440 -768 350 -1 0 0 0 1 0 -0 0 -1 3039.dat
0 H00021 ELEMENT 4211202 MODULE main-roof
1 70 480 -768 90 1 0 0 0 1 0 -0 0 1 3039.dat
0 H00022 ELEMENT 4211202 MODULE main-roof
1 70 480 -768 350 -1 0 0 0 1 0 -0 0 -1 3039.dat
0 H00023 ELEMENT 4211202 MODULE main-roof
1 70 520 -768 90 1 0 0 0 1 0 -0 0 1 3039.dat
0 H00024 ELEMENT 4211202 MODULE main-roof
1 70 520 -768 350 -1 0 0 0 1 0 -0 0 -1 3039.dat
0 H00025 ELEMENT 4211202 MODULE main-roof
1 70 560 -768 90 1 0 0 0 1 0 -0 0 1 3039.dat
0 H00026 ELEMENT 4211202 MODULE main-roof
1 70 560 -768 350 -1 0 0 0 1 0 -0 0 -1 3039.dat
0 H00027 ELEMENT 4210783 MODULE main-roof
1 72 260 -768 110 1 0 0 0 1 0 -0 0 1 2465.dat
0 H00028 ELEMENT 6187438 MODULE main-roof
1 72 440 -768 180 0 0 1 0 1 0 -1 0 0 3007.dat
0 H00029 ELEMENT 6037399 MODULE main-roof
1 71 480 -768 180 0 0 1 0 1 0 -1 0 0 3007.dat
0 H00030 ELEMENT 6037399 MODULE main-roof
1 71 520 -768 180 0 0 1 0 1 0 -1 0 0 3007.dat
0 H00031 ELEMENT 4210783 MODULE main-roof
1 72 260 -768 130 1 0 0 0 1 0 -0 0 1 2465.dat
0 H00032 ELEMENT 4211366 MODULE main-roof
1 71 260 -768 150 1 0 0 0 1 0 -0 0 1 2465.dat
0 H00033 ELEMENT 4211366 MODULE main-roof
1 71 260 -768 170 1 0 0 0 1 0 -0 0 1 2465.dat
0 H00034 ELEMENT 4211366 MODULE main-roof
1 71 260 -768 190 1 0 0 0 1 0 -0 0 1 2465.dat
0 H00035 ELEMENT 6037399 MODULE main-roof
1 71 180 -768 220 1 0 0 0 1 0 -0 0 1 3007.dat
0 H00036 ELEMENT 6037399 MODULE main-roof
1 71 340 -768 220 1 0 0 0 1 0 -0 0 1 3007.dat
0 H00037 ELEMENT 4211366 MODULE main-roof
1 71 260 -768 250 1 0 0 0 1 0 -0 0 1 2465.dat
0 H00038 ELEMENT 246526 MODULE main-roof
1 0 260 -768 270 1 0 0 0 1 0 -0 0 1 2465.dat
0 H00039 ELEMENT 4210875 MODULE main-roof
1 72 480 -768 280 1 0 0 0 1 0 -0 0 1 2456.dat
0 H00040 ELEMENT 246526 MODULE main-roof
1 0 260 -768 290 1 0 0 0 1 0 -0 0 1 2465.dat
0 H00041 ELEMENT 246526 MODULE main-roof
1 0 260 -768 310 1 0 0 0 1 0 -0 0 1 2465.dat
0 H00042 ELEMENT 4211795 MODULE main-roof
1 71 480 -768 320 1 0 0 0 1 0 -0 0 1 2456.dat
0 H00043 ELEMENT 246526 MODULE main-roof
1 0 260 -768 330 1 0 0 0 1 0 -0 0 1 2465.dat
0 H00044 ELEMENT 4211211 MODULE main-roof
1 70 80 -752 180 0 0 1 0 1 0 -1 0 0 3034.dat
0 H00045 ELEMENT 4211211 MODULE main-roof
1 70 560 -752 180 0 0 1 0 1 0 -1 0 0 3034.dat
0 H00046 ELEMENT 4211186 MODULE main-roof
1 70 80 -752 300 0 0 1 0 1 0 -1 0 0 3020.dat
0 H00047 ELEMENT 4211186 MODULE main-roof
1 70 560 -752 300 0 0 1 0 1 0 -1 0 0 3020.dat
0 H00048 ELEMENT 4211247 MODULE main-roof
1 70 80 -760 160 0 0 1 0 1 0 -1 0 0 3795.dat
0 H00049 ELEMENT 4211247 MODULE main-roof
1 70 560 -760 160 0 0 1 0 1 0 -1 0 0 3795.dat
0 H00050 ELEMENT 4211247 MODULE main-roof
1 70 80 -760 280 0 0 1 0 1 0 -1 0 0 3795.dat
0 H00051 ELEMENT 4211247 MODULE main-roof
1 70 560 -760 280 0 0 1 0 1 0 -1 0 0 3795.dat
0 H00052 ELEMENT 4585337 MODULE main-roof
1 70 70 -768 180 0 0 1 0 1 0 -1 0 0 4162.dat
0 H00053 ELEMENT 4585337 MODULE main-roof
1 70 90 -768 180 0 0 1 0 1 0 -1 0 0 4162.dat
0 H00054 ELEMENT 4585337 MODULE main-roof
1 70 550 -768 180 0 0 1 0 1 0 -1 0 0 4162.dat
0 H00055 ELEMENT 4585337 MODULE main-roof
1 70 570 -768 180 0 0 1 0 1 0 -1 0 0 4162.dat
0 H00056 ELEMENT 4579690 MODULE main-roof
1 70 80 -768 300 0 0 1 0 1 0 -1 0 0 87079.dat
0 H00057 ELEMENT 4579690 MODULE main-roof
1 70 560 -768 300 0 0 1 0 1 0 -1 0 0 87079.dat
0 STEP
0 H00058 ELEMENT 4211202 MODULE main-roof
1 70 120 -792 130 1 0 0 0 1 0 -0 0 1 3039.dat
0 H00059 ELEMENT 4211202 MODULE main-roof
1 70 120 -792 310 -1 0 0 0 1 0 -0 0 -1 3039.dat
0 H00060 ELEMENT 4211202 MODULE main-roof
1 70 160 -792 130 1 0 0 0 1 0 -0 0 1 3039.dat
0 H00061 ELEMENT 4211202 MODULE main-roof
1 70 160 -792 310 -1 0 0 0 1 0 -0 0 -1 3039.dat
0 H00062 ELEMENT 4211202 MODULE main-roof
1 70 200 -792 130 1 0 0 0 1 0 -0 0 1 3039.dat
0 H00063 ELEMENT 4211202 MODULE main-roof
1 70 200 -792 310 -1 0 0 0 1 0 -0 0 -1 3039.dat
0 H00064 ELEMENT 4211202 MODULE main-roof
1 70 240 -792 130 1 0 0 0 1 0 -0 0 1 3039.dat
0 H00065 ELEMENT 4211202 MODULE main-roof
1 70 240 -792 310 -1 0 0 0 1 0 -0 0 -1 3039.dat
0 H00066 ELEMENT 4211202 MODULE main-roof
1 70 280 -792 130 1 0 0 0 1 0 -0 0 1 3039.dat
0 H00067 ELEMENT 4211202 MODULE main-roof
1 70 280 -792 310 -1 0 0 0 1 0 -0 0 -1 3039.dat
0 H00068 ELEMENT 4211202 MODULE main-roof
1 70 320 -792 130 1 0 0 0 1 0 -0 0 1 3039.dat
0 H00069 ELEMENT 4211202 MODULE main-roof
1 70 320 -792 310 -1 0 0 0 1 0 -0 0 -1 3039.dat
0 H00070 ELEMENT 4211202 MODULE main-roof
1 70 360 -792 130 1 0 0 0 1 0 -0 0 1 3039.dat
0 H00071 ELEMENT 4211202 MODULE main-roof
1 70 360 -792 310 -1 0 0 0 1 0 -0 0 -1 3039.dat
0 H00072 ELEMENT 4211202 MODULE main-roof
1 70 400 -792 130 1 0 0 0 1 0 -0 0 1 3039.dat
0 H00073 ELEMENT 4211202 MODULE main-roof
1 70 400 -792 310 -1 0 0 0 1 0 -0 0 -1 3039.dat
0 H00074 ELEMENT 4211202 MODULE main-roof
1 70 440 -792 130 1 0 0 0 1 0 -0 0 1 3039.dat
0 H00075 ELEMENT 4211202 MODULE main-roof
1 70 440 -792 310 -1 0 0 0 1 0 -0 0 -1 3039.dat
0 H00076 ELEMENT 4211202 MODULE main-roof
1 70 480 -792 130 1 0 0 0 1 0 -0 0 1 3039.dat
0 H00077 ELEMENT 4211202 MODULE main-roof
1 70 480 -792 310 -1 0 0 0 1 0 -0 0 -1 3039.dat
0 H00078 ELEMENT 4211202 MODULE main-roof
1 70 520 -792 130 1 0 0 0 1 0 -0 0 1 3039.dat
0 H00079 ELEMENT 4211202 MODULE main-roof
1 70 520 -792 310 -1 0 0 0 1 0 -0 0 -1 3039.dat
0 H00080 ELEMENT 246526 MODULE main-roof
1 0 300 -792 150 1 0 0 0 1 0 -0 0 1 2465.dat
0 H00081 ELEMENT 6037390 MODULE main-roof
1 0 480 -792 220 0 0 1 0 1 0 -1 0 0 3007.dat
0 H00082 ELEMENT 246526 MODULE main-roof
1 0 300 -792 170 1 0 0 0 1 0 -0 0 1 2465.dat
0 H00083 ELEMENT 246526 MODULE main-roof
1 0 300 -792 190 1 0 0 0 1 0 -0 0 1 2465.dat
0 H00084 ELEMENT 6037390 MODULE main-roof
1 0 220 -792 220 1 0 0 0 1 0 -0 0 1 3007.dat
0 H00085 ELEMENT 6037384 MODULE main-roof
1 1 380 -792 220 1 0 0 0 1 0 -0 0 1 3007.dat
0 H00086 ELEMENT 6432006 MODULE main-roof
1 1 300 -792 250 1 0 0 0 1 0 -0 0 1 2465.dat
0 H00087 ELEMENT 6378410 MODULE main-roof
1 4 300 -792 270 1 0 0 0 1 0 -0 0 1 2465.dat
0 H00088 ELEMENT 6378410 MODULE main-roof
1 4 300 -792 290 1 0 0 0 1 0 -0 0 1 2465.dat
0 H00089 ELEMENT 4211247 MODULE main-roof
1 70 120 -776 200 0 0 1 0 1 0 -1 0 0 3795.dat
0 H00090 ELEMENT 4211247 MODULE main-roof
1 70 520 -776 200 0 0 1 0 1 0 -1 0 0 3795.dat
0 H00091 ELEMENT 4216695 MODULE main-roof
1 70 120 -776 280 1 0 0 0 1 0 -0 0 1 3022.dat
0 H00092 ELEMENT 4216695 MODULE main-roof
1 70 520 -776 280 1 0 0 0 1 0 -0 0 1 3022.dat
0 H00093 ELEMENT 4211186 MODULE main-roof
1 70 120 -784 180 0 0 1 0 1 0 -1 0 0 3020.dat
0 H00094 ELEMENT 4211186 MODULE main-roof
1 70 520 -784 180 0 0 1 0 1 0 -1 0 0 3020.dat
0 H00095 ELEMENT 4211186 MODULE main-roof
1 70 120 -784 260 0 0 1 0 1 0 -1 0 0 3020.dat
0 H00096 ELEMENT 4211186 MODULE main-roof
1 70 520 -784 260 0 0 1 0 1 0 -1 0 0 3020.dat
0 H00097 ELEMENT 4585337 MODULE main-roof
1 70 110 -792 220 0 0 1 0 1 0 -1 0 0 4162.dat
0 H00098 ELEMENT 4585337 MODULE main-roof
1 70 130 -792 220 0 0 1 0 1 0 -1 0 0 4162.dat
0 H00099 ELEMENT 4585337 MODULE main-roof
1 70 510 -792 220 0 0 1 0 1 0 -1 0 0 4162.dat
0 H00100 ELEMENT 4585337 MODULE main-roof
1 70 530 -792 220 0 0 1 0 1 0 -1 0 0 4162.dat
0 STEP
0 H00101 ELEMENT 4211202 MODULE main-roof
1 70 160 -816 170 1 0 0 0 1 0 -0 0 1 3039.dat
0 H00102 ELEMENT 4211202 MODULE main-roof
1 70 160 -816 270 -1 0 0 0 1 0 -0 0 -1 3039.dat
0 H00103 ELEMENT 4211202 MODULE main-roof
1 70 200 -816 170 1 0 0 0 1 0 -0 0 1 3039.dat
0 H00104 ELEMENT 4211202 MODULE main-roof
1 70 200 -816 270 -1 0 0 0 1 0 -0 0 -1 3039.dat
0 H00105 ELEMENT 4211202 MODULE main-roof
1 70 240 -816 170 1 0 0 0 1 0 -0 0 1 3039.dat
0 H00106 ELEMENT 4211202 MODULE main-roof
1 70 240 -816 270 -1 0 0 0 1 0 -0 0 -1 3039.dat
0 H00107 ELEMENT 4211202 MODULE main-roof
1 70 280 -816 170 1 0 0 0 1 0 -0 0 1 3039.dat
0 H00108 ELEMENT 4211202 MODULE main-roof
1 70 280 -816 270 -1 0 0 0 1 0 -0 0 -1 3039.dat
0 H00109 ELEMENT 4211202 MODULE main-roof
1 70 320 -816 170 1 0 0 0 1 0 -0 0 1 3039.dat
0 H00110 ELEMENT 4211202 MODULE main-roof
1 70 320 -816 270 -1 0 0 0 1 0 -0 0 -1 3039.dat
0 H00111 ELEMENT 4211202 MODULE main-roof
1 70 360 -816 170 1 0 0 0 1 0 -0 0 1 3039.dat
0 H00112 ELEMENT 4211202 MODULE main-roof
1 70 360 -816 270 -1 0 0 0 1 0 -0 0 -1 3039.dat
0 H00113 ELEMENT 4211202 MODULE main-roof
1 70 400 -816 170 1 0 0 0 1 0 -0 0 1 3039.dat
0 H00114 ELEMENT 4211202 MODULE main-roof
1 70 400 -816 270 -1 0 0 0 1 0 -0 0 -1 3039.dat
0 H00115 ELEMENT 4211202 MODULE main-roof
1 70 440 -816 170 1 0 0 0 1 0 -0 0 1 3039.dat
0 H00116 ELEMENT 4211202 MODULE main-roof
1 70 440 -816 270 -1 0 0 0 1 0 -0 0 -1 3039.dat
0 H00117 ELEMENT 4211202 MODULE main-roof
1 70 480 -816 170 1 0 0 0 1 0 -0 0 1 3039.dat
0 H00118 ELEMENT 4211202 MODULE main-roof
1 70 480 -816 270 -1 0 0 0 1 0 -0 0 -1 3039.dat
0 H00119 ELEMENT 4210798 MODULE main-roof
1 72 300 -816 190 1 0 0 0 1 0 -0 0 1 6112.dat
0 H00120 ELEMENT 4211085 MODULE main-roof
1 72 440 -816 220 0 0 1 0 1 0 -1 0 0 3001.dat
0 H00121 ELEMENT 4210798 MODULE main-roof
1 72 300 -816 210 1 0 0 0 1 0 -0 0 1 6112.dat
0 H00122 ELEMENT 4210798 MODULE main-roof
1 72 300 -816 230 1 0 0 0 1 0 -0 0 1 6112.dat
0 H00123 ELEMENT 4211522 MODULE main-roof
1 71 300 -816 250 1 0 0 0 1 0 -0 0 1 6112.dat
0 H00124 ELEMENT 4211186 MODULE main-roof
1 70 160 -800 220 0 0 1 0 1 0 -1 0 0 3020.dat
0 H00125 ELEMENT 4211186 MODULE main-roof
1 70 480 -800 220 0 0 1 0 1 0 -1 0 0 3020.dat
0 H00126 ELEMENT 4211186 MODULE main-roof
1 70 160 -808 220 0 0 1 0 1 0 -1 0 0 3020.dat
0 H00127 ELEMENT 4211186 MODULE main-roof
1 70 480 -808 220 0 0 1 0 1 0 -1 0 0 3020.dat
0 H00128 ELEMENT 4579690 MODULE main-roof
1 70 160 -816 220 0 0 1 0 1 0 -1 0 0 87079.dat
0 H00129 ELEMENT 4579690 MODULE main-roof
1 70 480 -816 220 0 0 1 0 1 0 -1 0 0 87079.dat
0 H00839 ELEMENT 300801 MODULE connector-roof
1 15 570 -400 160 0 0 1 0 1 0 -1 0 0 3008.dat
0 H00840 ELEMENT 366601 MODULE connector-roof
1 15 570 -408 160 0 0 1 0 1 0 -1 0 0 3666.dat
0 H00841 ELEMENT 371001 MODULE connector-roof
1 15 570 -416 160 0 0 1 0 1 0 -1 0 0 3710.dat
0 H00842 ELEMENT 371001 MODULE connector-roof
1 15 570 -424 160 0 0 1 0 1 0 -1 0 0 3710.dat
0 H00843 ELEMENT 302301 MODULE connector-roof
1 15 570 -432 160 0 0 1 0 1 0 -1 0 0 3023b.dat
0 H00844 ELEMENT 302301 MODULE connector-roof
1 15 570 -440 160 0 0 1 0 1 0 -1 0 0 3023b.dat
0 H00845 ELEMENT 300801 MODULE connector-roof
1 15 790 -400 160 0 0 1 0 1 0 -1 0 0 3008.dat
0 H00846 ELEMENT 366601 MODULE connector-roof
1 15 790 -408 160 0 0 1 0 1 0 -1 0 0 3666.dat
0 H00847 ELEMENT 371001 MODULE connector-roof
1 15 790 -416 160 0 0 1 0 1 0 -1 0 0 3710.dat
0 H00848 ELEMENT 371001 MODULE connector-roof
1 15 790 -424 160 0 0 1 0 1 0 -1 0 0 3710.dat
0 H00849 ELEMENT 302301 MODULE connector-roof
1 15 790 -432 160 0 0 1 0 1 0 -1 0 0 3023b.dat
0 H00850 ELEMENT 302301 MODULE connector-roof
1 15 790 -440 160 0 0 1 0 1 0 -1 0 0 3023b.dat
0 H00851 ELEMENT 300301 MODULE connector-roof
1 15 680 -400 160 1 0 0 0 1 0 -0 0 1 3003.dat
0 H00852 ELEMENT 300301 MODULE connector-roof
1 15 680 -424 160 1 0 0 0 1 0 -0 0 1 3003.dat
0 H00853 ELEMENT 302201 MODULE connector-roof
1 15 680 -432 160 1 0 0 0 1 0 -0 0 1 3022.dat
0 H00854 ELEMENT 302201 MODULE connector-roof
1 15 680 -440 160 1 0 0 0 1 0 -0 0 1 3022.dat
0 H00855 ELEMENT 244526 MODULE connector-roof
1 0 680 -448 160 1 0 0 0 1 0 -0 0 1 2445.dat
0 H00856 ELEMENT 4225201 MODULE connector-roof
1 0 600 -456 150 1 0 0 0 1 0 -0 0 1 48336.dat
0 H00857 ELEMENT 4225201 MODULE connector-roof
1 0 720 -456 150 1 0 0 0 1 0 -0 0 1 48336.dat
0 H00858 ELEMENT 4225201 MODULE connector-roof
1 0 640 -456 170 -1 0 0 0 1 0 -0 0 -1 48336.dat
0 H00859 ELEMENT 4225201 MODULE connector-roof
1 0 760 -456 170 -1 0 0 0 1 0 -0 0 -1 48336.dat
0 H00860 ELEMENT 4518687 MODULE connector-roof
1 308 620 -464 160 1 0 0 0 1 0 -0 0 1 3795.dat
0 H00861 ELEMENT 4211186 MODULE connector-roof
1 70 720 -464 160 1 0 0 0 1 0 -0 0 1 3020.dat
0 H00862 ELEMENT 4216695 MODULE connector-roof
1 70 780 -464 160 1 0 0 0 1 0 -0 0 1 3022.dat
0 H00863 ELEMENT 4223683 MODULE connector-roof
1 70 660 -472 150 1 0 0 0 1 0 -0 0 1 4477.dat
0 H00864 ELEMENT 4216695 MODULE connector-roof
1 70 780 -472 160 1 0 0 0 1 0 -0 0 1 3022.dat
0 H00865 ELEMENT 4223683 MODULE connector-roof
1 70 660 -472 170 1 0 0 0 1 0 -0 0 1 4477.dat
0 H00866 ELEMENT 4225715 MODULE connector-roof
1 70 660 -480 160 1 0 0 0 1 0 -0 0 1 3030.dat
0 H00867 ELEMENT 4211186 MODULE connector-roof
1 70 780 -480 160 0 0 1 0 1 0 -1 0 0 3020.dat
0 H00868 ELEMENT 6447565 MODULE connector-roof
1 308 640 -488 130 1 0 0 0 1 0 -0 0 1 4162.dat
0 H00869 ELEMENT 4211194 MODULE connector-roof
1 70 760 -488 130 1 0 0 0 1 0 -0 0 1 2431.dat
0 H00870 ELEMENT 6447565 MODULE connector-roof
1 308 640 -488 150 1 0 0 0 1 0 -0 0 1 4162.dat
0 H00871 ELEMENT 4211194 MODULE connector-roof
1 70 760 -488 150 1 0 0 0 1 0 -0 0 1 2431.dat
0 H00872 ELEMENT 6447565 MODULE connector-roof
1 308 640 -488 170 1 0 0 0 1 0 -0 0 1 4162.dat
0 H00873 ELEMENT 4211194 MODULE connector-roof
1 70 760 -488 170 1 0 0 0 1 0 -0 0 1 2431.dat
0 H00874 ELEMENT 6295366 MODULE connector-roof
1 308 620 -488 190 1 0 0 0 1 0 -0 0 1 6636.dat
0 H00875 ELEMENT 6295366 MODULE connector-roof
1 308 740 -488 190 1 0 0 0 1 0 -0 0 1 6636.dat
0 H00876 ELEMENT 6310268 MODULE connector-roof
1 0 600 -445.73205 111.67949 -1 0 0 0 0.8660254 0.5 0 0.5 -0.8660254 60470b.dat
0 H00877 ELEMENT 6310268 MODULE connector-roof
1 0 720 -445.73205 111.67949 -1 0 0 0 0.8660254 0.5 0 0.5 -0.8660254 60470b.dat
0 H00878 ELEMENT 302126 MODULE connector-roof
1 0 760 -425.73205 77.038476 0 0 -1 -0.5 0.8660254 0 0.8660254 0.5 0 3021.dat
0 H00879 ELEMENT 302126 MODULE connector-roof
1 0 640 -425.73205 77.038476 0 0 -1 -0.5 0.8660254 0 0.8660254 0.5 0 3021.dat
0 H00880 ELEMENT 302126 MODULE connector-roof
1 0 590 -420.73205 68.378222 -1 0 0 0 0.8660254 0.5 0 0.5 -0.8660254 3021.dat
0 H00881 ELEMENT 6447571 MODULE connector-roof
1 308 720 -437.66025 81.69873 -1 0 0 0 0.8660254 0.5 0 0.5 -0.8660254 3035.dat
0 H00882 ELEMENT 4243838 MODULE connector-roof
1 70 600 -437.66025 81.69873 -1 0 0 0 0.8660254 0.5 0 0.5 -0.8660254 3031.dat
0 H00883 ELEMENT 6295366 MODULE connector-roof
1 308 740 -459.58846 103.67949 -1 0 0 0 0.8660254 0.5 0 0.5 -0.8660254 6636.dat
0 H00884 ELEMENT 6295366 MODULE connector-roof
1 308 620 -459.58846 103.67949 -1 0 0 0 0.8660254 0.5 0 0.5 -0.8660254 6636.dat
0 H00885 ELEMENT 6295366 MODULE connector-roof
1 308 740 -449.58846 86.358984 -1 0 0 0 0.8660254 0.5 0 0.5 -0.8660254 6636.dat
0 H00886 ELEMENT 6295366 MODULE connector-roof
1 308 620 -449.58846 86.358984 -1 0 0 0 0.8660254 0.5 0 0.5 -0.8660254 6636.dat
0 H00887 ELEMENT 6295366 MODULE connector-roof
1 308 740 -439.58846 69.038476 -1 0 0 0 0.8660254 0.5 0 0.5 -0.8660254 6636.dat
0 H00888 ELEMENT 6295366 MODULE connector-roof
1 308 620 -439.58846 69.038476 -1 0 0 0 0.8660254 0.5 0 0.5 -0.8660254 6636.dat
0 H00889 ELEMENT 6295366 MODULE connector-roof
1 308 740 -429.58846 51.717968 -1 0 0 0 0.8660254 0.5 0 0.5 -0.8660254 6636.dat
0 H00890 ELEMENT 4211194 MODULE connector-roof
1 70 640 -429.58846 51.717968 -1 0 0 0 0.8660254 0.5 0 0.5 -0.8660254 2431.dat
0 H00891 ELEMENT 4211151 MODULE connector-roof
1 70 580 -429.58846 51.717968 -1 0 0 0 0.8660254 0.5 0 0.5 -0.8660254 3069b.dat
0 H00892 ELEMENT 6310268 MODULE connector-roof
1 0 640 -445.73205 208.32051 1 0 0 0 0.8660254 0.5 0 -0.5 0.8660254 60470b.dat
0 H00893 ELEMENT 6310268 MODULE connector-roof
1 0 760 -445.73205 208.32051 1 0 0 0 0.8660254 0.5 0 -0.5 0.8660254 60470b.dat
0 H00894 ELEMENT 302126 MODULE connector-roof
1 0 600 -425.73205 242.96152 0 0 1 -0.5 0.8660254 0 -0.8660254 -0.5 0 3021.dat
0 H00895 ELEMENT 302126 MODULE connector-roof
1 0 720 -425.73205 242.96152 0 0 1 -0.5 0.8660254 0 -0.8660254 -0.5 0 3021.dat
0 H00896 ELEMENT 302126 MODULE connector-roof
1 0 770 -420.73205 251.62178 1 0 0 0 0.8660254 0.5 0 -0.5 0.8660254 3021.dat
0 H00897 ELEMENT 6447571 MODULE connector-roof
1 308 640 -437.66025 238.30127 1 0 0 0 0.8660254 0.5 0 -0.5 0.8660254 3035.dat
0 H00898 ELEMENT 4243838 MODULE connector-roof
1 70 760 -437.66025 238.30127 1 0 0 0 0.8660254 0.5 0 -0.5 0.8660254 3031.dat
0 H00899 ELEMENT 4211194 MODULE connector-roof
1 70 600 -459.58846 216.32051 1 0 0 0 0.8660254 0.5 0 -0.5 0.8660254 2431.dat
0 H00900 ELEMENT 4211194 MODULE connector-roof
1 70 680 -459.58846 216.32051 1 0 0 0 0.8660254 0.5 0 -0.5 0.8660254 2431.dat
0 H00901 ELEMENT 4271949 MODULE connector-roof
1 70 740 -454.58846 224.98076 1 0 0 0 0.8660254 0.5 0 -0.5 0.8660254 3068b.dat
0 H00902 ELEMENT 6313874 MODULE connector-roof
1 308 770 -444.58846 242.30127 0 0 1 -0.5 0.8660254 0 -0.8660254 -0.5 0 2431.dat
0 H00903 ELEMENT 6313874 MODULE connector-roof
1 308 790 -444.58846 242.30127 0 0 1 -0.5 0.8660254 0 -0.8660254 -0.5 0 2431.dat
0 H00904 ELEMENT 6313874 MODULE connector-roof
1 308 600 -449.58846 233.64102 1 0 0 0 0.8660254 0.5 0 -0.5 0.8660254 2431.dat
0 H00905 ELEMENT 6313874 MODULE connector-roof
1 308 680 -449.58846 233.64102 1 0 0 0 0.8660254 0.5 0 -0.5 0.8660254 2431.dat
0 H00906 ELEMENT 6100769 MODULE connector-roof
1 70 590 -439.58846 250.96152 1 0 0 0 0.8660254 0.5 0 -0.5 0.8660254 63864.dat
0 H00907 ELEMENT 6100769 MODULE connector-roof
1 70 650 -439.58846 250.96152 1 0 0 0 0.8660254 0.5 0 -0.5 0.8660254 63864.dat
0 H00908 ELEMENT 6100769 MODULE connector-roof
1 70 710 -439.58846 250.96152 1 0 0 0 0.8660254 0.5 0 -0.5 0.8660254 63864.dat
0 H00909 ELEMENT 4211151 MODULE connector-roof
1 70 750 -434.58846 259.62178 0 0 1 -0.5 0.8660254 0 -0.8660254 -0.5 0 3069b.dat
0 H00910 ELEMENT 6100769 MODULE connector-roof
1 70 590 -429.58846 268.28203 1 0 0 0 0.8660254 0.5 0 -0.5 0.8660254 63864.dat
0 H00911 ELEMENT 6100769 MODULE connector-roof
1 70 650 -429.58846 268.28203 1 0 0 0 0.8660254 0.5 0 -0.5 0.8660254 63864.dat
0 H00912 ELEMENT 6100769 MODULE connector-roof
1 70 710 -429.58846 268.28203 1 0 0 0 0.8660254 0.5 0 -0.5 0.8660254 63864.dat
0 STEP
0 H00130 ELEMENT 4585337 MODULE main-roof
1 70 260 -824 190 1 0 0 0 1 0 -0 0 1 4162.dat
0 H00131 ELEMENT 4211204 MODULE main-roof
1 70 400 -824 190 1 0 0 0 1 0 -0 0 1 6636.dat
0 H00132 ELEMENT 4271949 MODULE main-roof
1 70 200 -824 220 1 0 0 0 1 0 -0 0 1 3068b.dat
0 H00133 ELEMENT 4585337 MODULE main-roof
1 70 340 -824 210 1 0 0 0 1 0 -0 0 1 4162.dat
0 H00134 ELEMENT 4271949 MODULE main-roof
1 70 440 -824 220 1 0 0 0 1 0 -0 0 1 3068b.dat
0 H00135 ELEMENT 4585337 MODULE main-roof
1 70 340 -824 230 1 0 0 0 1 0 -0 0 1 4162.dat
0 H00136 ELEMENT 4585337 MODULE main-roof
1 70 260 -824 250 1 0 0 0 1 0 -0 0 1 4162.dat
0 H00137 ELEMENT 4211204 MODULE main-roof
1 70 400 -824 250 1 0 0 0 1 0 -0 0 1 6636.dat
0 H00138 ELEMENT 4114306 MODULE main-roof
1 19 240 -840 220 1 0 0 0 1 0 -0 0 1 3003.dat
0 H00139 ELEMENT 4114306 MODULE main-roof
1 19 240 -864 220 1 0 0 0 1 0 -0 0 1 3003.dat
0 H00140 ELEMENT 4271949 MODULE main-roof
1 70 240 -872 220 1 0 0 0 1 0 -0 0 1 3068b.dat
0 H00737 ELEMENT 346001 MODULE guest-wing-roof
1 15 810 -568 280 0 0 1 0 1 0 -1 0 0 3460.dat
0 H00738 ELEMENT 300401 MODULE guest-wing-roof
1 15 810 -584 380 0 0 1 0 1 0 -1 0 0 3004.dat
0 H00739 ELEMENT 302301 MODULE guest-wing-roof
1 15 810 -568 420 0 0 1 0 1 0 -1 0 0 3023b.dat
0 H00740 ELEMENT 366601 MODULE guest-wing-roof
1 15 810 -576 280 0 0 1 0 1 0 -1 0 0 3666.dat
0 H00741 ELEMENT 300501 MODULE guest-wing-roof
1 15 810 -592 350 1 0 0 0 1 0 -0 0 1 3005.dat
0 H00742 ELEMENT 302401 MODULE guest-wing-roof
1 15 810 -576 410 1 0 0 0 1 0 -0 0 1 3024.dat
0 H00743 ELEMENT 371001 MODULE guest-wing-roof
1 15 810 -584 280 0 0 1 0 1 0 -1 0 0 3710.dat
0 H00744 ELEMENT 300501 MODULE guest-wing-roof
1 15 810 -600 330 1 0 0 0 1 0 -0 0 1 3005.dat
0 H00745 ELEMENT 371001 MODULE guest-wing-roof
1 15 810 -592 280 0 0 1 0 1 0 -1 0 0 3710.dat
0 H00746 ELEMENT 302301 MODULE guest-wing-roof
1 15 810 -592 380 0 0 1 0 1 0 -1 0 0 3023b.dat
0 H00747 ELEMENT 362301 MODULE guest-wing-roof
1 15 810 -600 290 0 0 1 0 1 0 -1 0 0 3623.dat
0 H00748 ELEMENT 300501 MODULE guest-wing-roof
1 15 810 -616 350 1 0 0 0 1 0 -0 0 1 3005.dat
0 H00749 ELEMENT 302401 MODULE guest-wing-roof
1 15 810 -600 370 1 0 0 0 1 0 -0 0 1 3024.dat
0 H00750 ELEMENT 362301 MODULE guest-wing-roof
1 15 810 -608 310 0 0 1 0 1 0 -1 0 0 3623.dat
0 H00751 ELEMENT 362301 MODULE guest-wing-roof
1 15 810 -616 310 0 0 1 0 1 0 -1 0 0 3623.dat
0 H00752 ELEMENT 302301 MODULE guest-wing-roof
1 15 810 -624 320 0 0 1 0 1 0 -1 0 0 3023b.dat
0 H00753 ELEMENT 346001 MODULE guest-wing-roof
1 15 1070 -568 280 0 0 1 0 1 0 -1 0 0 3460.dat
0 H00754 ELEMENT 300401 MODULE guest-wing-roof
1 15 1070 -584 380 0 0 1 0 1 0 -1 0 0 3004.dat
0 H00755 ELEMENT 302301 MODULE guest-wing-roof
1 15 1070 -568 420 0 0 1 0 1 0 -1 0 0 3023b.dat
0 H00756 ELEMENT 366601 MODULE guest-wing-roof
1 15 1070 -576 280 0 0 1 0 1 0 -1 0 0 3666.dat
0 H00757 ELEMENT 300501 MODULE guest-wing-roof
1 15 1070 -592 350 1 0 0 0 1 0 -0 0 1 3005.dat
0 H00758 ELEMENT 302401 MODULE guest-wing-roof
1 15 1070 -576 410 1 0 0 0 1 0 -0 0 1 3024.dat
0 H00759 ELEMENT 371001 MODULE guest-wing-roof
1 15 1070 -584 280 0 0 1 0 1 0 -1 0 0 3710.dat
0 H00760 ELEMENT 300501 MODULE guest-wing-roof
1 15 1070 -600 330 1 0 0 0 1 0 -0 0 1 3005.dat
0 H00761 ELEMENT 371001 MODULE guest-wing-roof
1 15 1070 -592 280 0 0 1 0 1 0 -1 0 0 3710.dat
0 H00762 ELEMENT 302301 MODULE guest-wing-roof
1 15 1070 -592 380 0 0 1 0 1 0 -1 0 0 3023b.dat
0 H00763 ELEMENT 362301 MODULE guest-wing-roof
1 15 1070 -600 290 0 0 1 0 1 0 -1 0 0 3623.dat
0 H00764 ELEMENT 300501 MODULE guest-wing-roof
1 15 1070 -616 350 1 0 0 0 1 0 -0 0 1 3005.dat
0 H00765 ELEMENT 302401 MODULE guest-wing-roof
1 15 1070 -600 370 1 0 0 0 1 0 -0 0 1 3024.dat
0 H00766 ELEMENT 362301 MODULE guest-wing-roof
1 15 1070 -608 310 0 0 1 0 1 0 -1 0 0 3623.dat
0 H00767 ELEMENT 362301 MODULE guest-wing-roof
1 15 1070 -616 310 0 0 1 0 1 0 -1 0 0 3623.dat
0 H00768 ELEMENT 302301 MODULE guest-wing-roof
1 15 1070 -624 320 0 0 1 0 1 0 -1 0 0 3023b.dat
0 H00769 ELEMENT 300301 MODULE guest-wing-roof
1 15 940 -584 320 1 0 0 0 1 0 -0 0 1 3003.dat
0 H00770 ELEMENT 300301 MODULE guest-wing-roof
1 15 940 -608 320 1 0 0 0 1 0 -0 0 1 3003.dat
0 H00771 ELEMENT 302201 MODULE guest-wing-roof
1 15 940 -616 320 1 0 0 0 1 0 -0 0 1 3022.dat
0 H00772 ELEMENT 302201 MODULE guest-wing-roof
1 15 940 -624 320 1 0 0 0 1 0 -0 0 1 3022.dat
0 H00773 ELEMENT 244526 MODULE guest-wing-roof
1 0 920 -632 320 1 0 0 0 1 0 -0 0 1 2445.dat
0 H00774 ELEMENT 302226 MODULE guest-wing-roof
1 0 1060 -632 320 1 0 0 0 1 0 -0 0 1 3022.dat
0 H00775 ELEMENT 4225201 MODULE guest-wing-roof
1 0 840 -640 310 1 0 0 0 1 0 -0 0 1 48336.dat
0 H00776 ELEMENT 4225201 MODULE guest-wing-roof
1 0 1000 -640 310 1 0 0 0 1 0 -0 0 1 48336.dat
0 H00777 ELEMENT 4225201 MODULE guest-wing-roof
1 0 880 -640 330 -1 0 0 0 1 0 -0 0 -1 48336.dat
0 H00778 ELEMENT 4225201 MODULE guest-wing-roof
1 0 1040 -640 330 -1 0 0 0 1 0 -0 0 -1 48336.dat
0 H00779 ELEMENT 4211214 MODULE guest-wing-roof
1 70 900 -648 320 1 0 0 0 1 0 -0 0 1 3832.dat
0 H00780 ELEMENT 4211186 MODULE guest-wing-roof
1 70 1040 -648 320 1 0 0 0 1 0 -0 0 1 3020.dat
0 H00781 ELEMENT 4211214 MODULE guest-wing-roof
1 70 900 -656 320 1 0 0 0 1 0 -0 0 1 3832.dat
0 H00782 ELEMENT 4211186 MODULE guest-wing-roof
1 70 1040 -656 320 1 0 0 0 1 0 -0 0 1 3020.dat
0 H00783 ELEMENT 6065139 MODULE guest-wing-roof
1 70 920 -664 320 1 0 0 0 1 0 -0 0 1 3029.dat
0 H00784 ELEMENT 4211186 MODULE guest-wing-roof
1 70 1060 -664 320 0 0 1 0 1 0 -1 0 0 3020.dat
0 H00785 ELEMENT 4585337 MODULE guest-wing-roof
1 70 880 -672 290 1 0 0 0 1 0 -0 0 1 4162.dat
0 H00786 ELEMENT 4211204 MODULE guest-wing-roof
1 70 1020 -672 290 1 0 0 0 1 0 -0 0 1 6636.dat
0 H00787 ELEMENT 6447565 MODULE guest-wing-roof
1 308 880 -672 310 1 0 0 0 1 0 -0 0 1 4162.dat
0 H00788 ELEMENT 4211204 MODULE guest-wing-roof
1 70 1020 -672 310 1 0 0 0 1 0 -0 0 1 6636.dat
0 H00789 ELEMENT 6447565 MODULE guest-wing-roof
1 308 880 -672 330 1 0 0 0 1 0 -0 0 1 4162.dat
0 H00790 ELEMENT 4211204 MODULE guest-wing-roof
1 70 1020 -672 330 1 0 0 0 1 0 -0 0 1 6636.dat
0 H00791 ELEMENT 6447565 MODULE guest-wing-roof
1 308 880 -672 350 1 0 0 0 1 0 -0 0 1 4162.dat
0 H00792 ELEMENT 4211204 MODULE guest-wing-roof
1 70 1020 -672 350 1 0 0 0 1 0 -0 0 1 6636.dat
0 H00793 ELEMENT 6310268 MODULE guest-wing-roof
1 0 840 -629.73205 271.67949 -1 0 0 0 0.8660254 0.5 0 0.5 -0.8660254 60470b.dat
0 H00794 ELEMENT 6310268 MODULE guest-wing-roof
1 0 1000 -629.73205 271.67949 -1 0 0 0 0.8660254 0.5 0 0.5 -0.8660254 60470b.dat
0 H00795 ELEMENT 302026 MODULE guest-wing-roof
1 0 1040 -604.73205 228.37822 0 0 -1 -0.5 0.8660254 0 0.8660254 0.5 0 3020.dat
0 H00796 ELEMENT 302326 MODULE guest-wing-roof
1 0 1040 -579.73205 185.07695 -1 0 0 0 0.8660254 0.5 0 0.5 -0.8660254 3023b.dat
0 H00797 ELEMENT 302026 MODULE guest-wing-roof
1 0 920 -604.73205 228.37822 0 0 -1 -0.5 0.8660254 0 0.8660254 0.5 0 3020.dat
0 H00798 ELEMENT 302326 MODULE guest-wing-roof
1 0 920 -579.73205 185.07695 -1 0 0 0 0.8660254 0.5 0 0.5 -0.8660254 3023b.dat
0 H00799 ELEMENT 4211207 MODULE guest-wing-roof
1 70 1000 -621.66025 241.69873 -1 0 0 0 0.8660254 0.5 0 0.5 -0.8660254 3035.dat
0 H00800 ELEMENT 4271874 MODULE guest-wing-roof
1 70 860 -621.66025 241.69873 -1 0 0 0 0.8660254 0.5 0 0.5 -0.8660254 3032.dat
0 H00801 ELEMENT 6055145 MODULE guest-wing-roof
1 70 960 -596.66025 198.39746 -1 0 0 0 0.8660254 0.5 0 0.5 -0.8660254 60479.dat
0 H00802 ELEMENT 4216695 MODULE guest-wing-roof
1 70 820 -591.66025 189.73721 -1 0 0 0 0.8660254 0.5 0 0.5 -0.8660254 3022.dat
0 H00803 ELEMENT 6055145 MODULE guest-wing-roof
1 70 960 -586.66025 181.07695 -1 0 0 0 0.8660254 0.5 0 0.5 -0.8660254 60479.dat
0 H00804 ELEMENT 6447565 MODULE guest-wing-roof
1 308 1000 -643.58846 263.67949 -1 0 0 0 0.8660254 0.5 0 0.5 -0.8660254 4162.dat
0 H00805 ELEMENT 4211204 MODULE guest-wing-roof
1 70 860 -643.58846 263.67949 -1 0 0 0 0.8660254 0.5 0 0.5 -0.8660254 6636.dat
0 H00806 ELEMENT 6447565 MODULE guest-wing-roof
1 308 1000 -633.58846 246.35898 -1 0 0 0 0.8660254 0.5 0 0.5 -0.8660254 4162.dat
0 H00807 ELEMENT 4211204 MODULE guest-wing-roof
1 70 860 -633.58846 246.35898 -1 0 0 0 0.8660254 0.5 0 0.5 -0.8660254 6636.dat
0 H00808 ELEMENT 6447565 MODULE guest-wing-roof
1 308 1000 -623.58846 229.03848 -1 0 0 0 0.8660254 0.5 0 0.5 -0.8660254 4162.dat
0 H00809 ELEMENT 6295366 MODULE guest-wing-roof
1 308 860 -623.58846 229.03848 -1 0 0 0 0.8660254 0.5 0 0.5 -0.8660254 6636.dat
0 H00810 ELEMENT 6447565 MODULE guest-wing-roof
1 308 1000 -613.58846 211.71797 -1 0 0 0 0.8660254 0.5 0 0.5 -0.8660254 4162.dat
0 H00811 ELEMENT 6295366 MODULE guest-wing-roof
1 308 860 -613.58846 211.71797 -1 0 0 0 0.8660254 0.5 0 0.5 -0.8660254 6636.dat
0 H00812 ELEMENT 6447565 MODULE guest-wing-roof
1 308 1000 -603.58846 194.39746 -1 0 0 0 0.8660254 0.5 0 0.5 -0.8660254 4162.dat
0 H00813 ELEMENT 6295366 MODULE guest-wing-roof
1 308 860 -603.58846 194.39746 -1 0 0 0 0.8660254 0.5 0 0.5 -0.8660254 6636.dat
0 H00814 ELEMENT 6447565 MODULE guest-wing-roof
1 308 1000 -593.58846 177.07695 -1 0 0 0 0.8660254 0.5 0 0.5 -0.8660254 4162.dat
0 H00815 ELEMENT 6295366 MODULE guest-wing-roof
1 308 860 -593.58846 177.07695 -1 0 0 0 0.8660254 0.5 0 0.5 -0.8660254 6636.dat
0 H00816 ELEMENT 6310268 MODULE guest-wing-roof
1 0 880 -629.73205 368.32051 1 0 0 0 0.8660254 0.5 0 -0.5 0.8660254 60470b.dat
0 H00817 ELEMENT 6310268 MODULE guest-wing-roof
1 0 1040 -629.73205 368.32051 1 0 0 0 0.8660254 0.5 0 -0.5 0.8660254 60470b.dat
0 H00818 ELEMENT 302026 MODULE guest-wing-roof
1 0 840 -604.73205 411.62178 0 0 1 -0.5 0.8660254 0 -0.8660254 -0.5 0 3020.dat
0 H00819 ELEMENT 302326 MODULE guest-wing-roof
1 0 840 -579.73205 454.92305 1 0 0 0 0.8660254 0.5 0 -0.5 0.8660254 3023b.dat
0 H00820 ELEMENT 302026 MODULE guest-wing-roof
1 0 960 -604.73205 411.62178 0 0 1 -0.5 0.8660254 0 -0.8660254 -0.5 0 3020.dat
0 H00821 ELEMENT 302326 MODULE guest-wing-roof
1 0 960 -579.73205 454.92305 1 0 0 0 0.8660254 0.5 0 -0.5 0.8660254 3023b.dat
0 H00822 ELEMENT 4211207 MODULE guest-wing-roof
1 70 880 -621.66025 398.30127 1 0 0 0 0.8660254 0.5 0 -0.5 0.8660254 3035.dat
0 H00823 ELEMENT 4271874 MODULE guest-wing-roof
1 70 1020 -621.66025 398.30127 1 0 0 0 0.8660254 0.5 0 -0.5 0.8660254 3032.dat
0 H00824 ELEMENT 6055145 MODULE guest-wing-roof
1 70 920 -596.66025 441.60254 1 0 0 0 0.8660254 0.5 0 -0.5 0.8660254 60479.dat
0 H00825 ELEMENT 4216695 MODULE guest-wing-roof
1 70 1060 -591.66025 450.26279 1 0 0 0 0.8660254 0.5 0 -0.5 0.8660254 3022.dat
0 H00826 ELEMENT 6055145 MODULE guest-wing-roof
1 70 920 -586.66025 458.92305 1 0 0 0 0.8660254 0.5 0 -0.5 0.8660254 60479.dat
0 H00827 ELEMENT 6447565 MODULE guest-wing-roof
1 308 880 -643.58846 376.32051 1 0 0 0 0.8660254 0.5 0 -0.5 0.8660254 4162.dat
0 H00828 ELEMENT 6295366 MODULE guest-wing-roof
1 308 1020 -643.58846 376.32051 1 0 0 0 0.8660254 0.5 0 -0.5 0.8660254 6636.dat
0 H00829 ELEMENT 6447565 MODULE guest-wing-roof
1 308 880 -633.58846 393.64102 1 0 0 0 0.8660254 0.5 0 -0.5 0.8660254 4162.dat
0 H00830 ELEMENT 6295366 MODULE guest-wing-roof
1 308 1020 -633.58846 393.64102 1 0 0 0 0.8660254 0.5 0 -0.5 0.8660254 6636.dat
0 H00831 ELEMENT 6447565 MODULE guest-wing-roof
1 308 880 -623.58846 410.96152 1 0 0 0 0.8660254 0.5 0 -0.5 0.8660254 4162.dat
0 H00832 ELEMENT 6295366 MODULE guest-wing-roof
1 308 1020 -623.58846 410.96152 1 0 0 0 0.8660254 0.5 0 -0.5 0.8660254 6636.dat
0 H00833 ELEMENT 6447565 MODULE guest-wing-roof
1 308 880 -613.58846 428.28203 1 0 0 0 0.8660254 0.5 0 -0.5 0.8660254 4162.dat
0 H00834 ELEMENT 6295366 MODULE guest-wing-roof
1 308 1020 -613.58846 428.28203 1 0 0 0 0.8660254 0.5 0 -0.5 0.8660254 6636.dat
0 H00835 ELEMENT 6447565 MODULE guest-wing-roof
1 308 880 -603.58846 445.60254 1 0 0 0 0.8660254 0.5 0 -0.5 0.8660254 4162.dat
0 H00836 ELEMENT 6295366 MODULE guest-wing-roof
1 308 1020 -603.58846 445.60254 1 0 0 0 0.8660254 0.5 0 -0.5 0.8660254 6636.dat
0 H00837 ELEMENT 6447565 MODULE guest-wing-roof
1 308 880 -593.58846 462.92305 1 0 0 0 0.8660254 0.5 0 -0.5 0.8660254 4162.dat
0 H00838 ELEMENT 6295366 MODULE guest-wing-roof
1 308 1020 -593.58846 462.92305 1 0 0 0 0.8660254 0.5 0 -0.5 0.8660254 6636.dat
